Team,xG,xGA,xGD,Open Play xG,Open Play xGA,Open Play xGD,Set Piece xG,Set Piece xGA,Set Piece xGD,npxG,npxGA,npxGD,xG within 5s of Crosses,xGA within 5s of Crosses,xG within 15s of Set Pieces,xGA within 15s of Set Pieces,xGD within 15s of Set Pieces,Goals,Goals Conceded,GD,GD-xGD,Possession,Field Tilt,Vertical Tendency,Opponent Vertical Tendency,Avg Pass Height,xT,xT Against,Passes in Opposition Half,Passes into Box,Shots,Shots Faced,Shots per 1.0 xT,Shots Faced per 1.0 xT Against,PPDA,High Recoveries,High Recoveries Against,Crosses,Corners,Fouls,On-Ball Pressure,On-Ball Pressure Share,Off-Ball Pressure,Off-Ball Pressure Share,Game Control,Game Control Share,Throw-Ins into the Box,Match,Date
Mirassol,0.64,2.02,-1.38,0.15,1.68,-1.53,0.50,0.34,0.16,0.64,2.02,-1.38,0.04,0.46,0.53,0.39,0.14,0,2,-2,-0.62,43.80,50.3,17.5,23.3,46.15,0.4,1.28,256,16,8,14,20.0,10.94,17.72,5,4,18,7,11,101.6,41.49,43.87,47.86,57.13,20.48,1,Flamengo 2-0 Mirassol,2026-09-02
Flamengo,2.02,0.64,1.38,1.68,0.15,1.53,0.34,0.50,-0.16,2.02,0.64,1.38,0.46,0.04,0.39,0.53,-0.14,2,0,2,0.62,56.20,49.7,23.3,17.5,44.07,1.28,0.4,238,16,14,8,10.94,20.0,13.87,4,5,15,9,8,143.3,58.51,47.8,52.14,221.83,79.52,0,Flamengo 2-0 Mirassol,2026-09-02
Coritiba,2.36,3.83,-1.47,2.32,2.58,-0.26,0.04,0.49,-0.45,2.36,3.07,-0.71,1.39,0.69,0.62,0.83,-0.21,3,2,1,2.47,38.20,23.94,29.0,16.8,41.04,0.77,1.12,110,10,12,34,15.58,30.36,16.90,3,5,8,4,10,26.3,8.63,105.07,69.95,28.63,8.14,0,Remo 2-3 Coritiba,2026-08-31
Remo,3.83,2.36,1.47,2.58,2.32,0.26,0.49,0.04,0.45,3.07,2.36,0.71,0.69,1.39,0.83,0.62,0.21,2,3,-1,-2.47,61.80,76.06,16.8,29.0,55.43,1.12,0.77,346,21,34,12,30.36,15.58,9.86,5,3,48,9,11,278.3,91.37,45.13,30.05,323.28,91.86,1,Remo 2-3 Coritiba,2026-08-31
Internacional,1.31,1.94,-0.63,1.18,1.60,-0.42,0.14,0.34,-0.20,1.31,1.94,-0.63,0.32,0.67,0.72,0.89,-0.17,2,3,-1,-0.37,43.70,50.31,19.6,15.9,50.17,0.81,1.27,228,15,12,13,14.81,10.24,11.09,5,3,17,3,17,70.6,48.39,92.07,71.71,101.0,54.54,1,Bahia 3-2 Internacional,2026-08-30
Bahia,1.94,1.31,0.63,1.60,1.18,0.42,0.34,0.14,0.20,1.94,1.31,0.63,0.67,0.32,0.89,0.72,0.17,3,2,1,0.37,56.30,49.69,15.9,19.6,45.96,1.27,0.81,239,13,13,12,10.24,14.81,13.46,3,5,19,3,10,75.3,51.61,36.33,28.29,84.17,45.46,1,Bahia 3-2 Internacional,2026-08-30
Chapecoense,3.54,0.78,2.76,3.03,0.38,2.65,0.51,0.40,0.11,3.54,0.78,2.76,1.35,0.22,0.98,0.40,0.58,1,3,-2,-4.76,47.30,59.55,18.4,11.7,53.73,1.2,0.25,295,17,32,12,26.67,48.0,16.28,9,4,30,7,10,242.5,80.09,87.07,75.1,225.63,81.76,1,Grêmio 3-1 Chapecoense,2026-08-30
Grêmio,0.78,3.54,-2.76,0.38,3.03,-2.65,0.40,0.51,-0.11,0.78,3.54,-2.76,0.22,1.35,0.40,0.98,-0.58,3,1,2,4.76,52.70,40.45,11.7,18.4,43.01,0.25,1.2,191,7,12,32,48.0,26.67,16.62,4,9,17,5,11,60.3,19.91,28.87,24.9,50.33,18.24,0,Grêmio 3-1 Chapecoense,2026-08-30
Palmeiras,1.46,1.14,0.32,0.71,0.76,-0.05,0.76,0.37,0.39,1.46,1.14,0.32,0.31,0.20,0.97,0.48,0.49,1,1,0,-0.32,52.30,49.0,21.1,22.3,47.39,0.58,0.8,240,13,14,11,24.14,13.75,11.35,3,9,23,4,11,124.6,52.22,59.33,48.77,104.83,50.38,0,Mirassol 1-1 Palmeiras,2026-08-30
Mirassol,1.14,1.46,-0.32,0.76,0.71,0.05,0.37,0.76,-0.39,1.14,1.46,-0.32,0.20,0.31,0.48,0.97,-0.49,1,1,0,0.32,47.70,51.0,22.3,21.1,51.51,0.8,0.58,252,15,11,14,13.75,24.14,11.77,9,3,25,3,15,114.0,47.78,62.33,51.23,103.23,49.62,1,Mirassol 1-1 Palmeiras,2026-08-30
Botafogo,1.02,2.66,-1.64,0.96,2.59,-1.63,0.05,0.07,-0.02,1.02,2.66,-1.64,0.47,0.02,0.30,0.09,0.21,0,3,-3,-1.36,36.70,40.24,20.9,14.6,47.71,0.83,0.96,195,13,14,18,16.87,18.75,38.71,1,11,20,3,9,96.8,33.72,123.93,80.47,101.37,37.03,2,Flamengo 3-0 Botafogo,2026-08-30
Flamengo,2.66,1.02,1.64,2.59,0.96,1.63,0.07,0.05,0.02,2.66,1.02,1.64,0.02,0.47,0.09,0.30,-0.21,3,0,3,1.36,63.30,59.76,14.6,20.9,49.37,0.96,0.83,350,23,18,14,18.75,16.87,12.24,11,1,19,5,8,190.3,66.28,30.07,19.53,172.4,62.97,0,Flamengo 3-0 Botafogo,2026-08-30
Santos,0.97,1.10,-0.13,0.94,0.94,0.00,0.03,0.16,-0.13,0.97,1.10,-0.13,0.00,0.25,0.03,0.44,-0.41,1,0,1,1.13,37.70,19.31,20.5,13.8,41.68,0.18,1.03,127,3,8,18,44.44,17.48,13.72,3,7,5,1,16,9.0,3.31,88.73,83.03,38.83,20.47,0,Corinthians 0-1 Santos,2026-08-30
Corinthians,1.10,0.97,0.13,0.94,0.94,0.00,0.16,0.03,0.13,1.10,0.97,0.13,0.25,0.00,0.44,0.03,0.41,0,1,-1,-1.13,62.30,80.69,13.8,20.5,55.00,1.03,0.18,408,23,18,8,17.48,44.44,10.91,7,3,35,8,9,263.3,96.69,18.13,16.97,150.83,79.53,0,Corinthians 0-1 Santos,2026-08-30
Fluminense,0.84,2.16,-1.32,0.72,1.23,-0.51,0.12,0.17,-0.05,0.84,1.40,-0.56,0.08,0.42,0.57,0.21,0.36,3,3,0,1.32,53.10,40.44,16.1,13.6,46.06,0.4,0.92,236,8,12,17,30.0,18.48,12.07,3,7,9,3,12,76.7,30.16,48.67,30.95,27.63,13.44,0,Athletico Paranaense 3-3 Fluminense,2026-08-30
Athletico Paranaense,2.16,0.84,1.32,1.23,0.72,0.51,0.17,0.12,0.05,1.40,0.84,0.56,0.42,0.08,0.21,0.57,-0.36,3,3,0,-1.32,46.90,59.56,13.6,16.1,53.25,0.92,0.4,284,18,17,12,18.48,30.0,11.40,7,3,25,8,15,177.6,69.84,108.6,69.05,177.97,86.56,2,Athletico Paranaense 3-3 Fluminense,2026-08-30
Cruzeiro,0.57,4.99,-4.42,0.36,2.5,-2.14,0.22,2.49,-2.27,0.57,4.99,-4.42,0.27,0.45,0.24,2.18,-1.94,1,3,-2,2.42,54.3,41.23,24.5,27.9,46.42,0.76,1.89,223,11,11,21,14.47,11.11,8.63,3,7,19,3,12,70.4,26.65,21.07,20.31,42.56,12.21,1,Vasco da Gama 3-1 Cruzeiro,2026-08-29
Vasco da Gama,4.99,0.57,4.42,2.5,0.36,2.14,2.49,0.22,2.27,4.99,0.57,4.42,0.45,0.27,2.18,0.24,1.94,3,1,2,-2.42,45.7,58.77,27.9,24.5,52.24,1.89,0.76,237,22,21,11,11.11,14.47,11.18,7,3,25,10,15,193.8,73.35,82.67,79.69,306.04,87.79,0,Vasco da Gama 3-1 Cruzeiro,2026-08-29
RB Bragantino,1.06,1.58,-0.52,0.98,0.57,0.41,0.07,0.25,-0.18,1.06,0.82,0.24,0.04,0.2,0.06,0.25,-0.19,1,2,-1,-0.48,61.8,51.1,19.0,19.5,46.95,0.72,0.27,234,6,8,16,11.11,59.26,6.75,4,3,18,7,14,59.7,44.39,10.67,9.81,18.07,8.97,2,São Paulo 2-1 RB Bragantino,2026-08-29
São Paulo,1.58,1.06,0.52,0.57,0.98,-0.41,0.25,0.07,0.18,0.82,1.06,-0.24,0.2,0.04,0.25,0.06,0.19,2,1,1,0.48,38.2,48.9,19.5,19.0,50.05,0.27,0.72,172,6,16,8,59.26,11.11,11.49,3,4,18,9,11,74.8,55.61,98.13,90.19,183.47,91.03,0,São Paulo 2-1 RB Bragantino,2026-08-29
Vitória,0.92,1.92,-1.0,0.83,1.54,-0.71,0.08,0.38,-0.3,0.92,1.92,-1.0,0.2,0.11,0.19,0.37,-0.18,1,2,-1,-0.0,39.8,41.6,17.1,17.2,46.89,0.51,0.97,195,11,14,18,27.45,18.56,15.08,9,6,27,5,13,71.0,28.81,110.07,88.52,64.8,29.85,1,Atlético Mineiro 2-1 Vitória,2026-08-29
Atlético Mineiro,1.92,0.92,1.0,1.54,0.83,0.71,0.38,0.08,0.3,1.92,0.92,1.0,0.11,0.2,0.37,0.19,0.18,2,1,1,0.0,60.2,58.4,17.2,17.1,51.11,0.97,0.51,360,16,18,14,18.56,27.45,10.14,6,9,17,4,12,175.4,71.19,14.27,11.48,152.3,70.15,1,Atlético Mineiro 2-1 Vitória,2026-08-29
Athletico Paranaense,1.32,3.03,-1.71,1.27,2.13,-0.86,0.05,0.9,-0.85,1.32,3.03,-1.71,0.0,0.55,0.05,1.78,-1.73,3,2,1,2.71,44.2,35.05,21.2,15.6,44.67,0.12,1.25,170,1,7,33,58.33,26.4,15.52,3,2,9,2,9,32.3,14.65,72.6,61.49,66.73,41.57,0,Botafogo 2-3 Athletico Paranaense,2026-08-24
Botafogo,3.03,1.32,1.71,2.13,1.27,0.86,0.9,0.05,0.85,3.03,1.32,1.71,0.55,0.0,1.78,0.05,1.73,2,3,-1,-2.71,55.8,64.95,15.6,21.2,49.74,1.25,0.12,283,20,33,7,26.4,58.33,14.04,2,3,41,13,12,188.2,85.35,45.47,38.51,93.8,58.43,6,Botafogo 2-3 Athletico Paranaense,2026-08-24
Corinthians,0.72,0.47,0.25,0.49,0.36,0.13,0.22,0.11,0.11,0.72,0.47,0.25,0.29,0.18,0.3,0.17,0.13,1,2,-1,-1.25,64.5,68.25,16.3,30.0,49.86,0.72,0.25,324,12,16,12,22.22,48.0,10.96,4,8,45,14,9,147.8,76.78,20.13,13.89,82.53,41.94,1,Coritiba 2-1 Corinthians,2026-08-23
Coritiba,0.47,0.72,-0.25,0.36,0.49,-0.13,0.11,0.22,-0.11,0.47,0.72,-0.25,0.18,0.29,0.17,0.3,-0.13,2,1,1,1.25,35.5,31.75,30.0,16.3,44.64,0.25,0.72,140,7,12,16,48.0,22.22,17.22,8,4,12,4,8,44.7,23.22,124.8,86.11,114.27,58.06,0,Coritiba 2-1 Corinthians,2026-08-23
São Paulo,3.38,0.74,2.64,2.56,0.56,2.0,0.82,0.18,0.64,3.38,0.74,2.64,1.46,0.12,0.05,0.18,-0.13,0,1,-1,-3.64,76.4,82.61,17.9,25.6,56.03,1.12,0.23,557,21,22,13,19.64,56.52,8.19,2,2,37,2,7,372.9,92.76,4.53,2.28,200.73,77.25,0,Chapecoense 1-0 São Paulo,2026-08-23
Chapecoense,0.74,3.38,-2.64,0.56,2.56,-2.0,0.18,0.82,-0.64,0.74,3.38,-2.64,0.12,1.46,0.18,0.05,0.13,1,0,1,3.64,23.6,17.39,25.6,17.9,44.05,0.23,1.12,108,10,13,22,56.52,19.64,19.26,2,2,14,7,17,29.1,7.24,194.53,97.72,59.13,22.75,2,Chapecoense 1-0 São Paulo,2026-08-23
Mirassol,0.39,2.16,-1.77,0.29,1.05,-0.76,0.1,1.11,-1.01,0.39,2.16,-1.77,0.15,0.06,0.25,0.24,0.01,1,1,0,1.77,36.8,25.15,8.6,17.9,40.13,0.13,0.88,126,4,5,21,38.46,23.86,16.74,4,10,5,2,13,17.8,7.74,92.73,72.71,47.8,23.53,0,Santos 1-1 Mirassol,2026-08-23
Santos,2.16,0.39,1.77,1.05,0.29,0.76,1.11,0.1,1.01,2.16,0.39,1.77,0.06,0.15,0.24,0.25,-0.01,1,1,0,-1.77,63.2,74.85,17.9,8.6,52.99,0.88,0.13,370,15,21,5,23.86,38.46,6.49,10,4,28,9,9,212.3,92.26,34.8,27.29,155.37,76.47,0,Santos 1-1 Mirassol,2026-08-23
Bahia,4.09,0.53,3.56,3.89,0.41,3.48,0.2,0.12,0.08,4.09,0.53,3.56,1.73,0.08,0.4,0.23,0.17,2,0,2,-1.56,52.4,51.15,26.5,22.2,49.28,1.4,0.59,194,20,28,14,20.0,23.73,7.33,2,4,21,7,10,153.2,71.36,22.47,26.98,136.57,65.32,1,Vitória 0-2 Bahia,2026-08-23
Vitória,0.53,4.09,-3.56,0.41,3.89,-3.48,0.12,0.2,-0.08,0.53,4.09,-3.56,0.08,1.73,0.23,0.4,-0.17,0,2,-2,1.56,47.6,48.85,22.2,26.5,50.34,0.59,1.4,161,16,14,28,23.73,20.0,8.77,4,2,22,7,13,61.5,28.64,60.8,73.02,72.5,34.68,6,Vitória 0-2 Bahia,2026-08-23
Grêmio,0.83,2.35,-1.52,0.68,2.05,-1.37,0.14,0.3,-0.16,0.83,2.35,-1.52,0.35,0.91,0.18,1.04,-0.86,0,1,-1,0.52,45.9,35.44,10.5,20.0,46.71,0.4,1.38,181,10,14,27,35.0,19.57,13.71,0,8,18,5,12,41.8,16.02,73.8,67.21,58.9,22.88,0,RB Bragantino 1-0 Grêmio,2026-08-23
RB Bragantino,2.35,0.83,1.52,2.05,0.68,1.37,0.3,0.14,0.16,2.35,0.83,1.52,0.91,0.35,1.04,0.18,0.86,1,0,1,-0.52,54.1,64.56,20.0,10.5,57.13,1.38,0.4,356,22,27,14,19.57,35.0,13.11,8,0,39,8,9,219.2,83.98,36.0,32.79,198.5,77.12,0,RB Bragantino 1-0 Grêmio,2026-08-23
Vasco da Gama,1.92,2.11,-0.19,1.62,1.33,0.29,0.3,0.02,0.28,1.92,1.35,0.57,0.0,0.35,0.31,0.36,-0.05,1,4,-3,-2.81,42.8,46.88,18.9,15.2,46.38,0.41,0.5,184,8,12,13,29.27,26.0,11.35,9,8,14,3,21,80.9,46.12,87.8,67.68,57.6,29.05,1,Palmeiras 4-1 Vasco da Gama,2026-08-23
Palmeiras,2.11,1.92,0.19,1.33,1.62,-0.29,0.02,0.3,-0.28,1.35,1.92,-0.57,0.35,0.0,0.36,0.31,0.05,4,1,3,2.81,57.2,53.12,15.2,18.9,45.59,0.5,0.41,239,7,13,12,26.0,29.27,9.18,8,9,16,5,8,94.5,53.88,41.93,32.32,140.66,70.95,1,Palmeiras 4-1 Vasco da Gama,2026-08-23
Flamengo,1.63,1.29,0.34,1.62,1.29,0.33,0.01,0.0,0.01,1.63,1.29,0.34,0.42,0.41,0.05,0.52,-0.47,1,2,-1,-1.34,51.6,44.87,17.7,21.7,46.12,0.81,0.84,239,16,14,24,17.28,28.57,13.97,2,7,11,3,7,87.1,39.09,34.73,31.61,70.93,34.71,0,Cruzeiro 2-1 Flamengo,2026-08-22
Cruzeiro,1.29,1.63,-0.34,1.29,1.62,-0.33,0.0,0.01,-0.01,1.29,1.63,-0.34,0.41,0.42,0.52,0.05,0.47,2,1,1,1.34,48.4,55.13,21.7,17.7,51.55,0.84,0.81,314,19,24,14,28.57,17.28,13.65,7,2,24,3,13,135.7,60.91,75.13,68.39,133.43,65.29,2,Cruzeiro 2-1 Flamengo,2026-08-22
Atlético Mineiro,1.3,1.42,-0.12,1.21,1.16,0.05,0.1,0.26,-0.16,1.3,1.42,-0.12,0.08,0.33,0.18,0.78,-0.6,0,0,0,0.12,47.6,33.45,13.7,21.5,44.23,0.1,0.53,170,7,11,23,110.0,43.4,11.33,2,5,14,5,15,60.6,27.47,67.87,56.81,64.8,30.46,0,Internacional 0-0 Atlético Mineiro,2026-08-22
Internacional,1.42,1.3,0.12,1.16,1.21,-0.05,0.26,0.1,0.16,1.42,1.3,0.12,0.33,0.08,0.78,0.18,0.6,0,0,0,-0.12,52.4,66.55,21.5,13.7,53.13,0.53,0.1,296,20,23,11,43.4,110.0,8.48,5,2,24,6,18,160.0,72.53,51.6,43.19,147.93,69.54,3,Internacional 0-0 Atlético Mineiro,2026-08-22
Remo,0.44,1.82,-1.38,0.44,1.22,-0.78,0.0,0.6,-0.6,0.44,1.82,-1.38,0.21,0.83,0.27,0.6,-0.33,1,2,-1,0.38,28.2,24.35,23.0,14.3,47.18,0.54,1.58,135,5,7,20,12.96,12.66,33.29,2,5,8,2,10,26.7,8.79,185.8,98.94,69.3,44.37,0,Fluminense 2-1 Remo,2026-08-22
Fluminense,1.82,0.44,1.38,1.22,0.44,0.78,0.6,0.0,0.6,1.82,0.44,1.38,0.83,0.21,0.6,0.27,0.33,2,1,1,-0.38,71.8,75.65,14.3,23.0,53.07,1.58,0.54,439,14,20,7,12.66,12.96,6.81,5,2,28,11,10,277.1,91.21,2.0,1.06,86.9,55.63,0,Fluminense 2-1 Remo,2026-08-22
Remo,1.51,1.88,-0.37,0.83,1.87,-1.04,0.68,0.01,0.67,1.51,1.88,-0.37,0.39,0.22,0.96,0.07,0.89,1,1,0,0.37,59.4,46.91,19.3,21.3,47.82,0.53,0.4,259,6,12,11,22.64,27.5,6.92,6,4,17,5,12,83.2,47.43,17.33,12.23,25.4,11.97,0,Internacional 1-1 Remo,2026-08-17
Internacional,1.88,1.51,0.37,1.87,0.83,1.04,0.01,0.68,-0.67,1.88,1.51,0.37,0.22,0.39,0.07,0.96,-0.89,1,1,0,-0.37,40.6,53.09,21.3,19.3,51.09,0.4,0.53,197,10,11,12,27.5,22.64,15.29,4,6,14,4,13,92.2,52.57,124.4,87.77,186.77,88.03,0,Internacional 1-1 Remo,2026-08-17
Cruzeiro,1.22,2.1,-0.88,1.01,1.96,-0.95,0.21,0.14,0.07,1.22,2.1,-0.88,0.51,0.67,0.21,0.33,-0.12,2,1,1,1.88,47.6,44.74,28.3,17.1,44.31,0.58,1.16,193,10,15,20,25.86,17.24,12.71,2,8,15,8,14,71.4,37.6,76.53,65.86,79.07,54.54,1,Corinthians 1-2 Cruzeiro,2026-08-16
Corinthians,2.1,1.22,0.88,1.96,1.01,0.95,0.14,0.21,-0.07,2.1,1.22,0.88,0.67,0.51,0.33,0.21,0.12,1,2,-1,-1.88,52.4,55.26,17.1,28.3,48.36,1.16,0.58,257,18,20,15,17.24,25.86,8.44,8,2,24,3,16,118.5,62.4,39.67,34.14,65.9,45.46,1,Corinthians 1-2 Cruzeiro,2026-08-16
Botafogo,1.28,2.58,-1.3,0.91,1.78,-0.87,0.37,0.04,0.33,1.28,1.82,-0.54,0.29,0.83,0.65,0.19,0.46,0,1,-1,0.3,53.5,50.63,25.8,21.1,49.42,1.04,0.57,219,13,17,22,16.35,38.6,6.48,7,5,21,4,18,101.0,45.37,32.73,37.62,81.63,33.48,1,Vitória 1-0 Botafogo,2026-08-16
Vitória,2.58,1.28,1.3,1.78,0.91,0.87,0.04,0.37,-0.33,1.82,1.28,0.54,0.83,0.29,0.19,0.65,-0.46,1,0,1,-0.3,46.5,49.37,21.1,25.8,48.52,0.57,1.04,185,18,22,17,38.6,16.35,9.35,5,7,20,8,19,121.6,54.63,54.27,62.38,162.17,66.52,3,Vitória 1-0 Botafogo,2026-08-16
Flamengo,4.03,1.74,2.29,4.03,1.21,2.82,0.0,0.53,-0.53,4.03,1.74,2.29,3.46,0.63,0.6,0.98,-0.38,5,1,4,1.71,55.7,45.03,14.1,24.4,44.26,1.57,0.81,205,19,15,16,9.55,19.75,13.7,4,6,10,3,4,88.5,40.39,28.47,25.94,99.07,56.44,0,Mirassol 1-5 Flamengo,2026-08-16
Mirassol,1.74,4.03,-2.29,1.21,4.03,-2.82,0.53,0.0,0.53,1.74,4.03,-2.29,0.63,3.46,0.98,0.6,0.38,1,5,-4,-1.71,44.3,54.97,24.4,14.1,48.31,0.81,1.57,218,10,16,15,19.75,9.55,17.0,6,4,22,4,12,130.6,59.61,81.27,74.06,76.47,43.56,0,Mirassol 1-5 Flamengo,2026-08-16
Grêmio,1.3,2.39,-1.09,1.22,1.66,-0.44,0.08,0.73,-0.65,1.3,2.39,-1.09,0.71,1.1,0.58,1.05,-0.47,0,3,-3,-1.91,48.4,37.67,9.1,15.9,44.07,0.17,0.66,191,3,9,15,52.94,22.73,13.47,5,5,18,6,11,52.8,22.56,63.6,39.02,28.28,8.79,1,Atlético Mineiro 3-0 Grêmio,2026-08-16
Atlético Mineiro,2.39,1.3,1.09,1.66,1.22,0.44,0.73,0.08,0.65,2.39,1.3,1.09,1.1,0.71,1.05,0.58,0.47,3,0,3,1.91,51.6,62.33,15.9,9.1,51.1,0.66,0.17,278,15,15,9,22.73,52.94,14.13,5,5,31,8,14,181.2,77.44,99.4,60.98,293.4,91.21,0,Atlético Mineiro 3-0 Grêmio,2026-08-16
Santos,2.63,1.51,1.12,2.59,1.37,1.22,0.03,0.13,-0.1,2.63,1.51,1.12,0.84,0.24,1.22,0.43,0.79,3,0,3,1.88,43.9,36.25,23.5,18.1,46.52,0.72,0.57,155,4,11,19,15.28,33.33,8.92,7,7,10,2,11,50.4,23.83,58.87,63.75,59.0,31.6,0,Vasco da Gama 0-3 Santos,2026-08-16
Vasco da Gama,1.51,2.63,-1.12,1.37,2.59,-1.22,0.13,0.03,0.1,1.51,2.63,-1.12,0.24,0.84,0.43,1.22,-0.79,0,3,-3,-1.88,56.1,63.75,18.1,23.5,52.09,0.57,0.72,258,14,19,11,33.33,15.28,9.16,7,7,28,4,14,161.1,76.17,33.47,36.25,127.7,68.4,3,Vasco da Gama 0-3 Santos,2026-08-16
Bahia,2.81,1.36,1.45,1.59,1.36,0.23,0.47,0.0,0.47,2.05,1.36,0.69,1.11,0.71,0.67,0.4,0.27,3,3,0,-1.45,64.9,63.39,19.0,22.4,50.15,0.72,0.76,321,14,20,12,27.78,15.79,7.5,5,2,26,5,9,132.1,86.97,11.8,10.25,73.83,48.52,1,Chapecoense 3-3 Bahia,2026-08-16
Chapecoense,1.36,2.81,-1.45,1.36,1.59,-0.23,0.0,0.47,-0.47,1.36,2.05,-0.69,0.71,1.11,0.4,0.67,-0.27,3,3,0,1.45,35.1,36.61,22.4,19.0,46.34,0.76,0.72,136,14,12,20,15.79,27.78,18.23,2,5,19,3,16,19.8,13.03,103.33,89.75,78.33,51.48,3,Chapecoense 3-3 Bahia,2026-08-16
Coritiba,0.61,1.88,-1.27,0.41,1.36,-0.95,0.2,0.53,-0.33,0.61,1.88,-1.27,0.29,0.59,0.49,0.72,-0.23,1,1,0,1.27,34.5,25.41,20.0,19.4,43.13,0.35,0.99,133,6,8,19,22.86,19.19,15.7,2,5,12,3,10,43.2,13.96,131.33,87.75,69.3,27.6,1,São Paulo 1-1 Coritiba,2026-08-15
São Paulo,1.88,0.61,1.27,1.36,0.41,0.95,0.53,0.2,0.33,1.88,0.61,1.27,0.59,0.29,0.72,0.49,0.23,1,1,0,-1.27,65.5,74.59,19.4,20.0,52.57,0.99,0.35,380,19,19,8,19.19,22.86,8.43,5,2,33,6,15,266.2,86.04,18.33,12.25,181.8,72.4,2,São Paulo 1-1 Coritiba,2026-08-15
RB Bragantino,1.41,3.01,-1.6,0.77,3.01,-2.24,0.64,0.01,0.63,1.41,3.01,-1.6,0.35,2.47,0.69,0.06,0.63,1,1,0,1.6,49.5,46.97,20.0,18.2,50.03,0.5,1.55,261,10,16,20,32.0,12.9,20.15,3,7,18,5,8,104.3,48.33,47.0,49.2,86.17,48.66,0,Athletico Paranaense 1-1 RB Bragantino,2026-08-15
Athletico Paranaense,3.01,1.41,1.6,3.01,0.77,2.24,0.01,0.64,-0.63,3.01,1.41,1.6,2.47,0.35,0.06,0.69,-0.63,1,1,0,-1.6,50.5,53.03,18.2,20.0,51.03,1.55,0.5,260,20,20,16,12.9,32.0,15.52,7,3,28,8,7,111.5,51.67,48.53,50.8,90.9,51.34,0,Athletico Paranaense 1-1 RB Bragantino,2026-08-15
Palmeiras,1.85,1.95,-0.1,1.76,1.91,-0.15,0.09,0.04,0.05,1.85,1.95,-0.1,0.0,1.34,0.09,0.14,-0.05,2,3,-1,-0.9,40.4,44.38,23.5,8.9,51.46,0.55,0.84,195,15,15,17,27.27,20.24,9.57,4,4,19,5,17,74.5,35.83,73.2,66.83,102.93,50.01,1,Fluminense 3-2 Palmeiras,2026-08-15
Fluminense,1.95,1.85,0.1,1.91,1.76,0.15,0.04,0.09,-0.05,1.95,1.85,0.1,1.34,0.0,0.14,0.09,0.05,3,2,1,0.9,59.6,55.62,8.9,23.5,50.67,0.84,0.55,275,14,17,15,20.24,27.27,7.17,4,4,19,5,16,133.4,64.17,36.33,33.17,102.87,49.99,1,Fluminense 3-2 Palmeiras,2026-08-15
Vitória,0.18,1.6,-1.42,0.18,1.45,-1.27,0.0,0.15,-0.15,0.18,1.6,-1.42,0.04,0.12,0.0,0.28,-0.28,0,2,-2,-0.58,38.3,22.98,25.3,17.9,41.6,0.18,1.1,155,3,7,20,38.89,18.18,19.12,2,11,7,1,8,21.9,6.49,97.53,70.0,4.23,1.21,1,Flamengo 2-0 Vitória,2026-08-09
Flamengo,1.6,0.18,1.42,1.45,0.18,1.27,0.15,0.0,0.15,1.6,0.18,1.42,0.12,0.04,0.28,0.0,0.28,2,0,2,0.58,61.7,77.02,17.9,25.3,54.94,1.1,0.18,454,24,20,7,18.18,38.89,9.74,11,2,16,8,13,315.3,93.51,41.8,30.0,344.5,98.79,0,Flamengo 2-0 Vitória,2026-08-09
Corinthians,1.31,0.68,0.63,1.07,0.65,0.42,0.24,0.02,0.22,1.31,0.68,0.63,0.26,0.25,0.52,0.04,0.48,2,0,2,1.37,51.8,52.24,30.9,23.3,46.04,0.49,0.84,185,7,9,10,18.37,11.9,9.35,3,6,17,2,14,100.4,58.85,47.53,44.2,94.1,62.45,0,RB Bragantino 0-2 Corinthians,2026-08-09
RB Bragantino,0.68,1.31,-0.63,0.65,1.07,-0.42,0.02,0.24,-0.22,0.68,1.31,-0.63,0.25,0.26,0.04,0.52,-0.48,0,2,-2,-1.37,48.2,47.76,23.3,30.9,47.59,0.84,0.49,190,8,10,9,11.9,18.37,9.08,6,3,25,3,12,70.2,41.15,60.0,55.8,56.57,37.55,0,RB Bragantino 0-2 Corinthians,2026-08-09
Athletico Paranaense,1.1,1.81,-0.71,1.05,1.42,-0.37,0.05,0.39,-0.34,1.1,1.81,-0.71,0.05,0.9,0.0,0.51,-0.51,2,0,2,2.71,37.4,33.23,21.5,14.4,45.03,0.45,0.98,140,4,8,22,17.78,22.45,13.11,4,6,9,2,11,36.1,14.74,83.13,71.87,94.6,50.32,0,Santos 0-2 Athletico Paranaense,2026-08-09
Santos,1.81,1.1,0.71,1.42,1.05,0.37,0.39,0.05,0.34,1.81,1.1,0.71,0.9,0.05,0.51,0.0,0.51,0,2,-2,-2.71,62.6,66.77,14.4,21.5,52.58,0.98,0.45,339,16,22,8,22.45,17.78,8.97,6,4,35,10,12,208.8,85.26,32.53,28.13,93.4,49.68,0,Santos 0-2 Athletico Paranaense,2026-08-09
Vasco da Gama,0.77,0.85,-0.08,0.54,0.66,-0.12,0.23,0.19,0.04,0.77,0.85,-0.08,0.12,0.33,0.46,0.49,-0.03,0,0,0,0.08,49.3,59.51,22.6,12.2,53.57,0.42,0.56,249,16,14,11,33.33,19.64,8.32,8,4,24,6,10,121.8,73.07,86.4,68.53,177.07,76.82,2,Bahia 0-0 Vasco da Gama,2026-08-09
Bahia,0.85,0.77,0.08,0.66,0.54,0.12,0.19,0.23,-0.04,0.85,0.77,0.08,0.33,0.12,0.49,0.46,0.03,0,0,0,-0.08,50.7,40.49,12.2,22.6,44.25,0.56,0.42,166,11,11,14,19.64,33.33,10.96,4,8,18,4,13,44.9,26.93,39.67,31.47,53.43,23.18,0,Bahia 0-0 Vasco da Gama,2026-08-09
Internacional,0.8,1.61,-0.81,0.77,1.49,-0.72,0.04,0.13,-0.09,0.8,1.61,-0.81,0.13,0.79,0.27,0.19,0.08,0,0,0,0.81,37.6,33.68,27.2,20.8,47.82,0.4,0.99,176,2,9,22,22.5,22.22,12.37,3,4,7,2,16,30.9,12.36,96.4,79.67,46.13,22.1,1,Palmeiras 0-0 Internacional,2026-08-09
Palmeiras,1.61,0.8,0.81,1.49,0.77,0.72,0.13,0.04,0.09,1.61,0.8,0.81,0.79,0.13,0.19,0.27,-0.08,0,0,0,-0.81,62.4,66.32,20.8,27.2,54.0,0.99,0.4,356,20,22,9,22.22,22.5,7.47,4,3,37,5,12,219.2,87.64,24.6,20.33,162.63,77.9,0,Palmeiras 0-0 Internacional,2026-08-09
Mirassol,1.51,0.83,0.68,0.68,0.79,-0.11,0.07,0.05,0.02,0.75,0.83,-0.08,0.15,0.12,0.07,0.35,-0.28,1,3,-2,-2.68,49.6,46.95,17.5,24.7,45.13,0.41,0.64,177,8,13,11,31.71,17.19,7.88,7,5,12,1,18,65.2,45.95,40.67,52.96,60.3,40.81,0,Cruzeiro 3-1 Mirassol,2026-08-09
Cruzeiro,0.83,1.51,-0.68,0.79,0.68,0.11,0.05,0.07,-0.02,0.83,0.75,0.08,0.12,0.15,0.35,0.07,0.28,3,1,2,2.68,50.4,53.05,24.7,17.5,47.34,0.64,0.41,188,14,11,13,17.19,31.71,7.02,5,7,22,4,14,76.7,54.05,36.13,47.04,87.47,59.19,2,Cruzeiro 3-1 Mirassol,2026-08-09
Fluminense,1.21,1.99,-0.78,0.75,1.86,-1.11,0.46,0.12,0.34,1.21,1.99,-0.78,0.24,1.3,0.54,0.43,0.11,1,1,0,0.78,58.2,51.16,16.5,26.0,50.3,0.8,1.64,265,23,14,22,17.5,13.41,6.7,4,2,24,7,18,122.8,49.82,30.47,27.89,80.63,37.42,1,Botafogo 1-1 Fluminense,2026-08-08
Botafogo,1.99,1.21,0.78,1.86,0.75,1.11,0.12,0.46,-0.34,1.99,1.21,0.78,1.3,0.24,0.43,0.54,-0.11,1,1,0,-0.78,41.8,48.84,26.0,16.5,51.69,1.64,0.8,202,19,22,14,13.41,17.5,10.32,2,4,20,7,16,123.7,50.18,78.8,72.11,134.87,62.58,3,Botafogo 1-1 Fluminense,2026-08-08
Chapecoense,0.61,1.53,-0.92,0.61,1.25,-0.64,0.0,0.28,-0.28,0.61,1.53,-0.92,0.24,0.48,0.05,0.37,-0.32,1,2,-1,-0.08,63.9,60.88,22.3,17.9,47.06,0.38,0.66,271,9,12,15,31.58,22.73,8.57,2,3,28,6,11,104.9,48.88,12.73,8.99,50.77,20.51,0,Coritiba 2-1 Chapecoense,2026-08-08
Coritiba,1.53,0.61,0.92,1.25,0.61,0.64,0.28,0.0,0.28,1.53,0.61,0.92,0.48,0.24,0.37,0.05,0.32,2,1,1,0.08,36.1,39.12,17.9,22.3,48.29,0.66,0.38,136,12,15,12,22.73,31.58,15.27,3,2,19,5,14,109.7,51.12,128.8,91.01,196.73,79.49,1,Coritiba 2-1 Chapecoense,2026-08-08
Atlético Mineiro,1.58,1.21,0.37,1.51,1.07,0.44,0.07,0.14,-0.07,1.58,1.21,0.37,0.57,0.06,0.07,0.44,-0.37,2,2,0,-0.37,58.2,53.82,16.0,13.1,47.63,0.82,0.48,268,16,10,12,12.2,25.0,14.67,4,3,15,2,13,114.0,51.79,39.4,25.41,75.47,39.35,0,Remo 2-2 Atlético Mineiro,2026-08-08
Remo,1.21,1.58,-0.37,1.07,1.51,-0.44,0.14,0.07,0.07,1.21,1.58,-0.37,0.06,0.57,0.44,0.07,0.37,2,2,0,0.37,41.8,46.18,13.1,16.0,48.0,0.48,0.82,196,8,12,10,25.0,12.2,14.97,3,4,20,5,13,106.1,48.21,115.67,74.59,116.33,60.65,0,Remo 2-2 Atlético Mineiro,2026-08-08
São Paulo,2.1,1.43,0.67,1.44,1.07,0.37,0.67,0.36,0.31,2.1,1.43,0.67,0.6,0.36,0.61,0.36,0.25,1,2,-1,-1.67,52.3,54.58,21.5,13.4,48.64,1.18,0.64,248,14,19,12,16.1,18.75,14.42,2,2,19,7,19,146.8,62.79,66.0,43.56,137.63,59.2,1,Grêmio 2-1 São Paulo,2026-08-08
Grêmio,1.43,2.1,-0.67,1.07,1.44,-0.37,0.36,0.67,-0.31,1.43,2.1,-0.67,0.36,0.6,0.36,0.61,-0.25,2,1,1,1.67,47.7,45.42,13.4,21.5,44.65,0.64,1.18,178,12,12,19,18.75,16.1,12.7,2,2,15,7,12,87.0,37.21,85.53,56.44,94.87,40.8,0,Grêmio 2-1 São Paulo,2026-08-08
Cruzeiro,2.62,1.65,0.97,2.54,1.31,1.23,0.08,0.34,-0.26,2.62,1.65,0.97,0.53,0.48,0.31,0.49,-0.18,1,0,1,0.03,50.4,48.41,14.0,19.8,49.82,0.91,0.63,231,14,20,19,21.98,30.16,9.89,1,4,29,2,18,125.0,53.58,71.0,65.38,148.93,65.05,2,Coritiba 0-1 Cruzeiro,2026-07-30
Coritiba,1.65,2.62,-0.97,1.31,2.54,-1.23,0.34,0.08,0.26,1.65,2.62,-0.97,0.48,0.53,0.49,0.31,0.18,0,1,-1,-0.03,49.6,51.59,19.8,14.0,49.02,0.63,0.91,221,13,19,20,30.16,21.98,9.62,4,1,24,4,13,108.3,46.42,37.6,34.62,80.03,34.95,0,Coritiba 0-1 Cruzeiro,2026-07-30
Athletico Paranaense,0.54,0.84,-0.3,0.23,0.82,-0.59,0.31,0.02,0.29,0.54,0.84,-0.3,0.0,0.23,0.31,0.61,-0.3,0,0,0,0.3,48.5,42.73,25.3,19.1,42.86,0.16,0.3,144,4,4,7,25.0,23.33,11.03,4,4,10,2,16,49.6,39.4,72.53,66.3,70.5,53.4,2,Corinthians 0-0 Athletico Paranaense,2026-07-30
Corinthians,0.84,0.54,0.3,0.82,0.23,0.59,0.02,0.31,-0.29,0.84,0.54,0.3,0.23,0.0,0.61,0.31,0.3,0,0,0,-0.3,51.5,57.27,19.1,25.3,44.78,0.3,0.16,201,2,7,4,23.33,25.0,8.44,4,4,13,6,16,76.3,60.6,36.87,33.7,61.53,46.6,0,Corinthians 0-0 Athletico Paranaense,2026-07-30
Palmeiras,1.89,0.57,1.32,1.89,0.45,1.44,0.0,0.13,-0.13,1.89,0.57,1.32,0.41,0.19,0.01,0.27,-0.26,4,0,4,2.68,67.8,74.18,18.7,23.5,58.47,1.36,0.62,365,19,17,10,12.5,16.13,7.42,1,3,12,1,15,317.0,87.59,5.93,7.48,271.43,80.96,0,Vitória 0-4 Palmeiras,2026-07-29
Vitória,0.57,1.89,-1.32,0.45,1.89,-1.44,0.13,0.0,0.13,0.57,1.89,-1.32,0.19,0.41,0.27,0.01,0.26,0,4,-4,-2.68,32.2,25.82,23.5,18.7,43.04,0.62,1.36,99,9,10,17,16.13,12.5,12.08,3,1,13,6,10,44.9,12.41,73.33,92.52,63.83,19.04,4,Vitória 0-4 Palmeiras,2026-07-29
Bahia,0.57,2.26,-1.69,0.57,2.19,-1.62,0.0,0.07,-0.07,0.57,2.26,-1.69,0.03,0.86,0.31,0.81,-0.5,0,0,0,1.69,41.3,36.67,26.7,16.2,46.71,0.62,1.08,184,7,10,25,16.13,23.15,17.78,5,4,9,1,9,29.0,12.88,86.6,66.65,44.23,20.82,0,Fluminense 0-0 Bahia,2026-07-29
Fluminense,2.26,0.57,1.69,2.19,0.57,1.62,0.07,0.0,0.07,2.26,0.57,1.69,0.86,0.03,0.81,0.31,0.5,0,0,0,-1.69,58.7,63.33,16.2,26.7,51.84,1.08,0.62,307,23,25,10,23.15,16.13,14.91,4,5,24,8,7,196.2,87.12,43.33,33.35,168.17,79.18,0,Fluminense 0-0 Bahia,2026-07-29
Flamengo,1.86,1.65,0.21,1.86,1.62,0.24,0.0,0.03,-0.03,1.86,1.65,0.21,0.45,0.29,0.3,0.95,-0.65,1,1,0,-0.21,72.2,71.43,14.6,21.9,55.96,0.85,0.58,501,18,14,16,16.47,27.59,6.48,5,2,28,3,14,249.0,76.83,7.93,4.39,112.23,47.25,0,Internacional 1-1 Flamengo,2026-07-29
Internacional,1.65,1.86,-0.21,1.62,1.86,-0.24,0.03,0.0,0.03,1.65,1.86,-0.21,0.29,0.45,0.95,0.3,0.65,1,1,0,0.21,27.8,28.57,21.9,14.6,50.3,0.58,0.85,151,9,16,14,27.59,16.47,18.1,2,5,13,2,11,75.1,23.17,172.87,95.61,125.27,52.75,1,Internacional 1-1 Flamengo,2026-07-29
Remo,1.88,1.71,0.17,1.88,1.22,0.66,0.0,0.49,-0.49,1.88,1.71,0.17,1.16,0.56,0.15,0.49,-0.34,1,2,-1,-1.17,46.1,45.49,22.8,26.0,48.7,0.49,0.83,214,8,13,9,26.53,10.84,16.65,3,3,19,3,5,73.4,43.79,79.2,64.18,109.57,65.6,5,Mirassol 2-1 Remo,2026-07-29
Mirassol,1.71,1.88,-0.17,1.22,1.88,-0.66,0.49,0.0,0.49,1.71,1.88,-0.17,0.56,1.16,0.49,0.15,0.34,2,1,1,1.17,53.9,54.51,26.0,22.8,44.76,0.83,0.49,218,11,9,13,10.84,26.53,10.71,3,3,16,6,15,94.2,56.21,44.2,35.82,57.47,34.4,4,Mirassol 2-1 Remo,2026-07-29
Vitória,1.49,1.04,0.45,1.22,1.02,0.2,0.27,0.02,0.25,1.49,1.04,0.45,0.54,0.16,0.8,0.1,0.7,0,2,-2,-2.45,64.6,61.96,16.0,24.7,46.54,0.89,0.2,259,14,14,15,15.73,75.0,7.27,6,3,36,9,8,127.6,65.77,11.27,7.93,59.07,27.81,3,Remo 2-0 Vitória,2026-07-26
Remo,1.04,1.49,-0.45,1.02,1.22,-0.2,0.02,0.27,-0.25,1.04,1.49,-0.45,0.16,0.54,0.1,0.8,-0.7,2,0,2,2.45,35.4,38.04,24.7,16.0,51.92,0.2,0.89,166,4,15,14,75.0,15.73,16.67,3,6,21,4,16,66.4,34.23,130.93,92.07,153.33,72.19,0,Remo 2-0 Vitória,2026-07-26
Atlético Mineiro,2.13,2.55,-0.42,2.01,1.43,0.58,0.11,1.12,-1.01,2.13,2.55,-0.42,0.55,0.2,0.66,1.14,-0.48,2,1,1,1.42,31.4,21.97,23.9,14.3,42.62,0.32,1.28,123,9,9,22,28.12,17.19,24.56,0,6,11,5,11,22.0,5.43,127.93,91.38,53.47,17.53,1,Palmeiras 1-2 Atlético Mineiro,2026-07-26
Palmeiras,2.55,2.13,0.42,1.43,2.01,-0.58,1.12,0.11,1.01,2.55,2.13,0.42,0.2,0.55,1.14,0.66,0.48,1,2,-1,-1.42,68.6,78.03,14.3,23.9,57.65,1.28,0.32,499,23,22,9,17.19,28.12,9.89,6,0,33,10,7,383.0,94.57,12.07,8.62,251.6,82.47,1,Palmeiras 1-2 Atlético Mineiro,2026-07-26
Fluminense,1.22,1.19,0.03,0.46,1.16,-0.7,0.0,0.03,-0.03,0.46,1.19,-0.73,0.0,0.17,0.0,0.11,-0.11,1,1,0,-0.03,49.4,48.25,16.5,24.7,49.2,0.39,0.66,252,5,7,12,17.95,18.18,16.83,3,0,9,2,9,93.5,46.66,70.6,48.33,78.13,50.07,0,Grêmio 1-1 Fluminense,2026-07-26
Grêmio,1.19,1.22,-0.03,1.16,0.46,0.7,0.03,0.0,0.03,1.19,0.46,0.73,0.17,0.0,0.11,0.0,0.11,1,1,0,0.03,50.6,51.75,24.7,16.5,50.86,0.66,0.39,269,11,12,7,18.18,17.95,13.57,0,3,31,9,12,106.9,53.34,75.47,51.67,77.9,49.93,1,Grêmio 1-1 Fluminense,2026-07-26
Coritiba,0.37,1.3,-0.93,0.37,1.19,-0.82,0.0,0.12,-0.12,0.37,1.3,-0.93,0.09,0.24,0.1,0.27,-0.17,0,0,0,0.93,44.9,38.74,23.9,16.9,41.25,0.26,0.7,124,4,5,20,19.23,28.57,12.68,4,6,9,1,3,33.3,16.63,55.93,64.94,45.07,22.75,1,RB Bragantino 0-0 Coritiba,2026-07-26
RB Bragantino,1.3,0.37,0.93,1.19,0.37,0.82,0.12,0.0,0.12,1.3,0.37,0.93,0.24,0.09,0.27,0.1,0.17,0,0,0,-0.93,55.1,61.26,16.9,23.9,46.32,0.7,0.26,207,12,20,5,28.57,19.23,11.11,6,4,25,8,17,167.0,83.37,30.2,35.06,153.03,77.25,0,RB Bragantino 0-0 Coritiba,2026-07-26
São Paulo,0.43,2.54,-2.11,0.43,1.48,-1.05,0.0,1.07,-1.07,0.43,2.54,-2.11,0.34,0.43,0.0,1.23,-1.23,1,1,0,2.11,46.3,48.93,14.5,19.0,44.44,0.25,1.2,205,8,4,18,16.0,15.0,10.57,7,3,11,2,18,56.6,26.69,68.73,56.68,54.3,27.52,4,Flamengo 1-1 São Paulo,2026-07-26
Flamengo,2.54,0.43,2.11,1.48,0.43,1.05,1.07,0.0,1.07,2.54,0.43,2.11,0.43,0.34,1.23,0.0,1.23,1,1,0,-2.11,53.7,51.07,19.0,14.5,48.08,1.2,0.25,273,24,18,4,15.0,16.0,9.43,3,7,21,5,15,155.5,73.31,52.53,43.32,143.0,72.48,0,Flamengo 1-1 São Paulo,2026-07-26
Corinthians,0.46,0.69,-0.23,0.43,0.49,-0.06,0.04,0.2,-0.16,0.46,0.69,-0.23,0.0,0.24,0.29,0.22,0.07,1,1,0,0.23,39.8,38.55,23.1,16.0,45.39,0.22,0.69,148,5,5,13,22.73,18.84,11.83,4,5,5,2,18,30.9,22.26,75.33,76.71,61.37,48.8,0,Bahia 1-1 Corinthians,2026-07-26
Bahia,0.69,0.46,0.23,0.49,0.43,0.06,0.2,0.04,0.16,0.69,0.46,0.23,0.24,0.0,0.22,0.29,-0.07,1,1,0,-0.23,60.2,61.45,16.0,23.1,47.05,0.69,0.22,228,12,13,5,18.84,22.73,6.79,5,4,23,7,17,107.9,77.74,22.87,23.29,64.4,51.2,0,Bahia 1-1 Corinthians,2026-07-26
Botafogo,0.56,2.09,-1.53,0.53,2.09,-1.56,0.03,0.0,0.03,0.56,2.09,-1.53,0.06,0.64,0.21,0.26,-0.05,1,0,1,2.53,39.1,39.93,23.8,18.9,47.25,0.35,0.88,148,9,8,16,22.86,18.18,11.61,1,7,7,1,18,53.8,28.38,78.67,89.53,99.43,55.36,3,Cruzeiro 0-1 Botafogo,2026-07-26
Cruzeiro,2.09,0.56,1.53,2.09,0.53,1.56,0.0,0.03,-0.03,2.09,0.56,1.53,0.64,0.06,0.26,0.21,0.05,0,1,-1,-2.53,60.9,60.07,18.9,23.8,50.86,0.88,0.35,267,19,16,8,18.18,22.86,6.51,7,1,23,9,14,135.8,71.62,9.2,10.47,80.17,44.64,0,Cruzeiro 0-1 Botafogo,2026-07-26
Mirassol,1.76,3.26,-1.5,1.26,2.9,-1.64,0.5,0.35,0.15,1.76,3.26,-1.5,0.65,1.28,0.61,0.55,0.06,1,1,0,1.5,43.5,28.27,18.8,21.7,42.62,0.32,1.09,153,7,10,20,31.25,18.35,13.84,3,4,18,5,7,29.8,12.01,59.73,49.39,30.97,15.0,4,Vasco da Gama 1-1 Mirassol,2026-07-25
Vasco da Gama,3.26,1.76,1.5,2.9,1.26,1.64,0.35,0.5,-0.15,3.26,1.76,1.5,1.28,0.65,0.55,0.61,-0.06,1,1,0,-1.5,56.5,71.73,21.7,18.8,53.68,1.09,0.32,303,16,20,10,18.35,31.25,11.1,4,3,37,9,12,218.4,87.99,61.2,50.61,175.53,85.0,1,Vasco da Gama 1-1 Mirassol,2026-07-25
Internacional,1.38,2.89,-1.51,1.33,2.81,-1.48,0.05,0.08,-0.03,1.38,2.89,-1.51,0.06,0.41,0.44,0.21,0.23,0,2,-2,-0.49,54.1,53.85,22.0,17.0,46.72,0.55,0.72,204,13,13,14,23.64,19.44,10.58,0,4,14,7,8,59.1,44.4,32.53,35.34,34.23,23.34,4,Athletico Paranaense 2-0 Internacional,2026-07-25
Athletico Paranaense,2.89,1.38,1.51,2.81,1.33,1.48,0.08,0.05,0.03,2.89,1.38,1.51,0.41,0.06,0.21,0.44,-0.23,2,0,2,0.49,45.9,46.15,17.0,22.0,45.24,0.72,0.55,154,11,14,13,19.44,23.64,12.58,4,0,16,3,13,74.0,55.6,59.53,64.66,112.4,76.66,0,Athletico Paranaense 2-0 Internacional,2026-07-25
Chapecoense,0.91,1.76,-0.85,0.91,0.88,0.03,0.0,0.12,-0.12,0.91,1.0,-0.09,0.8,0.18,0.8,0.31,0.49,2,2,0,0.85,35.9,21.5,18.2,18.7,43.74,0.19,1.4,161,2,6,21,31.58,15.0,13.97,1,5,8,1,13,24.9,7.44,102.73,74.91,26.27,8.01,0,Santos 2-2 Chapecoense,2026-07-25
Santos,1.76,0.91,0.85,0.88,0.91,-0.03,0.12,0.0,0.12,1.0,0.91,0.09,0.18,0.8,0.31,0.8,-0.49,2,2,0,-0.85,64.1,78.5,18.7,18.2,57.29,1.4,0.19,457,32,21,6,15.0,31.58,8.29,5,1,36,12,11,309.6,92.56,34.4,25.09,301.57,91.99,0,Santos 2-2 Chapecoense,2026-07-25
Vitória,0.32,1.24,-0.92,0.32,0.98,-0.66,0.0,0.26,-0.26,0.32,1.24,-0.92,0.06,0.46,0.12,0.31,-0.19,0,0,0,0.92,43.6,31.82,29.9,16.1,42.7,0.35,0.91,114,11,5,19,14.29,20.88,7.61,4,8,9,3,14,23.4,12.37,58.4,60.83,20.73,12.72,4,Botafogo 0-0 Vitória,2026-07-23
Botafogo,1.24,0.32,0.92,0.98,0.32,0.66,0.26,0.0,0.26,1.24,0.32,0.92,0.46,0.06,0.31,0.12,0.19,0,0,0,-0.92,56.4,68.18,16.1,29.9,53.42,0.91,0.35,253,19,19,5,20.88,14.29,7.66,8,4,34,9,16,165.7,87.63,37.6,39.17,142.23,87.28,1,Botafogo 0-0 Vitória,2026-07-23
Remo,0.16,1.93,-1.77,0.09,1.82,-1.73,0.07,0.12,-0.05,0.16,1.93,-1.77,0.0,0.05,0.07,0.12,-0.05,0,3,-3,-1.23,44.0,43.63,19.0,18.6,45.84,0.19,0.81,169,6,3,15,15.79,18.52,14.61,8,2,16,4,9,24.6,16.83,116.47,84.07,28.99,12.13,2,Corinthians 3-0 Remo,2026-07-23
Corinthians,1.93,0.16,1.77,1.82,0.09,1.73,0.12,0.07,0.05,1.93,0.16,1.77,0.05,0.0,0.12,0.07,0.05,3,0,3,1.23,56.0,56.37,18.6,19.0,43.67,0.81,0.19,233,11,15,3,18.52,15.79,14.84,2,8,16,3,12,121.6,83.17,22.07,15.93,209.98,87.87,0,Corinthians 3-0 Remo,2026-07-23
Flamengo,1.2,0.96,0.24,1.2,0.87,0.33,0.0,0.09,-0.09,1.2,0.96,0.24,0.13,0.13,0.0,0.1,-0.1,4,0,4,3.76,62.7,58.17,16.3,17.9,46.27,0.61,0.51,289,12,11,13,18.03,25.49,13.15,3,8,12,3,8,158.6,66.25,11.0,6.85,87.63,42.35,0,Chapecoense 0-4 Flamengo,2026-07-22
Chapecoense,0.96,1.2,-0.24,0.87,1.2,-0.33,0.09,0.0,0.09,0.96,1.2,-0.24,0.13,0.13,0.1,0.0,0.1,0,4,-4,-3.76,37.3,41.83,17.9,16.3,46.57,0.51,0.61,184,13,13,11,25.49,18.03,21.85,8,3,16,5,9,80.8,33.75,149.67,93.15,119.3,57.65,3,Chapecoense 0-4 Flamengo,2026-07-22
Cruzeiro,1.76,2.25,-0.49,1.67,1.84,-0.17,0.1,0.41,-0.31,1.76,2.25,-0.49,0.24,1.75,0.33,0.22,0.11,2,1,1,1.49,52.7,44.83,28.4,30.0,47.57,0.56,0.67,190,9,13,21,23.21,31.34,6.48,6,3,15,7,14,80.5,40.07,30.07,44.88,92.73,53.5,2,Internacional 1-2 Cruzeiro,2026-07-22
Internacional,2.25,1.76,0.49,1.84,1.67,0.17,0.41,0.1,0.31,2.25,1.76,0.49,1.75,0.24,0.22,0.33,-0.11,1,2,-1,-1.49,47.3,55.17,30.0,28.4,52.31,0.67,0.56,219,18,21,13,31.34,23.21,9.22,3,6,34,5,18,120.4,59.93,36.93,55.12,80.6,46.5,1,Internacional 1-2 Cruzeiro,2026-07-22
Athletico Paranaense,2.69,1.14,1.55,2.55,0.85,1.7,0.14,0.29,-0.15,2.69,1.14,1.55,0.95,0.09,0.14,0.4,-0.26,2,1,1,-0.55,30.2,28.83,19.0,19.1,47.58,0.56,0.71,135,10,11,18,19.64,25.35,19.0,3,8,11,3,15,57.9,20.43,168.13,94.21,124.03,57.19,1,São Paulo 1-2 Athletico Paranaense,2026-07-22
São Paulo,1.14,2.69,-1.55,0.85,2.55,-1.7,0.29,0.14,0.15,1.14,2.69,-1.55,0.09,0.95,0.4,0.14,0.26,1,2,-1,0.55,69.8,71.17,19.1,19.0,50.84,0.71,0.56,365,19,18,11,25.35,19.64,7.79,8,3,28,7,7,225.5,79.57,10.33,5.79,92.83,42.81,0,São Paulo 1-2 Athletico Paranaense,2026-07-22
Palmeiras,1.1,1.94,-0.84,1.1,0.98,0.12,0.0,0.96,-0.96,1.1,1.94,-0.84,0.05,0.61,0.0,0.17,-0.17,3,1,2,2.84,48.3,38.76,15.2,12.1,46.8,0.33,0.69,206,9,13,17,39.39,24.64,13.26,1,8,12,4,16,98.9,37.41,51.13,45.49,104.07,62.14,0,Coritiba 1-3 Palmeiras,2026-07-22
Coritiba,1.94,1.1,0.84,0.98,1.1,-0.12,0.96,0.0,0.96,1.94,1.1,0.84,0.61,0.05,0.17,0.0,0.17,1,3,-2,-2.84,51.7,61.24,12.1,15.2,52.8,0.69,0.33,286,13,17,13,24.64,39.39,10.05,8,1,38,7,10,165.5,62.59,61.27,54.51,63.4,37.86,3,Coritiba 1-3 Palmeiras,2026-07-22
Bahia,1.39,1.39,0.0,1.3,1.01,0.29,0.09,0.38,-0.29,1.39,1.39,0.0,0.29,0.41,0.36,0.77,-0.41,1,1,0,0.0,49.7,48.38,15.6,27.5,49.37,0.72,0.81,219,13,21,16,29.17,19.75,12.15,7,8,17,4,12,117.3,50.45,24.87,31.11,93.13,42.55,0,Atlético Mineiro 1-1 Bahia,2026-07-21
Atlético Mineiro,1.39,1.39,0.0,1.01,1.3,-0.29,0.38,0.09,0.29,1.39,1.39,0.0,0.41,0.29,0.77,0.36,0.41,1,1,0,0.0,50.3,51.62,27.5,15.6,50.46,0.81,0.72,243,18,16,21,19.75,29.17,13.83,8,7,25,6,4,115.2,49.55,55.07,68.89,125.73,57.45,1,Atlético Mineiro 1-1 Bahia,2026-07-21
Grêmio,0.63,1.79,-1.16,0.58,1.72,-1.14,0.05,0.07,-0.02,0.63,1.79,-1.16,0.21,0.97,0.31,0.08,0.23,1,2,-1,0.16,55.4,37.55,17.1,22.4,38.68,0.51,0.88,129,11,9,14,17.65,15.91,8.44,9,9,13,4,9,51.1,26.15,22.73,19.12,26.73,8.58,2,Mirassol 2-1 Grêmio,2026-07-17
Mirassol,1.79,0.63,1.16,1.72,0.58,1.14,0.07,0.05,0.02,1.79,0.63,1.16,0.97,0.21,0.08,0.31,-0.23,2,1,1,-0.16,44.6,62.45,22.4,17.1,50.61,0.88,0.51,212,15,14,9,15.91,17.65,11.13,9,9,28,5,14,144.3,73.85,96.13,80.88,284.83,91.42,4,Mirassol 2-1 Grêmio,2026-07-17
RB Bragantino,1.05,1.65,-0.6,0.96,1.53,-0.57,0.09,0.12,-0.03,1.05,1.65,-0.6,0.0,0.37,0.08,0.26,-0.18,1,1,0,0.6,33.3,31.4,32.9,22.2,49.48,0.62,1.61,173,7,6,24,9.68,14.91,22.53,3,4,13,4,9,32.9,10.96,119.33,88.18,64.5,36.08,0,Fluminense 1-1 RB Bragantino,2026-07-17
Fluminense,1.65,1.05,0.6,1.53,0.96,0.57,0.12,0.09,0.03,1.65,1.05,0.6,0.37,0.0,0.26,0.08,0.18,1,1,0,-0.6,66.7,68.6,22.2,32.9,57.06,1.61,0.62,443,19,24,6,14.91,9.68,10.82,4,3,35,11,6,267.4,89.04,16.0,11.82,114.27,63.92,3,Fluminense 1-1 RB Bragantino,2026-07-17
Chapecoense,0.74,1.54,-0.8,0.54,0.57,-0.03,0.19,0.21,-0.02,0.74,0.78,-0.04,0.06,0.3,0.53,0.46,0.07,0,2,-2,-1.2,34.8,33.0,18.6,15.3,45.86,0.53,0.57,138,10,10,17,18.87,29.82,11.0,4,7,20,6,17,25.9,15.01,97.4,87.38,21.33,10.09,0,Bahia 2-0 Chapecoense,2026-07-17
Bahia,1.54,0.74,0.8,0.57,0.54,0.03,0.21,0.19,0.02,0.78,0.74,0.04,0.3,0.06,0.46,0.53,-0.07,2,0,2,1.2,65.2,67.0,15.3,18.6,50.44,0.57,0.53,287,17,17,10,29.82,18.87,5.49,7,4,33,10,17,146.7,84.99,14.07,12.62,190.1,89.91,0,Bahia 2-0 Chapecoense,2026-07-17
Vasco da Gama,0.81,1.15,-0.34,0.81,1.11,-0.3,0.0,0.04,-0.04,0.81,1.15,-0.34,0.11,0.03,0.03,0.11,-0.08,0,1,-1,-0.66,50.0,57.14,21.7,29.0,51.79,0.78,0.32,249,12,13,14,16.67,43.75,9.64,8,8,14,2,15,88.3,58.32,47.6,46.63,78.87,52.97,1,Vitória 1-0 Vasco da Gama,2026-07-16
Vitória,1.15,0.81,0.34,1.11,0.81,0.3,0.04,0.0,0.04,1.15,0.81,0.34,0.03,0.11,0.11,0.03,0.08,1,0,1,0.66,50.0,42.86,29.0,21.7,47.49,0.32,0.78,185,11,14,13,43.75,16.67,8.3,8,8,21,3,12,63.1,41.68,54.47,53.37,70.03,47.03,5,Vitória 1-0 Vasco da Gama,2026-07-16
Santos,2.24,3.67,-1.43,1.72,3.56,-1.84,0.51,0.12,0.39,2.24,3.67,-1.43,0.24,0.1,0.81,0.83,-0.02,1,2,-1,0.43,51.6,51.97,23.1,23.1,48.14,0.87,0.41,203,9,22,17,25.29,41.46,9.19,4,12,13,5,13,138.9,69.1,45.93,55.3,131.93,72.78,1,Botafogo 2-1 Santos,2026-07-16
Botafogo,3.67,2.24,1.43,3.56,1.72,1.84,0.12,0.51,-0.39,3.67,2.24,1.43,0.1,0.24,0.83,0.81,0.02,2,1,1,-0.43,48.4,48.03,23.1,23.1,47.41,0.41,0.87,190,8,17,22,41.46,25.29,8.46,12,4,21,5,10,62.1,30.9,37.13,44.7,49.33,27.22,3,Botafogo 2-1 Santos,2026-07-16
Fluminense,1.1,1.83,-0.73,1.05,1.83,-0.78,0.05,0.0,0.05,1.1,1.83,-0.73,,,,,,1,1,0,0.73,38.8,23.15,,,41.27,0.46,1.24,135,13,10,19,21.74,15.32,14.14,3,8,8,4,15,27.0,9.59,90.6,77.92,36.37,20.02,1,Cruzeiro 1-1 Fluminense,2026-05-31
Cruzeiro,1.83,1.1,0.73,1.83,1.05,0.78,0.0,0.05,-0.05,1.83,1.1,0.73,,,,,,1,1,0,-0.73,61.2,76.85,,,56.19,1.24,0.46,412,23,19,10,15.32,21.74,8.74,8,3,22,5,12,254.4,90.41,25.67,22.08,145.33,79.98,1,Cruzeiro 1-1 Fluminense,2026-05-31
São Paulo,0.92,0.65,0.27,0.67,0.65,0.02,0.25,0.0,0.25,0.92,0.65,0.27,,,,,,0,1,-1,-1.27,60.9,53.33,,,44.16,0.76,0.46,213,13,9,9,11.84,19.57,14.33,0,7,22,7,14,84.2,63.45,15.53,11.89,44.47,29.11,1,Remo 1-0 São Paulo,2026-05-31
Remo,0.65,0.92,-0.27,0.65,0.67,-0.02,0.0,0.25,-0.25,0.65,0.92,-0.27,,,,,,1,0,1,1.27,39.1,46.67,,,50.69,0.46,0.76,174,4,9,9,19.57,11.84,13.19,7,0,23,6,7,48.5,36.55,115.07,88.11,108.3,70.89,1,Remo 1-0 São Paulo,2026-05-31
Chapecoense,1.27,1.23,0.04,0.51,1.23,-0.72,0.0,0.0,0.0,0.51,1.23,-0.72,,,,,,0,1,-1,-1.04,51.7,50.9,,,50.66,0.56,0.54,303,7,15,13,26.79,24.07,15.12,4,8,26,2,9,118.3,51.32,54.8,39.88,76.87,41.01,1,Palmeiras 1-0 Chapecoense,2026-05-31
Palmeiras,1.23,1.27,-0.04,1.23,0.51,0.72,0.0,0.0,0.0,1.23,0.51,0.72,,,,,,1,0,1,1.04,48.3,49.1,,,50.3,0.54,0.56,282,10,13,15,24.07,26.79,17.0,8,4,11,3,9,112.2,48.68,82.6,60.12,110.57,58.99,1,Palmeiras 1-0 Chapecoense,2026-05-31
Atlético Mineiro,0.63,1.7,-1.07,0.57,1.68,-1.11,0.07,0.02,0.05,0.63,1.7,-1.07,,,,,,1,0,1,2.07,40.2,33.33,,,47.19,0.29,1.05,163,14,10,26,34.48,24.76,11.03,2,6,11,4,17,50.9,21.11,77.27,79.66,68.57,40.38,1,Vasco da Gama 0-1 Atlético Mineiro,2026-05-31
Vasco da Gama,1.7,0.63,1.07,1.68,0.57,1.11,0.02,0.07,-0.05,1.7,0.63,1.07,,,,,,0,1,-1,-2.07,59.8,66.67,,,53.62,1.05,0.29,326,10,26,10,24.76,34.48,6.12,6,2,33,3,20,190.2,78.89,19.73,20.34,101.23,59.62,1,Vasco da Gama 0-1 Atlético Mineiro,2026-05-31
Internacional,0.44,2.01,-1.57,0.44,1.25,-0.81,0.0,0.0,0.0,0.44,1.25,-0.81,,,,,,1,3,-2,-0.43,49.0,48.28,,,51.85,0.38,0.9,207,4,8,18,21.05,20.0,6.72,8,2,23,1,17,63.4,33.99,48.4,53.7,35.57,16.88,0,RB Bragantino 3-1 Internacional,2026-05-31
RB Bragantino,2.01,0.44,1.57,1.25,0.44,0.81,0.0,0.0,0.0,1.25,0.44,0.81,,,,,,3,1,2,0.43,51.0,51.72,,,48.23,0.9,0.38,198,14,18,8,20.0,21.05,8.28,2,8,28,6,19,123.1,66.01,41.73,46.3,175.21,83.12,1,RB Bragantino 3-1 Internacional,2026-05-31
Vitória,1.16,0.82,0.34,1.05,0.82,0.23,0.11,0.0,0.11,1.16,0.82,0.34,,,,,,1,3,-2,-2.34,55.9,59.24,,,51.31,0.82,0.47,256,16,22,5,26.83,10.64,8.76,3,9,23,5,8,162.2,75.9,31.6,29.42,91.13,61.35,2,Santos 3-1 Vitória,2026-05-30
Santos,0.82,1.16,-0.34,0.82,1.05,-0.23,0.0,0.11,-0.11,0.82,1.16,-0.34,,,,,,3,1,2,2.34,44.1,40.76,,,49.38,0.47,0.82,174,3,5,22,10.64,26.83,10.53,9,3,4,1,17,51.5,24.1,75.8,70.58,57.4,38.65,0,Santos 3-1 Vitória,2026-05-30
Botafogo,1.41,2.43,-1.02,1.4,1.88,-0.48,0.01,0.55,-0.54,1.41,2.43,-1.02,,,,,,1,2,-1,0.02,31.6,25.41,,,42.49,0.53,1.6,95,6,13,25,24.53,15.62,11.72,2,8,7,4,16,17.2,6.17,105.87,91.74,53.37,38.7,1,Bahia 2-1 Botafogo,2026-05-30
Bahia,2.43,1.41,1.02,1.88,1.4,0.48,0.55,0.01,0.54,2.43,1.41,1.02,,,,,,2,1,1,-0.02,68.4,74.59,,,57.7,1.6,0.53,379,26,25,13,15.62,24.53,5.86,8,2,47,10,14,261.4,93.83,9.53,8.26,84.53,61.3,0,Bahia 2-1 Botafogo,2026-05-30
Corinthians,2.56,2.15,0.41,2.21,1.9,0.31,0.35,0.26,0.09,2.56,2.15,0.41,,,,,,3,1,2,1.59,59.1,71.86,,,50.74,1.08,0.36,251,14,24,10,22.22,27.78,5.04,4,2,15,8,20,201.7,82.94,39.4,41.88,190.17,82.86,0,Grêmio 1-3 Corinthians,2026-05-30
Grêmio,2.15,2.56,-0.41,1.9,2.21,-0.31,0.26,0.35,-0.09,2.15,2.56,-0.41,,,,,,1,3,-2,-1.59,40.9,28.14,,,38.04,0.36,1.08,89,6,10,24,27.78,22.22,8.59,2,4,7,4,23,41.5,17.06,54.67,58.12,39.33,17.14,1,Grêmio 1-3 Corinthians,2026-05-30
Coritiba,1.12,2.17,-1.05,1.03,2.1,-1.07,0.09,0.08,0.01,1.12,2.17,-1.05,,,,,,0,3,-3,-1.95,38.2,28.26,,,42.55,0.54,1.05,162,7,10,21,18.52,20.0,38.17,1,7,16,4,2,45.4,14.5,85.0,71.23,34.57,7.93,0,Flamengo 3-0 Coritiba,2026-05-30
Flamengo,2.17,1.12,1.05,2.1,1.03,1.07,0.08,0.09,-0.01,2.17,1.12,1.05,,,,,,3,0,3,1.95,61.8,71.74,,,56.88,1.05,0.54,478,23,21,10,20.0,18.52,13.36,7,1,21,6,10,267.8,85.5,34.33,28.77,401.13,92.07,0,Flamengo 3-0 Coritiba,2026-05-30
Mirassol,0.7,1.09,-0.39,0.56,0.98,-0.42,0.14,0.11,0.03,0.7,1.09,-0.39,,,,,,0,1,-1,-0.61,50.4,48.6,,,48.66,0.42,0.61,209,8,10,13,23.81,21.31,12.04,6,9,15,4,11,67.6,37.04,52.73,46.09,45.03,29.59,1,Athletico Paranaense 1-0 Mirassol,2026-05-30
Athletico Paranaense,1.09,0.7,0.39,0.98,0.56,0.42,0.11,0.14,-0.03,1.09,0.7,0.39,,,,,,1,0,1,0.61,49.6,51.4,,,48.37,0.61,0.42,200,14,13,10,21.31,23.81,9.3,9,6,17,6,11,114.9,62.96,61.67,53.91,107.17,70.41,2,Athletico Paranaense 1-0 Mirassol,2026-05-30
Bahia,1.47,1.66,-0.19,1.4,1.66,-0.26,0.07,0.0,0.07,1.47,1.66,-0.19,,,,,,2,3,-1,-0.81,56.8,52.2,,,47.0,0.92,0.33,219,14,15,13,16.3,39.39,8.84,5,4,18,6,17,116.0,60.51,36.87,29.73,65.12,30.25,0,Coritiba 3-2 Bahia,2026-05-25
Coritiba,1.66,1.47,0.19,1.66,1.4,0.26,0.0,0.07,-0.07,1.66,1.47,0.19,,,,,,3,2,1,0.81,43.2,47.8,,,49.4,0.33,0.92,184,7,13,15,39.39,16.3,13.89,4,5,16,3,11,75.7,39.49,87.13,70.27,150.16,69.75,0,Coritiba 3-2 Bahia,2026-05-25
RB Bragantino,3.55,2.22,1.33,2.63,1.43,1.2,0.16,0.78,-0.62,2.79,2.22,0.57,,,,,,3,0,3,1.67,41.4,47.29,,,50.45,0.94,0.8,149,17,21,14,22.34,17.5,12.07,3,7,19,6,14,101.9,54.61,63.0,83.63,147.6,80.73,5,Vasco da Gama 0-3 RB Bragantino,2026-05-24
Vasco da Gama,2.22,3.55,-1.33,1.43,2.63,-1.2,0.78,0.16,0.62,2.22,2.79,-0.57,,,,,,0,3,-3,-1.67,58.6,52.71,,,48.63,0.8,0.94,202,10,14,21,17.5,22.34,5.62,7,3,22,6,13,84.7,45.39,12.33,16.37,35.23,19.27,0,Vasco da Gama 0-3 RB Bragantino,2026-05-24
Atlético Mineiro,1.92,0.61,1.31,1.92,0.61,1.31,0.0,0.0,0.0,1.92,0.61,1.31,,,,,,0,1,-1,-2.31,41.9,30.16,,,43.49,0.82,0.62,152,10,11,10,13.41,16.13,12.44,6,3,17,0,14,43.6,20.6,92.4,74.04,51.67,30.71,1,Corinthians 1-0 Atlético Mineiro,2026-05-24
Corinthians,0.61,1.92,-1.31,0.61,1.92,-1.31,0.0,0.0,0.0,0.61,1.92,-1.31,,,,,,1,0,1,2.31,58.1,69.84,,,51.16,0.62,0.82,320,10,10,11,16.13,13.41,9.94,3,6,17,3,15,168.0,79.4,32.4,25.96,116.57,69.29,0,Corinthians 1-0 Atlético Mineiro,2026-05-24
Athletico Paranaense,1.85,0.38,1.47,1.8,0.38,1.42,0.05,0.0,0.05,1.85,0.38,1.47,,,,,,2,1,1,-0.47,56.0,66.78,,,52.34,0.8,0.24,271,15,16,3,20.0,12.5,10.16,5,6,26,10,14,178.9,86.76,18.47,24.09,147.87,85.29,1,Remo 1-2 Athletico Paranaense,2026-05-24
Remo,0.38,1.85,-1.47,0.38,1.8,-1.42,0.0,0.05,-0.05,0.38,1.85,-1.47,,,,,,1,2,-1,0.47,44.0,33.22,,,46.07,0.24,0.8,158,2,3,16,12.5,20.0,13.62,6,5,14,3,9,27.3,13.24,58.2,75.91,25.5,14.71,0,Remo 1-2 Athletico Paranaense,2026-05-24
Chapecoense,0.67,2.9,-2.23,0.67,2.02,-1.35,0.0,0.12,-0.12,0.67,2.14,-1.47,,,,,,1,2,-1,1.23,35.7,30.07,,,41.32,0.09,0.78,98,8,8,18,88.89,23.08,10.43,8,4,16,2,15,39.9,15.56,101.8,80.79,54.53,21.71,2,Cruzeiro 2-1 Chapecoense,2026-05-24
Cruzeiro,2.9,0.67,2.23,2.02,0.67,1.35,0.12,0.0,0.12,2.14,0.67,1.47,,,,,,2,1,1,-1.23,64.3,69.93,,,48.65,0.78,0.09,262,23,18,8,23.08,88.89,6.94,4,8,24,9,13,216.5,84.44,24.2,19.21,196.7,78.29,0,Cruzeiro 2-1 Chapecoense,2026-05-24
Palmeiras,1.79,1.63,0.16,1.75,1.38,0.37,0.03,0.25,-0.22,1.79,1.63,0.16,,,,,,3,0,3,2.84,52.1,25.07,,,41.63,0.4,1.16,179,6,12,22,30.0,18.97,10.84,1,5,10,4,19,20.6,9.36,36.27,27.16,17.83,8.85,0,Flamengo 0-3 Palmeiras,2026-05-23
Flamengo,1.63,1.79,-0.16,1.38,1.75,-0.37,0.25,0.03,0.22,1.63,1.79,-0.16,,,,,,0,3,-3,-2.84,47.9,74.93,,,57.12,1.16,0.4,347,19,22,12,18.97,30.0,16.06,5,1,29,8,9,199.4,90.64,97.27,72.84,183.63,91.15,0,Flamengo 0-3 Palmeiras,2026-05-23
Santos,1.66,1.81,-0.15,1.58,1.75,-0.17,0.07,0.06,0.01,1.66,1.81,-0.15,,,,,,2,3,-1,-0.85,50.0,48.91,,,49.47,0.65,0.94,239,19,13,12,20.0,12.77,13.93,5,2,16,5,13,97.1,55.8,75.07,67.06,99.83,69.01,0,Grêmio 3-2 Santos,2026-05-23
Grêmio,1.81,1.66,0.15,1.75,1.58,0.17,0.06,0.07,-0.01,1.81,1.66,0.15,,,,,,3,2,1,0.85,50.0,51.09,,,48.46,0.94,0.65,233,9,12,13,12.77,20.0,12.57,2,5,23,8,12,76.9,44.2,36.87,32.94,44.83,30.99,0,Grêmio 3-2 Santos,2026-05-23
Fluminense,0.72,0.48,0.24,0.45,0.44,0.01,0.27,0.05,0.22,0.72,0.48,0.24,,,,,,0,1,-1,-1.24,66.9,56.57,,,42.3,0.84,0.34,206,7,10,13,11.9,38.24,8.67,5,6,23,5,14,87.2,53.99,15.07,8.8,45.27,19.08,2,Mirassol 1-0 Fluminense,2026-05-23
Mirassol,0.48,0.72,-0.24,0.44,0.45,-0.01,0.05,0.27,-0.22,0.48,0.72,-0.24,,,,,,1,0,1,1.24,33.1,43.43,,,46.05,0.34,0.84,141,10,13,10,38.24,11.9,15.61,6,5,12,4,12,74.3,46.01,156.2,91.2,192.0,80.92,0,Mirassol 1-0 Fluminense,2026-05-23
Internacional,2.12,0.92,1.2,1.91,0.92,0.99,0.21,0.0,0.21,2.12,0.92,1.2,,,,,,0,2,-2,-3.2,56.8,76.4,,,56.95,1.92,0.52,292,19,20,8,10.42,15.38,7.45,8,1,39,6,18,231.4,82.64,62.13,49.68,212.5,83.33,0,Vitória 2-0 Internacional,2026-05-23
Vitória,0.92,2.12,-1.2,0.92,1.91,-0.99,0.0,0.21,-0.21,0.92,2.12,-1.2,,,,,,2,0,2,3.2,43.2,23.6,,,42.83,0.52,1.92,107,10,8,20,15.38,10.42,9.86,1,8,12,4,15,48.6,17.36,62.93,50.32,42.5,16.67,1,Vitória 2-0 Internacional,2026-05-23
Botafogo,0.84,1.61,-0.77,0.73,1.33,-0.6,0.11,0.29,-0.18,0.84,1.61,-0.77,,,,,,1,1,0,0.77,45.5,51.48,,,51.46,0.62,0.51,173,21,14,14,22.58,27.45,8.07,2,4,16,3,19,103.3,50.86,57.33,69.07,86.93,50.63,6,São Paulo 1-1 Botafogo,2026-05-23
São Paulo,1.61,0.84,0.77,1.33,0.73,0.6,0.29,0.11,0.18,1.61,0.84,0.77,,,,,,1,1,0,-0.77,54.5,48.52,,,46.04,0.51,0.62,174,9,14,14,27.45,22.58,5.74,4,2,17,4,20,99.8,49.14,25.67,30.93,84.77,49.37,0,São Paulo 1-1 Botafogo,2026-05-23
Flamengo,1.54,1.0,0.54,1.34,0.7,0.64,0.2,0.3,-0.1,1.54,1.0,0.54,,,,,,1,1,0,-0.54,63.3,67.83,,,52.9,0.93,0.3,329,19,12,18,12.9,60.0,11.38,3,0,22,7,12,142.3,73.65,13.13,10.6,81.9,44.39,0,Athletico Paranaense 1-1 Flamengo,2026-05-17
Athletico Paranaense,1.0,1.54,-0.54,0.7,1.34,-0.64,0.3,0.2,0.1,1.0,1.54,-0.54,,,,,,1,1,0,0.54,36.7,32.17,,,43.44,0.3,0.93,120,11,18,12,60.0,12.9,17.32,0,3,16,9,9,50.9,26.35,110.73,89.4,102.6,55.61,3,Athletico Paranaense 1-1 Flamengo,2026-05-17
Remo,1.37,1.37,0.0,1.23,1.31,-0.08,0.14,0.06,0.08,1.37,1.37,0.0,,,,,,3,2,1,1.0,49.0,63.03,,,51.18,0.25,0.78,247,8,12,18,48.0,23.08,17.74,1,2,27,9,6,117.7,58.3,48.6,52.07,93.37,61.68,1,Chapecoense 2-3 Remo,2026-05-17
Chapecoense,1.37,1.37,0.0,1.31,1.23,0.08,0.06,0.14,-0.08,1.37,1.37,0.0,,,,,,2,3,-1,-1.0,51.0,36.97,,,47.37,0.78,0.25,208,14,18,12,23.08,48.0,15.05,2,1,20,3,10,84.2,41.7,44.73,47.93,58.0,38.32,1,Chapecoense 2-3 Remo,2026-05-17
Vitória,0.55,3.61,-3.06,0.53,2.03,-1.5,0.02,0.07,-0.05,0.55,2.09,-1.54,,,,,,0,2,-2,1.06,50.1,35.06,,,40.82,0.34,1.03,114,4,7,23,20.59,22.33,9.52,1,8,20,6,11,41.2,15.96,26.13,25.26,16.6,5.56,0,RB Bragantino 2-0 Vitória,2026-05-17
RB Bragantino,3.61,0.55,3.06,2.03,0.53,1.5,0.07,0.02,0.05,2.09,0.55,1.54,,,,,,2,0,2,-1.06,49.9,64.94,,,55.64,1.03,0.34,226,20,23,7,22.33,20.59,6.33,8,1,26,7,21,216.9,84.04,77.33,74.74,281.7,94.44,1,RB Bragantino 2-0 Vitória,2026-05-17
Grêmio,0.27,1.86,-1.59,0.12,1.76,-1.64,0.14,0.1,0.04,0.27,1.86,-1.59,,,,,,1,1,0,1.59,40.4,32.26,,,41.61,0.06,1.13,119,8,3,17,50.0,15.04,10.67,5,12,9,3,14,12.2,8.02,61.47,65.02,26.4,18.07,1,Bahia 1-1 Grêmio,2026-05-17
Bahia,1.86,0.27,1.59,1.76,0.12,1.64,0.1,0.14,-0.04,1.86,0.27,1.59,,,,,,1,1,0,-1.59,59.6,67.74,,,53.75,1.13,0.06,319,19,17,3,15.04,50.0,7.02,12,5,33,7,18,139.9,91.98,33.07,34.98,119.7,81.93,0,Bahia 1-1 Grêmio,2026-05-17
Corinthians,1.58,1.46,0.12,1.55,1.3,0.25,0.03,0.16,-0.13,1.58,1.46,0.12,,,,,,1,3,-2,-2.12,63.8,58.85,,,47.05,0.75,0.44,231,15,19,13,25.33,29.55,6.57,4,6,25,2,8,136.6,78.96,5.13,5.35,73.1,47.03,0,Botafogo 3-1 Corinthians,2026-05-17
Botafogo,1.46,1.58,-0.12,1.3,1.55,-0.25,0.16,0.03,0.13,1.46,1.58,-0.12,,,,,,3,1,2,2.12,36.2,41.15,,,46.15,0.44,0.75,121,9,13,19,29.55,25.33,11.36,6,4,11,3,22,36.4,21.04,90.67,94.65,82.33,52.97,3,Botafogo 3-1 Corinthians,2026-05-17
Coritiba,2.84,1.77,1.07,2.03,1.72,0.31,0.05,0.05,0.0,2.08,1.77,0.31,,,,,,3,0,3,1.93,37.7,37.82,,,44.88,0.13,0.58,126,4,9,13,69.23,22.41,12.96,5,5,8,3,15,43.9,24.62,89.87,86.41,122.1,80.5,2,Santos 0-3 Coritiba,2026-05-17
Santos,1.77,2.84,-1.07,1.72,2.03,-0.31,0.05,0.05,0.0,1.77,2.08,-0.31,,,,,,0,3,-3,-1.93,62.3,62.18,,,48.29,0.58,0.13,235,10,13,9,22.41,69.23,6.59,5,5,17,3,13,134.4,75.38,14.13,13.59,29.57,19.5,0,Santos 0-3 Coritiba,2026-05-17
Cruzeiro,0.65,1.33,-0.68,0.65,0.84,-0.19,0.0,0.48,-0.48,0.65,1.33,-0.68,,,,,,1,1,0,0.68,52.8,49.27,,,46.32,0.17,0.85,202,5,11,16,64.71,18.82,8.33,4,8,16,5,14,51.4,35.99,20.27,26.48,47.73,28.76,2,Palmeiras 1-1 Cruzeiro,2026-05-16
Palmeiras,1.33,0.65,0.68,0.84,0.65,0.19,0.48,0.0,0.48,1.33,0.65,0.68,,,,,,1,1,0,-0.68,47.2,50.73,,,50.09,0.85,0.17,194,13,16,11,18.82,64.71,8.32,8,4,16,6,19,91.4,64.01,56.27,73.52,118.23,71.24,0,Palmeiras 1-1 Cruzeiro,2026-05-16
São Paulo,1.22,1.72,-0.5,0.62,1.55,-0.93,0.6,0.18,0.42,1.22,1.72,-0.5,,,,,,1,2,-1,-0.5,49.5,53.29,,,50.65,0.25,0.71,264,8,14,10,56.0,14.08,12.34,5,3,20,5,10,120.4,59.16,73.8,55.52,96.07,46.48,0,Fluminense 2-1 São Paulo,2026-05-16
Fluminense,1.72,1.22,0.5,1.55,0.62,0.93,0.18,0.6,-0.42,1.72,1.22,0.5,,,,,,2,1,1,0.5,50.5,46.71,,,45.99,0.71,0.25,218,14,10,14,14.08,56.0,15.0,3,5,9,3,13,83.1,40.84,59.13,44.48,110.6,53.52,1,Fluminense 2-1 São Paulo,2026-05-16
Vasco da Gama,0.7,2.57,-1.87,0.67,2.52,-1.85,0.03,0.06,-0.03,0.7,2.57,-1.87,,,,,,1,4,-3,-1.13,60.3,53.56,,,50.24,0.63,0.79,299,9,14,12,22.22,15.19,8.59,3,4,23,4,11,93.2,62.55,11.0,8.84,30.42,13.92,0,Internacional 4-1 Vasco da Gama,2026-05-16
Internacional,2.57,0.7,1.87,2.52,0.67,1.85,0.06,0.03,0.03,2.57,0.7,1.87,,,,,,4,1,3,1.13,39.7,46.44,,,48.73,0.79,0.63,175,14,12,14,15.19,22.22,14.38,4,3,12,3,17,55.8,37.45,113.4,91.16,188.15,86.08,0,Internacional 4-1 Vasco da Gama,2026-05-16
Mirassol,1.59,2.39,-0.8,0.87,1.57,-0.7,0.72,0.06,0.66,1.59,1.63,-0.04,,,,,,1,3,-2,-1.2,50.6,50.0,,,48.01,0.82,0.55,223,8,7,14,8.54,25.45,13.0,6,5,20,6,14,69.3,37.75,46.73,39.72,50.63,25.69,1,Atlético Mineiro 3-1 Mirassol,2026-05-16
Atlético Mineiro,2.39,1.59,0.8,1.57,0.87,0.7,0.06,0.72,-0.66,1.63,1.59,0.04,,,,,,3,1,2,1.2,49.4,50.0,,,47.86,0.55,0.82,206,2,14,7,25.45,8.54,13.23,5,6,20,5,6,114.3,62.25,70.93,60.28,146.47,74.31,1,Atlético Mineiro 3-1 Mirassol,2026-05-16
Athletico Paranaense,0.9,2.2,-1.3,0.54,1.88,-1.34,0.35,0.31,0.04,0.9,2.2,-1.3,,,,,,0,1,-1,0.3,47.3,45.33,,,47.63,0.69,1.12,218,10,9,16,13.04,14.29,19.45,3,5,14,3,9,33.2,20.44,59.73,61.79,24.93,16.14,1,Vasco da Gama 1-0 Athletico Paranaense,2026-05-10
Vasco da Gama,2.2,0.9,1.3,1.88,0.54,1.34,0.31,0.35,-0.04,2.2,0.9,1.3,,,,,,1,0,1,-0.3,52.7,54.67,,,52.03,1.12,0.69,287,12,16,9,14.29,13.04,12.93,5,3,22,4,6,129.2,79.56,36.93,38.21,129.53,83.86,0,Vasco da Gama 1-0 Athletico Paranaense,2026-05-10
Flamengo,2.01,0.56,1.45,1.86,0.56,1.3,0.15,0.0,0.15,2.01,0.56,1.45,,,,,,1,0,1,-0.45,67.4,77.4,,,56.0,1.12,0.27,501,18,20,6,17.86,22.22,10.76,7,2,22,6,10,331.8,95.7,19.27,14.15,261.23,89.32,0,Grêmio 0-1 Flamengo,2026-05-10
Grêmio,0.56,2.01,-1.45,0.56,1.86,-1.3,0.0,0.15,-0.15,0.56,2.01,-1.45,,,,,,0,1,-1,0.45,32.6,22.6,,,45.65,0.27,1.12,162,4,6,20,22.22,17.86,21.96,2,7,12,0,10,14.9,4.3,116.87,85.85,31.23,10.68,1,Grêmio 0-1 Flamengo,2026-05-10
Chapecoense,0.71,1.43,-0.72,0.68,1.25,-0.57,0.03,0.18,-0.15,0.71,1.43,-0.72,,,,,,1,1,0,0.72,41.7,36.13,,,42.51,0.44,0.47,139,6,12,22,27.27,46.81,14.33,1,5,13,1,20,44.6,23.22,77.2,66.55,56.33,29.52,2,Mirassol 1-1 Chapecoense,2026-05-10
Mirassol,1.43,0.71,0.72,1.25,0.68,0.57,0.18,0.03,0.15,1.43,0.71,0.72,,,,,,1,1,0,-0.72,58.3,63.87,,,47.96,0.47,0.44,260,11,22,12,46.81,27.27,10.61,5,1,32,8,10,147.5,76.78,38.8,33.45,134.47,70.48,2,Mirassol 1-1 Chapecoense,2026-05-10
São Paulo,0.86,1.21,-0.35,0.83,0.97,-0.14,0.03,0.24,-0.21,0.86,1.21,-0.35,,,,,,2,3,-1,-0.65,50.0,42.14,,,48.17,0.35,0.67,210,4,8,15,22.86,22.39,10.3,9,4,15,7,13,58.1,27.33,33.8,41.97,36.03,15.14,0,Corinthians 3-2 São Paulo,2026-05-10
Corinthians,1.21,0.86,0.35,0.97,0.83,0.14,0.24,0.03,0.21,1.21,0.86,0.35,,,,,,3,2,1,0.65,50.0,57.86,,,50.79,0.67,0.35,229,12,15,8,22.39,22.86,10.91,4,9,26,7,12,154.5,72.67,46.73,58.03,201.99,84.86,2,Corinthians 3-2 São Paulo,2026-05-10
RB Bragantino,0.51,1.39,-0.88,0.5,1.35,-0.85,0.01,0.05,-0.04,0.51,1.39,-0.88,,,,,,0,2,-2,-1.12,47.2,51.79,,,48.57,0.49,0.68,212,12,11,9,22.45,13.24,8.8,6,8,18,3,18,82.7,49.4,49.13,48.52,66.6,39.6,1,Santos 2-0 RB Bragantino,2026-05-10
Santos,1.39,0.51,0.88,1.35,0.5,0.85,0.05,0.01,0.04,1.39,0.51,0.88,,,,,,2,0,2,1.12,52.8,48.21,,,48.04,0.68,0.49,213,16,9,11,13.24,22.45,7.36,8,6,11,7,13,84.7,50.6,52.13,51.48,101.6,60.4,0,Santos 2-0 RB Bragantino,2026-05-10
Palmeiras,1.69,1.43,0.26,0.67,1.09,-0.42,1.01,0.34,0.67,1.69,1.43,0.26,,,,,,1,1,0,-0.26,67.0,62.86,,,49.39,0.98,0.6,248,21,18,15,18.37,25.0,13.86,1,1,35,17,6,155.7,70.26,4.87,4.77,105.53,48.28,0,Remo 1-1 Palmeiras,2026-05-10
Remo,1.43,1.69,-0.26,1.09,0.67,0.42,0.34,1.01,-0.67,1.43,1.69,-0.26,,,,,,1,1,0,0.26,33.0,37.14,,,50.91,0.6,0.98,126,3,15,18,25.0,18.37,28.77,1,1,15,5,6,65.9,29.74,97.27,95.23,113.03,51.72,1,Remo 1-1 Palmeiras,2026-05-10
Botafogo,1.41,1.23,0.18,0.88,0.99,-0.11,0.54,0.24,0.3,1.41,1.23,0.18,,,,,,1,1,0,-0.18,57.1,50.74,,,45.09,0.46,0.56,188,13,18,17,39.13,30.36,8.29,2,3,14,4,12,92.3,44.5,9.8,10.18,45.3,21.41,5,Atlético Mineiro 1-1 Botafogo,2026-05-10
Atlético Mineiro,1.23,1.41,-0.18,0.99,0.88,0.11,0.24,0.54,-0.3,1.23,1.41,-0.18,,,,,,1,1,0,0.18,42.9,49.26,,,48.83,0.56,0.46,161,14,17,18,30.36,39.13,16.77,3,2,17,6,9,115.1,55.5,86.47,89.82,166.27,78.59,0,Atlético Mineiro 1-1 Botafogo,2026-05-10
Cruzeiro,2.45,1.61,0.84,2.22,0.79,1.43,0.23,0.06,0.17,2.45,0.85,1.6,,,,,,2,1,1,0.16,53.3,57.19,,,52.89,1.14,0.39,276,19,20,8,17.54,20.51,6.95,6,4,23,8,16,180.8,79.23,28.0,35.38,159.9,74.05,1,Bahia 1-2 Cruzeiro,2026-05-09
Bahia,1.61,2.45,-0.84,0.79,2.22,-1.43,0.06,0.23,-0.17,0.85,2.45,-1.6,,,,,,1,2,-1,-0.16,46.7,42.81,,,48.3,0.39,1.14,189,11,8,20,20.51,17.54,7.97,4,6,22,6,14,47.4,20.77,51.13,64.62,56.03,25.95,0,Bahia 1-2 Cruzeiro,2026-05-09
Vitória,1.92,1.54,0.38,1.02,1.44,-0.42,0.14,0.1,0.04,1.16,1.54,-0.38,,,,,,2,2,0,-0.38,42.1,37.06,,,47.55,0.25,0.55,175,11,10,12,40.0,21.82,12.68,7,8,12,3,7,45.4,20.14,82.33,67.04,56.4,27.44,1,Fluminense 2-2 Vitória,2026-05-09
Fluminense,1.54,1.92,-0.38,1.44,1.02,0.42,0.1,0.14,-0.04,1.54,1.16,0.38,,,,,,2,2,0,0.38,57.9,62.94,,,52.57,0.55,0.25,320,13,12,10,21.82,40.0,10.15,8,7,18,6,15,180.0,79.86,40.47,32.96,149.13,72.56,1,Fluminense 2-2 Vitória,2026-05-09
Internacional,3.59,0.85,2.74,3.39,0.83,2.56,0.19,0.02,0.17,3.59,0.85,2.74,,,,,,2,2,0,-2.74,64.3,73.66,,,54.9,1.4,0.37,377,19,22,8,15.71,21.62,11.12,1,2,45,8,10,239.4,91.94,17.6,17.72,174.43,85.46,2,Coritiba 2-2 Internacional,2026-05-09
Coritiba,0.85,3.59,-2.74,0.83,3.39,-2.56,0.02,0.19,-0.17,0.85,3.59,-2.74,,,,,,2,2,0,2.74,35.7,26.34,,,47.25,0.37,1.4,146,5,8,22,21.62,15.71,16.23,2,1,14,3,11,21.0,8.06,81.73,82.28,29.67,14.54,0,Coritiba 2-2 Internacional,2026-05-09
Corinthians,0.68,1.4,-0.72,0.68,0.57,0.11,0.0,0.07,-0.07,0.68,0.64,0.04,,,,,,1,2,-1,-0.28,60.9,54.39,,,46.01,0.78,0.14,246,9,11,7,14.1,50.0,8.33,2,1,20,5,13,106.7,65.3,15.07,12.58,41.7,22.43,1,Mirassol 2-1 Corinthians,2026-05-03
Mirassol,1.4,0.68,0.72,0.57,0.68,-0.11,0.07,0.0,0.07,0.64,0.68,-0.04,,,,,,2,1,1,0.28,39.1,45.61,,,44.45,0.14,0.78,159,2,7,11,50.0,14.1,13.31,1,2,13,1,19,56.7,34.7,104.73,87.42,144.2,77.57,0,Mirassol 2-1 Corinthians,2026-05-03
RB Bragantino,0.57,2.22,-1.65,0.53,1.71,-1.18,0.04,0.5,-0.46,0.57,2.22,-1.65,,,,,,2,1,1,2.65,45.0,36.74,,,42.66,0.28,1.2,138,6,7,19,25.0,15.83,12.25,3,6,14,2,10,20.5,12.46,62.67,64.96,40.5,24.32,2,Chapecoense 1-2 RB Bragantino,2026-05-03
Chapecoense,2.22,0.57,1.65,1.71,0.53,1.18,0.5,0.04,0.46,2.22,0.57,1.65,,,,,,1,2,-1,-2.65,55.0,63.26,,,46.96,1.2,0.28,230,14,19,7,15.83,25.0,11.65,6,3,23,5,8,144.0,87.54,33.8,35.04,126.03,75.68,2,Chapecoense 1-2 RB Bragantino,2026-05-03
Fluminense,1.14,2.67,-1.53,1.14,2.66,-1.52,0.0,0.01,-0.01,1.14,2.67,-1.53,,,,,,0,2,-2,-0.47,66.6,51.77,,,45.91,0.78,0.47,278,8,11,18,14.1,38.3,6.22,3,6,18,3,18,83.7,48.05,6.13,3.92,37.37,12.55,0,Internacional 2-0 Fluminense,2026-05-03
Internacional,2.67,1.14,1.53,2.66,1.14,1.52,0.01,0.0,0.01,2.67,1.14,1.53,,,,,,2,0,2,0.47,33.4,48.23,,,57.39,0.47,0.78,222,11,18,11,38.3,14.1,10.53,6,3,8,3,25,90.5,51.95,150.2,96.08,260.43,87.45,2,Internacional 2-0 Fluminense,2026-05-03
Bahia,2.26,2.09,0.17,1.88,1.74,0.14,0.38,0.35,0.03,2.26,2.09,0.17,,,,,,2,2,0,-0.17,61.0,63.16,,,53.92,1.01,0.92,342,22,20,18,19.8,19.57,10.28,3,1,26,10,12,189.0,65.06,29.33,22.84,127.7,47.63,0,São Paulo 2-2 Bahia,2026-05-03
São Paulo,2.09,2.26,-0.17,1.74,1.88,-0.14,0.35,0.38,-0.03,2.09,2.26,-0.17,,,,,,2,2,0,0.17,39.0,36.84,,,48.22,0.92,1.01,176,14,18,20,19.57,19.8,18.05,1,3,20,14,12,101.5,34.94,99.07,77.16,140.43,52.37,0,São Paulo 2-2 Bahia,2026-05-03
Vasco da Gama,1.76,2.1,-0.34,1.38,1.26,0.12,0.37,0.08,0.29,1.76,1.34,0.42,,,,,,2,2,0,0.34,51.7,62.5,,,54.06,1.04,0.6,332,19,20,12,19.23,20.0,11.83,6,4,29,6,12,146.7,70.33,58.67,53.53,138.3,57.17,0,Flamengo 2-2 Vasco da Gama,2026-05-03
Flamengo,2.1,1.76,0.34,1.26,1.38,-0.12,0.08,0.37,-0.29,1.34,1.76,-0.42,,,,,,2,2,0,-0.34,48.3,37.5,,,44.42,0.6,1.04,197,10,12,20,20.0,19.23,13.17,4,6,11,5,15,61.9,29.67,50.93,46.47,103.6,42.83,0,Flamengo 2-2 Vasco da Gama,2026-05-03
Atlético Mineiro,1.78,1.38,0.4,1.02,0.55,0.47,0.0,0.07,-0.07,1.02,0.62,0.4,,,,,,3,1,2,1.6,31.8,23.72,,,44.35,0.28,0.66,102,6,6,14,21.43,21.21,11.35,2,6,7,1,17,27.4,10.99,80.33,84.62,90.6,55.15,1,Cruzeiro 1-3 Atlético Mineiro,2026-05-02
Cruzeiro,1.38,1.78,-0.4,0.55,1.02,-0.47,0.07,0.0,0.07,0.62,1.02,-0.4,,,,,,1,3,-2,-1.6,68.2,76.28,,,53.03,0.66,0.28,326,8,14,6,21.21,21.43,5.5,6,2,33,5,15,222.0,89.01,14.6,15.38,73.67,44.85,2,Cruzeiro 1-3 Atlético Mineiro,2026-05-02
Grêmio,1.03,0.9,0.13,0.97,0.45,0.52,0.06,0.45,-0.39,1.03,0.9,0.13,,,,,,0,0,0,-0.13,54.3,54.45,,,51.19,0.66,0.23,256,9,7,11,10.61,47.83,10.19,6,2,23,3,13,104.5,59.34,33.93,37.18,82.97,53.04,1,Athletico Paranaense 0-0 Grêmio,2026-05-02
Athletico Paranaense,0.9,1.03,-0.13,0.45,0.97,-0.52,0.45,0.06,0.39,0.9,1.03,-0.13,,,,,,0,0,0,0.13,45.7,45.55,,,46.68,0.23,0.66,170,6,11,7,47.83,10.61,11.12,2,6,12,7,11,71.6,40.66,57.33,62.82,73.47,46.96,0,Athletico Paranaense 0-0 Grêmio,2026-05-02
Coritiba,0.72,2.0,-1.28,0.67,1.12,-0.45,0.04,0.12,-0.08,0.72,1.24,-0.52,,,,,,1,4,-3,-1.72,39.1,40.84,,,46.96,0.33,0.32,155,6,5,11,15.15,34.38,17.0,4,3,12,4,11,40.0,24.98,97.13,89.22,47.21,19.44,0,Vitória 4-1 Coritiba,2026-05-02
Vitória,2.0,0.72,1.28,1.12,0.67,0.45,0.12,0.04,0.08,1.24,0.72,0.52,,,,,,4,1,3,1.72,60.9,59.16,,,47.51,0.32,0.33,248,3,11,5,34.38,15.15,9.57,3,4,14,2,13,120.1,75.02,11.73,10.78,195.61,80.56,0,Vitória 4-1 Coritiba,2026-05-02
Santos,1.11,2.12,-1.01,0.94,1.91,-0.97,0.17,0.21,-0.04,1.11,2.12,-1.01,,,,,,1,1,0,1.01,45.6,47.64,,,49.65,0.66,1.38,198,11,14,22,21.21,15.94,11.39,9,7,16,4,4,113.3,43.75,59.0,66.54,141.47,54.83,0,Palmeiras 1-1 Santos,2026-05-02
Palmeiras,2.12,1.11,1.01,1.91,0.94,0.97,0.21,0.17,0.04,2.12,1.11,1.01,,,,,,1,1,0,-1.01,54.4,52.36,,,52.4,1.38,0.66,289,21,22,14,15.94,21.21,15.53,7,9,31,9,9,145.7,56.25,29.67,33.46,116.53,45.17,2,Palmeiras 1-1 Santos,2026-05-02
Remo,1.94,1.22,0.72,1.83,0.59,1.24,0.12,0.63,-0.51,1.94,1.22,0.72,,,,,,2,1,1,0.28,42.7,47.39,,,51.61,0.51,0.53,188,7,18,16,35.29,30.19,16.08,4,1,18,6,10,97.8,50.1,79.4,83.52,121.83,60.63,3,Botafogo 1-2 Remo,2026-05-02
Botafogo,1.22,1.94,-0.72,0.59,1.83,-1.24,0.63,0.12,0.51,1.22,1.94,-0.72,,,,,,1,2,-1,-0.28,57.3,52.61,,,45.88,0.53,0.51,206,18,16,18,30.19,35.29,11.33,1,4,25,9,14,97.4,49.9,15.67,16.48,79.1,39.37,3,Botafogo 1-2 Remo,2026-05-02
Flamengo,2.46,1.33,1.13,2.3,1.14,1.16,0.15,0.2,-0.05,2.46,1.33,1.13,,,,,,4,0,4,2.87,48.6,40.11,,,45.75,1.3,0.66,221,11,9,18,6.92,27.27,15.23,4,3,8,1,13,51.6,26.92,49.53,40.78,71.97,63.44,1,Atlético Mineiro 0-4 Flamengo,2026-04-26
Atlético Mineiro,1.33,2.46,-1.13,1.14,2.3,-1.16,0.2,0.15,0.05,1.33,2.46,-1.13,,,,,,0,4,-4,-2.87,51.4,59.89,,,52.32,0.66,1.3,321,15,18,9,27.27,6.92,15.07,3,4,30,8,10,140.1,73.08,71.93,59.22,41.47,36.56,0,Atlético Mineiro 0-4 Flamengo,2026-04-26
Chapecoense,0.26,2.97,-2.71,0.2,1.81,-1.61,0.06,0.4,-0.34,0.26,2.21,-1.95,,,,,,1,2,-1,1.71,29.1,23.24,,,42.1,0.27,1.11,103,3,8,30,29.63,27.03,23.36,1,7,5,1,16,16.6,4.31,144.0,95.57,36.9,11.77,0,Fluminense 2-1 Chapecoense,2026-04-26
Fluminense,2.97,0.26,2.71,1.81,0.2,1.61,0.4,0.06,0.34,2.21,0.26,1.95,,,,,,2,1,1,-1.71,70.9,76.76,,,54.5,1.11,0.27,490,24,30,8,27.03,29.63,7.75,7,1,36,7,6,368.2,95.69,6.67,4.43,276.67,88.23,0,Fluminense 2-1 Chapecoense,2026-04-26
Vitória,0.79,5.01,-4.22,0.63,2.97,-2.34,0.17,1.27,-1.1,0.79,4.25,-3.46,,,,,,1,3,-2,2.22,39.8,28.2,,,44.82,0.11,1.18,107,4,7,23,63.64,19.49,9.63,1,6,11,4,15,8.1,3.88,57.6,75.32,10.23,6.02,2,Athletico Paranaense 3-1 Vitória,2026-04-26
Athletico Paranaense,5.01,0.79,4.22,2.97,0.63,2.34,1.27,0.17,1.1,4.25,0.79,3.46,,,,,,3,1,2,-2.22,60.2,71.8,,,55.12,1.18,0.11,249,14,23,7,19.49,63.64,6.0,6,1,20,4,16,200.6,96.12,18.87,24.68,159.6,93.98,1,Athletico Paranaense 3-1 Vitória,2026-04-26
Palmeiras,0.52,1.12,-0.6,0.21,0.93,-0.72,0.3,0.19,0.11,0.52,1.12,-0.6,,,,,,1,0,1,1.6,38.7,27.98,,,37.17,0.36,1.39,94,7,6,19,16.67,13.67,14.25,1,8,7,4,17,21.2,9.19,74.27,67.89,35.2,22.0,0,RB Bragantino 0-1 Palmeiras,2026-04-26
RB Bragantino,1.12,0.52,0.6,0.93,0.21,0.72,0.19,0.3,-0.11,1.12,0.52,0.6,,,,,,0,1,-1,-1.6,61.3,72.02,,,53.66,1.39,0.36,309,19,19,6,13.67,16.67,8.48,8,1,41,9,12,209.6,90.81,35.13,32.11,124.77,78.0,0,RB Bragantino 0-1 Palmeiras,2026-04-26
Coritiba,0.8,1.68,-0.88,0.75,1.56,-0.81,0.06,0.12,-0.06,0.8,1.68,-0.88,,,,,,0,1,-1,-0.12,44.3,47.11,,,47.48,0.63,1.17,169,15,15,22,23.81,18.8,11.39,5,2,17,2,11,62.2,30.34,55.53,65.75,60.63,28.52,2,Grêmio 1-0 Coritiba,2026-04-26
Grêmio,1.68,0.8,0.88,1.56,0.75,0.81,0.12,0.06,0.06,1.68,0.8,0.88,,,,,,1,0,1,0.12,55.7,52.89,,,48.94,1.17,0.63,225,21,22,15,18.8,23.81,8.75,2,5,20,5,20,142.8,69.66,28.93,34.25,151.93,71.48,0,Grêmio 1-0 Coritiba,2026-04-26
Vasco da Gama,1.31,0.53,0.78,0.96,0.34,0.62,0.35,0.18,0.17,1.31,0.53,0.78,,,,,,0,1,-1,-1.78,60.1,63.29,,,54.0,0.83,0.35,316,8,21,13,25.3,37.14,7.54,7,6,23,7,17,167.7,73.68,24.27,20.35,87.03,55.15,0,Corinthians 1-0 Vasco da Gama,2026-04-26
Corinthians,0.53,1.31,-0.78,0.34,0.96,-0.62,0.18,0.35,-0.17,0.53,1.31,-0.78,,,,,,1,0,1,1.78,39.9,36.71,,,49.08,0.35,0.83,158,9,13,21,37.14,25.3,9.65,6,7,16,5,12,59.9,26.32,95.0,79.65,70.77,44.85,0,Corinthians 1-0 Vasco da Gama,2026-04-26
Mirassol,1.34,1.64,-0.3,1.29,1.56,-0.27,0.05,0.08,-0.03,1.34,1.64,-0.3,,,,,,0,1,-1,-0.7,47.1,40.0,,,45.59,0.68,0.8,187,10,10,17,14.71,21.25,10.5,4,12,14,4,14,72.3,32.39,37.87,47.49,71.17,30.22,3,São Paulo 1-0 Mirassol,2026-04-25
São Paulo,1.64,1.34,0.3,1.56,1.29,0.27,0.08,0.05,0.03,1.64,1.34,0.3,,,,,,1,0,1,0.7,52.9,60.0,,,50.34,0.8,0.68,248,12,17,10,21.25,14.71,9.36,12,4,27,12,11,150.9,67.61,41.87,52.51,164.37,69.78,0,São Paulo 1-0 Mirassol,2026-04-25
Cruzeiro,0.37,0.93,-0.56,0.27,0.84,-0.57,0.1,0.09,0.01,0.37,0.93,-0.56,,,,,,1,0,1,1.56,51.9,45.97,,,47.54,0.51,1.47,193,8,6,14,11.76,9.52,8.64,6,5,13,1,22,48.5,32.53,25.8,29.45,39.33,30.86,1,Remo 0-1 Cruzeiro,2026-04-25
Remo,0.93,0.37,0.56,0.84,0.27,0.57,0.09,0.1,-0.01,0.93,0.37,0.56,,,,,,0,1,-1,-1.56,48.1,54.03,,,48.73,1.47,0.51,203,13,14,6,9.52,11.76,7.73,5,6,30,4,15,100.6,67.47,61.8,70.55,88.13,69.14,4,Remo 0-1 Cruzeiro,2026-04-25
Santos,2.24,1.39,0.85,0.56,1.29,-0.73,0.16,0.1,0.06,0.72,1.39,-0.67,,,,,,2,2,0,-0.85,35.9,34.62,,,47.85,0.37,1.32,142,12,11,18,29.73,13.64,11.36,2,10,14,3,17,41.9,17.71,105.0,88.29,104.17,62.73,1,Bahia 2-2 Santos,2026-04-25
Bahia,1.39,2.24,-0.85,1.29,0.56,0.73,0.1,0.16,-0.06,1.39,0.72,0.67,,,,,,2,2,0,0.85,64.1,65.38,,,53.66,1.32,0.37,335,17,18,11,13.64,29.73,5.73,10,2,25,5,16,194.7,82.29,13.93,11.71,61.9,37.27,0,Bahia 2-2 Santos,2026-04-25
Internacional,0.69,2.22,-1.53,0.65,2.22,-1.57,0.04,0.0,0.04,0.69,2.22,-1.53,,,,,,2,2,0,1.53,47.4,47.79,,,44.26,0.28,0.98,121,5,8,16,28.57,16.33,7.58,5,5,13,5,14,43.1,31.28,37.0,57.52,52.63,35.16,0,Botafogo 2-2 Internacional,2026-04-25
Botafogo,2.22,0.69,1.53,2.22,0.65,1.57,0.0,0.04,-0.04,2.22,0.69,1.53,,,,,,2,2,0,-1.53,52.6,52.21,,,44.66,0.98,0.28,132,11,16,8,16.33,28.57,6.46,5,5,15,3,16,94.7,68.72,27.33,42.48,97.07,64.84,4,Botafogo 2-2 Internacional,2026-04-25
Bahia,0.56,2.14,-1.58,0.43,1.8,-1.37,0.13,0.34,-0.21,0.56,2.14,-1.58,,,,,,0,2,-2,-0.42,47.9,42.01,,,49.18,0.59,0.83,288,6,13,20,22.03,24.1,18.23,1,5,17,1,8,88.8,33.22,73.8,46.22,52.37,18.76,0,Flamengo 2-0 Bahia,2026-04-19
Flamengo,2.14,0.56,1.58,1.8,0.43,1.37,0.34,0.13,0.21,2.14,0.56,1.58,,,,,,2,0,2,0.42,52.1,57.99,,,55.9,0.83,0.59,398,19,20,13,24.1,22.03,15.22,5,1,14,6,12,178.5,66.78,85.87,53.78,226.77,81.24,0,Flamengo 2-0 Bahia,2026-04-19
Remo,0.41,1.54,-1.13,0.41,1.48,-1.07,0.0,0.06,-0.06,0.41,1.54,-1.13,,,,,,2,4,-2,-0.87,49.2,51.66,,,48.03,0.46,1.07,196,5,6,17,13.04,15.89,17.71,2,3,16,1,12,48.6,33.61,49.47,56.3,59.8,37.39,0,RB Bragantino 4-2 Remo,2026-04-19
RB Bragantino,1.54,0.41,1.13,1.48,0.41,1.07,0.06,0.0,0.06,1.54,0.41,1.13,,,,,,4,2,2,0.87,50.8,48.34,,,46.28,1.07,0.46,184,20,17,6,15.89,13.04,14.04,3,2,16,1,11,96.0,66.39,38.4,43.7,100.13,62.61,0,RB Bragantino 4-2 Remo,2026-04-19
Athletico Paranaense,0.54,0.76,-0.22,0.5,0.54,-0.04,0.03,0.22,-0.19,0.54,0.76,-0.22,,,,,,0,1,-1,-0.78,48.6,48.47,,,49.46,0.66,0.31,224,8,9,10,13.64,32.26,10.52,6,2,21,3,22,103.6,52.24,54.4,56.78,84.93,48.35,1,Palmeiras 1-0 Athletico Paranaense,2026-04-19
Palmeiras,0.76,0.54,0.22,0.54,0.5,0.04,0.22,0.03,0.19,0.76,0.54,0.22,,,,,,1,0,1,0.78,51.4,51.53,,,50.12,0.31,0.66,240,10,10,9,32.26,13.64,9.44,2,6,18,9,9,94.7,47.76,41.4,43.22,90.73,51.65,0,Palmeiras 1-0 Athletico Paranaense,2026-04-19
Atlético Mineiro,1.05,0.94,0.11,1.05,0.2,0.85,0.0,0.75,-0.75,1.05,0.94,0.11,,,,,,0,2,-2,-2.11,76.9,85.4,,,54.03,0.48,0.1,432,15,23,2,47.92,20.0,5.46,6,3,27,8,10,304.2,97.22,0.6,0.34,135.2,82.73,0,Coritiba 2-0 Atlético Mineiro,2026-04-19
Coritiba,0.94,1.05,-0.11,0.2,1.05,-0.85,0.75,0.0,0.75,0.94,1.05,-0.11,,,,,,2,0,2,2.11,23.1,14.6,,,39.02,0.1,0.48,62,2,2,23,20.0,47.92,15.45,3,6,3,2,17,8.7,2.78,176.27,99.66,28.23,17.27,0,Coritiba 2-0 Atlético Mineiro,2026-04-19
Fluminense,1.11,1.61,-0.5,1.01,1.61,-0.6,0.09,0.0,0.09,1.11,1.61,-0.5,,,,,,3,2,1,1.5,53.2,56.0,,,49.54,0.4,1.03,274,10,10,7,25.0,6.8,9.46,4,4,18,4,14,122.7,57.58,40.53,35.51,104.17,50.11,0,Santos 2-3 Fluminense,2026-04-19
Santos,1.61,1.11,0.5,1.61,1.01,0.6,0.0,0.09,-0.09,1.61,1.11,0.5,,,,,,2,3,-1,-1.5,46.8,44.0,,,47.2,1.03,0.4,189,13,7,10,6.8,25.0,10.19,4,4,14,6,13,90.4,42.42,73.6,64.49,103.73,49.89,0,Santos 2-3 Fluminense,2026-04-19
Mirassol,2.49,1.48,1.01,2.37,0.97,1.4,0.12,0.51,-0.39,2.49,1.48,1.01,,,,,,2,1,1,-0.01,28.0,15.59,,,37.2,0.53,0.84,78,6,10,24,18.87,28.57,21.15,0,14,6,2,15,19.9,5.53,128.87,91.57,57.83,38.44,1,Internacional 1-2 Mirassol,2026-04-19
Internacional,1.48,2.49,-1.01,0.97,2.37,-1.4,0.51,0.12,0.39,1.48,2.49,-1.01,,,,,,1,2,-1,0.01,72.0,84.41,,,57.84,0.84,0.53,469,29,24,10,28.57,18.87,6.69,14,0,51,11,6,339.8,94.47,11.87,8.43,92.63,61.56,1,Internacional 1-2 Mirassol,2026-04-19
Grêmio,0.7,2.44,-1.74,0.63,2.41,-1.78,0.07,0.03,0.04,0.7,2.44,-1.74,,,,,,0,2,-2,-0.26,57.9,42.57,,,42.62,0.4,1.1,177,6,9,18,22.5,16.36,8.8,1,8,15,1,13,29.2,18.96,13.8,10.28,2.37,1.02,0,Cruzeiro 2-0 Grêmio,2026-04-18
Cruzeiro,2.44,0.7,1.74,2.41,0.63,1.78,0.03,0.07,-0.04,2.44,0.7,1.74,,,,,,2,0,2,0.26,42.1,57.43,,,49.96,1.1,0.4,178,16,18,9,16.36,22.5,10.27,8,1,19,4,16,124.8,81.04,120.47,89.72,229.67,98.98,3,Cruzeiro 2-0 Grêmio,2026-04-18
Corinthians,0.21,0.83,-0.62,0.2,0.81,-0.61,0.01,0.02,-0.01,0.21,0.83,-0.62,,,,,,0,0,0,0.62,45.0,55.71,,,50.26,0.28,0.26,184,7,7,12,25.0,46.15,11.85,7,5,16,2,14,105.8,55.39,85.93,65.57,118.77,67.43,0,Vitória 0-0 Corinthians,2026-04-18
Vitória,0.83,0.21,0.62,0.81,0.2,0.61,0.02,0.01,0.01,0.83,0.21,0.62,,,,,,0,0,0,-0.62,55.0,44.29,,,43.54,0.26,0.28,182,6,12,7,46.15,25.0,7.5,5,7,14,4,13,85.2,44.61,45.13,34.43,57.37,32.57,4,Vitória 0-0 Corinthians,2026-04-18
Botafogo,0.92,0.22,0.7,0.85,0.22,0.63,0.07,0.0,0.07,0.92,0.22,0.7,,,,,,4,1,3,2.3,50.8,44.75,,,43.39,0.83,0.35,200,12,13,9,15.66,25.71,29.93,1,6,14,4,7,102.3,55.63,49.0,42.29,133.37,84.46,0,Chapecoense 1-4 Botafogo,2026-04-18
Chapecoense,0.22,0.92,-0.7,0.22,0.85,-0.63,0.0,0.07,-0.07,0.22,0.92,-0.7,,,,,,1,4,-3,-2.3,49.2,55.25,,,45.41,0.35,0.83,226,7,9,13,25.71,15.66,18.96,6,1,24,4,6,81.6,44.37,66.87,57.71,24.53,15.54,0,Chapecoense 1-4 Botafogo,2026-04-18
São Paulo,3.63,2.37,1.26,3.52,1.53,1.99,0.11,0.08,0.03,3.63,1.61,2.02,,,,,,1,2,-1,-2.26,38.0,32.15,,,45.87,0.86,1.23,133,10,10,20,11.63,16.26,9.66,3,5,13,5,20,15.4,7.54,62.8,74.88,35.03,23.3,1,Vasco da Gama 2-1 São Paulo,2026-04-18
Vasco da Gama,2.37,3.63,-1.26,1.53,3.52,-1.99,0.08,0.11,-0.03,1.61,3.63,-2.02,,,,,,2,1,1,2.26,62.0,67.85,,,55.63,1.23,0.86,304,21,20,10,16.26,11.63,5.33,5,3,33,6,14,188.9,92.46,21.07,25.12,115.3,76.7,1,Vasco da Gama 2-1 São Paulo,2026-04-18
RB Bragantino,0.76,2.55,-1.79,0.54,2.47,-1.93,0.22,0.08,0.14,0.76,2.55,-1.79,,,,,,1,2,-1,0.79,50.9,54.55,,,46.04,0.39,0.63,175,9,15,16,38.46,25.4,7.83,6,4,20,7,21,95.3,51.46,37.6,45.56,84.0,48.38,0,Cruzeiro 2-1 RB Bragantino,2026-04-12
Cruzeiro,2.55,0.76,1.79,2.47,0.54,1.93,0.08,0.22,-0.14,2.55,0.76,1.79,,,,,,2,1,1,-0.79,49.1,45.45,,,43.93,0.63,0.39,147,11,16,15,25.4,38.46,7.19,4,6,10,2,16,89.9,48.54,44.93,54.44,89.63,51.62,2,Cruzeiro 2-1 RB Bragantino,2026-04-12
Palmeiras,0.62,0.64,-0.02,0.53,0.58,-0.05,0.09,0.07,0.02,0.62,0.64,-0.02,,,,,,0,0,0,0.02,67.6,68.67,,,51.6,1.02,0.31,288,13,16,6,15.69,19.35,5.0,4,5,22,7,16,181.5,76.94,29.2,18.92,98.23,59.43,2,Corinthians 0-0 Palmeiras,2026-04-12
Corinthians,0.64,0.62,0.02,0.58,0.53,0.05,0.07,0.09,-0.02,0.64,0.62,0.02,,,,,,0,0,0,-0.02,32.4,31.33,,,46.14,0.31,1.02,109,7,6,16,19.35,15.69,11.59,5,4,7,2,17,54.4,23.06,125.13,81.08,67.07,40.57,0,Corinthians 0-0 Palmeiras,2026-04-12
Flamengo,3.3,1.6,1.7,3.28,1.44,1.84,0.02,0.15,-0.13,3.3,1.6,1.7,,,,,,2,1,1,-0.7,39.0,37.77,,,47.54,0.76,1.14,190,8,17,19,22.37,16.67,11.6,13,7,7,2,11,95.1,33.5,114.07,73.78,152.17,71.41,0,Fluminense 1-2 Flamengo,2026-04-12
Fluminense,1.6,3.3,-1.7,1.44,3.28,-1.84,0.15,0.02,0.13,1.6,3.3,-1.7,,,,,,1,2,-1,0.7,61.0,62.23,,,50.45,1.14,0.76,360,15,19,17,16.67,22.37,11.79,7,13,21,8,14,188.8,66.5,40.53,26.22,60.93,28.59,1,Fluminense 1-2 Flamengo,2026-04-12
Coritiba,1.35,2.42,-1.07,1.33,2.37,-1.04,0.01,0.05,-0.04,1.35,2.42,-1.07,,,,,,2,2,0,1.07,39.0,33.6,,,42.09,0.49,1.23,125,11,14,21,28.57,17.07,18.65,1,4,14,4,7,42.1,18.13,85.13,73.43,58.43,30.99,3,Botafogo 2-2 Coritiba,2026-04-12
Botafogo,2.42,1.35,1.07,2.37,1.33,1.04,0.05,0.01,0.04,2.42,1.35,1.07,,,,,,2,2,0,-1.07,61.0,66.4,,,53.67,1.23,0.49,316,21,21,14,17.07,28.57,9.1,4,1,39,7,14,190.1,81.87,30.8,26.57,130.1,69.01,1,Botafogo 2-2 Coritiba,2026-04-12
Chapecoense,0.45,2.12,-1.67,0.45,2.09,-1.64,0.0,0.02,-0.02,0.45,2.12,-1.67,,,,,,0,2,-2,-0.33,41.5,36.81,,,44.94,0.32,0.65,126,4,8,14,25.0,21.54,11.48,4,5,9,0,17,22.2,13.79,56.2,69.38,22.07,13.42,1,Athletico Paranaense 2-0 Chapecoense,2026-04-12
Athletico Paranaense,2.12,0.45,1.67,2.09,0.45,1.64,0.02,0.0,0.02,2.12,0.45,1.67,,,,,,2,0,2,0.33,58.5,63.19,,,48.42,0.65,0.32,228,14,14,8,21.54,25.0,8.24,5,4,32,5,15,138.8,86.21,24.8,30.62,142.33,86.58,1,Athletico Paranaense 2-0 Chapecoense,2026-04-12
Grêmio,0.35,0.96,-0.61,0.05,0.75,-0.7,0.29,0.21,0.08,0.35,0.96,-0.61,,,,,,0,0,0,0.61,46.8,37.0,,,42.12,0.21,0.45,116,2,4,11,19.05,24.44,8.45,2,14,14,2,20,25.3,18.74,29.27,50.64,29.03,20.48,2,Internacional 0-0 Grêmio,2026-04-11
Internacional,0.96,0.35,0.61,0.75,0.05,0.7,0.21,0.29,-0.08,0.96,0.35,0.61,,,,,,0,0,0,-0.61,53.2,63.0,,,52.93,0.45,0.21,224,6,11,4,24.44,19.05,5.09,14,2,28,8,19,109.7,81.26,28.53,49.36,112.7,79.52,0,Internacional 0-0 Grêmio,2026-04-11
Atlético Mineiro,0.65,1.48,-0.83,0.57,1.42,-0.85,0.07,0.06,0.01,0.65,1.48,-0.83,,,,,,0,1,-1,-0.17,54.7,45.82,,,51.0,0.51,1.11,279,5,11,18,21.57,16.22,10.81,5,12,19,7,17,84.1,30.62,35.67,37.47,58.3,22.34,0,Santos 1-0 Atlético Mineiro,2026-04-11
Santos,1.48,0.65,0.83,1.42,0.57,0.85,0.06,0.07,-0.01,1.48,0.65,0.83,,,,,,1,0,1,0.17,45.3,54.18,,,52.59,1.11,0.51,237,25,18,11,16.22,21.57,9.49,12,5,16,5,8,190.6,69.38,59.53,62.53,202.67,77.66,1,Santos 1-0 Atlético Mineiro,2026-04-11
Bahia,1.81,2.1,-0.29,1.05,1.68,-0.63,0.0,0.43,-0.43,1.05,2.1,-1.05,,,,,,2,1,1,1.29,58.1,54.17,,,45.73,0.59,0.44,250,7,14,17,23.73,38.64,8.0,1,7,17,4,14,124.9,57.99,8.33,6.81,91.9,46.7,0,Mirassol 1-2 Bahia,2026-04-11
Mirassol,2.1,1.81,0.29,1.68,1.05,0.63,0.43,0.0,0.43,2.1,1.05,1.05,,,,,,1,2,-1,-1.29,41.9,45.83,,,50.44,0.44,0.59,208,7,17,14,38.64,23.73,9.82,7,1,21,8,20,90.5,42.01,114.0,93.19,104.87,53.3,1,Mirassol 1-2 Bahia,2026-04-11
Vasco da Gama,2.08,1.15,0.93,1.55,1.15,0.4,0.53,0.0,0.53,2.08,1.15,0.93,,,,,,1,1,0,-0.93,56.6,55.41,,,49.47,0.8,0.39,242,16,19,12,23.75,30.77,12.65,0,6,19,6,10,154.4,65.18,29.2,26.01,136.4,57.73,0,Remo 1-1 Vasco da Gama,2026-04-11
Remo,1.15,2.08,-0.93,1.15,1.55,-0.4,0.0,0.53,-0.53,1.15,2.08,-0.93,,,,,,1,1,0,0.93,43.4,44.59,,,49.75,0.39,0.8,186,7,12,19,30.77,23.75,10.82,6,0,14,3,12,82.5,34.82,83.07,73.99,99.87,42.27,3,Remo 1-1 Vasco da Gama,2026-04-11
São Paulo,1.3,1.47,-0.17,1.17,1.47,-0.3,0.13,0.0,0.13,1.3,1.47,-0.17,,,,,,0,2,-2,-1.83,58.7,69.05,,,50.38,0.42,0.36,291,7,16,15,38.1,41.67,14.22,2,3,22,6,11,180.8,79.37,70.07,37.11,146.5,60.7,0,Vitória 2-0 São Paulo,2026-04-11
Vitória,1.47,1.3,0.17,1.47,1.17,0.3,0.0,0.13,-0.13,1.47,1.3,0.17,,,,,,2,0,2,1.83,41.3,30.95,,,43.2,0.36,0.42,142,9,15,16,41.67,38.1,11.85,3,2,6,1,11,47.0,20.63,118.73,62.89,94.87,39.3,2,Vitória 2-0 São Paulo,2026-04-11
Remo,1.96,1.04,0.92,1.17,0.98,0.19,0.03,0.07,-0.04,1.2,1.04,0.16,,,,,,0,0,0,-0.92,37.5,37.4,,,51.78,0.45,1.0,186,9,11,20,24.44,20.0,18.73,1,8,13,3,9,59.7,26.82,117.4,85.15,95.33,48.41,3,Grêmio 0-0 Remo,2026-04-05
Grêmio,1.04,1.96,-0.92,0.98,1.17,-0.19,0.07,0.03,0.04,1.04,1.2,-0.16,,,,,,0,0,0,0.92,62.5,62.6,,,54.04,1.0,0.45,358,11,20,11,20.0,24.44,8.79,8,1,36,8,8,162.9,73.18,20.47,14.85,101.6,51.59,0,Grêmio 0-0 Remo,2026-04-05
RB Bragantino,1.73,0.83,0.9,1.43,0.65,0.78,0.31,0.18,0.13,1.73,0.83,0.9,,,,,,1,0,1,0.1,45.9,45.3,,,42.97,0.31,0.6,143,13,16,15,51.61,25.0,12.24,7,5,12,6,10,91.6,43.31,58.53,54.33,87.9,54.47,3,Mirassol 0-1 RB Bragantino,2026-04-05
Mirassol,0.83,1.73,-0.9,0.65,1.43,-0.78,0.18,0.31,-0.13,0.83,1.73,-0.9,,,,,,0,1,-1,-0.1,54.1,54.7,,,49.02,0.6,0.31,212,10,15,16,25.0,51.61,11.65,5,7,32,12,7,119.9,56.69,49.2,45.67,73.47,45.53,1,Mirassol 0-1 RB Bragantino,2026-04-05
Palmeiras,0.34,2.16,-1.82,0.31,1.96,-1.65,0.03,0.2,-0.17,0.34,2.16,-1.82,,,,,,2,1,1,2.82,41.0,35.26,,,45.58,0.23,1.23,159,6,9,19,39.13,15.45,11.85,1,8,14,5,17,59.3,26.19,68.07,63.46,69.3,34.15,0,Bahia 1-2 Palmeiras,2026-04-05
Bahia,2.16,0.34,1.82,1.96,0.31,1.65,0.2,0.03,0.17,2.16,0.34,1.82,,,,,,1,2,-1,-2.82,59.0,64.74,,,52.3,1.23,0.23,301,15,19,9,15.45,39.13,6.22,8,1,28,7,18,167.1,73.81,39.2,36.54,133.63,65.85,0,Bahia 1-2 Palmeiras,2026-04-05
Internacional,0.66,1.1,-0.44,0.66,1.04,-0.38,0.0,0.06,-0.06,0.66,1.1,-0.44,,,,,,1,0,1,1.44,36.0,39.65,,,48.76,0.28,0.79,130,5,8,11,28.57,13.92,10.51,3,1,17,4,19,51.7,31.72,108.07,90.31,95.17,66.99,1,Corinthians 0-1 Internacional,2026-04-05
Corinthians,1.1,0.66,0.44,1.04,0.66,0.38,0.06,0.0,0.06,1.1,0.66,0.44,,,,,,0,1,-1,-1.44,64.0,60.35,,,49.68,0.79,0.28,275,13,11,8,13.92,28.57,5.53,1,3,23,7,16,111.3,68.28,11.6,9.69,46.9,33.01,0,Corinthians 0-1 Internacional,2026-04-05
Athletico Paranaense,0.77,1.3,-0.53,0.66,1.27,-0.61,0.1,0.02,0.08,0.77,1.3,-0.53,,,,,,1,2,-1,-0.47,50.8,53.5,,,48.13,0.51,0.79,248,4,11,15,21.57,18.99,12.79,3,3,23,8,13,85.9,46.63,53.0,53.61,67.07,36.27,0,Atlético Mineiro 2-1 Athletico Paranaense,2026-04-05
Atlético Mineiro,1.3,0.77,0.53,1.27,0.66,0.61,0.02,0.1,-0.08,1.3,0.77,0.53,,,,,,2,1,1,0.47,49.2,46.5,,,48.02,0.79,0.51,225,8,15,11,18.99,21.57,21.1,3,3,8,2,9,98.3,53.37,45.87,46.39,117.83,63.73,0,Atlético Mineiro 2-1 Athletico Paranaense,2026-04-05
Santos,1.1,2.32,-1.22,1.02,1.43,-0.41,0.08,0.13,-0.05,1.1,1.56,-0.46,,,,,,1,3,-2,-0.78,37.4,35.96,,,48.29,0.42,1.3,179,6,17,19,40.48,14.62,25.74,3,2,13,7,12,67.9,24.87,155.87,78.99,70.87,38.99,2,Flamengo 3-1 Santos,2026-04-05
Flamengo,2.32,1.1,1.22,1.43,1.02,0.41,0.13,0.08,0.05,1.56,1.1,0.46,,,,,,3,1,2,0.78,62.6,64.04,,,51.01,1.3,0.42,360,18,19,17,14.62,40.48,21.29,2,3,17,2,2,205.1,75.13,41.47,21.01,110.9,61.01,1,Flamengo 3-1 Santos,2026-04-05
Vitória,2.05,2.92,-0.87,1.05,2.69,-1.64,0.23,0.23,0.0,1.29,2.92,-1.63,,,,,,1,1,0,0.87,41.9,34.78,,,46.78,0.42,1.37,143,6,15,25,35.71,18.25,9.68,4,2,14,1,14,26.6,14.18,73.93,78.32,37.63,24.09,3,Chapecoense 1-1 Vitória,2026-04-05
Chapecoense,2.92,2.05,0.87,2.69,1.05,1.64,0.23,0.23,0.0,2.92,1.29,1.63,,,,,,1,1,0,-0.87,58.1,65.22,,,49.62,1.37,0.42,215,23,25,15,18.25,35.71,7.43,2,4,39,9,16,161.0,85.82,20.47,21.68,118.57,75.91,1,Chapecoense 1-1 Vitória,2026-04-05
Botafogo,1.83,2.63,-0.8,1.74,2.61,-0.87,0.08,0.02,0.06,1.83,2.63,-0.8,,,,,,2,1,1,1.8,37.2,33.22,,,42.0,0.69,1.39,113,15,18,17,26.09,12.23,13.22,3,4,15,2,16,55.0,26.38,90.4,85.23,95.23,47.11,1,Vasco da Gama 1-2 Botafogo,2026-04-04
Vasco da Gama,2.63,1.83,0.8,2.61,1.74,0.87,0.02,0.08,-0.06,2.63,1.83,0.8,,,,,,1,2,-1,-1.8,62.8,66.78,,,51.39,1.39,0.69,304,14,17,18,12.23,26.09,8.19,4,3,24,3,11,153.5,73.62,15.67,14.77,106.9,52.89,0,Vasco da Gama 1-2 Botafogo,2026-04-04
Fluminense,0.91,0.7,0.21,0.77,0.52,0.25,0.14,0.18,-0.04,0.91,0.7,0.21,,,,,,1,1,0,-0.21,67.3,60.55,,,48.18,0.61,0.55,302,13,15,10,24.59,18.18,7.85,4,6,26,10,14,130.3,67.48,16.8,11.48,84.43,39.33,0,Coritiba 1-1 Fluminense,2026-04-04
Coritiba,0.7,0.91,-0.21,0.52,0.77,-0.25,0.18,0.14,0.04,0.7,0.91,-0.21,,,,,,1,1,0,0.21,32.7,39.45,,,48.32,0.55,0.61,146,7,10,15,18.18,24.59,19.62,6,4,12,3,8,62.8,32.52,129.6,88.52,130.23,60.67,3,Coritiba 1-1 Fluminense,2026-04-04
Cruzeiro,1.53,2.11,-0.58,1.53,1.2,0.33,0.0,0.15,-0.15,1.53,1.35,0.18,,,,,,1,4,-3,-2.42,63.1,60.06,,,49.56,0.77,0.17,279,13,13,11,16.88,64.71,6.0,5,3,19,4,14,102.9,60.0,7.0,6.78,42.63,19.21,7,São Paulo 4-1 Cruzeiro,2026-04-04
São Paulo,2.11,1.53,0.58,1.2,1.53,-0.33,0.15,0.0,0.15,1.35,1.53,-0.18,,,,,,4,1,3,2.42,36.9,39.94,,,48.36,0.17,0.77,138,14,11,13,64.71,16.88,10.3,3,5,15,6,21,68.6,40.0,96.2,93.22,179.32,80.79,0,São Paulo 4-1 Cruzeiro,2026-04-04
Flamengo,0.33,2.33,-2.0,0.24,1.97,-1.73,0.09,0.36,-0.27,0.33,2.33,-2.0,,,,,,0,3,-3,-1.0,45.0,44.73,,,45.3,0.31,0.67,166,7,7,18,22.58,26.87,13.17,3,5,9,5,12,54.7,29.96,94.53,76.98,40.03,15.75,0,RB Bragantino 3-0 Flamengo,2026-04-02
RB Bragantino,2.33,0.33,2.0,1.97,0.24,1.73,0.36,0.09,0.27,2.33,0.33,2.0,,,,,,3,0,3,1.0,55.0,55.27,,,46.92,0.67,0.31,221,15,18,7,26.87,22.58,11.79,5,3,16,7,12,127.9,70.04,28.27,23.02,214.17,84.25,1,RB Bragantino 3-0 Flamengo,2026-04-02
Grêmio,1.14,0.79,0.35,1.12,0.78,0.34,0.02,0.02,0.0,1.14,0.79,0.35,,,,,,1,2,-1,-1.35,41.3,30.58,,,41.58,0.27,0.74,123,5,10,16,37.04,21.62,14.96,3,4,12,2,15,10.4,6.68,79.73,70.93,21.23,14.86,1,Palmeiras 2-1 Grêmio,2026-04-02
Palmeiras,0.79,1.14,-0.35,0.78,1.12,-0.34,0.02,0.02,0.0,0.79,1.14,-0.35,,,,,,2,1,1,1.35,58.7,69.42,,,51.57,0.74,0.27,273,14,16,10,21.62,37.04,9.14,4,3,24,8,12,145.4,93.32,32.67,29.07,121.67,85.14,0,Palmeiras 2-1 Grêmio,2026-04-02
Atlético Mineiro,2.36,2.62,-0.26,2.33,0.99,1.34,0.02,1.63,-1.61,2.36,2.62,-0.26,,,,,,4,0,4,4.26,54.6,49.01,,,45.14,0.92,0.65,222,17,20,19,21.74,29.23,16.24,3,5,7,3,5,130.9,60.32,25.73,22.72,157.83,67.2,0,Chapecoense 0-4 Atlético Mineiro,2026-04-02
Chapecoense,2.62,2.36,0.26,0.99,2.33,-1.34,1.63,0.02,1.61,2.62,2.36,0.26,,,,,,0,4,-4,-4.26,45.4,50.99,,,48.98,0.65,0.92,218,15,19,20,29.23,21.74,11.08,5,3,27,7,19,86.1,39.68,87.53,77.28,77.03,32.8,2,Chapecoense 0-4 Atlético Mineiro,2026-04-02
Remo,0.64,2.0,-1.36,0.55,1.77,-1.22,0.09,0.23,-0.14,0.64,2.0,-1.36,,,,,,0,2,-2,-0.64,43.0,48.42,,,49.66,0.26,0.57,233,7,11,7,42.31,12.28,10.17,4,3,14,4,14,94.8,47.95,88.33,74.94,132.3,54.83,2,Santos 2-0 Remo,2026-04-02
Santos,2.0,0.64,1.36,1.77,0.55,1.22,0.23,0.09,0.14,2.0,0.64,1.36,,,,,,2,0,2,0.64,57.0,51.58,,,47.68,0.57,0.26,248,8,7,11,12.28,42.31,8.16,3,4,14,7,17,102.9,52.05,29.53,25.06,108.97,45.17,0,Santos 2-0 Remo,2026-04-02
Corinthians,0.63,2.87,-2.24,0.51,2.75,-2.24,0.12,0.12,0.0,0.63,2.87,-2.24,,,,,,1,3,-2,0.24,39.3,43.52,,,46.82,0.45,0.78,184,7,12,20,26.67,25.64,19.22,2,4,18,10,13,67.6,28.95,99.2,76.31,75.16,25.84,0,Fluminense 3-1 Corinthians,2026-04-01
Fluminense,2.87,0.63,2.24,2.75,0.51,2.24,0.12,0.12,0.0,2.87,0.63,2.24,,,,,,3,1,2,-0.24,60.7,56.48,,,44.42,0.78,0.45,211,16,20,12,25.64,26.67,10.3,4,2,17,8,10,165.9,71.05,30.8,23.69,215.71,74.16,0,Fluminense 3-1 Corinthians,2026-04-01
Vasco da Gama,0.61,1.58,-0.97,0.61,1.58,-0.97,0.0,0.0,0.0,0.61,1.58,-0.97,,,,,,1,1,0,0.97,35.0,36.91,,,47.18,0.32,1.48,160,8,11,19,34.38,12.84,20.04,3,5,10,4,11,75.7,30.09,111.4,84.82,99.87,62.67,0,Coritiba 1-1 Vasco da Gama,2026-04-01
Coritiba,1.58,0.61,0.97,1.58,0.61,0.97,0.0,0.0,0.0,1.58,0.61,0.97,,,,,,1,1,0,-0.97,65.0,63.09,,,48.63,1.48,0.32,283,18,19,11,12.84,34.38,9.57,5,3,20,3,11,175.9,69.91,19.93,15.18,59.5,37.33,3,Coritiba 1-1 Vasco da Gama,2026-04-01
Athletico Paranaense,0.82,1.72,-0.9,0.82,1.72,-0.9,0.0,0.0,0.0,0.82,1.72,-0.9,,,,,,0,3,-3,-2.1,48.5,59.58,,,51.65,0.48,0.62,266,5,12,7,25.0,11.29,9.58,1,1,16,1,19,139.6,68.57,63.53,60.5,97.83,50.78,2,Bahia 3-0 Athletico Paranaense,2026-04-01
Bahia,1.72,0.82,0.9,1.72,0.82,0.9,0.0,0.0,0.0,1.72,0.82,0.9,,,,,,3,0,3,2.1,51.5,40.42,,,44.21,0.62,0.48,189,7,7,12,11.29,25.0,9.05,1,1,7,3,15,64.0,31.43,41.47,39.5,94.83,49.22,0,Bahia 3-0 Athletico Paranaense,2026-04-01
Vitória,0.14,1.75,-1.61,0.1,0.81,-0.71,0.05,0.94,-0.89,0.14,1.75,-1.61,,,,,,0,3,-3,-1.39,41.5,37.99,,,45.34,0.37,0.59,179,7,4,11,10.81,18.64,15.6,3,6,15,6,12,35.9,20.51,84.8,72.93,26.93,9.09,1,Cruzeiro 3-0 Vitória,2026-04-01
Cruzeiro,1.75,0.14,1.61,0.81,0.1,0.71,0.94,0.05,0.89,1.75,0.14,1.61,,,,,,3,0,3,1.39,58.5,62.01,,,49.54,0.59,0.37,301,10,11,4,18.64,10.81,10.38,6,3,14,5,15,139.1,79.49,31.47,27.07,269.27,90.91,0,Cruzeiro 3-0 Vitória,2026-04-01
São Paulo,0.92,1.68,-0.76,0.86,1.68,-0.82,0.06,0.0,0.06,0.92,1.68,-0.76,,,,,,1,1,0,0.76,65.8,61.93,,,47.93,1.1,0.75,305,12,15,6,13.64,8.0,6.33,3,2,40,11,15,179.4,73.19,9.2,6.47,95.67,43.22,0,Internacional 1-1 São Paulo,2026-04-01
Internacional,1.68,0.92,0.76,1.68,0.86,0.82,0.0,0.06,-0.06,1.68,0.92,0.76,,,,,,1,1,0,-0.76,34.2,38.07,,,50.13,0.75,1.1,174,11,6,15,8.0,13.64,14.61,2,3,17,2,18,65.7,26.81,132.93,93.53,125.7,56.78,0,Internacional 1-1 São Paulo,2026-04-01
Mirassol,1.28,2.35,-1.07,1.24,1.53,-0.29,0.05,0.07,-0.02,1.28,1.59,-0.31,,,,,,2,3,-1,0.07,64.7,76.88,,,54.7,0.93,0.37,382,17,19,11,20.43,29.73,7.78,8,3,31,8,14,220.2,90.21,30.67,22.49,145.0,69.96,0,Botafogo 3-2 Mirassol,2026-04-01
Botafogo,2.35,1.28,1.07,1.53,1.24,0.29,0.07,0.05,0.02,1.59,1.28,0.31,,,,,,3,2,1,-0.07,35.3,23.12,,,40.55,0.37,0.93,103,7,11,19,29.73,20.43,16.37,3,8,6,2,14,23.9,9.79,105.73,77.51,62.27,30.04,0,Botafogo 3-2 Mirassol,2026-04-01
Botafogo,1.07,1.62,-0.55,0.28,1.62,-1.34,0.79,0.0,0.79,1.07,1.62,-0.55,,,,,,1,4,-3,-2.45,53.9,50.23,,,45.42,0.59,0.26,178,6,12,11,20.34,42.31,8.75,3,4,17,8,13,77.4,51.57,34.6,39.95,54.61,26.9,0,Athletico Paranaense 4-1 Botafogo,2026-03-29
Athletico Paranaense,1.62,1.07,0.55,1.62,0.28,1.34,0.0,0.79,-0.79,1.62,1.07,0.55,,,,,,4,1,3,2.45,46.1,49.77,,,46.11,0.26,0.59,158,8,11,12,42.31,20.34,11.18,4,3,6,1,15,72.7,48.43,52.0,60.05,148.39,73.1,0,Athletico Paranaense 4-1 Botafogo,2026-03-29
Flamengo,0.62,1.56,-0.94,0.61,1.4,-0.79,0.01,0.16,-0.15,0.62,1.56,-0.94,,,,,,1,1,0,0.94,45.6,30.35,,,40.03,0.25,0.95,109,6,10,13,40.0,13.68,10.69,3,11,8,2,13,17.9,10.4,58.27,49.05,21.6,12.44,1,Corinthians 1-1 Flamengo,2026-03-22
Corinthians,1.56,0.62,0.94,1.4,0.61,0.79,0.16,0.01,0.15,1.56,0.62,0.94,,,,,,1,1,0,-0.94,54.4,69.65,,,51.2,0.95,0.25,239,15,13,10,13.68,40.0,7.3,11,3,17,6,21,154.2,89.6,60.53,50.95,152.07,87.56,0,Corinthians 1-1 Flamengo,2026-03-22
Mirassol,1.17,0.86,0.31,1.07,0.68,0.39,0.11,0.17,-0.06,1.17,0.86,0.31,,,,,,0,1,-1,-1.31,59.5,61.64,,,50.08,0.95,0.27,243,19,16,13,16.84,48.15,7.57,9,4,28,5,8,119.0,73.32,19.13,22.87,96.87,52.24,1,Vitória 1-0 Mirassol,2026-03-22
Vitória,0.86,1.17,-0.31,0.68,1.07,-0.39,0.17,0.11,0.06,0.86,1.17,-0.31,,,,,,1,0,1,1.31,40.5,38.36,,,46.6,0.27,0.95,155,7,13,16,48.15,16.84,10.49,4,9,18,4,18,43.3,26.68,64.53,77.13,88.57,47.76,1,Vitória 1-0 Mirassol,2026-03-22
Chapecoense,0.68,3.08,-2.4,0.64,0.93,-0.29,0.04,1.39,-1.35,0.68,2.32,-1.64,,,,,,0,2,-2,0.4,52.5,44.7,,,45.8,0.28,0.69,203,7,10,14,35.71,20.29,12.85,2,7,22,4,9,87.2,46.04,30.13,33.48,67.47,28.81,3,Internacional 2-0 Chapecoense,2026-03-22
Internacional,3.08,0.68,2.4,0.93,0.64,0.29,1.39,0.04,1.35,2.32,0.68,1.64,,,,,,2,0,2,-0.4,47.5,55.3,,,50.16,0.69,0.28,215,14,14,10,20.29,35.71,10.1,7,2,23,4,16,102.2,53.96,59.87,66.52,166.7,71.19,0,Internacional 2-0 Chapecoense,2026-03-22
Bahia,1.56,2.38,-0.82,0.76,2.38,-1.62,0.04,0.0,0.04,0.8,2.38,-1.58,,,,,,1,4,-3,-2.18,61.9,57.82,,,49.24,0.98,0.43,231,11,11,16,11.22,37.21,7.57,5,1,19,9,10,95.1,58.17,4.53,4.82,56.62,30.13,0,Remo 4-1 Bahia,2026-03-22
Remo,2.38,1.56,0.82,2.38,0.76,1.62,0.0,0.04,-0.04,2.38,0.8,1.58,,,,,,4,1,3,2.18,38.1,42.18,,,50.57,0.43,0.98,163,9,16,11,37.21,11.22,14.32,1,5,18,5,15,68.4,41.83,89.4,95.18,131.3,69.87,1,Remo 4-1 Bahia,2026-03-22
Coritiba,0.22,1.37,-1.15,0.14,1.37,-1.23,0.08,0.0,0.08,0.22,1.37,-1.15,,,,,,0,2,-2,-0.85,46.8,25.46,,,41.69,0.13,0.71,122,2,4,6,30.77,8.45,14.9,1,2,13,4,10,30.3,19.68,26.0,33.08,11.6,6.15,1,Athletico Paranaense 2-0 Coritiba,2026-03-22
Athletico Paranaense,1.37,0.22,1.15,1.37,0.14,1.23,0.0,0.08,-0.08,1.37,0.22,1.15,,,,,,2,0,2,0.85,53.2,74.54,,,51.47,0.71,0.13,211,9,6,4,8.45,30.77,11.31,2,1,19,7,11,123.7,80.32,52.6,66.92,177.13,93.85,3,Athletico Paranaense 2-0 Coritiba,2026-03-22
Santos,0.08,0.86,-0.78,0.08,0.66,-0.58,0.0,0.2,-0.2,0.08,0.86,-0.78,,,,,,0,0,0,0.78,39.5,33.07,,,42.26,0.1,0.77,127,0,5,8,50.0,10.39,11.24,4,2,4,0,16,21.7,16.05,73.93,67.62,47.23,31.97,0,Cruzeiro 0-0 Santos,2026-03-22
Cruzeiro,0.86,0.08,0.78,0.66,0.08,0.58,0.2,0.0,0.2,0.86,0.08,0.78,,,,,,0,0,0,-0.78,60.5,66.93,,,48.79,0.77,0.1,264,15,8,5,10.39,50.0,6.64,2,4,26,6,18,113.5,83.95,35.4,32.38,100.5,68.03,4,Cruzeiro 0-0 Santos,2026-03-22
Grêmio,0.75,1.7,-0.95,0.73,1.7,-0.97,0.02,0.0,0.02,0.75,1.7,-0.95,,,,,,1,2,-1,-0.05,62.5,50.73,,,47.63,0.35,0.59,287,12,9,9,25.71,15.25,8.71,6,2,20,2,4,70.5,41.72,22.67,14.79,25.6,10.82,6,Vasco da Gama 2-1 Grêmio,2026-03-22
Vasco da Gama,1.7,0.75,0.95,1.7,0.73,0.97,0.0,0.02,-0.02,1.7,0.75,0.95,,,,,,2,1,1,0.05,37.5,49.27,,,53.7,0.59,0.35,209,8,9,9,15.25,25.71,18.37,2,6,7,0,11,98.5,58.28,130.6,85.21,211.03,89.18,0,Vasco da Gama 2-1 Grêmio,2026-03-22
Palmeiras,0.14,0.09,0.05,0.14,0.06,0.08,0.0,0.02,-0.02,0.14,0.09,0.05,,,,,,1,0,1,0.95,37.4,29.91,,,43.57,0.15,0.35,147,3,6,3,40.0,8.57,11.3,4,12,6,1,21,18.3,12.61,94.73,83.74,62.63,61.93,0,São Paulo 0-1 Palmeiras,2026-03-21
São Paulo,0.09,0.14,-0.05,0.06,0.14,-0.08,0.02,0.0,0.02,0.09,0.14,-0.05,,,,,,0,1,-1,-0.95,62.6,70.09,,,52.51,0.35,0.15,346,9,3,6,8.57,40.0,5.85,12,4,42,10,13,126.8,87.39,18.4,16.26,38.5,38.07,1,São Paulo 0-1 Palmeiras,2026-03-21
Atlético Mineiro,3.01,0.76,2.25,2.64,0.74,1.9,0.37,0.02,0.35,3.01,0.76,2.25,,,,,,0,1,-1,-3.25,45.1,45.59,,,45.34,0.96,0.65,168,9,14,14,14.58,21.54,10.54,2,7,16,2,15,61.5,40.46,32.6,46.09,50.77,30.46,0,Fluminense 1-0 Atlético Mineiro,2026-03-21
Fluminense,0.76,3.01,-2.25,0.74,2.64,-1.9,0.02,0.37,-0.35,0.76,3.01,-2.25,,,,,,1,0,1,3.25,54.9,54.41,,,51.19,0.65,0.96,262,10,14,14,21.54,14.58,7.95,7,2,7,3,18,90.5,59.54,38.13,53.91,115.9,69.54,1,Fluminense 1-0 Atlético Mineiro,2026-03-21
Botafogo,1.35,1.77,-0.42,0.5,0.66,-0.16,0.08,1.12,-1.04,0.59,1.77,-1.18,,,,,,2,1,1,1.42,41.0,34.04,,,41.21,0.28,1.35,106,10,8,18,28.57,13.33,13.58,2,3,10,6,9,25.8,14.41,67.2,61.69,53.77,30.06,0,RB Bragantino 1-2 Botafogo,2026-03-21
RB Bragantino,1.77,1.35,0.42,0.66,0.5,0.16,1.12,0.08,1.04,1.77,0.59,1.18,,,,,,1,2,-1,-1.42,59.0,65.96,,,49.8,1.35,0.28,224,23,18,8,13.33,28.57,9.59,3,2,32,11,12,153.3,85.59,41.73,38.31,125.1,69.94,1,RB Bragantino 1-2 Botafogo,2026-03-21
Corinthians,1.02,1.14,-0.12,0.98,0.81,0.17,0.04,0.33,-0.29,1.02,1.14,-0.12,,,,,,0,0,0,0.12,63.7,64.29,,,47.07,0.7,0.18,274,14,13,14,18.57,77.78,8.24,5,2,18,4,11,116.6,72.88,11.0,9.01,63.87,41.29,0,Chapecoense 0-0 Corinthians,2026-03-19
Chapecoense,1.14,1.02,0.12,0.81,0.98,-0.17,0.33,0.04,0.29,1.14,1.02,0.12,,,,,,0,0,0,-0.12,36.3,35.71,,,42.3,0.18,0.7,115,4,14,13,77.78,18.57,14.81,2,5,20,6,18,43.4,27.12,111.13,90.99,90.8,58.71,0,Chapecoense 0-0 Corinthians,2026-03-19
Remo,0.65,1.25,-0.6,0.65,1.14,-0.49,0.0,0.12,-0.12,0.65,1.25,-0.6,,,,,,0,3,-3,-2.4,34.8,29.71,,,46.19,0.38,1.38,166,6,7,11,18.42,7.97,21.23,0,9,8,2,11,40.3,18.59,129.4,90.41,37.69,14.18,1,Flamengo 3-0 Remo,2026-03-19
Flamengo,1.25,0.65,0.6,1.14,0.65,0.49,0.12,0.0,0.12,1.25,0.65,0.6,,,,,,3,0,3,2.4,65.2,70.29,,,52.96,1.38,0.38,418,15,11,7,7.97,18.42,6.53,9,0,21,7,14,176.5,81.41,13.73,9.59,228.11,85.82,0,Flamengo 3-0 Remo,2026-03-19
Vitória,0.91,2.0,-1.09,0.87,1.83,-0.96,0.04,0.17,-0.13,0.91,2.0,-1.09,,,,,,0,2,-2,-0.91,56.5,48.7,,,49.08,0.83,1.15,257,9,8,15,9.64,13.04,7.79,8,2,25,5,17,101.9,41.09,40.67,37.4,59.2,32.71,2,Grêmio 2-0 Vitória,2026-03-19
Grêmio,2.0,0.91,1.09,1.83,0.87,0.96,0.17,0.04,0.13,2.0,0.91,1.09,,,,,,2,0,2,0.91,43.5,51.3,,,51.79,1.15,0.83,225,11,15,8,13.04,9.64,12.03,2,8,19,4,15,146.1,58.91,68.07,62.6,121.8,67.29,0,Grêmio 2-0 Vitória,2026-03-19
Internacional,1.37,1.7,-0.33,1.07,0.91,0.16,0.3,0.03,0.27,1.37,0.94,0.43,,,,,,2,1,1,1.33,39.8,44.44,,,53.22,0.56,0.7,179,10,18,11,32.14,15.71,12.21,4,4,15,8,12,69.2,32.17,76.27,95.1,74.87,31.82,2,Santos 1-2 Internacional,2026-03-18
Santos,1.7,1.37,0.33,0.91,1.07,-0.16,0.03,0.3,-0.27,0.94,1.37,-0.43,,,,,,1,2,-1,-1.33,60.2,55.56,,,52.0,0.7,0.56,254,10,11,18,15.71,32.14,8.36,4,4,23,3,6,145.9,67.83,3.93,4.9,160.43,68.18,0,Santos 1-2 Internacional,2026-03-18
Fluminense,0.99,1.08,-0.09,0.51,0.7,-0.19,0.48,0.38,0.1,0.99,1.08,-0.09,,,,,,2,3,-1,-0.91,48.1,30.07,,,43.54,0.16,1.02,149,7,14,16,87.5,15.69,15.05,4,6,9,5,10,40.3,18.69,56.53,55.75,57.17,32.49,0,Vasco da Gama 3-2 Fluminense,2026-03-18
Vasco da Gama,1.08,0.99,0.09,0.7,0.51,0.19,0.38,0.48,-0.1,1.08,0.99,0.09,,,,,,3,2,1,0.91,51.9,69.93,,,54.63,1.02,0.16,287,11,16,14,15.69,87.5,11.5,6,4,24,5,9,175.3,81.31,44.87,44.25,118.8,67.51,0,Vasco da Gama 3-2 Fluminense,2026-03-18
São Paulo,0.7,1.41,-0.71,0.7,0.41,0.29,0.0,1.0,-1.0,0.7,1.41,-0.71,,,,,,0,1,-1,-0.29,69.7,71.98,,,51.93,0.77,0.81,350,10,12,13,15.58,16.05,6.29,3,2,19,1,17,181.1,79.71,4.13,2.99,77.7,50.1,0,Atlético Mineiro 1-0 São Paulo,2026-03-18
Atlético Mineiro,1.41,0.7,0.71,0.41,0.7,-0.29,1.0,0.0,1.0,1.41,0.7,0.71,,,,,,1,0,1,0.29,30.3,28.02,,,44.71,0.81,0.77,110,11,13,12,16.05,15.58,15.83,2,3,11,4,16,46.1,20.29,134.13,97.01,77.4,49.9,2,Atlético Mineiro 1-0 São Paulo,2026-03-18
Coritiba,1.89,2.08,-0.19,1.88,1.19,0.69,0.02,0.88,-0.86,1.89,2.08,-0.19,,,,,,1,0,1,1.19,30.9,30.1,,,48.63,0.22,1.87,136,11,14,21,63.64,11.23,32.14,1,4,9,2,11,36.3,13.33,126.13,95.99,86.53,39.97,1,Mirassol 0-1 Coritiba,2026-03-18
Mirassol,2.08,1.89,0.19,1.19,1.88,-0.69,0.88,0.02,0.86,2.08,1.89,0.19,,,,,,0,1,-1,-1.19,69.1,69.9,,,53.14,1.87,0.22,383,23,21,14,11.23,63.64,7.81,4,1,42,7,8,236.0,86.67,5.27,4.01,129.97,60.03,0,Mirassol 0-1 Coritiba,2026-03-18
Cruzeiro,0.84,1.22,-0.38,0.82,0.35,0.47,0.02,0.11,-0.09,0.84,0.46,0.38,,,,,,1,2,-1,-0.62,51.2,47.3,,,49.06,0.54,0.39,214,8,11,8,20.37,20.51,7.49,4,3,16,6,20,66.0,48.6,45.07,37.7,22.67,13.14,0,Athletico Paranaense 2-1 Cruzeiro,2026-03-18
Athletico Paranaense,1.22,0.84,0.38,0.35,0.82,-0.47,0.11,0.02,0.09,0.46,0.84,-0.38,,,,,,2,1,1,0.62,48.8,52.7,,,48.78,0.39,0.54,192,4,8,11,20.51,20.37,6.98,3,4,21,4,26,69.8,51.4,74.47,62.3,149.9,86.86,2,Athletico Paranaense 2-1 Cruzeiro,2026-03-18
RB Bragantino,2.43,3.36,-0.93,2.15,3.29,-1.14,0.28,0.07,0.21,2.43,3.36,-0.93,,,,,,0,2,-2,-1.07,43.2,45.49,,,46.62,0.34,1.03,164,7,15,15,44.12,14.56,9.87,5,6,18,7,16,70.5,38.84,42.67,64.32,52.57,23.51,0,Bahia 2-0 RB Bragantino,2026-03-18
Bahia,3.36,2.43,0.93,3.29,2.15,1.14,0.07,0.28,-0.21,3.36,2.43,0.93,,,,,,2,0,2,1.07,56.8,54.51,,,49.26,1.03,0.34,241,17,15,15,14.56,44.12,7.31,6,5,14,7,15,111.0,61.16,23.67,35.68,171.03,76.49,0,Bahia 2-0 RB Bragantino,2026-03-18
Botafogo,0.92,2.53,-1.61,0.92,2.42,-1.5,0.0,0.11,-0.11,0.92,2.53,-1.61,,,,,,1,2,-1,0.61,47.6,52.07,,,43.65,0.42,0.91,163,4,6,19,14.29,20.88,8.95,11,3,12,1,13,48.7,31.26,36.2,43.06,43.17,22.05,0,Palmeiras 2-1 Botafogo,2026-03-18
Palmeiras,2.53,0.92,1.61,2.42,0.92,1.5,0.11,0.0,0.11,2.53,0.92,1.61,,,,,,2,1,1,-0.61,52.4,47.93,,,46.35,0.91,0.42,181,13,19,6,20.88,14.29,11.31,3,11,12,6,13,107.1,68.74,47.87,56.94,152.6,77.95,1,Palmeiras 2-1 Botafogo,2026-03-18
Vasco da Gama,1.43,1.62,-0.19,1.33,1.22,0.11,0.1,0.41,-0.31,1.43,1.62,-0.19,,,,,,3,3,0,0.19,41.5,38.16,,,48.43,0.57,1.48,180,11,15,20,26.32,13.51,19.76,0,8,13,4,11,98.4,31.82,69.8,74.15,85.23,36.52,0,Cruzeiro 3-3 Vasco da Gama,2026-03-15
Cruzeiro,1.62,1.43,0.19,1.22,1.33,-0.11,0.41,0.1,0.31,1.62,1.43,0.19,,,,,,3,3,0,-0.19,58.5,61.84,,,54.82,1.48,0.57,296,16,20,15,13.51,26.32,8.71,8,0,33,5,9,210.8,68.18,24.33,25.85,148.17,63.48,0,Cruzeiro 3-3 Vasco da Gama,2026-03-15
São Paulo,0.83,0.83,0.0,0.81,0.68,0.13,0.02,0.15,-0.13,0.83,0.83,0.0,,,,,,2,1,1,1.0,50.0,43.01,,,45.29,0.59,0.73,145,6,4,13,6.78,17.81,9.3,4,6,12,4,13,54.2,31.77,50.93,47.42,50.37,30.35,1,RB Bragantino 1-2 São Paulo,2026-03-15
RB Bragantino,0.83,0.83,0.0,0.68,0.81,-0.13,0.15,0.02,0.13,0.83,0.83,0.0,,,,,,1,2,-1,-1.0,50.0,56.99,,,49.41,0.73,0.59,178,17,13,4,17.81,6.78,7.31,6,4,22,6,18,116.4,68.23,56.47,52.58,115.6,69.65,3,RB Bragantino 1-2 São Paulo,2026-03-15
Remo,0.9,1.27,-0.37,0.88,1.27,-0.39,0.02,0.0,0.02,0.9,1.27,-0.37,,,,,,0,1,-1,-0.63,57.9,66.55,,,52.62,0.44,0.64,239,7,14,8,31.82,12.5,7.85,4,5,32,6,11,129.0,74.22,35.53,35.37,94.23,62.71,2,Coritiba 1-0 Remo,2026-03-15
Coritiba,1.27,0.9,0.37,1.27,0.88,0.39,0.0,0.02,-0.02,1.27,0.9,0.37,,,,,,1,0,1,0.63,42.1,33.45,,,42.96,0.64,0.44,109,12,8,14,12.5,31.82,7.6,5,4,14,4,13,44.8,25.78,64.93,64.63,56.03,37.29,2,Coritiba 1-0 Remo,2026-03-15
Mirassol,1.21,0.67,0.54,1.14,0.63,0.51,0.08,0.04,0.04,1.21,0.67,0.54,,,,,,0,1,-1,-1.54,56.6,62.78,,,52.48,0.64,0.43,308,16,12,11,18.75,25.58,8.43,5,3,28,4,17,165.2,70.51,33.73,28.78,107.53,55.43,1,Palmeiras 1-0 Mirassol,2026-03-15
Palmeiras,0.67,1.21,-0.54,0.63,1.14,-0.51,0.04,0.08,-0.04,0.67,1.21,-0.54,,,,,,1,0,1,1.54,43.4,37.22,,,45.78,0.43,0.64,174,10,11,12,25.58,18.75,10.68,3,5,18,2,14,69.1,29.49,83.47,71.22,86.47,44.57,0,Palmeiras 1-0 Mirassol,2026-03-15
Bahia,1.09,1.75,-0.66,0.97,1.75,-0.78,0.12,0.0,0.12,1.09,1.75,-0.66,,,,,,1,0,1,1.66,46.1,29.33,,,41.39,0.28,0.69,123,4,7,14,25.0,20.29,8.15,3,9,3,1,20,29.5,15.57,38.0,43.84,29.53,19.46,0,Internacional 0-1 Bahia,2026-03-15
Internacional,1.75,1.09,0.66,1.75,0.97,0.78,0.0,0.12,-0.12,1.75,1.09,0.66,,,,,,0,1,-1,-1.66,53.9,70.67,,,54.92,0.69,0.28,284,18,14,7,20.29,25.0,6.16,9,3,36,7,20,160.0,84.43,48.67,56.16,122.2,80.54,4,Internacional 0-1 Bahia,2026-03-15
Corinthians,0.6,1.34,-0.74,0.49,1.24,-0.75,0.11,0.1,0.01,0.6,1.34,-0.74,,,,,,1,1,0,0.74,55.4,52.54,,,47.5,0.36,0.42,195,10,10,11,27.78,26.19,6.72,5,9,11,6,15,104.7,63.45,31.6,31.69,84.33,52.77,1,Santos 1-1 Corinthians,2026-03-15
Santos,1.34,0.6,0.74,1.24,0.49,0.75,0.1,0.11,-0.01,1.34,0.6,0.74,,,,,,1,1,0,-0.74,44.6,47.46,,,48.25,0.42,0.36,156,9,11,10,26.19,27.78,6.85,9,5,17,4,20,60.3,36.55,68.13,68.31,75.47,47.23,0,Santos 1-1 Corinthians,2026-03-15
Athletico Paranaense,0.63,2.37,-1.74,0.63,2.05,-1.42,0.0,0.32,-0.32,0.63,2.37,-1.74,,,,,,2,3,-1,0.74,22.1,20.07,,,40.54,0.06,0.66,61,3,4,24,66.67,36.36,18.1,4,3,4,1,9,13.1,3.76,184.53,97.16,48.9,16.45,1,Fluminense 3-2 Athletico Paranaense,2026-03-15
Fluminense,2.37,0.63,1.74,2.05,0.63,1.42,0.32,0.0,0.32,2.37,0.63,1.74,,,,,,3,2,1,-0.74,77.9,79.93,,,51.55,0.66,0.06,388,21,24,4,36.36,66.67,6.88,3,4,15,7,14,335.4,96.24,5.4,2.84,248.37,83.55,0,Fluminense 3-2 Athletico Paranaense,2026-03-15
Flamengo,2.1,0.57,1.53,2.09,0.57,1.52,0.0,0.0,0.0,2.1,0.57,1.53,,,,,,3,0,3,1.47,57.1,67.23,,,51.05,0.8,0.4,323,11,18,7,22.5,17.5,9.14,13,2,9,4,10,185.9,82.37,59.4,41.6,197.37,84.12,0,Botafogo 0-3 Flamengo,2026-03-14
Botafogo,0.57,2.1,-1.53,0.57,2.09,-1.52,0.0,0.0,0.0,0.57,2.1,-1.53,,,,,,0,3,-3,-1.47,42.9,32.77,,,40.18,0.4,0.8,143,2,7,18,17.5,22.5,15.32,2,13,9,2,16,39.8,17.63,83.4,58.4,37.27,15.88,0,Botafogo 0-3 Flamengo,2026-03-14
Atlético Mineiro,1.75,0.68,1.07,1.7,0.67,1.03,0.05,0.02,0.03,1.75,0.68,1.07,,,,,,0,2,-2,-3.07,66.3,63.37,,,52.9,1.08,0.13,294,13,12,9,11.11,69.23,6.61,3,3,28,10,13,154.1,70.53,8.53,8.45,81.33,42.32,3,Vitória 2-0 Atlético Mineiro,2026-03-14
Vitória,0.68,1.75,-1.07,0.67,1.7,-1.03,0.02,0.05,-0.03,0.68,1.75,-1.07,,,,,,2,0,2,3.07,33.7,36.63,,,51.05,0.13,1.08,146,2,9,12,69.23,11.11,8.64,3,3,13,4,18,64.4,29.47,92.4,91.55,110.87,57.68,2,Vitória 2-0 Atlético Mineiro,2026-03-14
Grêmio,1.18,1.04,0.14,0.67,0.15,0.52,0.51,0.13,0.38,1.18,0.28,0.9,,,,,,1,1,0,-0.14,65.0,67.3,,,50.64,0.73,0.22,311,7,13,11,17.81,50.0,12.9,1,7,26,5,10,183.8,80.19,26.53,18.62,115.13,62.82,0,Chapecoense 1-1 Grêmio,2026-03-16
Chapecoense,1.04,1.18,-0.14,0.15,0.67,-0.52,0.13,0.51,-0.38,0.28,1.18,-0.9,,,,,,1,1,0,0.14,35.0,32.7,,,45.18,0.22,0.73,132,9,11,13,50.0,17.81,12.0,7,1,21,4,16,45.4,19.81,115.93,81.38,68.13,37.18,1,Chapecoense 1-1 Grêmio,2026-03-16
RB Bragantino,1.66,2.2,-0.54,1.62,2.11,-0.49,0.04,0.09,-0.05,1.66,2.2,-0.54,,,,,,1,1,0,0.54,60.8,71.97,,,52.17,1.26,0.77,272,17,20,13,15.87,16.88,5.95,8,5,23,6,13,184.0,87.12,40.47,45.71,181.27,81.53,1,Grêmio 1-1 RB Bragantino,2026-03-12
Grêmio,2.2,1.66,0.54,2.11,1.62,0.49,0.09,0.04,0.05,2.2,1.66,0.54,,,,,,1,1,0,-0.54,39.2,28.03,,,35.76,0.77,1.26,81,9,13,20,16.88,15.87,10.44,5,8,16,4,13,27.2,12.88,48.07,54.29,41.07,18.47,1,Grêmio 1-1 RB Bragantino,2026-03-12
Chapecoense,0.61,1.8,-1.19,0.61,1.63,-1.02,0.0,0.17,-0.17,0.61,1.8,-1.19,,,,,,0,2,-2,-0.81,38.8,38.42,,,48.02,0.41,0.85,152,11,7,18,17.07,21.18,16.52,1,4,20,6,12,48.4,21.63,65.07,71.55,40.67,17.95,2,São Paulo 2-0 Chapecoense,2026-03-12
São Paulo,1.8,0.61,1.19,1.63,0.61,1.02,0.17,0.0,0.17,1.8,0.61,1.19,,,,,,2,0,2,0.81,61.2,61.58,,,54.34,0.85,0.41,311,19,18,7,21.18,17.07,8.93,4,1,38,11,13,175.4,78.37,25.87,28.45,185.87,82.05,0,São Paulo 2-0 Chapecoense,2026-03-12
Palmeiras,0.78,1.95,-1.17,0.78,1.76,-0.98,0.0,0.19,-0.19,0.78,1.95,-1.17,,,,,,1,2,-1,0.17,50.0,45.41,,,49.41,0.54,0.85,243,7,8,17,14.81,20.0,9.35,8,13,21,5,18,84.2,33.31,45.73,34.98,40.13,22.88,1,Vasco da Gama 2-1 Palmeiras,2026-03-12
Vasco da Gama,1.95,0.78,1.17,1.76,0.78,0.98,0.19,0.0,0.19,1.95,0.78,1.17,,,,,,2,1,1,-0.17,50.0,54.59,,,56.06,0.85,0.54,295,15,17,8,20.0,14.81,11.26,13,8,26,9,6,168.6,66.69,85.0,65.02,135.3,77.12,0,Vasco da Gama 2-1 Palmeiras,2026-03-12
Fluminense,1.94,1.22,0.72,1.4,1.16,0.24,0.54,0.06,0.48,1.94,1.22,0.72,,,,,,2,0,2,1.28,66.4,62.15,,,46.4,0.88,0.68,279,10,15,10,17.05,14.71,9.07,4,3,10,4,14,168.8,80.57,9.8,5.67,95.6,54.03,0,Remo 0-2 Fluminense,2026-03-12
Remo,1.22,1.94,-0.72,1.16,1.4,-0.24,0.06,0.54,-0.48,1.22,1.94,-0.72,,,,,,0,2,-2,-1.28,33.6,37.85,,,49.18,0.68,0.88,164,8,10,15,14.71,17.05,21.8,3,4,24,6,11,40.7,19.43,163.13,94.33,81.33,45.97,2,Remo 0-2 Fluminense,2026-03-12
Coritiba,0.49,0.85,-0.36,0.4,0.58,-0.18,0.09,0.26,-0.17,0.49,0.85,-0.36,,,,,,2,0,2,2.36,28.1,25.12,,,48.66,0.46,0.89,116,4,4,11,8.7,12.36,13.06,2,6,13,6,18,19.9,7.34,148.67,94.29,85.77,48.71,1,Corinthians 0-2 Coritiba,2026-03-11
Corinthians,0.85,0.49,0.36,0.58,0.4,0.18,0.26,0.09,0.17,0.85,0.49,0.36,,,,,,0,2,-2,-2.36,71.9,74.88,,,57.37,0.89,0.46,431,13,11,4,12.36,8.7,4.55,6,2,42,8,15,251.4,92.66,9.0,5.71,90.3,51.29,1,Corinthians 0-2 Coritiba,2026-03-11
Cruzeiro,0.74,2.05,-1.31,0.62,1.91,-1.29,0.13,0.14,-0.01,0.74,2.05,-1.31,,,,,,0,2,-2,-0.69,56.8,60.76,,,47.03,0.68,0.42,256,16,13,15,19.12,35.71,8.12,4,2,19,7,13,123.8,61.38,25.87,25.89,98.9,42.65,2,Flamengo 2-0 Cruzeiro,2026-03-11
Flamengo,2.05,0.74,1.31,1.91,0.62,1.29,0.14,0.13,0.01,2.05,0.74,1.31,,,,,,2,0,2,0.69,43.2,39.24,,,46.22,0.42,0.68,173,10,15,13,35.71,19.12,10.19,2,4,9,4,19,77.9,38.62,74.07,74.11,133.0,57.35,0,Flamengo 2-0 Cruzeiro,2026-03-11
Vitória,0.56,1.82,-1.26,0.56,0.86,-0.3,0.0,0.21,-0.21,0.56,1.06,-0.5,,,,,,1,1,0,1.26,37.3,26.87,,,46.7,0.07,0.5,137,5,6,13,85.71,26.0,9.38,1,10,9,3,19,25.2,12.17,106.53,76.94,34.87,23.84,2,Bahia 1-1 Vitória,2026-03-11
Bahia,1.82,0.56,1.26,0.86,0.56,0.3,0.21,0.0,0.21,1.06,0.56,0.5,,,,,,1,1,0,-1.26,62.7,73.13,,,51.78,0.5,0.07,266,9,13,6,26.0,85.71,4.68,10,1,17,7,17,181.8,87.83,31.93,23.06,111.37,76.16,0,Bahia 1-1 Vitória,2026-03-11
Internacional,1.75,0.85,0.9,1.1,0.67,0.43,0.65,0.18,0.47,1.75,0.85,0.9,,,,,,0,1,-1,-1.9,64.4,70.86,,,53.89,1.14,0.32,330,19,19,7,16.67,21.88,5.48,7,3,31,14,20,168.5,92.48,7.8,9.13,109.07,69.29,1,Atlético Mineiro 1-0 Internacional,2026-03-11
Atlético Mineiro,0.85,1.75,-0.9,0.67,1.1,-0.43,0.18,0.65,-0.47,0.85,1.75,-0.9,,,,,,1,0,1,1.9,35.6,29.14,,,40.29,0.32,1.14,98,6,7,19,21.88,16.67,11.2,3,7,5,2,16,13.7,7.52,77.67,90.87,48.33,30.71,0,Atlético Mineiro 1-0 Internacional,2026-03-11
Santos,1.79,1.44,0.35,0.66,1.38,-0.72,0.37,0.07,0.3,1.03,1.44,-0.41,,,,,,2,2,0,-0.35,46.2,50.47,,,49.35,0.73,1.24,201,14,16,20,21.92,16.13,13.25,7,1,26,7,7,81.0,39.02,89.2,74.38,95.8,44.58,1,Mirassol 2-2 Santos,2026-03-10
Mirassol,1.44,1.79,-0.35,1.38,0.66,0.72,0.07,0.37,-0.3,1.44,1.03,0.41,,,,,,2,2,0,0.35,53.8,49.53,,,47.11,1.24,0.73,213,22,20,16,16.13,21.92,15.4,1,7,20,6,9,126.6,60.98,30.73,25.62,119.1,55.42,1,Mirassol 2-2 Santos,2026-03-10
Vasco da Gama,1.57,1.22,0.35,1.5,1.22,0.28,0.07,0.0,0.07,1.57,1.22,0.35,,,,,,1,2,-1,-1.35,59.5,55.64,,,46.42,0.9,0.55,225,11,16,8,17.78,14.55,5.78,6,3,13,2,17,111.0,66.43,15.87,15.32,71.47,42.52,0,Santos 2-1 Vasco da Gama,2026-02-26
Santos,1.22,1.57,-0.35,1.22,1.5,-0.28,0.0,0.07,-0.07,1.22,1.57,-0.35,,,,,,2,1,1,1.35,40.5,44.36,,,47.85,0.55,0.9,153,9,8,16,14.55,17.78,8.31,3,6,12,5,19,56.1,33.57,87.73,84.68,96.63,57.48,0,Santos 2-1 Vasco da Gama,2026-02-26
Atlético Mineiro,0.96,1.13,-0.17,0.96,0.76,0.2,0.0,0.36,-0.36,0.96,1.13,-0.17,,,,,,1,2,-1,-0.83,36.8,29.74,,,45.63,0.3,1.03,130,2,8,18,26.67,17.48,21.94,1,11,5,3,5,49.4,18.07,117.93,84.16,58.13,27.47,0,Grêmio 2-1 Atlético Mineiro,2026-02-25
Grêmio,1.13,0.96,0.17,0.76,0.96,-0.2,0.36,0.0,0.36,1.13,0.96,0.17,,,,,,2,1,1,0.83,63.2,70.26,,,56.16,1.03,0.3,351,4,18,8,17.48,26.67,5.68,11,1,27,6,14,224.0,81.93,22.2,15.84,153.5,72.53,0,Grêmio 2-1 Atlético Mineiro,2026-02-25
Fluminense,1.78,1.9,-0.12,1.62,1.14,0.48,0.16,0.0,0.16,1.78,1.14,0.64,,,,,,1,2,-1,-0.88,65.0,60.55,,,49.22,0.94,0.34,311,18,18,13,19.15,38.24,8.86,5,7,22,11,16,171.4,69.25,11.33,8.53,103.73,38.65,0,Palmeiras 2-1 Fluminense,2026-02-25
Palmeiras,1.9,1.78,0.12,1.14,1.62,-0.48,0.0,0.16,-0.16,1.14,1.78,-0.64,,,,,,2,1,1,0.88,35.0,39.45,,,46.77,0.34,0.94,148,12,13,18,38.24,19.15,11.95,7,5,12,5,16,76.1,30.75,121.53,91.47,164.63,61.35,1,Palmeiras 2-1 Fluminense,2026-02-25
Corinthians,0.31,0.7,-0.39,0.21,0.68,-0.47,0.1,0.02,0.08,0.31,0.7,-0.39,,,,,,1,1,0,0.39,51.8,49.82,,,46.53,0.5,0.54,198,5,4,11,8.0,20.37,9.24,3,3,19,3,14,54.8,36.27,18.73,26.73,41.73,22.67,1,Cruzeiro 1-1 Corinthians,2026-02-25
Cruzeiro,0.7,0.31,0.39,0.68,0.21,0.47,0.02,0.1,-0.08,0.7,0.31,0.39,,,,,,1,1,0,-0.39,48.2,50.18,,,48.08,0.54,0.5,168,10,11,4,20.37,8.0,9.64,3,3,15,5,15,96.3,63.73,51.33,73.27,142.33,77.33,0,Cruzeiro 1-1 Corinthians,2026-02-25
São Paulo,1.48,0.97,0.51,0.59,0.96,-0.37,0.13,0.01,0.12,0.72,0.97,-0.25,,,,,,1,0,1,0.49,57.9,60.0,,,45.7,0.44,0.54,217,9,9,18,20.45,33.33,10.73,4,1,16,7,19,96.9,51.71,11.73,10.94,63.37,33.66,0,Coritiba 0-1 São Paulo,2026-02-25
Coritiba,0.97,1.48,-0.51,0.96,0.59,0.37,0.01,0.13,-0.12,0.97,0.72,0.25,,,,,,0,1,-1,-0.49,42.1,40.0,,,45.6,0.54,0.44,158,10,18,9,33.33,20.45,17.24,1,4,18,3,5,90.5,48.29,95.47,89.06,124.9,66.34,0,Coritiba 0-1 São Paulo,2026-02-25
Internacional,1.08,2.24,-1.16,0.64,2.24,-1.6,0.44,0.0,0.44,1.08,2.24,-1.16,,,,,,1,1,0,1.16,57.9,50.74,,,48.15,1.13,0.5,243,18,18,12,15.93,24.0,7.59,2,4,24,12,14,77.9,59.1,9.67,12.5,52.03,38.81,0,Remo 1-1 Internacional,2026-02-25
Remo,2.24,1.08,1.16,2.24,0.64,1.6,0.0,0.44,-0.44,2.24,1.08,1.16,,,,,,1,1,0,-1.16,42.1,49.26,,,45.15,0.5,1.13,144,8,12,18,24.0,15.93,11.05,4,2,23,7,16,53.9,40.9,67.67,87.5,82.03,61.19,1,Remo 1-1 Internacional,2026-02-25
Athletico Paranaense,1.46,0.97,0.49,1.45,0.91,0.54,0.02,0.06,-0.04,1.46,0.97,0.49,,,,,,1,1,0,-0.49,60.9,71.91,,,52.5,0.97,0.3,245,14,18,7,18.56,23.33,8.1,3,5,27,7,16,199.6,88.36,24.8,25.83,147.43,84.51,1,RB Bragantino 1-1 Athletico Paranaense,2026-02-25
RB Bragantino,0.97,1.46,-0.49,0.91,1.45,-0.54,0.06,0.02,0.04,0.97,1.46,-0.49,,,,,,1,1,0,0.49,39.1,28.09,,,44.43,0.3,0.97,105,7,7,18,23.33,18.56,8.03,5,3,8,2,18,26.3,11.64,71.2,74.17,27.03,15.49,0,RB Bragantino 1-1 Athletico Paranaense,2026-02-25
Corinthians,0.15,2.56,-2.41,0.15,1.23,-1.08,0.0,0.57,-0.57,0.15,1.8,-1.65,,,,,,1,0,1,3.41,44.1,37.1,,,40.76,0.1,0.43,110,1,4,19,40.0,44.19,16.74,1,6,2,0,10,13.7,9.33,67.6,68.84,31.37,28.2,0,Athletico Paranaense 0-1 Corinthians,2026-02-19
Athletico Paranaense,2.56,0.15,2.41,1.23,0.15,1.08,0.57,0.0,0.57,1.8,0.15,1.65,,,,,,0,1,-1,-3.41,55.9,62.9,,,46.93,0.43,0.1,211,6,19,4,44.19,40.0,10.27,6,1,18,8,15,133.2,90.67,30.6,31.16,79.87,71.8,2,Athletico Paranaense 0-1 Corinthians,2026-02-19
Palmeiras,1.93,3.0,-1.07,1.85,2.16,-0.31,0.08,0.85,-0.77,1.93,3.0,-1.07,,,,,,3,1,2,3.07,38.1,19.71,,,36.8,0.16,0.86,81,9,11,26,68.75,30.23,14.38,6,10,4,4,8,43.0,14.14,68.87,54.92,29.17,15.78,0,Internacional 1-3 Palmeiras,2026-02-12
Internacional,3.0,1.93,1.07,2.16,1.85,0.31,0.85,0.08,0.77,3.0,1.93,1.07,,,,,,1,3,-2,-3.07,61.9,80.29,,,54.69,0.86,0.16,339,22,26,11,30.23,68.75,7.79,10,6,37,16,13,261.0,85.86,56.53,45.08,155.63,84.22,2,Internacional 1-3 Palmeiras,2026-02-12
RB Bragantino,1.25,1.4,-0.15,0.42,1.26,-0.84,0.06,0.15,-0.09,0.49,1.4,-0.91,,,,,,0,2,-2,-1.85,39.9,48.34,,,46.46,0.12,0.26,142,6,9,13,75.0,50.0,9.56,6,5,10,3,24,49.7,34.32,98.33,88.32,107.37,52.43,0,Corinthians 2-0 RB Bragantino,2026-02-12
Corinthians,1.4,1.25,0.15,1.26,0.42,0.84,0.15,0.06,0.09,1.4,0.49,0.91,,,,,,2,0,2,1.85,60.1,51.66,,,41.39,0.26,0.12,147,7,13,9,50.0,75.0,6.76,5,6,10,3,17,95.1,65.68,13.0,11.68,97.43,47.57,0,Corinthians 2-0 RB Bragantino,2026-02-12
Botafogo,0.67,1.84,-1.17,0.67,1.84,-1.17,0.0,0.0,0.0,0.67,1.84,-1.17,,,,,,0,1,-1,0.17,51.7,50.18,,,48.56,0.41,0.42,204,5,5,10,12.2,23.81,9.48,2,5,9,0,11,72.1,41.82,20.87,28.43,49.17,28.44,1,Fluminense 1-0 Botafogo,2026-02-12
Fluminense,1.84,0.67,1.17,1.84,0.67,1.17,0.0,0.0,0.0,1.84,0.67,1.17,,,,,,1,0,1,-0.17,48.3,49.82,,,48.31,0.42,0.41,166,9,10,5,23.81,12.2,7.84,5,2,10,4,18,100.3,58.18,52.53,71.57,123.73,71.56,0,Fluminense 1-0 Botafogo,2026-02-12
Santos,1.29,2.86,-1.57,1.26,2.0,-0.74,0.03,0.1,-0.07,1.29,2.1,-0.81,,,,,,1,2,-1,0.57,43.2,41.56,,,49.33,0.4,0.82,165,7,10,12,25.0,14.63,10.97,4,6,6,2,15,53.9,38.5,57.07,65.7,58.9,46.48,1,Athletico Paranaense 2-1 Santos,2026-02-12
Athletico Paranaense,2.86,1.29,1.57,2.0,1.26,0.74,0.1,0.03,0.07,2.1,1.29,0.81,,,,,,2,1,1,-0.57,56.8,58.44,,,45.96,0.82,0.4,188,12,12,10,14.63,25.0,6.77,6,4,20,8,15,86.1,61.5,29.8,34.3,67.83,53.52,4,Athletico Paranaense 2-1 Santos,2026-02-12
Grêmio,0.33,4.91,-4.58,0.28,3.28,-3.0,0.05,0.11,-0.06,0.33,3.39,-3.06,,,,,,0,2,-2,2.58,42.5,32.65,,,44.41,0.36,1.69,156,9,5,18,13.89,10.65,14.81,3,6,12,3,16,41.8,15.61,91.67,81.7,49.13,15.48,0,São Paulo 2-0 Grêmio,2026-02-11
São Paulo,4.91,0.33,4.58,3.28,0.28,3.0,0.11,0.05,0.06,3.39,0.33,3.06,,,,,,2,0,2,-2.58,57.5,67.35,,,52.73,1.69,0.36,328,20,18,5,10.65,13.89,10.15,6,3,19,3,11,225.9,84.39,20.53,18.3,268.33,84.52,0,São Paulo 2-0 Grêmio,2026-02-11
Bahia,0.83,1.81,-0.98,0.78,1.78,-1.0,0.05,0.03,0.02,0.83,1.81,-0.98,,,,,,1,0,1,1.98,37.9,31.52,,,47.13,0.26,1.94,155,3,8,26,30.77,13.4,11.0,5,7,10,4,14,35.9,14.33,88.73,75.07,58.67,32.8,0,Vasco da Gama 0-1 Bahia,2026-02-11
Vasco da Gama,1.81,0.83,0.98,1.78,0.78,1.0,0.03,0.05,-0.02,1.81,0.83,0.98,,,,,,0,1,-1,-1.98,62.1,68.48,,,52.24,1.94,0.26,296,30,26,8,13.4,30.77,8.03,7,5,44,8,15,214.7,85.67,29.47,24.93,120.2,67.2,0,Vasco da Gama 0-1 Bahia,2026-02-11
Remo,3.15,3.93,-0.78,3.08,3.93,-0.85,0.08,0.0,0.08,3.15,3.93,-0.78,,,,,,3,3,0,0.78,41.4,42.45,,,51.23,0.5,0.95,197,8,18,18,36.0,18.95,12.36,8,2,18,5,14,66.8,36.01,82.6,78.07,100.67,47.86,6,Atlético Mineiro 3-3 Remo,2026-02-11
Atlético Mineiro,3.93,3.15,0.78,3.93,3.08,0.85,0.0,0.08,-0.08,3.93,3.15,0.78,,,,,,3,3,0,-0.78,58.6,57.55,,,47.83,0.95,0.5,233,15,18,18,18.95,36.0,12.43,2,8,19,6,10,118.7,63.99,23.2,21.93,109.67,52.14,0,Atlético Mineiro 3-3 Remo,2026-02-11
Coritiba,1.86,2.46,-0.6,1.33,2.02,-0.69,0.53,0.43,0.1,1.86,2.46,-0.6,,,,,,3,3,0,0.6,48.3,39.45,,,41.45,0.42,0.75,151,10,13,21,30.95,28.0,20.32,7,2,11,5,8,69.9,34.21,48.87,54.1,68.97,43.5,2,Chapecoense 3-3 Coritiba,2026-02-11
Chapecoense,2.46,1.86,0.6,2.02,1.33,0.69,0.43,0.53,-0.1,2.46,1.86,0.6,,,,,,3,3,0,-0.6,51.7,60.55,,,47.63,0.75,0.42,215,9,21,13,28.0,30.95,29.92,2,7,22,6,4,134.4,65.79,41.47,45.9,89.57,56.5,2,Chapecoense 3-3 Coritiba,2026-02-11
Cruzeiro,1.91,2.66,-0.75,1.15,2.65,-1.5,0.0,0.02,-0.02,1.15,2.66,-1.51,,,,,,2,2,0,0.75,44.4,35.54,,,48.09,0.27,0.95,164,6,9,20,33.33,21.05,10.82,2,5,6,0,10,53.3,24.21,61.47,52.45,41.67,21.57,0,Mirassol 2-2 Cruzeiro,2026-02-11
Mirassol,2.66,1.91,0.75,2.65,1.15,1.5,0.02,0.0,0.02,2.66,1.15,1.51,,,,,,2,2,0,-0.75,55.6,64.46,,,50.06,0.95,0.27,220,18,20,9,21.05,33.33,9.97,5,2,34,9,12,166.9,75.79,55.73,47.55,151.53,78.43,1,Mirassol 2-2 Cruzeiro,2026-02-11
Flamengo,0.42,1.88,-1.46,0.33,0.78,-0.45,0.09,0.33,-0.24,0.42,1.12,-0.7,,,,,,2,1,1,2.46,55.0,52.9,,,50.34,0.34,0.44,242,6,6,10,17.65,22.73,7.59,4,7,3,2,21,104.8,52.04,27.13,28.2,83.5,50.35,2,Vitória 1-2 Flamengo,2026-02-10
Vitória,1.88,0.42,1.46,0.78,0.33,0.45,0.33,0.09,0.24,1.12,0.42,0.7,,,,,,1,2,-1,-2.46,45.0,47.1,,,48.86,0.44,0.34,179,5,10,6,22.73,17.65,8.07,7,4,21,7,12,96.6,47.96,69.07,71.8,82.33,49.65,2,Vitória 1-2 Flamengo,2026-02-10
Coritiba,2.35,1.11,1.24,2.2,1.05,1.15,0.15,0.06,0.09,2.35,1.11,1.24,,,,,,2,1,1,-0.24,32.3,24.86,,,41.1,0.67,0.99,93,9,10,19,14.93,19.19,13.22,2,5,5,2,17,22.6,10.79,135.07,90.53,83.6,41.54,1,Cruzeiro 1-2 Coritiba,2026-02-05
Cruzeiro,1.11,2.35,-1.24,1.05,2.2,-1.15,0.06,0.15,-0.09,1.11,2.35,-1.24,,,,,,1,2,-1,0.24,67.7,75.14,,,56.28,0.99,0.67,411,19,19,10,19.19,14.93,7.87,5,2,41,12,9,186.9,89.21,14.13,9.47,117.67,58.46,1,Cruzeiro 1-2 Coritiba,2026-02-05
Chapecoense,0.34,6.0,-5.66,0.34,5.2,-4.86,0.0,0.79,-0.79,0.34,6.0,-5.66,,,,,,1,1,0,5.66,33.6,18.26,,,37.31,0.22,1.93,88,3,7,30,31.82,15.54,20.52,2,5,4,0,11,13.2,3.93,96.87,85.73,11.5,4.37,1,Vasco da Gama 1-1 Chapecoense,2026-02-05
Vasco da Gama,6.0,0.34,5.66,5.2,0.34,4.86,0.79,0.0,0.79,6.0,0.34,5.66,,,,,,1,1,0,-5.66,66.4,81.74,,,56.5,1.93,0.22,427,26,30,7,15.54,31.82,8.37,5,2,45,14,15,323.0,96.07,16.13,14.27,251.57,95.63,0,Vasco da Gama 1-1 Chapecoense,2026-02-05
Fluminense,2.26,1.52,0.74,2.26,1.48,0.78,0.0,0.04,-0.04,2.26,1.52,0.74,,,,,,1,1,0,-0.74,57.3,53.47,,,48.9,0.8,0.66,262,15,13,19,16.25,28.79,10.55,6,2,11,4,13,131.1,53.69,28.67,22.14,95.77,43.3,1,Bahia 1-1 Fluminense,2026-02-05
Bahia,1.52,2.26,-0.74,1.48,2.26,-0.78,0.04,0.0,0.04,1.52,2.26,-0.74,,,,,,1,1,0,0.74,42.7,46.53,,,49.86,0.66,0.8,212,9,19,13,28.79,16.25,16.64,2,6,21,6,12,113.1,46.31,100.8,77.86,125.4,56.7,0,Bahia 1-1 Fluminense,2026-02-05
Botafogo,1.69,3.36,-1.67,1.69,2.35,-0.66,0.0,0.25,-0.25,1.69,2.6,-0.91,,,,,,3,5,-2,-0.33,56.8,49.29,,,43.98,0.57,0.62,205,7,9,14,15.79,22.58,10.83,0,7,10,2,16,71.0,45.84,21.0,17.26,29.04,18.05,0,Grêmio 5-3 Botafogo,2026-02-04
Grêmio,3.36,1.69,1.67,2.35,1.69,0.66,0.25,0.0,0.25,2.6,1.69,0.91,,,,,,5,3,2,0.33,43.2,50.71,,,47.34,0.62,0.57,168,8,14,9,22.58,15.79,10.68,7,0,16,4,13,83.9,54.16,100.67,82.74,131.89,81.95,0,Grêmio 5-3 Botafogo,2026-02-04
Vitória,0.8,2.99,-2.19,0.73,2.61,-1.88,0.07,0.38,-0.31,0.8,2.99,-2.19,,,,,,1,5,-4,-1.81,40.6,46.01,,,48.54,0.49,1.07,157,8,9,17,18.37,15.89,12.57,3,3,15,4,16,48.4,30.21,74.13,73.21,21.44,12.05,4,Palmeiras 5-1 Vitória,2026-02-04
Palmeiras,2.99,0.8,2.19,2.61,0.73,1.88,0.38,0.07,0.31,2.99,0.8,2.19,,,,,,5,1,4,1.81,59.4,53.99,,,47.67,1.07,0.49,211,16,17,9,15.89,18.37,7.74,3,3,18,6,13,111.8,69.79,27.13,26.79,156.52,87.95,0,Palmeiras 5-1 Vitória,2026-02-04
Mirassol,1.88,1.52,0.36,1.85,0.82,1.03,0.03,0.7,-0.67,1.88,1.52,0.36,,,,,,2,2,0,-0.36,62.8,52.84,,,46.24,0.88,0.53,206,14,8,18,9.09,33.96,7.45,2,11,22,4,9,87.1,51.42,5.53,5.52,39.47,17.92,2,Remo 2-2 Mirassol,2026-02-04
Remo,1.52,1.88,-0.36,0.82,1.85,-1.03,0.7,0.03,0.67,1.52,1.88,-0.36,,,,,,2,2,0,0.36,37.2,47.16,,,52.14,0.53,0.88,179,10,18,8,33.96,9.09,9.64,11,2,10,4,15,82.3,48.58,94.67,94.48,180.8,82.08,6,Remo 2-2 Mirassol,2026-02-04
São Paulo,1.15,1.17,-0.02,1.15,1.04,0.11,0.0,0.13,-0.13,1.15,1.17,-0.02,,,,,,1,1,0,0.02,49.0,45.39,,,47.51,0.92,0.38,195,19,9,12,9.78,31.58,9.0,2,3,14,4,21,91.5,48.21,38.53,41.55,75.9,41.64,1,Santos 1-1 São Paulo,2026-02-04
Santos,1.17,1.15,0.02,1.04,1.15,-0.11,0.13,0.0,0.13,1.17,1.15,0.02,,,,,,1,1,0,-0.02,51.0,54.61,,,50.61,0.38,0.92,242,6,12,9,31.58,9.78,8.95,3,2,27,7,15,98.3,51.79,54.2,58.45,106.37,58.36,0,Santos 1-1 São Paulo,2026-02-04
Atlético Mineiro,0.51,1.26,-0.75,0.43,0.5,-0.07,0.08,0.76,-0.68,0.51,1.26,-0.75,,,,,,0,1,-1,-0.25,52.0,49.11,,,47.07,0.34,1.1,209,8,11,19,32.35,17.27,12.4,5,8,20,12,8,74.4,37.9,52.87,41.35,51.67,25.47,1,RB Bragantino 1-0 Atlético Mineiro,2026-02-04
RB Bragantino,1.26,0.51,0.75,0.5,0.43,0.07,0.76,0.08,0.68,1.26,0.51,0.75,,,,,,1,0,1,0.25,48.0,50.89,,,48.52,1.1,0.34,199,12,19,11,17.27,32.35,11.76,8,5,18,6,14,121.9,62.1,75.0,58.65,151.2,74.53,0,RB Bragantino 1-0 Atlético Mineiro,2026-02-04
Internacional,0.94,1.85,-0.91,0.94,0.96,-0.02,0.0,0.14,-0.14,0.94,1.09,-0.15,,,,,,1,1,0,0.91,35.1,28.33,,,44.11,0.32,1.36,130,6,9,18,28.12,13.24,14.19,4,7,8,3,18,15.1,5.99,96.33,89.58,32.57,17.83,0,Flamengo 1-1 Internacional,2026-02-04
Flamengo,1.85,0.94,0.91,0.96,0.94,0.02,0.14,0.0,0.14,1.09,0.94,0.15,,,,,,1,1,0,-0.91,64.9,71.67,,,54.41,1.36,0.32,404,15,18,9,13.24,28.12,5.82,7,4,34,4,20,236.8,94.01,11.2,10.42,150.13,82.17,0,Flamengo 1-1 Internacional,2026-02-04
Cruzeiro,2.0,1.38,0.62,1.56,1.38,0.18,0.44,0.0,0.44,2.0,1.38,0.62,,,,,,0,4,-4,-4.62,54.3,54.1,,,49.75,0.92,0.36,237,18,17,10,18.48,27.78,11.17,7,4,15,7,12,116.5,63.56,46.53,46.72,93.77,52.08,0,Botafogo 4-0 Cruzeiro,2026-01-29
Botafogo,1.38,2.0,-0.62,1.38,1.56,-0.18,0.0,0.44,-0.44,1.38,2.0,-0.62,,,,,,4,0,4,4.62,45.7,45.9,,,45.59,0.36,0.92,176,9,10,17,27.78,18.48,14.46,4,7,16,3,10,66.8,36.44,53.07,53.28,86.29,47.92,0,Botafogo 4-0 Cruzeiro,2026-01-29
Vasco da Gama,0.78,0.69,0.09,0.71,0.51,0.2,0.08,0.18,-0.1,0.78,0.69,0.09,,,,,,1,2,-1,-1.09,52.2,56.54,,,46.48,0.51,0.45,238,10,13,14,25.49,31.11,11.52,5,6,22,5,10,128.1,65.79,58.07,47.34,134.27,76.04,0,Mirassol 2-1 Vasco da Gama,2026-01-29
Mirassol,0.69,0.78,-0.09,0.51,0.71,-0.2,0.18,0.08,0.1,0.69,0.78,-0.09,,,,,,2,1,1,1.09,47.8,43.46,,,43.3,0.45,0.51,182,8,14,13,31.11,25.49,10.78,6,5,21,5,16,66.6,34.21,64.6,52.66,42.3,23.96,1,Mirassol 2-1 Vasco da Gama,2026-01-29
Flamengo,2.45,0.99,1.46,2.4,0.99,1.41,0.05,0.0,0.05,2.45,0.99,1.46,,,,,,1,2,-1,-2.46,59.6,69.75,,,50.99,0.61,0.34,307,17,15,10,24.59,29.41,9.24,7,2,20,6,11,170.7,80.59,44.4,35.77,139.5,74.35,0,São Paulo 2-1 Flamengo,2026-01-28
São Paulo,0.99,2.45,-1.46,0.99,2.4,-1.41,0.0,0.05,-0.05,0.99,2.45,-1.46,,,,,,2,1,1,2.46,40.4,30.25,,,39.2,0.34,0.61,111,5,10,15,29.41,24.59,11.58,2,7,11,2,14,41.1,19.41,79.73,64.23,48.13,25.65,0,São Paulo 2-1 Flamengo,2026-01-28
Santos,1.49,1.66,-0.17,1.11,0.53,0.58,0.38,0.37,0.01,1.49,0.9,0.59,,,,,,2,4,-2,-1.83,66.6,80.64,,,56.94,0.79,0.16,399,18,25,8,31.65,50.0,13.45,5,3,39,14,5,289.4,93.99,18.67,16.38,233.37,84.15,0,Chapecoense 4-2 Santos,2026-01-28
Chapecoense,1.66,1.49,0.17,0.53,1.11,-0.58,0.37,0.38,-0.01,0.9,1.49,-0.59,,,,,,4,2,2,1.83,33.4,19.36,,,42.18,0.16,0.79,103,4,8,25,50.0,31.65,23.47,3,5,6,1,10,18.5,6.01,95.33,83.62,43.97,15.85,0,Chapecoense 4-2 Santos,2026-01-28
Bahia,2.09,1.89,0.2,1.28,1.57,-0.29,0.06,0.32,-0.26,1.33,1.89,-0.56,,,,,,2,1,1,0.8,43.0,43.87,,,49.23,0.24,0.85,192,5,11,17,45.83,20.0,11.35,2,4,12,6,14,58.0,30.04,90.73,76.42,90.13,55.52,2,Corinthians 1-2 Bahia,2026-01-28
Corinthians,1.89,2.09,-0.2,1.57,1.28,0.29,0.32,0.06,0.26,1.89,1.33,0.56,,,,,,1,2,-1,-0.8,57.0,56.13,,,50.36,0.85,0.24,265,20,17,11,20.0,45.83,7.57,4,2,17,4,14,135.1,69.96,28.0,23.58,72.2,44.48,0,Corinthians 1-2 Bahia,2026-01-28
Grêmio,1.88,2.11,-0.23,1.74,2.03,-0.29,0.14,0.08,0.06,1.88,2.11,-0.23,,,,,,1,2,-1,-0.77,48.7,55.12,,,49.4,0.8,0.64,244,15,12,10,15.0,15.62,13.77,3,3,20,6,13,125.6,59.61,55.27,47.73,84.63,49.25,3,Fluminense 2-1 Grêmio,2026-01-28
Fluminense,2.11,1.88,0.23,2.03,1.74,0.29,0.08,0.14,-0.06,2.11,1.88,0.23,,,,,,2,1,1,0.77,51.3,44.88,,,50.6,0.64,0.8,280,12,10,12,15.62,15.0,10.62,3,3,8,3,13,85.1,40.39,60.53,52.27,87.2,50.75,0,Fluminense 2-1 Grêmio,2026-01-28
Remo,1.24,2.89,-1.65,1.19,2.29,-1.1,0.05,0.6,-0.55,1.24,2.89,-1.65,,,,,,0,2,-2,-0.35,56.9,47.3,,,48.1,0.56,0.95,205,8,13,20,23.21,21.05,9.0,2,2,20,1,17,66.0,34.66,19.07,21.3,36.8,17.97,0,Vitória 2-0 Remo,2026-01-28
Vitória,2.89,1.24,1.65,2.29,1.19,1.1,0.6,0.05,0.55,2.89,1.24,1.65,,,,,,2,0,2,0.35,43.1,52.7,,,48.65,0.95,0.56,154,13,20,13,21.05,23.21,10.67,2,2,11,4,13,124.4,65.34,70.47,78.7,168.0,82.03,0,Vitória 2-0 Remo,2026-01-28
RB Bragantino,3.19,0.41,2.78,3.1,0.41,2.69,0.09,0.0,0.09,3.19,0.41,2.78,,,,,,1,0,1,-1.78,71.4,77.93,,,53.8,1.3,0.24,299,14,30,8,23.08,33.33,6.39,2,5,28,5,19,264.2,95.62,7.93,9.17,202.4,90.88,0,Coritiba 0-1 RB Bragantino,2026-01-28
Coritiba,0.41,3.19,-2.78,0.41,3.1,-2.69,0.0,0.09,-0.09,0.41,3.19,-2.78,,,,,,0,1,-1,1.78,28.6,22.07,,,40.68,0.24,1.3,69,3,8,30,33.33,23.08,10.2,5,2,6,1,9,12.1,4.38,78.53,90.83,20.3,9.12,2,Coritiba 0-1 RB Bragantino,2026-01-28
Athletico Paranaense,1.4,2.75,-1.35,1.4,2.08,-0.68,0.0,0.67,-0.67,1.4,2.75,-1.35,,,,,,1,0,1,2.35,29.8,25.0,,,46.25,0.35,1.16,116,6,6,19,17.14,16.38,16.66,3,6,7,1,11,10.7,4.61,152.07,99.13,86.53,52.46,1,Internacional 0-1 Athletico Paranaense,2026-01-28
Internacional,2.75,1.4,1.35,2.08,1.4,0.68,0.67,0.0,0.67,2.75,1.4,1.35,,,,,,0,1,-1,-2.35,70.2,75.0,,,53.61,1.16,0.35,404,24,19,6,16.38,17.14,6.13,6,3,36,13,13,221.6,95.39,1.33,0.87,78.4,47.54,1,Internacional 0-1 Athletico Paranaense,2026-01-28
Palmeiras,2.03,0.91,1.12,1.47,0.91,0.56,0.56,0.0,0.56,2.03,0.91,1.12,,,,,,2,2,0,-1.12,47.3,43.88,,,44.08,0.61,0.32,135,9,14,15,22.95,46.88,8.18,1,3,22,7,20,81.6,44.35,53.47,54.23,93.13,58.56,0,Atlético Mineiro 2-2 Palmeiras,2026-01-28
Atlético Mineiro,0.91,2.03,-1.12,0.91,1.47,-0.56,0.0,0.56,-0.56,0.91,2.03,-1.12,,,,,,2,2,0,1.12,52.7,56.12,,,48.56,0.32,0.61,198,7,15,14,46.88,22.95,6.93,3,1,13,5,14,102.4,55.65,45.13,45.77,65.9,41.44,0,Atlético Mineiro 2-2 Palmeiras,2026-01-28
