Team,xG,xGA,xGD,Open Play xG,Open Play xGA,Open Play xGD,Set Piece xG,Set Piece xGA,Set Piece xGD,npxG,npxGA,npxGD,xG within 5s of Crosses,xGA within 5s of Crosses,xG within 15s of Set Pieces,xGA within 15s of Set Pieces,xGD within 15s of Set Pieces,Goals,Goals Conceded,GD,GD-xGD,Possession,Field Tilt,Vertical Tendency,Opponent Vertical Tendency,Avg Pass Height,xT,xT Against,Passes in Opposition Half,Passes into Box,Shots,Shots Faced,Shots per 1.0 xT,Shots Faced per 1.0 xT Against,PPDA,High Recoveries,High Recoveries Against,Crosses,Corners,Fouls,On-Ball Pressure,On-Ball Pressure Share,Off-Ball Pressure,Off-Ball Pressure Share,Game Control,Game Control Share,Throw-Ins into the Box,Match,Date
CRB,0.67,2.35,-1.68,0.44,2.18,-1.74,0.23,0.17,0.06,0.67,2.35,-1.68,0.25,0.04,0.34,0.31,0.03,1,0,1,2.68,49.40,43.21,18.8,17.4,44.69,0.71,1.1,215,10,18,23,25.35,20.91,11.86,2,7,8,2,15,105.5,43.99,47.4,45.0,97.7,49.97,0,Avaí 0-1 CRB,2026-08-11
Avaí,2.35,0.67,1.68,2.18,0.44,1.74,0.17,0.23,-0.06,2.35,0.67,1.68,0.04,0.25,0.31,0.34,-0.03,0,1,-1,-2.68,50.60,56.79,17.4,18.8,50.28,1.1,0.71,289,16,23,18,20.91,25.35,9.41,7,2,28,14,20,134.3,56.01,57.93,55.0,97.83,50.03,2,Avaí 0-1 CRB,2026-08-11
Londrina,1.17,1.66,-0.49,0.77,1.53,-0.76,0.4,0.14,0.26,1.17,1.66,-0.49,0.83,0.16,0.48,0.15,0.33,0,1,-1,-0.51,45.7,48.57,18.9,17.7,51.36,1.1,0.99,262,12,16,14,14.55,14.14,17.5,3,5,31,8,12,115.4,46.27,93.53,67.75,99.73,47.5,0,Goiás 1-0 Londrina,2026-08-10
Goiás,1.66,1.17,0.49,1.53,0.77,0.76,0.14,0.4,-0.26,1.66,1.17,0.49,0.16,0.83,0.15,0.48,-0.33,1,0,1,0.51,54.3,51.43,17.7,18.9,49.67,0.99,1.1,304,14,14,16,14.14,14.55,11.93,5,3,25,5,9,134.0,53.73,44.53,32.25,110.23,52.5,0,Goiás 1-0 Londrina,2026-08-10
Fortaleza,1.09,1.7,-0.61,0.33,1.57,-1.24,0.0,0.13,-0.13,0.33,1.7,-1.37,0.26,1.35,0.0,0.24,-0.24,1,1,0,0.61,43.5,36.66,17.1,16.7,47.38,0.36,2.09,192,4,5,16,13.89,7.66,14.92,0,5,12,3,10,56.9,24.18,78.07,57.97,37.77,20.14,0,Cuiabá 1-1 Fortaleza,2026-08-09
Cuiabá,1.7,1.09,0.61,1.57,0.33,1.24,0.13,0.0,0.13,1.7,0.33,1.37,1.35,0.26,0.24,0.0,0.24,1,1,0,-0.61,56.5,63.34,16.7,17.1,51.29,2.09,0.36,280,18,16,5,7.66,13.89,11.86,5,0,40,3,11,178.4,75.82,56.6,42.03,149.8,79.86,0,Cuiabá 1-1 Fortaleza,2026-08-09
Atlético Goianiense,1.45,1.84,-0.39,1.31,1.58,-0.27,0.14,0.26,-0.12,1.45,1.84,-0.39,0.75,0.84,0.15,1.1,-0.95,1,1,0,0.39,57.5,54.75,18.2,15.9,48.43,0.89,1.0,214,10,17,16,19.1,16.0,7.15,0,8,25,5,15,115.2,61.34,16.27,18.56,79.9,42.77,0,Náutico 1-1 Atlético Goianiense,2026-08-09
Náutico,1.84,1.45,0.39,1.58,1.31,0.27,0.26,0.14,0.12,1.84,1.45,0.39,0.84,0.75,1.1,0.15,0.95,1,1,0,-0.39,42.5,45.25,15.9,18.2,47.72,1.0,0.89,145,13,16,17,16.0,19.1,7.23,8,0,20,5,16,72.6,38.66,71.4,81.44,106.93,57.23,2,Náutico 1-1 Atlético Goianiense,2026-08-09
Juventude,0.8,1.12,-0.32,0.55,0.78,-0.23,0.25,0.33,-0.08,0.8,1.12,-0.32,0.0,0.4,0.25,0.42,-0.17,1,0,1,1.32,46.7,46.03,19.7,30.7,43.57,0.54,0.7,145,9,10,15,18.52,21.43,9.94,2,8,14,6,17,84.2,43.97,47.73,57.55,103.43,51.48,2,Novorizontino 0-1 Juventude,2026-08-09
Novorizontino,1.12,0.8,0.32,0.78,0.55,0.23,0.33,0.25,0.08,1.12,0.8,0.32,0.4,0.0,0.42,0.25,0.17,0,1,-1,-1.32,53.3,53.97,30.7,19.7,50.77,0.7,0.54,204,12,15,10,21.43,18.52,7.31,8,2,29,8,19,107.3,56.03,35.2,42.45,97.5,48.52,4,Novorizontino 0-1 Juventude,2026-08-09
Criciúma,1.47,0.62,0.85,1.18,0.62,0.56,0.29,0.0,0.29,1.47,0.62,0.85,0.21,0.21,0.24,0.0,0.24,0,2,-2,-2.85,64.4,62.64,11.9,21.4,46.95,0.96,0.54,261,13,13,7,13.54,12.96,9.18,2,5,32,6,9,130.7,74.73,12.33,9.48,80.87,34.86,3,Athletic Club MG 2-0 Criciúma,2026-08-09
Athletic Club MG,0.62,1.47,-0.85,0.62,1.18,-0.56,0.0,0.29,-0.29,0.62,1.47,-0.85,0.21,0.21,0.0,0.24,-0.24,2,0,2,2.85,35.6,37.36,21.4,11.9,42.8,0.54,0.96,108,6,7,13,12.96,13.54,15.89,5,2,12,5,14,44.2,25.27,117.73,90.52,151.1,65.14,0,Athletic Club MG 2-0 Criciúma,2026-08-09
América Mineiro,0.85,1.19,-0.34,0.76,1.19,-0.43,0.1,0.0,0.1,0.85,1.19,-0.34,0.0,0.59,0.1,0.11,-0.01,1,2,-1,-0.66,54.9,50.54,26.3,25.0,46.84,0.59,0.64,193,9,9,15,15.25,23.44,7.16,2,2,26,9,21,62.6,41.0,24.4,27.44,50.23,31.37,1,Botafogo SP 2-1 América Mineiro,2026-08-08
Botafogo SP,1.19,0.85,0.34,1.19,0.76,0.43,0.0,0.1,-0.1,1.19,0.85,0.34,0.59,0.0,0.11,0.1,0.01,2,1,1,0.66,45.1,49.46,25.0,26.3,48.78,0.64,0.59,170,8,15,9,23.44,15.25,7.84,2,2,17,4,16,90.1,59.0,64.53,72.56,109.87,68.63,1,Botafogo SP 2-1 América Mineiro,2026-08-08
Sport Recife,0.26,0.81,-0.55,0.26,0.67,-0.41,0.0,0.15,-0.15,0.26,0.81,-0.55,0.0,0.08,0.08,0.18,-0.1,1,0,1,1.55,38.4,30.0,18.2,19.3,41.05,0.14,0.81,112,1,5,17,35.71,20.99,10.61,2,8,9,2,19,9.6,5.1,67.6,72.01,36.47,26.6,3,Vila Nova 0-1 Sport Recife,2026-08-08
Vila Nova,0.81,0.26,0.55,0.67,0.26,0.41,0.15,0.0,0.15,0.81,0.26,0.55,0.08,0.0,0.18,0.08,0.1,0,1,-1,-1.55,61.6,70.0,19.3,18.2,54.39,0.81,0.14,296,20,17,5,20.99,35.71,6.17,8,2,45,15,11,178.8,94.9,26.27,27.99,100.63,73.4,3,Vila Nova 0-1 Sport Recife,2026-08-08
Ponte Preta,1.45,2.66,-1.21,1.21,2.56,-1.35,0.24,0.09,0.15,1.45,2.66,-1.21,0.0,0.08,0.25,0.17,0.08,0,2,-2,-0.79,31.3,33.48,13.9,20.2,45.7,0.22,0.5,89,3,7,20,31.82,40.0,12.03,6,5,6,2,16,9.5,5.72,125.07,94.08,30.13,21.32,0,Ceará 2-0 Ponte Preta,2026-08-07
Ceará,2.66,1.45,1.21,2.56,1.21,1.35,0.09,0.24,-0.15,2.66,1.45,1.21,0.08,0.0,0.17,0.25,-0.08,2,0,2,0.79,68.7,66.52,20.2,13.9,49.15,0.5,0.22,256,11,20,7,40.0,31.82,5.89,5,6,11,3,12,156.5,94.28,7.87,5.92,111.2,78.68,0,Ceará 2-0 Ponte Preta,2026-08-07
São Bernardo,2.56,1.69,0.87,2.39,1.68,0.71,0.17,0.01,0.16,2.56,1.69,0.87,1.11,0.21,0.78,0.89,-0.11,3,1,2,1.13,36.8,23.62,21.1,14.1,41.46,0.78,0.56,102,15,15,22,19.23,39.29,15.29,5,4,8,3,15,42.3,18.28,122.53,88.58,99.13,50.93,0,Operário PR 1-3 São Bernardo,2026-08-07
Operário PR,1.69,2.56,-0.87,1.68,2.39,-0.71,0.01,0.17,-0.16,1.69,2.56,-0.87,0.21,1.11,0.89,0.78,0.11,1,3,-2,-1.13,63.2,76.38,14.1,21.1,51.73,0.56,0.78,348,13,22,15,39.29,19.23,7.09,4,5,41,7,19,189.1,81.72,15.8,11.42,95.5,49.07,4,Operário PR 1-3 São Bernardo,2026-08-07
Botafogo SP,0.35,2.14,-1.79,0.24,1.27,-1.03,0.11,0.86,-0.75,0.35,2.14,-1.79,0.06,1.01,0.12,1.05,-0.93,0,1,-1,0.79,46.6,42.69,23.6,11.0,43.58,0.36,0.66,143,13,9,18,25.0,27.27,10.94,4,3,11,6,18,59.8,31.06,61.67,63.4,53.9,33.0,2,Fortaleza 1-0 Botafogo SP,2026-07-28
Fortaleza,2.14,0.35,1.79,1.27,0.24,1.03,0.86,0.11,0.75,2.14,0.35,1.79,1.01,0.06,1.05,0.12,0.93,1,0,1,-0.79,53.4,57.31,11.0,23.6,48.27,0.66,0.36,211,18,18,9,27.27,25.0,9.26,3,4,24,10,13,132.7,68.94,35.6,36.6,109.43,67.0,3,Fortaleza 1-0 Botafogo SP,2026-07-28
Avaí,0.21,1.03,-0.82,0.18,0.98,-0.8,0.03,0.05,-0.02,0.21,1.03,-0.82,0.04,0.14,0.16,0.11,0.05,0,1,-1,-0.18,46.1,49.45,33.9,20.3,49.3,0.32,1.14,144,9,10,11,31.25,9.65,7.21,1,4,12,3,19,38.5,31.74,32.33,76.38,46.23,40.36,10,Juventude 1-0 Avaí,2026-07-28
Juventude,1.03,0.21,0.82,0.98,0.18,0.8,0.05,0.03,0.02,1.03,0.21,0.82,0.14,0.04,0.11,0.16,-0.05,1,0,1,0.18,53.9,50.55,20.3,33.9,47.43,1.14,0.32,132,17,11,10,9.65,31.25,6.68,4,1,20,3,10,82.8,68.26,10.0,23.62,68.3,59.64,1,Juventude 1-0 Avaí,2026-07-28
Athletic Club MG,2.0,1.25,0.75,1.24,1.25,-0.01,0.0,0.0,0.0,1.24,1.25,-0.01,0.55,0.67,0.35,0.15,0.2,1,1,0,-0.75,46.6,43.75,21.9,24.0,45.91,0.88,0.48,130,12,12,14,13.64,29.17,7.49,4,7,23,1,18,65.2,42.28,48.6,53.48,64.23,39.54,0,Ponte Preta 1-1 Athletic Club MG,2026-07-28
Ponte Preta,1.25,2.0,-0.75,1.25,1.24,0.01,0.0,0.0,0.0,1.25,1.24,0.01,0.67,0.55,0.15,0.35,-0.2,1,1,0,0.75,53.4,56.25,24.0,21.9,47.96,0.48,0.88,170,5,14,12,29.17,13.64,5.37,7,4,14,1,21,89.0,57.72,42.27,46.52,98.2,60.46,0,Ponte Preta 1-1 Athletic Club MG,2026-07-28
Vila Nova,0.48,2.48,-2.0,0.42,2.01,-1.59,0.06,0.47,-0.41,0.48,2.48,-2.0,0.19,0.04,0.12,1.19,-1.07,0,2,-2,0.0,56.1,57.51,16.7,22.2,48.32,0.57,0.46,242,12,11,22,19.3,47.83,10.97,4,4,24,5,14,87.3,46.34,29.27,27.98,37.33,17.15,1,CRB 2-0 Vila Nova,2026-07-27
CRB,2.48,0.48,2.0,2.01,0.42,1.59,0.47,0.06,0.41,2.48,0.48,2.0,0.04,0.19,1.19,0.12,1.07,2,0,2,0.0,43.9,42.49,22.2,16.7,44.92,0.46,0.57,163,11,22,11,47.83,19.3,11.51,4,4,12,6,11,101.1,53.66,75.33,72.02,180.3,82.85,0,CRB 2-0 Vila Nova,2026-07-27
Cuiabá,0.74,0.68,0.06,0.49,0.65,-0.16,0.26,0.03,0.23,0.74,0.68,0.06,0.18,0.46,0.29,0.1,0.19,1,1,0,-0.06,33.2,40.13,25.0,24.0,52.19,0.5,0.88,151,8,10,17,20.0,19.32,15.39,5,5,32,11,10,84.7,38.82,120.13,84.92,141.8,59.06,1,Sport Recife 1-1 Cuiabá,2026-07-27
Sport Recife,0.68,0.74,-0.06,0.65,0.49,0.16,0.03,0.26,-0.23,0.68,0.74,-0.06,0.46,0.18,0.1,0.29,-0.19,1,1,0,0.06,66.8,59.87,24.0,25.0,49.08,0.88,0.5,268,9,17,10,19.32,20.0,7.07,5,5,29,8,11,133.5,61.18,21.33,15.08,98.3,40.94,2,Sport Recife 1-1 Cuiabá,2026-07-27
Operário PR,2.37,1.85,0.52,1.61,1.83,-0.22,0.0,0.02,-0.02,1.61,1.85,-0.24,0.18,0.69,0.17,0.11,0.06,1,3,-2,-2.52,52.7,50.49,16.0,28.9,49.13,0.54,0.77,249,8,16,16,29.63,20.78,12.89,3,7,15,2,13,87.3,48.15,41.87,37.83,43.9,23.33,5,Atlético Goianiense 3-1 Operário PR,2026-07-27
Atlético Goianiense,1.85,2.37,-0.52,1.83,1.61,0.22,0.02,0.0,0.02,1.85,1.61,0.24,0.69,0.18,0.11,0.17,-0.06,3,1,2,2.52,47.3,49.51,28.9,16.0,46.79,0.77,0.54,191,11,16,16,20.78,29.63,13.17,7,3,20,3,14,94.0,51.85,68.8,62.17,144.23,76.67,0,Atlético Goianiense 3-1 Operário PR,2026-07-27
Novorizontino,1.55,2.34,-0.79,1.51,2.24,-0.73,0.04,0.1,-0.06,1.55,2.34,-0.79,0.74,0.83,0.05,0.38,-0.33,4,1,3,3.79,45.3,55.17,19.4,23.3,52.42,0.92,0.83,223,13,11,21,11.96,25.3,16.0,2,3,25,10,11,113.5,51.47,87.53,77.46,165.1,85.18,3,Londrina 1-4 Novorizontino,2026-07-26
Londrina,2.34,1.55,0.79,2.24,1.51,0.73,0.1,0.04,0.06,2.34,1.55,0.79,0.83,0.74,0.38,0.05,0.33,1,4,-3,-3.79,54.7,44.83,23.3,19.4,47.46,0.83,0.92,221,12,21,11,25.3,11.96,16.44,3,2,30,5,10,107.0,48.53,25.47,22.54,28.73,14.82,1,Londrina 1-4 Novorizontino,2026-07-26
Goiás,2.63,0.19,2.44,1.33,0.19,1.14,0.54,0.0,0.54,1.87,0.19,1.68,0.83,0.0,0.55,0.04,0.51,0,1,-1,-3.44,65.4,64.26,17.9,16.7,48.52,0.84,0.1,337,12,18,5,21.43,50.0,9.22,2,3,28,10,10,168.7,87.18,18.27,12.57,95.33,58.46,0,América Mineiro 1-0 Goiás,2026-07-26
América Mineiro,0.19,2.63,-2.44,0.19,1.33,-1.14,0.0,0.54,-0.54,0.19,1.87,-1.68,0.0,0.83,0.04,0.55,-0.51,1,0,1,3.44,34.6,35.74,16.7,17.9,45.21,0.1,0.84,149,5,5,18,50.0,21.43,22.96,3,2,11,2,11,24.8,12.82,127.07,87.43,67.73,41.54,4,América Mineiro 1-0 Goiás,2026-07-26
Náutico,1.21,1.78,-0.57,0.97,1.03,-0.06,0.23,0.75,-0.52,1.21,1.78,-0.57,0.61,0.61,0.29,1.12,-0.83,0,0,0,0.57,45.5,45.95,15.7,26.4,47.42,0.12,1.04,158,8,12,16,100.0,15.38,7.8,5,2,17,4,18,82.9,37.12,62.13,84.04,101.97,48.3,6,Criciúma 0-0 Náutico,2026-07-26
Criciúma,1.78,1.21,0.57,1.03,0.97,0.06,0.75,0.23,0.52,1.78,1.21,0.57,0.61,0.61,1.12,0.29,0.83,0,0,0,-0.57,54.5,54.05,26.4,15.7,47.98,1.04,0.12,190,15,16,12,15.38,100.0,5.87,2,5,31,7,18,140.4,62.88,11.8,15.96,109.13,51.7,0,Criciúma 0-0 Náutico,2026-07-26
Ceará,1.1,1.64,-0.54,1.07,1.28,-0.21,0.03,0.36,-0.33,1.1,1.64,-0.54,0.31,0.0,0.13,0.52,-0.39,4,3,1,1.54,46.2,43.22,26.9,12.0,45.45,0.66,0.58,165,9,17,19,25.76,32.76,9.49,5,6,18,3,20,80.2,40.71,54.2,54.27,96.67,42.29,0,São Bernardo 3-4 Ceará,2026-07-26
São Bernardo,1.64,1.1,0.54,1.28,1.07,0.21,0.36,0.03,0.33,1.64,1.1,0.54,0.0,0.31,0.52,0.13,0.39,3,4,-1,-1.54,53.8,56.78,12.0,26.9,48.05,0.58,0.66,230,17,19,17,32.76,25.76,9.06,6,5,23,10,13,116.8,59.29,45.67,45.73,131.93,57.71,1,São Bernardo 3-4 Ceará,2026-07-26
Juventude,0.84,2.24,-1.4,0.51,2.1,-1.59,0.32,0.15,0.17,0.84,2.24,-1.4,0.24,0.74,0.64,1.34,-0.7,2,4,-2,-0.6,62.0,53.26,18.2,25.5,47.53,0.59,0.42,207,19,15,13,25.42,30.95,5.02,3,2,27,9,16,97.3,56.64,6.67,7.45,43.36,21.76,2,Botafogo SP 4-2 Juventude,2026-07-23
Botafogo SP,2.24,0.84,1.4,2.1,0.51,1.59,0.15,0.32,-0.17,2.24,0.84,1.4,0.74,0.24,1.34,0.64,0.7,4,2,2,0.6,38.0,46.74,25.5,18.2,48.98,0.42,0.59,134,10,13,15,30.95,25.42,9.18,2,3,17,4,22,74.5,43.36,82.87,92.55,155.92,78.24,0,Botafogo SP 4-2 Juventude,2026-07-23
Atlético Goianiense,0.64,0.5,0.14,0.64,0.27,0.37,0.0,0.23,-0.23,0.64,0.5,0.14,0.58,0.23,0.48,0.21,0.27,1,0,1,0.86,44.4,43.2,29.1,19.5,46.94,0.41,0.54,169,8,6,14,14.63,25.93,10.05,3,1,16,2,17,49.1,32.41,65.13,73.34,70.93,54.15,2,Cuiabá 0-1 Atlético Goianiense,2026-07-23
Cuiabá,0.5,0.64,-0.14,0.27,0.64,-0.37,0.23,0.0,0.23,0.5,0.64,-0.14,0.23,0.58,0.21,0.48,-0.27,0,1,-1,-0.86,55.6,56.8,19.5,29.1,47.74,0.54,0.41,213,13,14,6,25.93,14.63,10.06,1,3,39,8,10,102.4,67.59,23.67,26.66,60.07,45.85,4,Cuiabá 0-1 Atlético Goianiense,2026-07-23
São Bernardo,1.88,0.94,0.94,1.31,0.94,0.37,0.57,0.0,0.57,1.88,0.94,0.94,0.51,0.06,0.72,0.06,0.66,1,2,-1,-1.94,61.0,61.29,19.4,23.1,46.25,0.59,0.32,229,11,21,10,35.59,31.25,12.54,2,3,25,7,7,163.0,74.16,11.8,11.0,110.27,54.86,1,Athletic Club MG 2-1 São Bernardo,2026-07-23
Athletic Club MG,0.94,1.88,-0.94,0.94,1.31,-0.37,0.0,0.57,-0.57,0.94,1.88,-0.94,0.06,0.51,0.06,0.72,-0.66,2,1,1,1.94,39.0,38.71,23.1,19.4,44.41,0.32,0.59,138,7,10,21,31.25,35.59,15.43,3,2,10,2,17,56.8,25.84,95.47,89.0,90.73,45.14,1,Athletic Club MG 2-1 São Bernardo,2026-07-23
Londrina,0.91,1.91,-1.0,0.8,1.12,-0.32,0.11,0.03,0.08,0.91,1.15,-0.24,0.65,0.76,0.57,0.51,0.06,1,2,-1,-0.0,48.7,43.56,21.8,27.0,44.51,0.39,0.83,131,7,11,17,28.21,20.48,7.65,5,3,28,7,21,76.6,37.79,29.33,41.54,54.63,27.38,0,Náutico 2-1 Londrina,2026-07-22
Náutico,1.91,0.91,1.0,1.12,0.8,0.32,0.03,0.11,-0.08,1.15,0.91,0.24,0.76,0.65,0.51,0.57,-0.06,2,1,1,0.0,51.3,56.44,27.0,21.8,51.97,0.83,0.39,199,13,17,11,20.48,28.21,6.02,3,5,23,8,18,126.1,62.21,41.27,58.46,144.93,72.62,0,Náutico 2-1 Londrina,2026-07-22
Sport Recife,0.32,0.96,-0.64,0.3,0.89,-0.59,0.02,0.07,-0.05,0.32,0.96,-0.64,0.18,0.61,0.04,0.22,-0.18,1,1,0,0.64,43.1,26.21,6.6,19.1,43.47,0.12,0.81,155,5,6,15,50.0,18.52,11.97,2,9,8,2,11,45.2,15.49,68.33,57.94,36.93,18.84,0,Goiás 1-1 Sport Recife,2026-07-22
Goiás,0.96,0.32,0.64,0.89,0.3,0.59,0.07,0.02,0.05,0.96,0.32,0.64,0.61,0.18,0.22,0.04,0.18,1,1,0,-0.64,56.9,73.79,19.1,6.6,54.94,0.81,0.12,361,14,15,6,18.52,50.0,8.16,9,2,38,9,15,246.6,84.51,49.6,42.06,159.1,81.16,2,Goiás 1-1 Sport Recife,2026-07-22
CRB,1.23,0.81,0.42,0.47,0.67,-0.2,0.0,0.14,-0.14,0.47,0.81,-0.34,0.05,0.04,0.11,0.29,-0.18,1,0,1,0.58,47.0,41.97,21.2,32.7,44.89,0.41,0.59,176,6,12,20,29.27,33.9,9.65,3,10,9,1,14,91.4,40.32,59.93,51.55,87.93,46.0,1,Ceará 0-1 CRB,2026-07-22
Ceará,0.81,1.23,-0.42,0.67,0.47,0.2,0.14,0.0,0.14,0.81,0.47,0.34,0.04,0.05,0.29,0.11,0.18,0,1,-1,-0.58,53.0,58.03,32.7,21.2,51.57,0.59,0.41,264,12,20,12,33.9,29.27,7.88,10,3,33,7,18,135.3,59.68,56.33,48.45,103.23,54.0,1,Ceará 0-1 CRB,2026-07-22
Ponte Preta,1.21,2.22,-1.01,0.81,1.36,-0.55,0.4,0.86,-0.46,1.21,2.22,-1.01,0.19,1.2,0.86,1.19,-0.33,2,3,-1,0.01,38.5,48.67,21.4,14.3,50.92,0.56,0.97,128,7,11,20,19.64,20.62,7.24,4,1,19,6,21,42.1,32.74,80.07,93.25,95.87,62.55,2,Operário PR 3-2 Ponte Preta,2026-07-22
Operário PR,2.22,1.21,1.01,1.36,0.81,0.55,0.86,0.4,0.46,2.22,1.21,1.01,1.2,0.19,1.19,0.86,0.33,3,2,1,-0.01,61.5,51.33,14.3,21.4,44.97,0.97,0.56,166,13,20,11,20.62,19.64,5.43,1,4,25,6,18,86.5,67.26,5.8,6.75,57.4,37.45,3,Operário PR 3-2 Ponte Preta,2026-07-22
Fortaleza,1.17,1.3,-0.13,0.94,1.24,-0.3,0.22,0.06,0.16,1.17,1.3,-0.13,0.21,0.87,0.22,0.36,-0.14,1,2,-1,-0.87,48.7,40.56,16.7,16.2,42.89,0.35,0.39,137,8,9,10,25.71,25.64,11.36,3,5,16,4,12,51.5,34.61,47.13,45.76,17.93,11.42,1,Vila Nova 2-1 Fortaleza,2026-07-21
Vila Nova,1.3,1.17,0.13,1.24,0.94,0.3,0.06,0.22,-0.16,1.3,1.17,0.13,0.87,0.21,0.36,0.22,0.14,2,1,1,0.87,51.3,59.44,16.2,16.7,49.32,0.39,0.35,199,9,10,9,25.64,25.71,9.19,5,3,15,4,18,97.3,65.39,55.87,54.24,139.13,88.58,5,Vila Nova 2-1 Fortaleza,2026-07-21
América Mineiro,1.3,2.28,-0.98,0.28,1.12,-0.84,1.02,0.4,0.62,1.3,1.52,-0.22,0.03,0.15,1.02,0.4,0.62,1,2,-1,-0.02,50.5,46.64,21.9,28.2,41.82,0.23,0.35,147,6,8,10,34.78,28.57,9.97,3,7,18,3,19,68.4,53.77,44.73,38.3,74.0,48.17,0,Avaí 2-1 América Mineiro,2026-07-21
Avaí,2.28,1.3,0.98,1.12,0.28,0.84,0.4,1.02,-0.62,1.52,1.3,0.22,0.15,0.03,0.4,1.02,-0.62,2,1,1,0.02,49.5,53.36,28.2,21.9,48.37,0.35,0.23,201,4,10,8,28.57,34.78,9.05,7,3,17,3,12,58.8,46.23,72.07,61.7,79.63,51.83,0,Avaí 2-1 América Mineiro,2026-07-21
Criciúma,1.41,1.23,0.18,1.28,0.8,0.48,0.12,0.43,-0.31,1.41,1.23,0.18,0.09,0.23,0.16,0.5,-0.34,1,0,1,0.82,51.7,45.85,22.1,14.3,43.35,0.62,0.77,168,9,10,13,16.13,16.88,11.19,4,5,17,7,10,57.1,38.79,53.53,51.91,69.6,42.55,3,Novorizontino 0-1 Criciúma,2026-07-21
Novorizontino,1.23,1.41,-0.18,0.8,1.28,-0.48,0.43,0.12,0.31,1.23,1.41,-0.18,0.23,0.09,0.5,0.16,0.34,0,1,-1,-0.82,48.3,54.15,14.3,22.1,49.89,0.77,0.62,200,11,13,10,16.88,16.13,10.59,5,4,23,7,14,90.1,61.21,49.6,48.09,93.97,57.45,2,Novorizontino 0-1 Criciúma,2026-07-21
Athletic Club MG,0.38,2.13,-1.75,0.38,1.46,-1.08,0.0,0.67,-0.67,0.38,2.13,-1.75,0.0,0.25,0.03,0.67,-0.64,0,0,0,1.75,46.8,35.29,12.8,20.9,42.39,0.14,0.92,149,1,8,18,57.14,19.57,10.94,4,7,11,1,11,15.1,8.47,36.2,43.41,21.77,10.74,0,Atlético Goianiense 0-0 Athletic Club MG,2026-07-18
Atlético Goianiense,2.13,0.38,1.75,1.46,0.38,1.08,0.67,0.0,0.67,2.13,0.38,1.75,0.25,0.0,0.67,0.03,0.64,0,0,0,-1.75,53.2,64.71,20.9,12.8,51.35,0.92,0.14,257,17,18,8,19.57,57.14,10.85,7,4,28,8,13,163.2,91.53,47.2,56.59,180.87,89.26,4,Atlético Goianiense 0-0 Athletic Club MG,2026-07-18
Operário PR,2.38,4.21,-1.83,1.92,3.6,-1.68,0.46,0.62,-0.16,2.38,4.21,-1.83,0.36,0.96,1.8,2.41,-0.61,2,2,0,1.83,45.4,39.25,17.5,22.8,43.35,0.61,0.73,136,14,16,23,26.23,31.51,11.43,0,6,14,1,8,55.2,30.16,49.87,58.35,69.63,33.87,5,Sport Recife 2-2 Operário PR,2026-07-18
Sport Recife,4.21,2.38,1.83,3.6,1.92,1.68,0.62,0.46,0.16,4.21,2.38,1.83,0.96,0.36,2.41,1.8,0.61,2,2,0,-1.83,54.6,60.75,22.8,17.5,48.3,0.73,0.61,201,12,23,16,31.51,26.23,6.67,6,0,24,7,24,127.8,69.84,35.6,41.65,135.97,66.13,0,Sport Recife 2-2 Operário PR,2026-07-18
Vila Nova,0.48,0.31,0.17,0.45,0.26,0.19,0.03,0.05,-0.02,0.48,0.31,0.17,0.04,0.0,0.03,0.09,-0.06,0,2,-2,-2.17,61.8,55.83,17.9,19.4,45.03,0.43,0.16,178,3,12,9,27.91,56.25,5.53,4,8,10,2,20,78.5,59.38,6.8,7.26,40.87,23.76,0,Criciúma 2-0 Vila Nova,2026-07-18
Criciúma,0.31,0.48,-0.17,0.26,0.45,-0.19,0.05,0.03,0.02,0.31,0.48,-0.17,0.0,0.04,0.09,0.03,0.06,2,0,2,2.17,38.2,44.17,19.4,17.9,45.38,0.16,0.43,113,4,9,12,56.25,27.91,6.94,8,4,16,5,19,53.7,40.62,86.87,92.74,131.13,76.24,1,Criciúma 2-0 Vila Nova,2026-07-18
Goiás,1.01,2.03,-1.02,0.21,0.63,-0.42,0.05,0.65,-0.6,0.25,1.27,-1.02,0.0,0.29,0.11,0.65,-0.54,2,1,1,2.02,54.0,50.36,18.7,27.8,45.88,0.24,0.48,168,11,8,14,33.33,29.17,6.66,5,4,11,2,19,86.7,50.5,29.87,33.26,83.37,50.47,0,Ponte Preta 1-2 Goiás,2026-07-18
Ponte Preta,2.03,1.01,1.02,0.63,0.21,0.42,0.65,0.05,0.6,1.27,0.25,1.02,0.29,0.0,0.65,0.11,0.54,1,2,-1,-2.02,46.0,49.64,27.8,18.7,51.48,0.48,0.24,179,11,14,8,29.17,33.33,7.58,4,5,32,5,20,85.0,49.5,59.93,66.74,81.83,49.53,0,Ponte Preta 1-2 Goiás,2026-07-18
Novorizontino,1.28,2.33,-1.05,0.9,2.09,-1.19,0.38,0.24,0.14,1.28,2.33,-1.05,0.52,0.85,0.59,0.28,0.31,0,1,-1,0.05,62.2,69.75,20.8,16.4,51.98,0.78,0.38,337,17,19,17,24.36,44.74,8.35,7,1,35,6,6,160.6,78.23,19.47,16.97,107.93,53.87,3,Fortaleza 1-0 Novorizontino,2026-07-17
Fortaleza,2.33,1.28,1.05,2.09,0.9,1.19,0.24,0.38,-0.14,2.33,1.28,1.05,0.85,0.52,0.28,0.59,-0.31,1,0,1,-0.05,37.8,30.25,16.4,20.8,41.24,0.38,0.78,110,7,17,19,44.74,24.36,19.78,1,7,11,10,17,44.7,21.77,95.27,83.03,92.43,46.13,1,Fortaleza 1-0 Novorizontino,2026-07-17
Botafogo SP,0.52,1.87,-1.35,0.52,1.46,-0.94,0.0,0.41,-0.41,0.52,1.87,-1.35,0.48,1.17,0.02,1.19,-1.17,0,0,0,1.35,44.3,48.72,12.2,32.6,49.58,0.48,0.68,200,8,5,22,10.42,32.35,10.53,6,5,21,3,18,53.5,29.4,58.13,74.4,59.93,38.24,1,Londrina 0-0 Botafogo SP,2026-07-17
Londrina,1.87,0.52,1.35,1.46,0.52,0.94,0.41,0.0,0.41,1.87,0.52,1.35,1.17,0.48,1.19,0.02,1.17,0,0,0,-1.35,55.7,51.28,32.6,12.2,49.18,0.68,0.48,245,12,22,5,32.35,10.42,7.42,5,6,32,8,9,128.5,70.6,20.0,25.6,96.8,61.76,0,Londrina 0-0 Botafogo SP,2026-07-17
Cuiabá,1.0,0.8,0.2,0.97,0.61,0.36,0.03,0.19,-0.16,1.0,0.8,0.2,0.09,0.22,0.69,0.75,-0.06,0,2,-2,-2.2,57.1,46.38,17.9,13.4,44.05,0.53,0.36,150,8,15,14,28.3,38.89,4.3,3,8,16,5,24,78.0,53.65,22.6,22.1,41.53,28.33,1,Juventude 2-0 Cuiabá,2026-07-17
Juventude,0.8,1.0,-0.2,0.61,0.97,-0.36,0.19,0.03,0.16,0.8,1.0,-0.2,0.22,0.09,0.75,0.69,0.06,2,0,2,2.2,42.9,53.62,13.4,17.9,47.55,0.36,0.53,117,9,14,15,38.89,28.3,5.48,8,3,11,3,26,67.4,46.35,79.67,77.9,105.07,71.67,3,Juventude 2-0 Cuiabá,2026-07-17
Ceará,0.7,1.47,-0.77,0.53,1.47,-0.94,0.17,0.0,0.17,0.7,1.47,-0.77,0.18,0.43,0.17,0.13,0.04,1,1,0,0.77,40.0,40.0,19.0,17.0,47.57,0.49,0.53,167,6,11,12,22.45,22.64,16.4,1,10,19,5,12,80.1,36.83,89.4,65.38,77.0,44.45,0,América Mineiro 1-1 Ceará,2026-07-17
América Mineiro,1.47,0.7,0.77,1.47,0.53,0.94,0.0,0.17,-0.17,1.47,0.7,0.77,0.43,0.18,0.13,0.17,-0.04,1,1,0,-0.77,60.0,60.0,17.0,19.0,51.29,0.53,0.49,295,17,12,11,22.64,22.45,8.61,10,1,22,4,12,137.4,63.17,47.33,34.62,96.23,55.55,5,América Mineiro 1-1 Ceará,2026-07-17
Avaí,0.16,1.08,-0.92,0.16,0.77,-0.61,0.0,0.31,-0.31,0.16,1.08,-0.92,0.0,0.2,0.02,0.49,-0.47,1,1,0,0.92,43.7,32.74,12.3,15.7,44.18,0.23,0.65,177,5,5,11,21.74,16.92,18.04,4,7,4,2,9,50.5,24.77,94.87,76.38,54.6,34.0,0,São Bernardo 1-1 Avaí,2026-07-17
São Bernardo,1.08,0.16,0.92,0.77,0.16,0.61,0.31,0.0,0.31,1.08,0.16,0.92,0.2,0.0,0.49,0.02,0.47,1,1,0,-0.92,56.3,67.26,15.7,12.3,48.38,0.65,0.23,302,10,11,5,16.92,21.74,11.11,7,4,29,9,16,153.4,75.23,29.33,23.62,105.97,66.0,0,São Bernardo 1-1 Avaí,2026-07-17
Náutico,0.46,3.22,-2.76,0.46,1.93,-1.47,0.0,0.53,-0.53,0.46,2.46,-2.0,0.24,1.01,0.0,0.05,-0.05,1,2,-1,1.76,56.4,63.06,25.3,12.6,51.79,0.54,1.04,280,10,7,20,12.96,19.23,9.25,9,4,26,3,12,94.1,56.25,34.67,32.93,61.0,38.24,0,CRB 2-1 Náutico,2026-07-16
CRB,3.22,0.46,2.76,1.93,0.46,1.47,0.53,0.0,0.53,2.46,0.46,2.0,1.01,0.24,0.05,0.0,0.05,2,1,1,-1.76,43.6,36.94,12.6,25.3,43.5,1.04,0.54,148,13,20,7,19.23,12.96,10.42,4,9,14,4,14,73.2,43.75,70.6,67.07,98.53,61.76,1,CRB 2-1 Náutico,2026-07-16
Athletic Club MG,1.09,0.63,0.46,0.92,0.55,0.37,0.17,0.07,0.1,1.09,0.63,0.46,0.57,0.21,0.17,0.56,-0.39,0,0,0,-0.46,34.9,29.17,29.6,19.4,41.03,0.83,0.16,82,11,13,12,15.66,75.0,15.67,1,7,11,6,9,39.2,26.7,69.13,78.98,49.87,42.48,0,Ceará 0-0 Athletic Club MG,2026-07-13
Ceará,0.63,1.09,-0.46,0.55,0.92,-0.37,0.07,0.17,-0.1,0.63,1.09,-0.46,0.21,0.57,0.56,0.17,0.39,0,0,0,0.46,65.1,70.83,19.4,29.6,52.58,0.16,0.83,263,9,12,13,75.0,15.66,8.64,7,1,26,7,9,107.6,73.3,18.4,21.02,67.53,57.52,1,Ceará 0-0 Athletic Club MG,2026-07-13
Londrina,1.61,3.04,-1.43,0.92,2.49,-1.57,0.69,0.55,0.14,1.61,3.04,-1.43,0.68,0.3,1.09,1.28,-0.19,1,1,0,1.43,38.0,33.33,22.5,13.4,42.13,1.01,0.96,121,8,12,24,11.88,25.0,10.47,3,6,15,7,20,29.9,13.07,66.27,66.58,24.53,13.02,0,América Mineiro 1-1 Londrina,2026-07-13
América Mineiro,3.04,1.61,1.43,2.49,0.92,1.57,0.55,0.69,-0.14,3.04,1.61,1.43,0.3,0.68,1.28,1.09,0.19,1,1,0,-1.43,62.0,66.67,13.4,22.5,50.41,0.96,1.01,274,17,24,12,25.0,11.88,7.17,6,3,31,7,14,198.8,86.93,33.27,33.42,163.93,86.98,5,América Mineiro 1-1 Londrina,2026-07-13
Goiás,0.92,2.64,-1.72,0.16,1.79,-1.63,0.0,0.09,-0.09,0.16,1.88,-1.72,0.06,1.04,0.06,0.09,-0.03,2,2,0,1.72,53.0,50.13,20.9,17.7,49.93,0.24,0.95,261,2,4,21,16.67,22.11,11.59,5,5,13,1,10,124.3,42.34,38.8,38.07,101.97,48.84,0,CRB 2-2 Goiás,2026-07-12
CRB,2.64,0.92,1.72,1.79,0.16,1.63,0.09,0.0,0.09,1.88,0.16,1.72,1.04,0.06,0.09,0.06,0.03,2,2,0,-1.72,47.0,49.87,17.7,20.9,52.46,0.95,0.24,264,12,21,4,22.11,16.67,12.34,5,5,28,6,12,169.3,57.66,63.13,61.93,106.8,51.16,0,CRB 2-2 Goiás,2026-07-12
Fortaleza,2.08,1.35,0.73,0.97,1.33,-0.36,1.11,0.03,1.08,2.08,1.35,0.73,0.0,0.61,1.11,0.66,0.45,0,1,-1,-1.73,63.7,71.85,12.7,20.4,54.8,0.47,0.14,348,14,15,6,31.91,42.86,8.77,5,7,44,11,16,210.3,94.64,31.87,26.19,173.03,79.52,1,Atlético Goianiense 1-0 Fortaleza,2026-07-12
Atlético Goianiense,1.35,2.08,-0.73,1.33,0.97,0.36,0.03,1.11,-1.08,1.35,2.08,-0.73,0.61,0.0,0.66,1.11,-0.45,1,0,1,1.73,36.3,28.15,20.4,12.7,44.36,0.14,0.47,133,3,6,15,42.86,31.91,12.12,7,5,11,1,9,11.9,5.36,89.8,73.81,44.57,20.48,1,Atlético Goianiense 1-0 Fortaleza,2026-07-12
Náutico,1.32,2.99,-1.67,0.7,1.37,-0.67,0.62,1.62,-1.0,1.32,2.99,-1.67,0.21,0.0,0.78,2.14,-1.36,0,2,-2,-0.33,68.2,66.26,20.3,20.6,52.64,0.72,0.21,358,13,16,15,22.22,71.43,5.8,2,2,32,5,12,207.8,81.36,3.47,2.58,94.47,50.37,1,Avaí 2-0 Náutico,2026-07-12
Avaí,2.99,1.32,1.67,1.37,0.7,0.67,1.62,0.62,1.0,2.99,1.32,1.67,0.0,0.21,2.14,0.78,1.36,2,0,2,0.33,31.8,33.74,20.6,20.3,49.25,0.21,0.72,142,4,15,16,71.43,22.22,14.97,2,2,11,6,17,47.6,18.64,131.07,97.42,93.07,49.63,3,Avaí 2-0 Náutico,2026-07-12
Cuiabá,0.34,1.02,-0.68,0.21,0.34,-0.13,0.13,0.68,-0.55,0.34,1.02,-0.68,0.09,0.18,0.25,0.35,-0.1,2,2,0,0.68,27.0,36.23,26.7,9.9,46.73,0.28,0.75,104,12,10,11,35.71,14.67,19.41,5,3,19,7,15,48.8,29.1,167.87,99.45,103.9,48.79,2,São Bernardo 2-2 Cuiabá,2026-07-12
São Bernardo,1.02,0.34,0.68,0.34,0.21,0.13,0.68,0.13,0.55,1.02,0.34,0.68,0.18,0.09,0.35,0.25,0.1,2,2,0,-0.68,73.0,63.77,9.9,26.7,47.09,0.75,0.28,301,9,11,10,14.67,35.71,6.78,3,5,21,6,9,118.9,70.9,0.93,0.55,109.07,51.21,1,São Bernardo 2-2 Cuiabá,2026-07-12
Novorizontino,2.86,1.42,1.44,2.84,0.35,2.49,0.02,1.07,-1.05,2.86,1.42,1.44,2.02,0.0,1.06,1.07,-0.01,1,2,-1,-2.44,45.2,61.94,19.5,23.3,50.18,1.22,0.38,184,13,12,10,9.84,26.32,8.19,5,1,21,2,19,130.3,74.03,71.4,68.18,138.13,86.77,3,Operário PR 2-1 Novorizontino,2026-07-12
Operário PR,1.42,2.86,-1.44,0.35,2.84,-2.49,1.07,0.02,1.05,1.42,2.86,-1.44,0.0,2.02,1.07,1.06,0.01,2,1,1,2.44,54.8,38.06,23.3,19.5,39.93,0.38,1.22,129,3,10,12,26.32,9.84,7.0,1,5,18,9,21,45.7,25.97,33.33,31.82,21.07,13.23,0,Operário PR 2-1 Novorizontino,2026-07-12
Botafogo SP,1.14,3.03,-1.89,0.3,1.59,-1.29,0.08,0.68,-0.6,0.38,2.27,-1.89,0.13,0.3,0.23,0.74,-0.51,3,3,0,1.89,29.6,39.44,23.1,18.3,54.25,0.36,1.26,116,10,11,20,30.56,15.87,10.28,2,4,17,2,22,35.0,23.46,111.33,99.53,109.87,69.92,1,Sport Recife 3-3 Botafogo SP,2026-07-10
Sport Recife,3.03,1.14,1.89,1.59,0.3,1.29,0.68,0.08,0.6,2.27,0.38,1.89,0.3,0.13,0.74,0.23,0.51,3,3,0,-1.89,70.4,60.56,18.3,23.1,51.51,1.26,0.36,277,14,20,11,15.87,30.56,3.41,4,2,34,7,17,114.2,76.54,0.53,0.47,47.27,30.08,3,Sport Recife 3-3 Botafogo SP,2026-07-10
Vila Nova,0.77,0.84,-0.07,0.75,0.53,0.22,0.02,0.31,-0.29,0.77,0.84,-0.07,0.25,0.0,0.18,0.35,-0.17,0,1,-1,-0.93,55.8,58.9,27.3,32.4,48.61,0.65,0.36,218,7,8,10,12.31,27.78,7.05,10,7,15,2,16,89.4,60.82,52.87,42.8,63.87,51.87,1,Juventude 1-0 Vila Nova,2026-07-10
Juventude,0.84,0.77,0.07,0.53,0.75,-0.22,0.31,0.02,0.29,0.84,0.77,0.07,0.0,0.25,0.35,0.18,0.17,1,0,1,0.93,44.2,41.1,32.4,27.3,41.09,0.36,0.65,118,7,10,8,27.78,12.31,7.96,7,10,10,5,24,57.6,39.18,70.67,57.2,59.27,48.13,1,Juventude 1-0 Vila Nova,2026-07-10
Criciúma,1.08,1.2,-0.12,0.99,1.18,-0.19,0.08,0.02,0.06,1.08,1.2,-0.12,0.43,0.0,0.44,0.02,0.42,2,1,1,1.12,61.2,52.29,20.7,24.1,43.86,0.85,0.33,164,16,17,11,20.0,33.33,6.88,0,6,20,6,11,107.8,55.23,5.87,7.09,80.2,41.66,0,Ponte Preta 1-2 Criciúma,2026-07-08
Ponte Preta,1.2,1.08,0.12,1.18,0.99,0.19,0.02,0.08,-0.06,1.2,1.08,0.12,0.0,0.43,0.02,0.44,-0.42,1,2,-1,-1.12,38.8,47.71,24.1,20.7,51.23,0.33,0.85,150,6,11,17,33.33,20.0,10.15,6,0,14,1,16,87.4,44.77,76.87,92.91,112.3,58.34,1,Ponte Preta 1-2 Criciúma,2026-07-08
Operário PR,0.74,1.48,-0.74,0.72,1.16,-0.44,0.01,0.32,-0.31,0.74,1.48,-0.74,0.18,0.13,0.15,0.37,-0.22,1,0,1,1.74,46.6,37.58,27.2,28.4,42.47,0.26,0.74,144,7,12,18,46.15,24.32,11.4,3,2,19,6,13,41.9,24.87,59.13,51.72,33.97,19.49,1,Athletic Club MG 0-1 Operário PR,2026-07-07
Athletic Club MG,1.48,0.74,0.74,1.16,0.72,0.44,0.32,0.01,0.31,1.48,0.74,0.74,0.13,0.18,0.37,0.15,0.22,0,1,-1,-1.74,53.4,62.42,28.4,27.2,49.96,0.74,0.26,237,11,18,12,24.32,46.15,10.41,2,3,33,8,16,126.6,75.13,55.2,48.28,140.33,80.51,2,Athletic Club MG 0-1 Operário PR,2026-07-07
São Bernardo,0.73,2.3,-1.57,0.72,2.2,-1.48,0.01,0.1,-0.09,0.73,2.3,-1.57,0.0,0.42,0.01,0.26,-0.25,1,2,-1,0.57,52.8,40.81,33.8,14.7,41.43,0.2,0.86,152,4,9,16,45.0,18.6,9.82,2,6,19,6,11,43.1,27.4,34.33,27.33,39.67,18.58,0,Vila Nova 2-1 São Bernardo,2026-07-06
Vila Nova,2.3,0.73,1.57,2.2,0.72,1.48,0.1,0.01,0.09,2.3,0.73,1.57,0.42,0.0,0.26,0.01,0.25,2,1,1,-0.57,47.2,59.19,14.7,33.8,54.5,0.86,0.2,226,14,16,9,18.6,45.0,11.48,6,2,24,6,10,114.2,72.6,91.27,72.67,173.8,81.42,4,Vila Nova 2-1 São Bernardo,2026-07-06
Avaí,0.37,1.25,-0.88,0.37,1.25,-0.88,0.0,0.0,0.0,0.37,1.25,-0.88,0.05,0.79,0.14,0.09,0.05,1,3,-2,-1.12,60.7,44.41,18.3,29.1,43.68,0.55,0.64,208,9,11,9,20.0,14.06,8.5,1,4,8,2,10,67.5,40.96,12.47,8.7,21.13,9.19,1,Botafogo SP 3-1 Avaí,2026-07-06
Botafogo SP,1.25,0.37,0.88,1.25,0.37,0.88,0.0,0.0,0.0,1.25,0.37,0.88,0.79,0.05,0.09,0.14,-0.05,3,1,2,1.12,39.3,55.59,29.1,18.3,51.21,0.64,0.55,187,17,9,11,14.06,20.0,12.5,4,1,19,6,19,97.3,59.04,130.87,91.3,208.87,90.81,2,Botafogo SP 3-1 Avaí,2026-07-06
Juventude,0.67,1.69,-1.02,0.55,1.56,-1.01,0.12,0.13,-0.01,0.67,1.69,-1.02,0.23,0.06,0.24,0.19,0.05,0,0,0,1.02,35.8,33.45,31.4,24.1,45.09,0.51,0.62,104,15,11,16,21.57,25.81,8.32,1,1,15,2,15,33.5,16.97,73.47,86.03,48.13,29.15,1,Náutico 0-0 Juventude,2026-07-05
Náutico,1.69,0.67,1.02,1.56,0.55,1.01,0.13,0.12,0.01,1.69,0.67,1.02,0.06,0.23,0.19,0.24,-0.05,0,0,0,-1.02,64.2,66.55,24.1,31.4,53.28,0.62,0.51,266,7,16,11,25.81,21.57,5.0,1,1,21,6,25,163.9,83.03,11.93,13.97,117.0,70.85,1,Náutico 0-0 Juventude,2026-07-05
Ceará,1.08,1.24,-0.16,1.06,1.12,-0.06,0.02,0.12,-0.1,1.08,1.24,-0.16,0.05,0.2,0.05,0.12,-0.07,0,2,-2,-1.84,61.4,75.93,17.4,21.0,54.54,0.5,0.47,315,13,16,5,32.0,10.64,6.45,8,2,32,14,13,142.2,86.87,23.93,29.18,105.4,70.31,4,Goiás 2-0 Ceará,2026-07-04
Goiás,1.24,1.08,0.16,1.12,1.06,0.06,0.12,0.02,0.1,1.24,1.08,0.16,0.2,0.05,0.12,0.05,0.07,2,0,2,1.84,38.6,24.07,21.0,17.4,41.96,0.47,0.5,108,5,5,16,10.64,32.0,13.11,2,8,10,2,16,21.5,13.13,58.07,70.82,44.5,29.69,0,Goiás 2-0 Ceará,2026-07-04
Sport Recife,0.93,1.09,-0.16,0.79,1.09,-0.3,0.15,0.0,0.15,0.93,1.09,-0.16,0.15,1.03,0.34,0.25,0.09,0,1,-1,-0.84,54.7,49.61,24.7,27.6,47.08,0.52,0.56,175,13,14,10,26.92,17.86,6.56,4,6,21,4,17,72.8,53.49,24.2,33.39,66.1,38.02,3,Criciúma 1-0 Sport Recife,2026-07-04
Criciúma,1.09,0.93,0.16,1.09,0.79,0.3,0.0,0.15,-0.15,1.09,0.93,0.16,1.03,0.15,0.25,0.34,-0.09,1,0,1,0.84,45.3,50.39,27.6,24.7,47.92,0.56,0.52,167,14,10,14,17.86,26.92,7.86,6,4,21,2,13,63.3,46.51,48.27,66.61,107.77,61.98,0,Criciúma 1-0 Sport Recife,2026-07-04
CRB,1.64,2.41,-0.77,1.49,1.65,-0.16,0.15,0.0,0.15,1.64,1.65,-0.01,0.53,0.22,0.27,0.99,-0.72,0,5,-5,-4.23,67.7,74.55,22.1,30.9,53.93,1.02,0.97,357,16,19,12,18.63,12.37,7.67,7,1,41,11,9,190.3,89.13,11.33,8.54,77.09,44.12,3,Londrina 5-0 CRB,2026-07-04
Londrina,2.41,1.64,0.77,1.65,1.49,0.16,0.0,0.15,-0.15,1.65,1.64,0.01,0.22,0.53,0.99,0.27,0.72,5,0,5,4.23,32.3,25.45,30.9,22.1,44.47,0.97,1.02,102,8,12,19,12.37,18.63,20.8,1,7,13,2,9,23.2,10.87,121.27,91.46,97.64,55.88,2,Londrina 5-0 CRB,2026-07-04
Atlético Goianiense,1.22,3.2,-1.98,0.92,2.74,-1.82,0.3,0.46,-0.16,1.22,3.2,-1.98,0.1,1.32,0.32,0.58,-0.26,0,3,-3,-1.02,59.7,59.34,21.3,25.6,45.56,0.68,0.75,221,10,8,14,11.76,18.67,9.5,3,3,29,6,11,122.2,61.69,25.2,18.52,47.99,25.86,1,Novorizontino 3-0 Atlético Goianiense,2026-07-04
Novorizontino,3.2,1.22,1.98,2.74,0.92,1.82,0.46,0.3,0.16,3.2,1.22,1.98,1.32,0.1,0.58,0.32,0.26,3,0,3,1.02,40.3,40.66,25.6,21.3,48.85,0.75,0.68,166,17,14,8,18.67,11.76,14.71,3,3,20,5,12,75.9,38.31,110.87,81.48,137.61,74.14,1,Novorizontino 3-0 Atlético Goianiense,2026-07-04
Ponte Preta,0.67,1.89,-1.22,0.65,1.89,-1.24,0.02,0.0,0.02,0.67,1.89,-1.22,0.06,0.69,0.02,0.27,-0.25,0,2,-2,-0.78,36.4,40.2,10.9,19.0,52.16,0.44,0.75,160,8,11,16,25.0,21.33,11.21,0,3,16,4,21,58.3,26.37,84.93,87.74,75.53,37.71,0,Fortaleza 2-0 Ponte Preta,2026-07-02
Fortaleza,1.89,0.67,1.22,1.89,0.65,1.24,0.0,0.02,-0.02,1.89,0.67,1.22,0.69,0.06,0.27,0.02,0.25,2,0,2,0.78,63.6,59.8,19.0,10.9,51.31,0.75,0.44,256,14,16,11,21.33,25.0,6.25,3,0,22,7,18,162.8,73.63,11.87,12.26,124.77,62.29,1,Fortaleza 2-0 Ponte Preta,2026-07-02
América Mineiro,0.54,2.29,-1.75,0.48,2.17,-1.69,0.07,0.12,-0.05,0.54,2.29,-1.75,0.25,0.42,0.08,0.48,-0.4,0,1,-1,0.75,44.4,30.6,15.2,13.0,37.04,0.4,1.05,109,9,9,18,22.5,17.14,18.33,4,7,12,2,12,25.2,13.76,72.2,50.89,50.4,21.44,0,Cuiabá 1-0 América Mineiro,2026-07-02
Cuiabá,2.29,0.54,1.75,2.17,0.48,1.69,0.12,0.07,0.05,2.29,0.54,1.75,0.42,0.25,0.48,0.08,0.4,1,0,1,-0.75,55.6,69.4,13.0,15.2,52.18,1.05,0.4,289,25,18,9,17.14,22.5,11.25,7,4,39,7,10,158.0,86.24,69.67,49.11,184.67,78.56,8,Cuiabá 1-0 América Mineiro,2026-07-02
CRB,0.9,1.72,-0.82,0.81,1.11,-0.3,0.09,0.61,-0.52,0.9,1.72,-0.82,0.03,0.66,0.09,0.8,-0.71,1,0,1,1.82,40.5,28.85,14.5,16.8,41.63,0.59,1.54,123,5,8,19,13.56,12.34,14.88,2,4,16,6,16,16.1,6.39,64.93,68.2,22.73,14.07,0,Botafogo SP 0-1 CRB,2026-06-30
Botafogo SP,1.72,0.9,0.82,1.11,0.81,0.3,0.61,0.09,0.52,1.72,0.9,0.82,0.66,0.03,0.8,0.09,0.71,0,1,-1,-1.82,59.5,71.15,16.8,14.5,56.76,1.54,0.59,378,26,19,8,12.34,13.56,7.69,4,2,43,11,17,235.8,93.61,30.27,31.8,138.87,85.93,5,Botafogo SP 0-1 CRB,2026-06-30
Goiás,2.5,1.68,0.82,2.25,1.26,0.99,0.24,0.42,-0.18,2.5,1.68,0.82,0.03,0.24,0.24,0.55,-0.31,1,0,1,0.18,38.2,29.2,17.2,25.8,44.08,0.24,0.84,122,5,16,27,66.67,32.14,16.17,1,8,13,3,11,17.9,7.83,80.93,80.24,46.5,28.67,1,Náutico 0-1 Goiás,2026-06-28
Náutico,1.68,2.5,-0.82,1.26,2.25,-0.99,0.42,0.24,0.18,1.68,2.5,-0.82,0.24,0.03,0.55,0.24,0.31,0,1,-1,-0.18,61.8,70.8,25.8,17.2,53.14,0.84,0.24,321,11,27,16,32.14,66.67,7.59,8,1,38,6,11,210.7,92.17,19.93,19.76,115.7,71.33,0,Náutico 0-1 Goiás,2026-06-28
Sport Recife,2.78,1.1,1.68,2.69,1.1,1.59,0.09,0.0,0.09,2.78,1.1,1.68,0.64,0.37,0.15,0.04,0.11,1,2,-1,-2.68,59.6,50.38,17.7,18.5,49.59,0.83,0.82,283,14,16,12,19.28,14.63,9.29,6,1,22,6,9,119.8,58.78,17.07,17.34,65.27,40.15,1,Fortaleza 2-1 Sport Recife,2026-06-28
Fortaleza,1.1,2.78,-1.68,1.1,2.69,-1.59,0.0,0.09,-0.09,1.1,2.78,-1.68,0.37,0.64,0.04,0.15,-0.11,2,1,1,2.68,40.4,49.62,18.5,17.7,49.1,0.82,0.83,177,10,12,16,14.63,19.28,13.53,1,6,17,2,20,84.0,41.22,81.4,82.66,97.3,59.85,4,Fortaleza 2-1 Sport Recife,2026-06-28
Ceará,0.97,0.99,-0.02,0.67,0.75,-0.08,0.3,0.24,0.06,0.97,0.99,-0.02,0.01,0.49,0.92,0.95,-0.03,0,2,-2,-1.98,49.7,46.84,27.7,21.2,51.07,0.2,0.86,124,8,10,10,50.0,11.63,6.37,4,4,18,4,15,42.1,36.51,13.4,59.11,35.93,23.92,14,Juventude 2-0 Ceará,2026-06-28
Juventude,0.99,0.97,0.02,0.75,0.67,0.08,0.24,0.3,-0.06,0.99,0.97,0.02,0.49,0.01,0.95,0.92,0.03,2,0,2,1.98,50.3,53.16,21.2,27.7,53.21,0.86,0.2,150,8,10,10,11.63,50.0,4.84,4,4,28,6,17,73.2,63.49,9.27,40.89,114.27,76.08,5,Juventude 2-0 Ceará,2026-06-28
Ponte Preta,0.48,3.08,-2.6,0.43,2.28,-1.85,0.05,0.04,0.01,0.48,2.32,-1.84,0.05,1.28,0.14,0.12,0.02,0,2,-2,0.6,46.4,48.45,14.6,12.8,47.34,0.3,1.13,186,6,9,21,30.0,18.58,11.22,5,5,18,5,14,44.0,24.99,48.07,57.13,19.73,8.78,5,Atlético Goianiense 2-0 Ponte Preta,2026-06-28
Atlético Goianiense,3.08,0.48,2.6,2.28,0.43,1.85,0.04,0.05,-0.01,2.32,0.48,1.84,1.28,0.05,0.12,0.14,-0.02,2,0,2,-0.6,53.6,51.55,12.8,14.6,46.8,1.13,0.3,188,16,21,9,18.58,30.0,10.53,5,5,17,3,12,132.1,75.01,36.07,42.87,204.87,91.22,0,Atlético Goianiense 2-0 Ponte Preta,2026-06-28
Avaí,0.15,1.66,-1.51,0.12,1.3,-1.18,0.04,0.36,-0.32,0.15,1.66,-1.51,0.0,0.3,0.04,0.56,-0.52,0,1,-1,0.51,42.8,33.68,21.5,25.2,41.97,0.19,1.26,130,2,4,28,21.05,22.22,11.15,6,8,9,3,12,11.6,4.82,57.73,69.06,18.47,8.28,1,Athletic Club MG 1-0 Avaí,2026-06-28
Athletic Club MG,1.66,0.15,1.51,1.3,0.12,1.18,0.36,0.04,0.32,1.66,0.15,1.51,0.3,0.0,0.56,0.04,0.52,1,0,1,-0.51,57.2,66.32,25.2,21.5,48.12,1.26,0.19,228,21,28,4,22.22,21.05,8.95,8,6,35,8,12,229.0,95.18,25.87,30.94,204.5,91.72,0,Athletic Club MG 1-0 Avaí,2026-06-28
São Bernardo,0.95,1.51,-0.56,0.95,0.33,0.62,0.01,0.42,-0.41,0.95,0.75,0.2,0.0,0.1,0.02,0.43,-0.41,0,1,-1,-0.44,48.9,39.1,16.1,26.7,40.96,0.25,0.31,150,0,10,17,40.0,54.84,15.78,2,13,16,2,10,60.4,33.86,25.07,28.95,50.97,23.18,0,Criciúma 1-0 São Bernardo,2026-06-27
Criciúma,1.51,0.95,0.56,0.33,0.95,-0.62,0.42,0.01,0.41,0.75,0.95,-0.2,0.1,0.0,0.43,0.02,0.41,1,0,1,0.44,51.1,60.9,26.7,16.1,50.38,0.31,0.25,243,8,17,10,54.84,40.0,9.27,13,2,25,7,15,118.0,66.14,61.53,71.05,168.93,76.82,2,Criciúma 1-0 São Bernardo,2026-06-27
América Mineiro,1.23,1.47,-0.24,1.05,1.38,-0.33,0.18,0.09,0.09,1.23,1.47,-0.24,0.54,0.56,0.18,0.17,0.01,0,1,-1,-0.76,55.5,57.83,15.8,16.7,45.05,0.53,0.51,167,6,10,20,18.87,39.22,7.95,5,5,19,6,15,87.3,53.1,22.93,26.94,74.2,40.93,0,Operário PR 1-0 América Mineiro,2026-06-27
Operário PR,1.47,1.23,0.24,1.38,1.05,0.33,0.09,0.18,-0.09,1.47,1.23,0.24,0.56,0.54,0.17,0.18,-0.01,1,0,1,0.76,44.5,42.17,16.7,15.8,42.79,0.51,0.53,137,8,20,10,39.22,18.87,11.34,5,5,19,7,17,77.1,46.9,62.2,73.06,107.07,59.07,1,Operário PR 1-0 América Mineiro,2026-06-27
Vila Nova,0.88,2.6,-1.72,0.45,1.99,-1.54,0.43,0.62,-0.19,0.88,2.6,-1.72,0.34,0.43,0.49,0.98,-0.49,1,2,-1,0.72,49.6,44.6,20.3,32.1,46.0,0.22,0.58,178,8,9,18,40.91,31.03,9.41,6,7,14,4,15,36.7,25.54,41.87,51.14,34.37,23.51,1,Novorizontino 2-1 Vila Nova,2026-06-26
Novorizontino,2.6,0.88,1.72,1.99,0.45,1.54,0.62,0.43,0.19,2.6,0.88,1.72,0.43,0.34,0.98,0.49,0.49,2,1,1,-0.72,50.4,55.4,32.1,20.3,50.23,0.58,0.22,219,15,18,9,31.03,40.91,6.86,7,6,22,6,16,107.0,74.46,40.0,48.86,111.8,76.49,4,Novorizontino 2-1 Vila Nova,2026-06-26
Londrina,1.01,3.14,-2.13,0.25,2.82,-2.57,0.0,0.32,-0.32,0.25,3.14,-2.89,0.09,0.38,0.1,0.61,-0.51,2,2,0,2.13,34.2,20.45,14.5,15.1,39.07,0.05,1.6,91,2,7,24,140.0,15.0,23.59,1,7,6,0,10,4.6,1.6,101.8,79.82,27.77,15.81,1,Cuiabá 2-2 Londrina,2026-06-25
Cuiabá,3.14,1.01,2.13,2.82,0.25,2.57,0.32,0.0,0.32,3.14,0.25,2.89,0.38,0.09,0.61,0.1,0.51,2,2,0,-2.13,65.8,79.55,15.1,14.5,56.35,1.6,0.05,402,26,24,7,15.0,140.0,9.1,7,1,50,9,14,282.3,98.4,25.73,20.18,147.9,84.19,5,Cuiabá 2-2 Londrina,2026-06-25
Criciúma,1.65,0.94,0.71,1.4,0.52,0.88,0.25,0.42,-0.17,1.65,0.94,0.71,0.09,0.0,0.75,0.56,0.19,1,0,1,0.29,49.4,55.56,17.3,23.2,46.33,0.91,0.36,177,12,13,8,14.29,22.22,10.24,2,2,26,7,15,115.2,60.7,51.93,64.7,140.8,71.91,1,América Mineiro 0-1 Criciúma,2026-06-23
América Mineiro,0.94,1.65,-0.71,0.52,1.4,-0.88,0.42,0.25,0.17,0.94,1.65,-0.71,0.0,0.09,0.56,0.75,-0.19,0,1,-1,-0.29,50.6,44.44,23.2,17.3,44.44,0.36,0.91,181,7,8,13,22.22,14.29,10.79,2,2,22,1,18,74.6,39.3,28.33,35.3,55.0,28.09,3,América Mineiro 0-1 Criciúma,2026-06-23
Novorizontino,2.82,0.97,1.85,2.76,0.97,1.79,0.07,0.0,0.07,2.82,0.97,1.85,0.28,0.86,0.07,0.3,-0.23,2,0,2,0.15,73.1,65.76,23.8,24.4,52.51,1.25,0.2,329,17,19,8,15.2,40.0,6.26,5,1,25,6,14,203.3,89.24,8.2,5.61,105.87,73.42,0,Ponte Preta 0-2 Novorizontino,2026-06-22
Ponte Preta,0.97,2.82,-1.85,0.97,2.76,-1.79,0.0,0.07,-0.07,0.97,2.82,-1.85,0.86,0.28,0.3,0.07,0.23,0,2,-2,-0.15,26.9,34.24,24.4,23.8,45.42,0.2,1.25,90,3,8,19,40.0,15.2,19.54,1,5,20,4,13,24.5,10.76,137.87,94.39,38.33,26.58,0,Ponte Preta 0-2 Novorizontino,2026-06-22
Operário PR,0.87,1.23,-0.36,0.87,0.73,0.14,0.0,0.5,-0.5,0.87,1.23,-0.36,0.22,0.53,0.0,0.61,-0.61,3,0,3,3.36,41.0,24.34,22.8,16.7,40.83,0.37,0.93,129,4,10,17,27.03,18.28,19.5,1,8,7,0,20,14.7,6.74,71.93,58.26,50.87,41.55,0,Goiás 0-3 Operário PR,2026-06-21
Goiás,1.23,0.87,0.36,0.73,0.87,-0.14,0.5,0.0,0.5,1.23,0.87,0.36,0.53,0.22,0.61,0.0,0.61,0,3,-3,-3.36,59.0,75.66,16.7,22.8,53.74,0.93,0.37,316,15,17,10,18.28,27.03,8.49,8,1,37,10,13,203.5,93.26,51.53,41.74,71.57,58.45,0,Goiás 0-3 Operário PR,2026-06-21
Juventude,0.84,1.29,-0.45,0.61,1.27,-0.66,0.22,0.02,0.2,0.84,1.29,-0.45,0.17,0.78,0.27,0.02,0.25,1,0,1,1.45,42.0,38.55,21.8,21.2,45.96,0.89,0.78,172,12,8,17,8.99,21.79,11.89,7,3,17,4,13,67.5,29.79,110.4,80.51,91.7,53.18,1,São Bernardo 0-1 Juventude,2026-06-21
São Bernardo,1.29,0.84,0.45,1.27,0.61,0.66,0.02,0.22,-0.2,1.29,0.84,0.45,0.78,0.17,0.02,0.27,-0.25,0,1,-1,-1.45,58.0,61.45,21.2,21.8,49.97,0.78,0.89,316,12,17,8,21.79,8.99,10.97,3,7,25,1,16,159.1,70.21,26.73,19.49,80.73,46.82,0,São Bernardo 0-1 Juventude,2026-06-21
Fortaleza,2.52,1.12,1.4,2.33,0.97,1.36,0.19,0.15,0.04,2.52,1.12,1.4,1.4,0.11,0.31,0.19,0.12,1,1,0,-1.4,58.3,74.72,12.5,14.9,56.83,1.42,0.73,377,22,22,15,15.49,20.55,14.54,6,6,28,7,11,272.7,85.57,52.33,40.71,232.53,82.1,2,CRB 1-1 Fortaleza,2026-06-21
CRB,1.12,2.52,-1.4,0.97,2.33,-1.36,0.15,0.19,-0.04,1.12,2.52,-1.4,0.11,1.4,0.19,0.31,-0.12,1,1,0,1.4,41.7,25.28,14.9,12.5,38.91,0.73,1.42,121,11,15,22,20.55,15.49,17.33,6,6,13,7,4,46.0,14.43,76.2,59.29,50.7,17.9,0,CRB 1-1 Fortaleza,2026-06-21
Cuiabá,1.31,0.79,0.52,1.2,0.79,0.41,0.11,0.0,0.11,1.31,0.79,0.52,0.63,0.26,0.36,0.31,0.05,0,1,-1,-1.52,61.3,65.09,22.4,30.0,46.06,0.69,0.45,227,18,18,8,26.09,17.78,15.94,3,3,43,13,6,152.9,82.6,26.13,21.28,94.53,62.81,7,Avaí 1-0 Cuiabá,2026-06-21
Avaí,0.79,1.31,-0.52,0.79,1.2,-0.41,0.0,0.11,-0.11,0.79,1.31,-0.52,0.26,0.63,0.31,0.36,-0.05,1,0,1,1.52,38.7,34.91,30.0,22.4,42.17,0.45,0.69,122,5,8,18,17.78,26.09,22.22,3,3,10,1,10,32.2,17.4,96.67,78.72,55.97,37.19,4,Avaí 1-0 Cuiabá,2026-06-21
Náutico,2.31,2.39,-0.08,1.95,2.39,-0.44,0.36,0.0,0.36,2.31,2.39,-0.08,1.12,0.22,0.63,0.02,0.61,3,4,-1,-0.92,67.4,72.49,27.8,17.2,54.18,1.33,0.44,368,26,20,13,15.04,29.55,7.52,7,2,34,10,12,230.9,91.55,21.67,17.66,126.57,54.62,1,Vila Nova 4-3 Náutico,2026-06-20
Vila Nova,2.39,2.31,0.08,2.39,1.95,0.44,0.0,0.36,-0.36,2.39,2.31,0.08,0.22,1.12,0.02,0.63,-0.61,4,3,1,0.92,32.6,27.51,17.2,27.8,45.1,0.44,1.33,124,8,13,20,29.55,15.04,14.14,2,7,5,2,14,21.3,8.45,101.07,82.34,105.14,45.38,0,Vila Nova 4-3 Náutico,2026-06-20
Botafogo SP,1.06,1.75,-0.69,1.03,0.73,0.3,0.03,1.02,-0.99,1.06,1.75,-0.69,0.11,0.21,0.39,0.35,0.04,1,0,1,1.69,44.8,49.29,15.9,25.0,48.23,0.51,0.53,167,11,14,11,27.45,20.75,9.92,2,3,15,5,17,72.8,58.38,47.93,61.98,97.83,66.36,3,Ceará 0-1 Botafogo SP,2026-06-20
Ceará,1.75,1.06,0.69,0.73,1.03,-0.3,1.02,0.03,0.99,1.75,1.06,0.69,0.21,0.11,0.35,0.39,-0.04,0,1,-1,-1.69,55.2,50.71,25.0,15.9,48.1,0.53,0.51,203,7,11,14,20.75,27.45,8.15,3,2,26,6,18,51.9,41.62,29.4,38.02,49.6,33.64,6,Ceará 0-1 Botafogo SP,2026-06-20
Athletic Club MG,0.81,2.03,-1.22,0.65,1.27,-0.62,0.16,0.0,0.16,0.81,1.27,-0.46,0.4,0.43,0.43,0.46,-0.03,0,2,-2,-0.78,49.8,53.4,25.6,23.1,49.66,0.58,0.88,190,13,11,16,18.97,18.18,6.81,4,5,24,8,22,106.4,50.55,35.2,47.87,93.47,48.01,3,Londrina 2-0 Athletic Club MG,2026-06-20
Londrina,2.03,0.81,1.22,1.27,0.65,0.62,0.0,0.16,-0.16,1.27,0.81,0.46,0.43,0.4,0.46,0.43,0.03,2,0,2,0.78,50.2,46.6,23.1,25.6,47.81,0.88,0.58,173,8,16,11,18.18,18.97,7.26,5,4,21,2,16,104.1,49.45,38.33,52.13,101.2,51.99,0,Londrina 2-0 Athletic Club MG,2026-06-20
Atlético Goianiense,2.85,1.33,1.52,2.46,0.97,1.49,0.39,0.35,0.04,2.85,1.33,1.52,0.84,0.21,0.5,0.35,0.15,1,1,0,-1.52,44.2,46.59,11.9,23.5,48.57,0.98,0.56,162,14,13,10,13.27,17.86,11.31,0,4,19,4,18,89.0,52.45,72.07,66.65,106.0,54.58,2,Sport Recife 1-1 Atlético Goianiense,2026-06-18
Sport Recife,1.33,2.85,-1.52,0.97,2.46,-1.49,0.35,0.39,-0.04,1.33,2.85,-1.52,0.21,0.84,0.35,0.5,-0.15,1,1,0,1.52,55.8,53.41,23.5,11.9,47.76,0.56,0.98,208,10,10,13,17.86,13.27,7.18,4,0,17,6,16,80.7,47.55,36.07,33.35,88.2,45.42,0,Sport Recife 1-1 Atlético Goianiense,2026-06-18
América Mineiro,2.4,2.17,0.23,1.64,2.13,-0.49,0.0,0.04,-0.04,1.64,2.17,-0.53,0.63,0.57,0.07,0.12,-0.05,3,0,3,2.77,35.7,16.0,16.7,17.6,41.81,0.85,1.17,113,8,8,26,9.41,22.22,22.68,1,8,6,0,11,16.4,4.59,130.13,89.05,68.13,36.43,0,Fortaleza 0-3 América Mineiro,2026-06-16
Fortaleza,2.17,2.4,-0.23,2.13,1.64,0.49,0.04,0.0,0.04,2.17,1.64,0.53,0.57,0.63,0.12,0.07,0.05,0,3,-3,-2.77,64.3,84.0,17.6,16.7,59.6,1.17,0.85,506,23,26,8,22.22,9.41,9.11,8,1,40,10,11,340.8,95.41,16.0,10.95,118.9,63.57,2,Fortaleza 0-3 América Mineiro,2026-06-16
Ceará,0.96,1.78,-0.82,0.91,1.66,-0.75,0.05,0.11,-0.06,0.96,1.78,-0.82,0.36,0.99,0.28,0.36,-0.08,1,1,0,0.82,42.0,39.46,11.8,21.7,42.75,0.32,0.65,132,10,14,16,43.75,24.62,9.63,5,2,16,3,14,47.6,23.62,78.93,65.67,33.03,20.18,6,Criciúma 1-1 Ceará,2026-06-15
Criciúma,1.78,0.96,0.82,1.66,0.91,0.75,0.11,0.05,0.06,1.78,0.96,0.82,0.99,0.36,0.36,0.28,0.08,1,1,0,-0.82,58.0,60.54,21.7,11.8,51.03,0.65,0.32,251,16,16,14,24.62,43.75,9.03,2,5,24,3,15,153.9,76.38,41.27,34.33,130.67,79.82,2,Criciúma 1-1 Ceará,2026-06-15
Avaí,0.74,1.16,-0.42,0.64,0.49,0.15,0.11,0.67,-0.56,0.74,1.16,-0.42,0.0,0.29,0.2,0.92,-0.72,2,3,-1,-0.58,50.5,43.1,28.2,27.4,45.22,0.29,0.75,142,7,7,19,24.14,25.33,7.74,4,8,23,6,18,31.7,19.31,22.4,28.43,37.97,19.8,5,Londrina 3-2 Avaí,2026-06-15
Londrina,1.16,0.74,0.42,0.49,0.64,-0.15,0.67,0.11,0.56,1.16,0.74,0.42,0.29,0.0,0.92,0.2,0.72,3,2,1,0.58,49.5,56.9,27.4,28.2,47.82,0.75,0.29,168,16,19,7,25.33,24.14,6.29,8,4,27,10,18,132.5,80.69,56.4,71.57,153.77,80.2,0,Londrina 3-2 Avaí,2026-06-15
Náutico,1.48,1.95,-0.47,0.72,1.76,-1.04,0.0,0.19,-0.19,0.72,1.95,-1.23,0.0,0.57,0.11,0.67,-0.56,2,2,0,0.47,49.3,41.7,19.4,29.5,40.18,0.36,0.37,123,6,12,19,33.33,51.35,7.38,4,9,10,4,21,52.2,33.02,23.73,33.36,48.43,30.7,1,Novorizontino 2-2 Náutico,2026-06-14
Novorizontino,1.95,1.48,0.47,1.76,0.72,1.04,0.19,0.0,0.19,1.95,0.72,1.23,0.57,0.0,0.67,0.11,0.56,2,2,0,-0.47,50.7,58.3,29.5,19.4,48.2,0.37,0.36,178,10,19,12,51.35,33.33,8.64,9,4,26,5,11,105.9,66.98,47.4,66.64,109.3,69.3,1,Novorizontino 2-2 Náutico,2026-06-14
Operário PR,1.03,1.23,-0.2,0.25,1.02,-0.77,0.01,0.21,-0.2,0.27,1.23,-0.96,0.0,0.8,0.01,0.21,-0.2,1,2,-1,-0.8,53.0,39.93,16.5,13.2,43.67,0.36,1.14,168,7,9,14,25.0,12.28,8.44,3,7,16,3,15,39.7,21.24,38.13,38.26,35.37,19.15,0,Botafogo SP 2-1 Operário PR,2026-06-14
Botafogo SP,1.23,1.03,0.2,1.02,0.25,0.77,0.21,0.01,0.2,1.23,0.27,0.96,0.8,0.0,0.21,0.01,0.2,2,1,1,0.8,47.0,60.07,13.2,16.5,51.23,1.14,0.36,201,11,14,9,12.28,25.0,9.95,7,3,18,2,16,147.2,78.76,61.53,61.74,149.37,80.85,1,Botafogo SP 2-1 Operário PR,2026-06-14
Vila Nova,1.01,1.71,-0.7,0.97,1.71,-0.74,0.03,0.0,0.03,1.01,1.71,-0.7,0.02,0.29,0.08,0.37,-0.29,0,1,-1,-0.3,48.9,54.89,21.2,15.8,48.81,0.59,0.4,231,10,10,7,16.95,17.5,17.0,3,4,8,2,10,80.8,57.51,74.8,76.33,117.43,71.71,1,Cuiabá 1-0 Vila Nova,2026-06-14
Cuiabá,1.71,1.01,0.7,1.71,0.97,0.74,0.0,0.03,-0.03,1.71,1.01,0.7,0.29,0.02,0.37,0.08,0.29,1,0,1,0.3,51.1,45.11,15.8,21.2,41.13,0.4,0.59,166,7,7,10,17.5,16.95,14.63,4,3,15,5,12,59.7,42.49,23.2,23.67,46.33,28.29,1,Cuiabá 1-0 Vila Nova,2026-06-14
Goiás,1.3,2.79,-1.49,1.26,2.03,-0.77,0.03,0.0,0.03,1.3,2.03,-0.73,0.01,0.89,0.25,0.42,-0.17,1,1,0,1.49,43.9,44.53,22.7,27.6,46.66,0.36,0.97,168,6,8,16,22.22,16.49,13.27,0,4,15,4,15,58.6,31.35,88.73,64.86,75.0,46.29,0,Athletic Club MG 1-1 Goiás,2026-06-14
Athletic Club MG,2.79,1.3,1.49,2.03,1.26,0.77,0.0,0.03,-0.03,2.03,1.3,0.73,0.89,0.01,0.42,0.25,0.17,1,1,0,-1.49,56.1,55.47,27.6,22.7,47.92,0.97,0.36,220,11,16,8,16.49,22.22,8.78,4,0,23,5,13,128.3,68.65,48.07,35.14,87.03,53.71,0,Athletic Club MG 1-1 Goiás,2026-06-14
Ponte Preta,0.38,3.5,-3.12,0.38,2.52,-2.14,0.0,0.23,-0.23,0.38,2.74,-2.36,0.18,1.33,0.27,0.36,-0.09,0,3,-3,0.12,38.5,27.46,23.7,11.4,43.79,-0.01,0.79,117,0,6,26,-600.0,32.91,10.77,2,6,7,2,16,5.5,2.46,82.2,85.15,4.77,1.43,1,Juventude 3-0 Ponte Preta,2026-06-14
Juventude,3.5,0.38,3.12,2.52,0.38,2.14,0.23,0.0,0.23,2.74,0.38,2.36,1.33,0.18,0.36,0.27,0.09,3,0,3,-0.12,61.5,72.54,11.4,23.7,54.03,0.79,-0.01,285,14,26,6,32.91,-600.0,6.0,6,2,30,7,18,217.9,97.54,14.33,14.85,329.37,98.57,1,Juventude 3-0 Ponte Preta,2026-06-14
Sport Recife,2.27,0.61,1.66,1.97,0.48,1.49,0.3,0.12,0.18,2.27,0.61,1.66,1.36,0.22,0.26,0.21,0.05,0,0,0,-1.66,63.2,68.83,19.3,20.0,54.89,1.87,0.31,341,28,23,9,12.3,29.03,7.48,4,4,39,11,10,281.7,83.76,31.2,25.98,225.63,80.06,0,São Bernardo 0-0 Sport Recife,2026-06-14
São Bernardo,0.61,2.27,-1.66,0.48,1.97,-1.49,0.12,0.3,-0.18,0.61,2.27,-1.66,0.22,1.36,0.21,0.26,-0.05,0,0,0,1.66,36.8,31.17,20.0,19.3,46.26,0.31,1.87,133,6,9,23,29.03,12.3,15.46,4,4,17,3,16,54.6,16.24,88.87,74.02,56.2,19.94,0,São Bernardo 0-0 Sport Recife,2026-06-14
CRB,1.52,3.78,-2.26,1.52,2.99,-1.47,0.0,0.04,-0.04,1.52,3.02,-1.5,0.06,1.8,0.04,0.25,-0.21,3,3,0,2.26,31.3,18.18,15.3,20.2,36.99,0.41,2.22,77,5,12,20,29.27,9.01,20.78,1,4,5,3,10,9.6,3.3,93.8,79.99,54.97,41.83,1,Atlético Goianiense 3-3 CRB,2026-06-12
Atlético Goianiense,3.78,1.52,2.26,2.99,1.52,1.47,0.04,0.0,0.04,3.02,1.52,1.5,1.8,0.06,0.25,0.04,0.21,3,3,0,-2.26,68.7,81.82,20.2,15.3,59.07,2.22,0.41,440,26,20,12,9.01,29.27,8.93,4,1,42,13,12,281.5,96.7,23.47,20.01,76.43,58.17,2,Atlético Goianiense 3-3 CRB,2026-06-12
Athletic Club MG,1.3,2.24,-0.94,1.3,1.55,-0.25,0.0,0.69,-0.69,1.3,2.24,-0.94,0.63,0.36,0.08,1.1,-1.02,1,1,0,0.94,33.6,26.52,20.3,18.9,40.48,0.56,0.98,99,9,8,19,14.29,19.39,24.05,1,6,9,2,13,27.8,13.47,118.53,93.38,66.87,37.69,0,Sport Recife 1-1 Athletic Club MG,2026-06-10
Sport Recife,2.24,1.3,0.94,1.55,1.3,0.25,0.69,0.0,0.69,2.24,1.3,0.94,0.36,0.63,1.1,0.08,1.02,1,1,0,-0.94,66.4,73.48,18.9,20.3,51.71,0.98,0.56,347,21,19,8,19.39,14.29,9.52,6,1,30,8,4,178.6,86.53,8.4,6.62,110.53,62.31,1,Sport Recife 1-1 Athletic Club MG,2026-06-10
Novorizontino,3.28,2.65,0.63,2.4,2.0,0.4,0.12,0.65,-0.53,2.52,2.65,-0.13,0.0,1.39,0.33,0.7,-0.37,4,0,4,3.37,30.1,30.08,23.8,25.4,45.19,0.91,1.12,87,9,14,22,15.38,19.64,19.55,2,7,8,4,11,55.5,22.57,148.93,96.17,147.6,69.72,2,Goiás 0-4 Novorizontino,2026-06-10
Goiás,2.65,3.28,-0.63,2.0,2.4,-0.4,0.65,0.12,0.53,2.65,2.52,0.13,1.39,0.0,0.7,0.33,0.37,0,4,-4,-3.37,69.9,69.92,25.4,23.8,45.71,1.12,0.91,230,22,22,14,19.64,15.38,6.38,7,2,30,9,6,190.4,77.43,5.93,3.83,64.1,30.28,1,Goiás 0-4 Novorizontino,2026-06-10
Avaí,1.1,1.0,0.1,1.1,0.8,0.3,0.0,0.2,-0.2,1.1,1.0,0.1,0.06,0.01,0.06,0.32,-0.26,1,2,-1,-1.1,57.2,39.2,22.4,13.1,44.62,0.52,0.42,172,6,11,17,21.15,40.48,6.26,2,7,10,0,11,25.9,19.46,11.27,10.33,3.83,1.67,2,Ceará 2-1 Avaí,2026-06-10
Ceará,1.0,1.1,-0.1,0.8,1.1,-0.3,0.2,0.0,0.2,1.0,1.1,-0.1,0.01,0.06,0.32,0.06,0.26,2,1,1,1.1,42.8,60.8,13.1,22.4,48.75,0.42,0.52,158,15,17,11,40.48,21.15,10.89,7,2,20,8,14,107.2,80.54,97.87,89.67,225.43,98.33,3,Ceará 2-1 Avaí,2026-06-10
Fortaleza,0.64,2.92,-2.28,0.53,2.45,-1.92,0.11,0.47,-0.36,0.64,2.92,-2.28,0.0,1.08,0.11,0.63,-0.52,1,0,1,3.28,28.9,21.17,23.9,20.0,43.99,0.17,1.39,91,5,5,31,29.41,22.3,13.71,0,5,8,4,16,22.0,5.44,84.27,93.9,28.67,6.97,2,Náutico 0-1 Fortaleza,2026-06-09
Náutico,2.92,0.64,2.28,2.45,0.53,1.92,0.47,0.11,0.36,2.92,0.64,2.28,1.08,0.0,0.63,0.11,0.52,0,1,-1,-3.28,71.1,78.83,20.0,23.9,60.68,1.39,0.17,427,25,31,5,22.3,29.41,6.57,5,0,42,11,7,382.4,94.56,5.47,6.1,382.87,93.03,0,Náutico 0-1 Fortaleza,2026-06-09
Cuiabá,0.61,1.16,-0.55,0.46,0.89,-0.43,0.16,0.27,-0.11,0.61,1.16,-0.55,0.29,0.25,0.24,0.52,-0.28,2,1,1,1.55,53.0,51.62,19.5,18.1,48.73,0.61,0.72,221,12,7,12,11.48,16.67,7.88,6,4,24,3,12,83.3,57.29,36.07,33.94,74.03,50.02,3,Ponte Preta 1-2 Cuiabá,2026-06-09
Ponte Preta,1.16,0.61,0.55,0.89,0.46,0.43,0.27,0.16,0.11,1.16,0.61,0.55,0.25,0.29,0.52,0.24,0.28,1,2,-1,-1.55,47.0,48.38,18.1,19.5,48.76,0.72,0.61,187,16,12,7,16.67,11.48,10.67,4,6,25,7,18,62.1,42.71,70.2,66.06,73.97,49.98,4,Ponte Preta 1-2 Cuiabá,2026-06-09
Botafogo SP,0.96,0.86,0.1,0.15,0.7,-0.55,0.8,0.16,0.64,0.96,0.86,0.1,0.18,0.18,0.28,0.2,0.08,0,1,-1,-1.1,49.9,45.21,22.4,19.4,44.8,0.43,0.57,132,5,7,17,16.28,29.82,7.55,2,5,22,9,16,42.8,26.15,30.4,36.05,31.33,16.33,1,Vila Nova 1-0 Botafogo SP,2026-06-08
Vila Nova,0.86,0.96,-0.1,0.7,0.15,0.55,0.16,0.8,-0.64,0.86,0.96,-0.1,0.18,0.18,0.2,0.28,-0.08,1,0,1,1.1,50.1,54.79,19.4,22.4,53.06,0.57,0.43,193,15,17,7,29.82,16.28,7.08,5,2,18,9,13,120.9,73.85,53.93,63.95,160.47,83.67,2,Vila Nova 1-0 Botafogo SP,2026-06-08
Atlético Goianiense,3.32,1.96,1.36,3.23,1.67,1.56,0.1,0.29,-0.19,3.32,1.96,1.36,0.61,0.41,0.97,0.38,0.59,2,1,1,-0.36,37.3,35.5,22.7,17.4,46.64,0.71,0.92,141,15,17,15,23.94,16.3,17.59,2,2,12,2,11,59.3,35.03,105.2,86.51,107.63,66.54,3,América Mineiro 1-2 Atlético Goianiense,2026-06-08
América Mineiro,1.96,3.32,-1.36,1.67,3.23,-1.56,0.29,0.1,0.19,1.96,3.32,-1.36,0.41,0.61,0.38,0.97,-0.59,1,2,-1,0.36,62.7,64.5,17.4,22.7,49.93,0.92,0.71,307,16,15,17,16.3,23.94,9.69,2,2,34,8,13,110.0,64.97,16.4,13.49,54.13,33.46,0,América Mineiro 1-2 Atlético Goianiense,2026-06-08
São Bernardo,2.18,2.79,-0.61,2.18,2.69,-0.51,0.0,0.11,-0.11,2.18,2.79,-0.61,0.05,0.2,1.4,0.69,0.71,3,2,1,1.61,40.6,23.3,26.9,31.1,40.8,0.37,0.86,101,5,10,32,27.03,37.21,12.92,1,12,3,0,16,23.5,10.25,48.4,53.98,9.4,5.54,0,CRB 2-3 São Bernardo,2026-06-07
CRB,2.79,2.18,0.61,2.69,2.18,0.51,0.11,0.0,0.11,2.79,2.18,0.61,0.2,0.05,0.69,1.4,-0.71,2,3,-1,-1.61,59.4,76.7,31.1,26.9,53.83,0.86,0.37,282,20,32,10,37.21,27.03,6.98,12,1,37,8,11,205.8,89.75,41.27,46.02,160.17,94.46,1,CRB 2-3 São Bernardo,2026-06-07
Londrina,0.5,1.7,-1.2,0.49,1.59,-1.1,0.01,0.11,-0.1,0.5,1.7,-1.2,0.21,1.21,0.01,0.12,-0.11,0,1,-1,0.2,40.5,38.17,13.8,31.7,44.25,0.57,0.76,148,3,9,13,15.79,17.11,16.72,4,8,19,5,10,34.5,20.71,94.67,84.93,56.6,30.77,2,Criciúma 1-0 Londrina,2026-06-06
Criciúma,1.7,0.5,1.2,1.59,0.49,1.1,0.11,0.01,0.1,1.7,0.5,1.2,1.21,0.21,0.12,0.01,0.11,1,0,1,-0.2,59.5,61.83,31.7,13.8,48.95,0.76,0.57,268,12,13,9,17.11,15.79,7.33,8,4,30,8,14,132.1,79.29,16.8,15.07,127.33,69.23,3,Criciúma 1-0 Londrina,2026-06-06
Juventude,0.73,2.55,-1.82,0.47,1.37,-0.9,0.26,0.42,-0.16,0.73,1.79,-1.06,0.28,0.91,0.29,0.84,-0.55,1,2,-1,0.82,49.5,59.75,16.9,15.6,49.21,0.41,0.63,205,10,12,13,29.27,20.63,8.79,5,8,21,4,17,80.4,56.74,63.2,68.55,104.9,66.18,2,Operário PR 2-1 Juventude,2026-06-05
Operário PR,2.55,0.73,1.82,1.37,0.47,0.9,0.42,0.26,0.16,1.79,0.73,1.06,0.91,0.28,0.84,0.29,0.55,2,1,1,-0.82,50.5,40.25,15.6,16.9,43.87,0.63,0.41,165,8,13,12,20.63,29.27,7.88,8,5,20,4,17,61.3,43.26,29.0,31.45,53.6,33.82,1,Operário PR 2-1 Juventude,2026-06-05
Botafogo SP,2.22,0.27,1.95,1.46,0.2,1.26,0.76,0.07,0.69,2.22,0.27,1.95,0.97,0.05,1.06,0.1,0.96,0,0,0,-1.95,67.6,71.1,26.4,12.2,57.71,0.96,0.3,325,29,28,7,29.17,23.33,5.11,5,1,46,12,15,227.6,93.09,14.6,13.2,162.73,82.96,1,Ponte Preta 0-0 Botafogo SP,2026-06-01
Ponte Preta,0.27,2.22,-1.95,0.2,1.46,-1.26,0.07,0.76,-0.69,0.27,2.22,-1.95,0.05,0.97,0.1,1.06,-0.96,0,0,0,1.95,32.4,28.9,12.2,26.4,45.18,0.3,0.96,99,8,7,28,23.33,29.17,9.26,1,5,15,5,18,16.9,6.91,96.0,86.8,33.43,17.04,3,Ponte Preta 0-0 Botafogo SP,2026-06-01
CRB,0.7,1.57,-0.87,0.7,1.55,-0.85,0.0,0.02,-0.02,0.7,1.57,-0.87,0.47,0.39,0.05,0.89,-0.84,0,2,-2,-1.13,59.4,59.73,19.4,17.6,47.4,1.08,0.75,262,11,14,14,12.96,18.67,12.72,2,6,23,3,7,133.5,59.41,27.33,20.88,54.27,26.58,2,Cuiabá 2-0 CRB,2026-05-31
Cuiabá,1.57,0.7,0.87,1.55,0.7,0.85,0.02,0.0,0.02,1.57,0.7,0.87,0.39,0.47,0.89,0.05,0.84,2,0,2,1.13,40.6,40.27,17.6,19.4,45.24,0.75,1.08,190,11,14,14,18.67,12.96,18.08,6,2,15,7,13,91.2,40.59,103.53,79.12,149.93,73.42,3,Cuiabá 2-0 CRB,2026-05-31
Operário PR,1.13,2.4,-1.27,1.13,2.38,-1.25,0.0,0.03,-0.03,1.13,2.4,-1.27,0.13,0.33,0.1,0.45,-0.35,2,1,1,2.27,47.0,32.49,14.8,16.5,43.84,0.27,0.91,136,4,9,20,33.33,21.98,8.35,2,4,9,2,12,24.4,13.68,38.6,57.27,24.7,15.57,2,Ceará 1-2 Operário PR,2026-05-31
Ceará,2.4,1.13,1.27,2.38,1.13,1.25,0.03,0.0,0.03,2.4,1.13,1.27,0.33,0.13,0.45,0.1,0.35,1,2,-1,-2.27,53.0,67.51,16.5,14.8,50.3,0.91,0.27,212,17,20,9,21.98,33.33,10.27,4,2,22,7,18,154.0,86.32,28.8,42.73,133.9,84.43,3,Ceará 1-2 Operário PR,2026-05-31
Vila Nova,1.33,0.55,0.78,0.58,0.42,0.16,0.75,0.13,0.62,1.33,0.55,0.78,0.3,0.0,0.96,0.13,0.83,1,0,1,0.22,65.9,81.29,15.0,26.5,56.92,0.38,0.1,362,7,18,7,47.37,70.0,7.9,2,1,30,9,14,237.9,96.2,27.93,20.61,178.47,87.79,0,Londrina 0-1 Vila Nova,2026-05-31
Londrina,0.55,1.33,-0.78,0.42,0.58,-0.16,0.13,0.75,-0.62,0.55,1.33,-0.78,0.0,0.3,0.13,0.96,-0.83,0,1,-1,-0.22,34.1,18.71,26.5,15.0,37.48,0.1,0.38,74,4,7,18,70.0,47.37,16.7,1,2,3,2,13,9.4,3.8,107.6,79.39,24.83,12.21,0,Londrina 0-1 Vila Nova,2026-05-31
Novorizontino,1.07,1.53,-0.46,0.31,0.42,-0.11,0.0,1.11,-1.11,0.31,1.53,-1.22,0.08,0.1,0.07,1.33,-1.26,1,1,0,0.46,46.3,64.04,22.4,21.2,51.95,0.39,0.35,186,7,10,11,25.64,31.43,10.46,4,4,16,1,12,83.5,64.18,127.8,88.3,178.93,85.78,1,São Bernardo 1-1 Novorizontino,2026-05-31
São Bernardo,1.53,1.07,0.46,0.42,0.31,0.11,1.11,0.0,1.11,1.53,0.31,1.22,0.1,0.08,1.33,0.07,1.26,1,1,0,-0.46,53.7,35.96,21.2,22.4,32.69,0.35,0.39,89,7,11,10,31.43,25.64,7.56,4,4,16,6,16,46.6,35.82,16.93,11.7,29.67,14.22,0,São Bernardo 1-1 Novorizontino,2026-05-31
Náutico,1.34,2.62,-1.28,1.17,1.86,-0.69,0.17,0.0,0.17,1.34,1.86,-0.52,0.69,0.0,0.46,0.87,-0.41,0,2,-2,-0.72,60.7,71.06,16.5,28.6,55.64,1.14,0.67,258,15,19,8,16.67,11.94,6.85,2,5,25,8,18,186.1,86.84,16.07,29.98,150.47,83.56,3,Sport Recife 2-0 Náutico,2026-05-30
Sport Recife,2.62,1.34,1.28,1.86,1.17,0.69,0.0,0.17,-0.17,1.86,1.34,0.52,0.0,0.69,0.87,0.46,0.41,2,0,2,0.72,39.3,28.94,28.6,16.5,42.28,0.67,1.14,91,7,8,19,11.94,16.67,5.31,5,2,11,1,18,28.2,13.16,37.53,70.02,29.6,16.44,1,Sport Recife 2-0 Náutico,2026-05-30
Fortaleza,1.37,1.18,0.19,1.16,0.51,0.65,0.21,0.66,-0.45,1.37,1.18,0.19,0.23,0.28,0.33,0.7,-0.37,0,1,-1,-1.19,53.9,57.14,22.6,22.1,48.69,0.6,0.09,232,11,14,12,23.33,133.33,7.92,5,5,26,7,15,108.9,61.18,25.73,36.01,97.1,52.57,2,Athletic Club MG 1-0 Fortaleza,2026-05-30
Athletic Club MG,1.18,1.37,-0.19,0.51,1.16,-0.65,0.66,0.21,0.45,1.18,1.37,-0.19,0.28,0.23,0.7,0.33,0.37,1,0,1,1.19,46.1,42.86,22.1,22.6,44.44,0.09,0.6,167,9,12,14,133.33,23.33,7.98,5,5,24,8,17,69.1,38.82,45.73,63.99,87.6,47.43,1,Athletic Club MG 1-0 Fortaleza,2026-05-30
Criciúma,1.71,1.16,0.55,1.6,0.98,0.62,0.11,0.18,-0.07,1.71,1.16,0.55,0.24,0.27,0.52,0.8,-0.28,2,1,1,0.45,43.8,58.37,23.3,12.1,47.96,0.55,0.25,153,7,17,11,30.91,44.0,5.82,9,2,23,9,25,94.6,68.3,72.73,87.42,159.33,84.26,2,Avaí 1-2 Criciúma,2026-05-30
Avaí,1.16,1.71,-0.55,0.98,1.6,-0.62,0.18,0.11,0.07,1.16,1.71,-0.55,0.27,0.24,0.8,0.52,0.28,1,2,-1,-0.45,56.2,41.63,12.1,23.3,43.24,0.25,0.55,144,12,11,17,44.0,30.91,7.21,2,9,12,3,16,43.9,31.7,10.47,12.58,29.77,15.74,2,Avaí 1-2 Criciúma,2026-05-30
Goiás,0.51,1.9,-1.39,0.51,0.93,-0.42,0.0,0.21,-0.21,0.51,1.14,-0.63,0.04,0.28,0.44,0.31,0.13,1,1,0,1.39,45.5,39.15,25.9,16.5,43.75,0.37,0.51,148,8,6,17,16.22,33.33,9.53,3,1,7,2,14,37.2,23.28,54.6,48.87,41.83,26.71,4,Atlético Goianiense 1-1 Goiás,2026-05-30
Atlético Goianiense,1.9,0.51,1.39,0.93,0.51,0.42,0.21,0.0,0.21,1.14,0.51,0.63,0.28,0.04,0.31,0.44,-0.13,1,1,0,-1.39,54.5,60.85,16.5,25.9,49.39,0.51,0.37,216,11,17,6,33.33,16.22,9.15,1,3,24,9,13,122.6,76.72,57.13,51.13,114.77,73.29,2,Atlético Goianiense 1-1 Goiás,2026-05-30
América Mineiro,1.09,2.07,-0.98,0.86,1.69,-0.83,0.22,0.37,-0.15,1.09,2.07,-0.98,0.53,1.29,0.22,0.29,-0.07,0,3,-3,-2.02,62.4,59.93,16.5,17.8,51.17,0.73,1.21,293,7,16,16,21.92,13.22,9.11,2,6,22,5,14,93.4,60.37,10.0,11.16,55.37,28.44,0,Juventude 3-0 América Mineiro,2026-05-29
Juventude,2.07,1.09,0.98,1.69,0.86,0.83,0.37,0.22,0.15,2.07,1.09,0.98,1.29,0.53,0.29,0.22,0.07,3,0,3,2.02,37.6,40.07,17.8,16.5,46.34,1.21,0.73,139,15,16,16,13.22,21.92,10.78,6,2,16,5,16,61.3,39.63,79.6,88.84,139.32,71.56,0,Juventude 3-0 América Mineiro,2026-05-29
Athletic Club MG,1.23,1.39,-0.16,1.23,0.6,0.63,0.0,0.03,-0.03,1.23,0.63,0.6,0.27,0.28,0.43,0.31,0.12,2,1,1,1.16,38.5,38.14,15.2,27.0,42.22,0.46,0.48,109,6,8,12,17.39,25.0,12.7,4,4,9,2,14,43.8,28.53,74.47,80.71,75.07,54.17,1,Botafogo SP 1-2 Athletic Club MG,2026-05-25
Botafogo SP,1.39,1.23,0.16,0.6,1.23,-0.63,0.03,0.0,0.03,0.63,1.23,-0.6,0.28,0.27,0.31,0.43,-0.12,1,2,-1,-1.16,61.5,61.86,27.0,15.2,44.4,0.48,0.46,185,9,12,8,25.0,17.39,7.24,4,4,20,6,14,109.7,71.47,17.8,19.29,63.5,45.83,2,Botafogo SP 1-2 Athletic Club MG,2026-05-25
Criciúma,0.93,2.41,-1.48,0.61,2.19,-1.58,0.32,0.22,0.1,0.93,2.41,-1.48,0.49,0.06,0.38,0.27,0.11,1,1,0,1.48,49.8,48.11,18.1,17.2,47.09,0.95,0.88,178,15,13,20,13.68,22.73,11.39,2,3,22,6,18,51.2,40.09,33.33,48.26,56.5,41.48,1,Operário PR 1-1 Criciúma,2026-05-24
Operário PR,2.41,0.93,1.48,2.19,0.61,1.58,0.22,0.32,-0.1,2.41,0.93,1.48,0.06,0.49,0.27,0.38,-0.11,1,1,0,-1.48,50.2,51.89,17.2,18.1,46.93,0.88,0.95,179,16,20,13,22.73,13.68,6.89,3,2,32,8,13,76.5,59.91,35.73,51.74,79.7,58.52,4,Operário PR 1-1 Criciúma,2026-05-24
Goiás,2.91,0.79,2.12,2.87,0.79,2.08,0.03,0.0,0.03,2.91,0.79,2.12,0.9,0.41,0.03,0.21,-0.18,2,0,2,-0.12,64.8,62.61,18.6,15.1,48.3,0.89,0.3,330,16,12,7,13.48,23.33,7.39,6,6,20,6,18,173.9,74.35,29.4,14.99,95.23,44.84,0,Avaí 0-2 Goiás,2026-05-24
Avaí,0.79,2.91,-2.12,0.79,2.87,-2.08,0.0,0.03,-0.03,0.79,2.91,-2.12,0.41,0.9,0.21,0.03,0.18,0,2,-2,0.12,35.2,37.39,15.1,18.6,45.64,0.3,0.89,152,3,7,12,23.33,13.48,11.62,6,6,9,1,15,60.0,25.65,166.73,85.01,117.17,55.16,0,Avaí 0-2 Goiás,2026-05-24
Vila Nova,1.03,2.11,-1.08,1.0,1.88,-0.88,0.03,0.23,-0.2,1.03,2.11,-1.08,0.0,0.59,0.03,0.56,-0.53,2,1,1,2.08,49.0,53.07,17.3,18.3,49.35,0.61,0.56,231,11,12,17,19.67,30.36,10.54,3,3,12,4,16,123.6,55.38,47.8,52.49,105.67,55.73,0,América Mineiro 1-2 Vila Nova,2026-05-24
América Mineiro,2.11,1.03,1.08,1.88,1.0,0.88,0.23,0.03,0.2,2.11,1.03,1.08,0.59,0.0,0.56,0.03,0.53,1,2,-1,-2.08,51.0,46.93,18.3,17.3,46.01,0.56,0.61,212,11,17,12,30.36,19.67,9.0,3,3,13,4,15,99.6,44.62,43.27,47.51,83.93,44.27,2,América Mineiro 1-2 Vila Nova,2026-05-24
Ponte Preta,0.94,3.12,-2.18,0.94,2.54,-1.6,0.0,0.58,-0.58,0.94,3.12,-2.18,0.0,1.67,0.04,0.76,-0.72,2,4,-2,0.18,42.4,35.92,19.7,12.8,51.77,1.11,1.7,207,6,10,33,9.01,19.41,15.29,1,9,25,5,8,47.6,15.34,66.13,76.13,50.27,22.52,1,CRB 4-2 Ponte Preta,2026-05-24
CRB,3.12,0.94,2.18,2.54,0.94,1.6,0.58,0.0,0.58,3.12,0.94,2.18,1.67,0.0,0.76,0.04,0.72,4,2,2,-0.18,57.6,64.08,12.8,19.7,57.35,1.7,1.11,349,27,33,10,19.41,9.01,8.58,9,1,46,12,17,262.7,84.66,20.73,23.87,172.97,77.48,2,CRB 4-2 Ponte Preta,2026-05-24
São Bernardo,1.97,1.37,0.6,1.05,1.19,-0.14,0.92,0.18,0.74,1.97,1.37,0.6,0.39,0.48,0.97,0.29,0.68,1,0,1,0.4,50.5,43.2,19.3,21.5,42.78,0.58,0.8,158,10,11,17,18.97,21.25,8.94,5,8,15,4,13,76.0,41.85,37.53,39.04,62.97,37.24,1,Atlético Goianiense 0-1 São Bernardo,2026-05-24
Atlético Goianiense,1.37,1.97,-0.6,1.19,1.05,0.14,0.18,0.92,-0.74,1.37,1.97,-0.6,0.48,0.39,0.29,0.97,-0.68,0,1,-1,-0.4,49.5,56.8,21.5,19.3,50.26,0.8,0.58,212,11,17,11,21.25,18.97,9.73,8,5,26,8,15,105.6,58.15,58.6,60.96,106.13,62.76,2,Atlético Goianiense 0-1 São Bernardo,2026-05-24
Sport Recife,0.72,1.18,-0.46,0.72,1.02,-0.3,0.0,0.16,-0.16,0.72,1.18,-0.46,0.12,0.27,0.51,0.55,-0.04,1,0,1,1.46,49.1,40.48,18.1,17.6,44.45,0.65,0.59,152,8,10,16,15.38,27.12,9.16,5,6,13,2,13,42.4,29.59,32.13,48.39,39.63,29.75,1,Juventude 0-1 Sport Recife,2026-05-23
Juventude,1.18,0.72,0.46,1.02,0.72,0.3,0.16,0.0,0.16,1.18,0.72,0.46,0.27,0.12,0.55,0.51,0.04,0,1,-1,-1.46,50.9,59.52,17.6,18.1,49.55,0.59,0.65,200,18,16,10,27.12,15.38,7.74,6,5,33,9,19,100.9,70.41,34.27,51.61,93.57,70.25,1,Juventude 0-1 Sport Recife,2026-05-23
Londrina,0.32,2.78,-2.46,0.32,1.84,-1.52,0.0,0.18,-0.18,0.32,2.02,-1.7,0.08,0.89,0.01,0.35,-0.34,0,3,-3,-0.54,48.5,39.16,22.2,20.0,45.35,0.32,0.93,196,5,9,17,28.12,18.28,10.38,4,5,8,1,15,71.4,30.92,54.33,47.94,43.43,18.64,0,Fortaleza 3-0 Londrina,2026-05-23
Fortaleza,2.78,0.32,2.46,1.84,0.32,1.52,0.18,0.0,0.18,2.02,0.32,1.7,0.89,0.08,0.35,0.01,0.34,3,0,3,0.54,51.5,60.84,20.0,22.2,51.22,0.93,0.32,252,18,17,9,18.28,28.12,10.61,5,4,21,5,14,159.5,69.08,59.0,52.06,189.6,81.36,0,Fortaleza 3-0 Londrina,2026-05-23
Ceará,0.76,1.03,-0.27,0.76,1.0,-0.24,0.0,0.03,-0.03,0.76,1.03,-0.27,0.09,0.26,0.02,0.06,-0.04,1,2,-1,-0.73,50.3,36.67,21.7,15.4,36.98,0.17,0.5,116,9,5,15,29.41,30.0,12.19,4,4,6,2,12,33.3,21.44,36.47,24.12,13.1,6.32,5,Novorizontino 2-1 Ceará,2026-05-23
Novorizontino,1.03,0.76,0.27,1.0,0.76,0.24,0.03,0.0,0.03,1.03,0.76,0.27,0.26,0.09,0.06,0.02,0.04,2,1,1,0.73,49.7,63.33,15.4,21.7,49.7,0.5,0.17,221,7,15,5,30.0,29.41,10.11,4,4,22,5,18,122.0,78.56,114.73,75.88,194.27,93.68,3,Novorizontino 2-1 Ceará,2026-05-23
Cuiabá,0.89,1.75,-0.86,0.89,0.89,0.0,0.0,0.1,-0.1,0.89,0.99,-0.1,0.0,0.57,0.03,0.12,-0.09,0,1,-1,-0.14,34.5,29.9,23.6,26.1,40.04,0.38,0.56,92,7,7,10,18.42,17.86,11.32,3,2,9,1,20,22.8,12.39,94.27,81.92,37.07,25.12,2,Náutico 1-0 Cuiabá,2026-05-22
Náutico,1.75,0.89,0.86,0.89,0.89,0.0,0.1,0.0,0.1,0.99,0.89,0.1,0.57,0.0,0.12,0.03,0.09,1,0,1,0.14,65.5,70.1,26.1,23.6,50.4,0.56,0.38,287,10,10,7,17.86,18.42,7.05,2,3,25,6,16,161.2,87.61,20.8,18.08,110.5,74.88,1,Náutico 1-0 Cuiabá,2026-05-22
Londrina,3.35,1.43,1.92,3.3,1.32,1.98,0.05,0.11,-0.06,3.35,1.43,1.92,0.0,0.45,0.26,0.37,-0.11,4,1,3,1.08,45.3,36.62,16.9,19.4,48.33,0.78,0.95,172,12,19,16,24.36,16.84,11.15,3,6,10,4,8,63.0,33.3,46.93,60.12,95.23,58.55,0,Ponte Preta 1-4 Londrina,2026-05-18
Ponte Preta,1.43,3.35,-1.92,1.32,3.3,-1.98,0.11,0.05,0.06,1.43,3.35,-1.92,0.45,0.0,0.37,0.26,0.11,1,4,-3,-1.08,54.7,63.38,19.4,16.9,53.77,0.95,0.78,254,13,16,19,16.84,24.36,9.67,6,3,45,11,16,126.2,66.7,31.13,39.88,67.43,41.45,1,Ponte Preta 1-4 Londrina,2026-05-18
CRB,2.04,1.37,0.67,1.98,1.01,0.97,0.06,0.36,-0.3,2.04,1.37,0.67,0.33,1.18,0.06,0.45,-0.39,2,1,1,0.33,44.5,43.12,18.3,19.4,46.32,0.86,1.2,146,9,12,13,13.95,10.83,11.37,5,2,16,2,13,93.0,46.09,55.27,61.77,93.6,70.1,1,Sport Recife 1-2 CRB,2026-05-17
Sport Recife,1.37,2.04,-0.67,1.01,1.98,-0.97,0.36,0.06,0.3,1.37,2.04,-0.67,1.18,0.33,0.45,0.06,0.39,1,2,-1,-0.33,55.5,56.88,19.4,18.3,50.57,1.2,0.86,239,14,13,12,10.83,13.95,8.3,2,5,20,3,14,108.8,53.91,34.2,38.23,39.93,29.9,2,Sport Recife 1-2 CRB,2026-05-17
Atlético Goianiense,1.97,1.32,0.65,1.0,1.19,-0.19,0.97,0.13,0.84,1.97,1.32,0.65,0.04,0.4,1.65,0.36,1.29,1,1,0,-0.65,33.6,34.68,20.5,34.3,46.2,0.76,0.94,98,14,18,13,23.68,13.83,11.69,3,4,17,9,16,50.3,32.88,85.4,95.03,96.4,58.68,3,Criciúma 1-1 Atlético Goianiense,2026-05-17
Criciúma,1.32,1.97,-0.65,1.19,1.0,0.19,0.13,0.97,-0.84,1.32,1.97,-0.65,0.4,0.04,0.36,1.65,-1.29,1,1,0,0.65,66.4,65.32,34.3,20.5,47.69,0.94,0.76,229,12,13,18,13.83,23.68,5.44,4,3,33,7,14,102.7,67.12,4.47,4.97,67.87,41.32,2,Criciúma 1-1 Atlético Goianiense,2026-05-17
Fortaleza,1.5,1.41,0.09,0.73,1.06,-0.33,0.01,0.34,-0.33,0.74,1.41,-0.67,0.2,0.06,0.13,0.46,-0.33,1,2,-1,-1.09,49.1,46.32,17.5,19.2,45.57,0.47,0.29,143,4,17,10,36.17,34.48,7.62,4,2,16,2,21,80.9,49.03,39.33,46.02,84.33,49.73,0,Ceará 2-1 Fortaleza,2026-05-17
Ceará,1.41,1.5,-0.09,1.06,0.73,0.33,0.34,0.01,0.33,1.41,0.74,0.67,0.06,0.2,0.46,0.13,0.33,2,1,1,1.09,50.9,53.68,19.2,17.5,49.47,0.29,0.47,207,11,10,17,34.48,36.17,7.55,2,4,9,3,20,84.1,50.97,46.13,53.98,85.23,50.27,6,Ceará 2-1 Fortaleza,2026-05-17
Avaí,0.47,1.43,-0.96,0.47,1.3,-0.83,0.0,0.14,-0.14,0.47,1.43,-0.96,0.01,0.4,0.21,0.71,-0.5,0,2,-2,-1.04,54.7,46.67,14.8,21.1,45.08,0.41,0.24,179,6,7,14,17.07,58.33,6.74,6,4,15,1,16,64.4,36.26,27.13,25.56,28.47,13.16,1,Vila Nova 2-0 Avaí,2026-05-17
Vila Nova,1.43,0.47,0.96,1.3,0.47,0.83,0.14,0.0,0.14,1.43,0.47,0.96,0.4,0.01,0.71,0.21,0.5,2,0,2,1.04,45.3,53.33,21.1,14.8,46.16,0.24,0.41,174,11,14,7,58.33,17.07,10.65,4,6,17,2,21,113.2,63.74,79.0,74.44,187.83,86.84,1,Vila Nova 2-0 Avaí,2026-05-17
Juventude,1.15,1.23,-0.08,1.03,1.23,-0.2,0.12,0.0,0.12,1.15,1.23,-0.08,0.92,0.76,0.31,0.28,0.03,1,1,0,0.08,55.7,43.59,17.2,23.7,40.07,1.0,0.66,123,15,10,18,10.0,27.27,6.26,5,3,16,3,16,73.4,37.97,13.27,13.27,60.83,23.29,2,Athletic Club MG 1-1 Juventude,2026-05-17
Athletic Club MG,1.23,1.15,0.08,1.23,1.03,0.2,0.0,0.12,-0.12,1.23,1.15,0.08,0.76,0.92,0.28,0.31,-0.03,1,1,0,-0.08,44.3,56.41,23.7,17.2,46.18,0.66,1.0,157,11,18,10,27.27,10.0,8.95,3,5,16,5,22,119.9,62.03,86.73,86.73,200.3,76.71,2,Athletic Club MG 1-1 Juventude,2026-05-17
Novorizontino,1.14,2.2,-1.06,1.09,1.78,-0.69,0.04,0.42,-0.38,1.14,2.2,-1.06,0.58,0.27,0.27,0.66,-0.39,0,0,0,1.06,40.7,34.23,37.7,19.8,43.41,0.46,1.13,129,11,10,22,21.74,19.47,13.28,3,4,13,4,13,22.4,13.98,83.2,88.63,53.93,35.78,6,Cuiabá 0-0 Novorizontino,2026-05-16
Cuiabá,2.2,1.14,1.06,1.78,1.09,0.69,0.42,0.04,0.38,2.2,1.14,1.06,0.27,0.58,0.66,0.27,0.39,0,0,0,-1.06,59.3,65.77,19.8,37.7,46.36,1.13,0.46,217,18,22,10,19.47,21.74,8.77,4,3,31,8,14,137.8,86.02,10.67,11.37,96.8,64.22,6,Cuiabá 0-0 Novorizontino,2026-05-16
Botafogo SP,0.2,0.87,-0.67,0.2,0.77,-0.57,0.0,0.1,-0.1,0.2,0.87,-0.67,0.12,0.09,0.04,0.12,-0.08,0,1,-1,-0.33,44.8,35.84,13.9,15.8,46.56,0.55,0.68,199,10,7,17,12.73,25.0,10.28,9,5,17,5,11,50.9,20.07,76.87,65.7,54.33,23.51,1,Goiás 1-0 Botafogo SP,2026-05-16
Goiás,0.87,0.2,0.67,0.77,0.2,0.57,0.1,0.0,0.1,0.87,0.2,0.67,0.09,0.12,0.12,0.04,0.08,1,0,1,0.33,55.2,64.16,15.8,13.9,53.82,0.68,0.55,347,14,17,7,25.0,12.73,8.7,5,9,20,4,19,202.7,79.93,40.13,34.3,176.8,76.49,0,Goiás 1-0 Botafogo SP,2026-05-16
Náutico,2.28,3.15,-0.87,1.5,1.74,-0.24,0.78,0.66,0.12,2.28,2.39,-0.11,1.16,1.17,1.69,0.67,1.02,6,2,4,4.87,54.7,67.97,17.5,15.5,54.12,1.25,0.67,238,15,18,17,14.4,25.37,7.3,8,2,19,5,18,159.3,76.99,38.4,46.15,185.93,77.13,0,Operário PR 2-6 Náutico,2026-05-16
Operário PR,3.15,2.28,0.87,1.74,1.5,0.24,0.66,0.78,-0.12,2.39,2.28,0.11,1.17,1.16,0.67,1.69,-1.02,2,6,-4,-4.87,45.3,32.03,15.5,17.5,43.37,0.67,1.25,124,9,17,18,25.37,14.4,10.14,2,8,17,7,8,47.6,23.01,44.8,53.85,55.13,22.87,2,Operário PR 2-6 Náutico,2026-05-16
América Mineiro,1.0,1.75,-0.75,0.86,1.72,-0.86,0.15,0.03,0.12,1.0,1.75,-0.75,0.07,0.59,0.22,0.78,-0.56,1,1,0,0.75,50.7,43.88,17.9,16.7,45.98,0.52,1.2,193,12,11,15,21.15,12.5,12.13,5,5,15,7,16,36.7,24.18,63.93,60.08,65.97,44.02,0,São Bernardo 1-1 América Mineiro,2026-05-16
São Bernardo,1.75,1.0,0.75,1.72,0.86,0.86,0.03,0.15,-0.12,1.75,1.0,0.75,0.59,0.07,0.78,0.22,0.56,1,1,0,-0.75,49.3,56.12,16.7,17.9,48.7,1.2,0.52,233,16,15,11,12.5,21.15,8.87,5,5,26,6,16,115.1,75.82,42.47,39.92,83.9,55.98,0,São Bernardo 1-1 América Mineiro,2026-05-16
São Bernardo,1.54,0.92,0.62,1.31,0.9,0.41,0.23,0.02,0.21,1.54,0.92,0.62,1.01,0.53,0.26,0.56,-0.3,3,1,2,1.38,46.8,29.7,20.6,22.5,36.21,-0.08,0.82,126,3,8,13,-100.0,15.85,21.2,3,3,7,2,6,36.9,20.77,54.07,42.24,53.0,48.5,0,Londrina 1-3 São Bernardo,2026-05-12
Londrina,0.92,1.54,-0.62,0.9,1.31,-0.41,0.02,0.23,-0.21,0.92,1.54,-0.62,0.53,1.01,0.56,0.26,0.3,1,3,-2,-1.38,53.2,70.3,22.5,20.6,49.05,0.82,-0.08,276,7,13,8,15.85,-100.0,13.72,3,3,32,9,13,140.8,79.23,73.93,57.76,56.27,51.5,1,Londrina 1-3 São Bernardo,2026-05-12
Botafogo SP,0.31,0.7,-0.39,0.31,0.68,-0.37,0.0,0.02,-0.02,0.31,0.7,-0.39,0.16,0.5,0.03,0.02,0.01,0,1,-1,-0.61,54.0,40.47,14.5,13.2,41.44,0.32,0.42,141,6,6,9,18.75,21.43,9.19,2,7,18,1,15,48.0,32.48,43.47,32.91,45.17,23.13,4,Novorizontino 1-0 Botafogo SP,2026-05-10
Novorizontino,0.7,0.31,0.39,0.68,0.31,0.37,0.02,0.0,0.02,0.7,0.31,0.39,0.5,0.16,0.02,0.03,-0.01,1,0,1,0.61,46.0,59.53,13.2,14.5,48.9,0.42,0.32,191,16,9,6,21.43,18.75,7.96,7,2,20,5,17,99.8,67.52,88.6,67.09,150.1,76.87,2,Novorizontino 1-0 Botafogo SP,2026-05-10
Fortaleza,0.81,1.83,-1.02,0.72,1.74,-1.02,0.09,0.09,0.0,0.81,1.83,-1.02,0.52,0.11,0.61,0.15,0.46,0,0,0,1.02,45.5,36.01,27.5,24.0,42.13,0.32,0.65,148,11,9,20,28.12,30.77,11.42,7,7,17,4,17,56.9,26.23,56.07,64.1,49.27,27.84,0,Avaí 0-0 Fortaleza,2026-05-10
Avaí,1.83,0.81,1.02,1.74,0.72,1.02,0.09,0.09,0.0,1.83,0.81,1.02,0.11,0.52,0.15,0.61,-0.46,0,0,0,-1.02,54.5,63.99,24.0,27.5,47.67,0.65,0.32,254,15,20,9,30.77,28.12,9.85,7,7,16,5,19,160.0,73.77,31.4,35.9,127.7,72.16,2,Avaí 0-0 Fortaleza,2026-05-10
América Mineiro,0.3,1.66,-1.36,0.3,1.58,-1.28,0.0,0.08,-0.08,0.3,1.66,-1.36,0.09,0.04,0.04,0.08,-0.04,0,4,-4,-2.64,42.8,31.23,17.7,24.2,42.66,0.16,0.63,129,5,5,19,31.25,30.16,9.06,2,5,15,3,16,18.8,8.86,50.73,67.77,20.73,7.64,1,Náutico 4-0 América Mineiro,2026-05-10
Náutico,1.66,0.3,1.36,1.58,0.3,1.28,0.08,0.0,0.08,1.66,0.3,1.36,0.04,0.09,0.08,0.04,0.04,4,0,4,2.64,57.2,68.77,24.2,17.7,54.96,0.63,0.16,283,12,19,5,30.16,31.25,5.83,5,2,20,3,19,193.3,91.14,24.13,32.23,250.5,92.36,1,Náutico 4-0 América Mineiro,2026-05-10
Criciúma,2.03,2.12,-0.09,1.66,2.1,-0.44,0.36,0.03,0.33,2.03,2.12,-0.09,0.56,0.53,0.46,0.26,0.2,0,0,0,0.09,44.8,59.61,26.6,23.3,52.55,0.76,0.67,197,11,14,15,18.42,22.39,8.72,6,2,24,9,18,80.5,55.02,72.8,85.52,119.73,72.87,0,Juventude 0-0 Criciúma,2026-05-09
Juventude,2.12,2.03,0.09,2.1,1.66,0.44,0.03,0.36,-0.33,2.12,2.03,0.09,0.53,0.56,0.26,0.46,-0.2,0,0,0,-0.09,55.2,40.39,23.3,26.6,40.43,0.67,0.76,127,13,15,14,22.39,18.42,6.31,2,6,20,7,14,65.8,44.98,12.33,14.48,44.57,27.13,2,Juventude 0-0 Criciúma,2026-05-09
Operário PR,0.48,2.08,-1.6,0.48,1.5,-1.02,0.0,0.58,-0.58,0.48,2.08,-1.6,0.09,0.64,0.1,0.76,-0.66,0,3,-3,-1.4,58.0,65.34,16.5,22.1,49.07,0.55,0.58,281,7,8,15,14.55,25.86,10.31,3,2,16,1,14,110.9,56.01,55.07,40.29,50.9,26.44,2,CRB 3-0 Operário PR,2026-05-09
CRB,2.08,0.48,1.6,1.5,0.48,1.02,0.58,0.0,0.58,2.08,0.48,1.6,0.64,0.09,0.76,0.1,0.66,3,0,3,1.4,42.0,34.66,22.1,16.5,40.26,0.58,0.55,133,11,15,8,25.86,14.55,12.79,2,3,13,6,15,87.1,43.99,81.6,59.71,141.58,73.56,1,CRB 3-0 Operário PR,2026-05-09
Atlético Goianiense,1.61,2.49,-0.88,0.85,1.96,-1.11,0.0,0.53,-0.53,0.85,2.49,-1.64,0.0,0.41,0.0,0.74,-0.74,1,0,1,1.88,25.4,20.27,10.0,15.6,46.1,0.36,1.14,76,3,5,32,13.89,28.07,12.33,2,4,6,1,15,17.7,4.49,98.0,96.01,38.3,15.45,4,Ceará 0-1 Atlético Goianiense,2026-05-09
Ceará,2.49,1.61,0.88,1.96,0.85,1.11,0.53,0.0,0.53,2.49,0.85,1.64,0.41,0.0,0.74,0.0,0.74,0,1,-1,-1.88,74.6,79.73,15.6,10.0,59.71,1.14,0.36,385,29,32,5,28.07,13.89,5.17,4,2,35,11,14,376.4,95.51,4.07,3.99,209.67,84.55,5,Ceará 0-1 Atlético Goianiense,2026-05-09
Sport Recife,2.05,2.5,-0.45,1.28,2.0,-0.72,0.01,0.49,-0.48,1.29,2.5,-1.21,0.33,1.17,0.18,1.72,-1.54,3,1,2,2.45,51.8,39.67,20.3,25.0,44.36,0.46,0.62,125,9,10,16,21.74,25.81,8.92,3,5,9,2,11,50.6,29.4,28.33,36.02,40.2,29.3,0,Ponte Preta 1-3 Sport Recife,2026-05-09
Ponte Preta,2.5,2.05,0.45,2.0,1.28,0.72,0.49,0.01,0.48,2.5,1.29,1.21,1.17,0.33,1.72,0.18,1.54,1,3,-2,-2.45,48.2,60.33,25.0,20.3,51.13,0.62,0.46,171,18,16,10,25.81,21.74,8.03,5,3,29,11,17,121.5,70.6,50.33,63.98,97.0,70.7,4,Ponte Preta 1-3 Sport Recife,2026-05-09
Cuiabá,0.38,1.17,-0.79,0.23,1.01,-0.78,0.15,0.16,-0.01,0.38,1.17,-0.79,0.03,0.0,0.22,0.16,0.06,0,0,0,0.79,43.6,46.31,26.1,15.3,44.17,0.35,0.11,148,9,7,8,20.0,72.73,10.05,4,3,17,6,18,74.2,46.55,81.07,72.21,106.37,61.18,3,Athletic Club MG 0-0 Cuiabá,2026-05-09
Athletic Club MG,1.17,0.38,0.79,1.01,0.23,0.78,0.16,0.15,0.01,1.17,0.38,0.79,0.0,0.03,0.16,0.22,-0.06,0,0,0,-0.79,56.4,53.69,15.3,26.1,43.75,0.11,0.35,183,4,8,7,72.73,20.0,8.97,3,4,14,6,11,85.2,53.45,31.2,27.79,67.5,38.82,0,Athletic Club MG 0-0 Cuiabá,2026-05-09
Vila Nova,0.64,1.3,-0.66,0.58,1.18,-0.6,0.06,0.12,-0.06,0.64,1.3,-0.66,0.29,0.9,0.02,0.12,-0.1,0,1,-1,-0.34,62.9,53.91,18.8,21.6,46.35,0.79,0.58,226,5,11,12,13.92,20.69,7.48,3,4,14,5,10,100.7,54.7,9.4,9.2,54.67,30.9,1,Goiás 1-0 Vila Nova,2026-05-09
Goiás,1.3,0.64,0.66,1.18,0.58,0.6,0.12,0.06,0.06,1.3,0.64,0.66,0.9,0.29,0.12,0.02,0.1,1,0,1,0.34,37.1,46.09,21.6,18.8,48.78,0.58,0.79,134,14,12,11,20.69,13.92,10.23,4,3,10,4,15,83.4,45.3,92.8,90.8,122.27,69.1,2,Goiás 1-0 Vila Nova,2026-05-09
Athletic Club MG,1.03,1.92,-0.89,1.03,1.3,-0.27,0.0,0.62,-0.62,1.03,1.92,-0.89,0.13,0.72,0.13,0.75,-0.62,1,1,0,0.89,32.6,22.36,23.1,16.7,39.06,0.37,1.1,90,3,2,23,5.41,20.91,14.86,1,5,5,1,14,12.8,5.44,88.0,93.55,25.87,13.83,0,Vila Nova 1-1 Athletic Club MG,2026-05-04
Vila Nova,1.92,1.03,0.89,1.3,1.03,0.27,0.62,0.0,0.62,1.92,1.03,0.89,0.72,0.13,0.75,0.13,0.62,1,1,0,-0.89,67.4,77.64,16.7,23.1,52.41,1.1,0.37,337,15,23,2,20.91,5.41,7.19,5,1,31,9,13,222.5,94.56,6.07,6.45,161.13,86.17,1,Vila Nova 1-1 Athletic Club MG,2026-05-04
Novorizontino,3.46,2.69,0.77,2.66,2.49,0.17,0.04,0.2,-0.16,2.7,2.69,0.01,0.22,0.17,0.27,0.83,-0.56,3,3,0,-0.77,48.5,42.44,13.9,18.8,44.34,0.88,0.78,164,14,10,17,11.36,21.79,7.7,4,5,19,3,15,47.1,28.67,55.53,58.25,63.03,35.52,1,Avaí 3-3 Novorizontino,2026-05-03
Avaí,2.69,3.46,-0.77,2.49,2.66,-0.17,0.2,0.04,0.16,2.69,2.7,-0.01,0.17,0.22,0.83,0.27,0.56,3,3,0,0.77,51.5,57.56,18.8,13.9,45.22,0.78,0.88,179,13,17,10,21.79,11.36,8.16,5,4,17,5,27,117.2,71.33,39.8,41.75,114.4,64.48,3,Avaí 3-3 Novorizontino,2026-05-03
CRB,2.12,0.88,1.24,1.88,0.87,1.01,0.24,0.02,0.22,2.12,0.88,1.24,0.53,0.36,0.28,0.77,-0.49,2,1,1,-0.24,55.3,52.36,25.0,16.5,45.21,0.91,0.28,198,4,16,9,17.58,32.14,7.32,2,2,18,4,20,128.3,59.07,21.53,21.05,87.8,45.61,1,América Mineiro 1-2 CRB,2026-05-03
América Mineiro,0.88,2.12,-1.24,0.87,1.88,-1.01,0.02,0.24,-0.22,0.88,2.12,-1.24,0.36,0.53,0.77,0.28,0.49,1,2,-1,0.24,44.7,47.64,16.5,25.0,48.51,0.28,0.91,195,13,9,16,32.14,17.58,9.45,2,2,22,3,18,88.9,40.93,80.73,78.95,104.7,54.39,1,América Mineiro 1-2 CRB,2026-05-03
Juventude,0.64,2.27,-1.63,0.64,1.49,-0.85,0.0,0.02,-0.02,0.64,1.51,-0.87,0.22,0.47,0.0,0.26,-0.26,0,0,0,1.63,52.4,39.31,15.3,12.9,42.78,0.64,0.71,156,9,6,16,9.38,22.54,8.18,2,8,15,1,14,50.0,26.97,48.87,38.36,12.53,8.94,0,Atlético Goianiense 0-0 Juventude,2026-05-03
Atlético Goianiense,2.27,0.64,1.63,1.49,0.64,0.85,0.02,0.0,0.02,1.51,0.64,0.87,0.47,0.22,0.26,0.0,0.26,0,0,0,-1.63,47.6,60.69,12.9,15.3,53.19,0.71,0.64,233,14,16,6,22.54,9.38,7.8,8,2,23,5,17,135.4,73.03,78.53,61.64,127.6,91.06,3,Atlético Goianiense 0-0 Juventude,2026-05-03
Ceará,0.54,2.1,-1.56,0.45,1.02,-0.57,0.09,0.32,-0.23,0.54,1.34,-0.8,0.0,0.14,0.29,0.7,-0.41,0,2,-2,-0.44,55.1,58.97,14.6,14.8,51.38,0.96,0.52,216,12,10,16,10.42,30.77,10.17,2,4,20,11,16,87.9,50.78,16.87,19.68,56.8,31.28,2,Sport Recife 2-0 Ceará,2026-05-03
Sport Recife,2.1,0.54,1.56,1.02,0.45,0.57,0.32,0.09,0.23,1.34,0.54,0.8,0.14,0.0,0.7,0.29,0.41,2,0,2,0.44,44.9,41.03,14.8,14.6,48.69,0.52,0.96,158,13,16,10,30.77,10.42,9.61,4,2,21,9,13,85.2,49.22,68.87,80.32,124.8,68.72,0,Sport Recife 2-0 Ceará,2026-05-03
Londrina,0.5,2.55,-2.05,0.5,1.5,-1.0,0.0,1.05,-1.05,0.5,2.55,-2.05,0.26,0.24,0.0,1.33,-1.33,0,3,-3,-0.95,44.6,54.31,14.0,11.4,46.61,0.63,0.34,161,6,10,14,15.87,41.18,10.07,9,5,22,4,16,69.2,53.69,48.2,59.02,37.56,22.89,1,Operário PR 3-0 Londrina,2026-05-03
Operário PR,2.55,0.5,2.05,1.5,0.5,1.0,1.05,0.0,1.05,2.55,0.5,2.05,0.24,0.26,1.33,0.0,1.33,3,0,3,0.95,55.4,45.69,11.4,14.0,44.0,0.34,0.63,195,4,14,10,41.18,15.87,9.47,5,9,14,4,11,59.7,46.31,33.47,40.98,126.56,77.11,0,Operário PR 3-0 Londrina,2026-05-03
Ponte Preta,0.74,1.58,-0.84,0.64,0.74,-0.1,0.11,0.09,0.02,0.74,0.82,-0.08,0.63,0.64,0.11,0.09,0.02,0,3,-3,-2.16,51.2,63.13,14.6,12.6,52.41,0.59,0.93,303,11,11,11,18.64,11.83,14.93,5,4,33,6,10,134.1,75.72,74.67,62.71,91.51,68.56,0,São Bernardo 3-0 Ponte Preta,2026-05-03
São Bernardo,1.58,0.74,0.84,0.74,0.64,0.1,0.09,0.11,-0.02,0.82,0.74,0.08,0.64,0.63,0.09,0.11,-0.02,3,0,3,2.16,48.8,36.87,12.6,14.6,41.59,0.93,0.59,174,9,11,11,11.83,18.64,15.08,4,5,16,2,11,43.0,24.28,44.4,37.29,41.97,31.44,0,São Bernardo 3-0 Ponte Preta,2026-05-03
Goiás,1.63,1.99,-0.36,1.57,1.83,-0.26,0.06,0.16,-0.1,1.63,1.99,-0.36,0.69,0.48,0.13,0.24,-0.11,1,4,-3,-2.64,56.6,57.66,19.4,21.1,47.41,0.64,0.84,246,11,10,17,15.62,20.24,9.46,4,6,10,3,17,104.6,52.07,25.47,23.51,88.0,37.98,1,Fortaleza 4-1 Goiás,2026-05-02
Fortaleza,1.99,1.63,0.36,1.83,1.57,0.26,0.16,0.06,0.1,1.99,1.63,0.36,0.48,0.69,0.24,0.13,0.11,4,1,3,2.64,43.4,42.34,21.1,19.4,49.92,0.84,0.64,213,12,17,10,20.24,15.62,11.25,6,4,17,3,11,96.3,47.93,82.87,76.49,143.68,62.02,0,Fortaleza 4-1 Goiás,2026-05-02
Criciúma,1.03,1.18,-0.15,0.26,0.59,-0.33,0.77,0.59,0.18,1.03,1.18,-0.15,0.16,0.16,0.77,0.65,0.12,1,1,0,0.15,52.9,43.4,20.6,21.0,41.71,0.14,0.46,171,3,9,9,64.29,19.57,10.97,0,7,8,2,10,49.5,40.44,46.87,46.53,42.77,30.45,1,Cuiabá 1-1 Criciúma,2026-05-02
Cuiabá,1.18,1.03,0.15,0.59,0.26,0.33,0.59,0.77,-0.18,1.18,1.03,0.15,0.16,0.16,0.65,0.77,-0.12,1,1,0,-0.15,47.1,56.6,21.0,20.6,47.42,0.46,0.14,198,14,9,9,19.57,64.29,11.0,7,0,12,3,17,72.9,59.56,53.87,53.47,97.67,69.55,7,Cuiabá 1-1 Criciúma,2026-05-02
Náutico,1.42,1.18,0.24,1.36,0.6,0.76,0.06,0.58,-0.52,1.42,1.18,0.24,0.93,0.29,1.09,0.65,0.44,1,1,0,-0.24,52.6,49.65,17.9,14.8,48.33,0.34,0.52,185,7,14,10,41.18,19.23,6.7,5,3,14,2,18,74.2,54.8,47.27,58.79,90.83,56.58,0,Botafogo SP 1-1 Náutico,2026-05-02
Botafogo SP,1.18,1.42,-0.24,0.6,1.36,-0.76,0.58,0.06,0.52,1.18,1.42,-0.24,0.29,0.93,0.65,1.09,-0.44,1,1,0,0.24,47.4,50.35,14.8,17.9,48.63,0.52,0.34,155,12,10,14,19.23,41.18,6.48,3,5,26,11,18,61.2,45.2,33.13,41.21,69.7,43.42,4,Botafogo SP 1-1 Náutico,2026-05-02
Náutico,1.18,0.92,0.26,1.03,0.89,0.14,0.15,0.03,0.12,1.18,0.92,0.26,0.39,0.53,0.15,0.22,-0.07,1,0,1,0.74,46.0,46.5,14.9,19.5,47.73,0.52,0.4,193,11,15,9,28.85,22.5,9.16,7,4,20,4,15,100.0,59.0,76.47,72.14,143.6,69.32,0,Athletic Club MG 0-1 Náutico,2026-04-27
Athletic Club MG,0.92,1.18,-0.26,0.89,1.03,-0.14,0.03,0.15,-0.12,0.92,1.18,-0.26,0.53,0.39,0.22,0.15,0.07,0,1,-1,-0.74,54.0,53.5,19.5,14.9,47.17,0.4,0.52,211,6,9,15,22.5,28.85,9.77,4,7,25,8,14,69.5,41.0,29.53,27.86,63.57,30.68,0,Athletic Club MG 0-1 Náutico,2026-04-27
CRB,1.42,1.99,-0.57,1.25,1.43,-0.18,0.17,0.56,-0.39,1.42,1.99,-0.57,0.06,0.27,0.2,0.63,-0.43,1,3,-2,-1.43,58.2,61.17,18.3,14.1,48.38,1.0,0.84,241,20,17,17,17.0,20.24,7.84,6,3,26,5,12,100.4,62.24,10.27,10.04,45.83,26.17,2,Criciúma 3-1 CRB,2026-04-26
Criciúma,1.99,1.42,0.57,1.43,1.25,0.18,0.56,0.17,0.39,1.99,1.42,0.57,0.27,0.06,0.63,0.2,0.43,3,1,2,1.43,41.8,38.83,14.1,18.3,47.31,0.84,1.0,160,11,17,17,20.24,17.0,14.78,3,6,19,9,13,60.9,37.76,92.07,89.96,129.3,73.83,0,Criciúma 3-1 CRB,2026-04-26
Avaí,0.92,1.97,-1.05,0.91,1.08,-0.17,0.01,0.14,-0.13,0.92,1.21,-0.29,0.26,0.0,0.14,0.29,-0.15,1,2,-1,0.05,59.3,59.73,27.4,23.4,47.04,0.64,0.22,229,13,8,16,12.5,72.73,8.94,2,8,15,1,10,84.8,56.53,24.8,21.38,43.07,27.66,4,Atlético Goianiense 2-1 Avaí,2026-04-26
Atlético Goianiense,1.97,0.92,1.05,1.08,0.91,0.17,0.14,0.01,0.13,1.21,0.92,0.29,0.0,0.26,0.29,0.14,0.15,2,1,1,-0.05,40.7,40.27,23.4,27.4,44.38,0.22,0.64,145,10,16,8,72.73,12.5,9.59,8,2,13,6,22,65.2,43.47,91.2,78.62,112.67,72.34,1,Atlético Goianiense 2-1 Avaí,2026-04-26
Vila Nova,2.28,1.71,0.57,0.7,1.68,-0.98,0.81,0.03,0.78,1.52,1.71,-0.19,0.35,0.03,1.04,0.97,0.07,3,3,0,-0.57,54.5,51.02,15.4,17.4,47.33,0.58,0.3,210,9,11,8,18.97,26.67,7.84,4,3,12,4,12,94.0,57.11,29.73,23.6,61.03,35.34,1,Ceará 3-3 Vila Nova,2026-04-26
Ceará,1.71,2.28,-0.57,1.68,0.7,0.98,0.03,0.81,-0.78,1.71,1.52,0.19,0.03,0.35,0.97,1.04,-0.07,3,3,0,0.57,45.5,48.98,17.4,15.4,49.21,0.3,0.58,172,8,8,11,26.67,18.97,9.89,3,4,15,3,17,70.6,42.89,96.27,76.4,111.67,64.66,3,Ceará 3-3 Vila Nova,2026-04-26
Fortaleza,1.1,0.82,0.28,0.97,0.77,0.2,0.13,0.06,0.07,1.1,0.82,0.28,0.18,0.17,0.13,0.2,-0.07,0,0,0,-0.28,35.7,29.41,25.0,17.3,43.78,0.21,0.82,114,6,12,21,57.14,25.61,16.24,3,4,11,7,12,28.1,17.36,89.0,92.45,58.47,41.5,0,Operário PR 0-0 Fortaleza,2026-04-26
Operário PR,0.82,1.1,-0.28,0.77,0.97,-0.2,0.06,0.13,-0.07,0.82,1.1,-0.28,0.17,0.18,0.2,0.13,0.07,0,0,0,0.28,64.3,70.59,17.3,25.0,48.05,0.82,0.21,257,9,21,12,25.61,57.14,6.97,4,3,32,11,9,133.8,82.64,7.27,7.55,82.43,58.5,1,Operário PR 0-0 Fortaleza,2026-04-26
Goiás,1.59,1.95,-0.36,0.77,0.9,-0.13,0.06,1.05,-0.99,0.83,1.95,-1.12,0.18,0.0,0.06,1.05,-0.99,0,1,-1,-0.64,54.9,59.25,24.3,18.4,50.35,0.78,0.57,249,15,16,13,20.51,22.81,10.29,6,3,20,4,16,125.4,66.81,35.8,53.7,124.83,68.73,1,São Bernardo 1-0 Goiás,2026-04-26
São Bernardo,1.95,1.59,0.36,0.9,0.77,0.13,1.05,0.06,0.99,1.95,0.83,1.12,0.0,0.18,1.05,0.06,0.99,1,0,1,0.64,45.1,40.75,18.4,24.3,41.68,0.57,0.78,142,9,13,16,22.81,20.51,14.36,3,6,13,4,8,62.3,33.19,30.87,46.3,56.8,31.27,0,São Bernardo 1-0 Goiás,2026-04-26
Londrina,0.73,0.68,0.05,0.6,0.65,-0.05,0.14,0.02,0.12,0.73,0.68,0.05,0.07,0.05,0.23,0.2,0.03,0,1,-1,-1.05,59.1,62.33,17.1,13.9,49.2,0.64,0.52,280,7,13,8,20.31,15.38,6.46,3,2,29,8,16,144.7,72.97,17.47,20.54,109.13,58.17,0,Juventude 1-0 Londrina,2026-04-25
Juventude,0.68,0.73,-0.05,0.65,0.6,0.05,0.02,0.14,-0.12,0.68,0.73,-0.05,0.05,0.07,0.2,0.23,-0.03,1,0,1,1.05,40.9,37.67,13.9,17.1,44.99,0.52,0.64,147,8,8,13,15.38,20.31,11.37,2,3,17,3,22,53.6,27.03,67.6,79.46,78.47,41.83,2,Juventude 1-0 Londrina,2026-04-25
Novorizontino,1.19,2.11,-0.92,0.77,2.11,-1.34,0.42,0.0,0.42,1.19,2.11,-0.92,0.51,1.04,0.42,0.19,0.23,0,1,-1,-0.08,44.0,57.6,40.8,22.1,46.28,0.5,0.75,144,8,10,10,20.0,13.33,10.24,1,4,19,5,21,76.2,52.05,75.47,70.44,108.9,62.59,2,Sport Recife 1-0 Novorizontino,2026-04-25
Sport Recife,2.11,1.19,0.92,2.11,0.77,1.34,0.0,0.42,-0.42,2.11,1.19,0.92,1.04,0.51,0.19,0.42,-0.23,1,0,1,0.08,56.0,42.4,22.1,40.8,41.07,0.75,0.5,127,6,10,10,13.33,20.0,7.61,4,1,15,3,13,70.2,47.95,31.67,29.56,65.1,37.41,1,Sport Recife 1-0 Novorizontino,2026-04-25
América Mineiro,1.02,0.93,0.09,0.71,0.89,-0.18,0.31,0.04,0.27,1.02,0.93,0.09,0.54,0.12,0.55,0.17,0.38,0,1,-1,-1.09,69.1,67.96,27.1,23.4,48.77,0.44,0.39,243,13,11,10,25.0,25.64,4.58,4,4,29,10,13,128.2,79.83,5.27,4.31,60.23,40.85,0,Ponte Preta 1-0 América Mineiro,2026-04-24
Ponte Preta,0.93,1.02,-0.09,0.89,0.71,0.18,0.04,0.31,-0.27,0.93,1.02,-0.09,0.12,0.54,0.17,0.55,-0.38,1,0,1,1.09,30.9,32.04,23.4,27.1,47.94,0.39,0.44,108,9,10,11,25.64,25.0,10.46,4,4,13,2,29,32.4,20.17,117.13,95.69,87.2,59.15,1,Ponte Preta 1-0 América Mineiro,2026-04-24
Botafogo SP,1.61,1.02,0.59,0.46,0.95,-0.49,0.4,0.08,0.32,0.85,1.02,-0.17,0.07,0.05,0.58,0.42,0.16,1,1,0,-0.59,44.4,46.0,30.6,15.5,47.96,0.6,0.54,137,11,10,17,16.67,31.48,8.59,6,4,18,4,7,61.8,32.27,42.8,68.95,67.6,37.13,6,Cuiabá 1-1 Botafogo SP,2026-04-22
Cuiabá,1.02,1.61,-0.59,0.95,0.46,0.49,0.08,0.4,-0.32,1.02,0.85,0.17,0.05,0.07,0.42,0.58,-0.16,1,1,0,0.59,55.6,54.0,15.5,30.6,48.84,0.54,0.6,189,9,17,10,31.48,16.67,6.0,4,6,18,6,20,129.7,67.73,19.27,31.05,114.47,62.87,3,Cuiabá 1-1 Botafogo SP,2026-04-22
Criciúma,0.97,0.53,0.44,0.97,0.51,0.46,0.0,0.03,-0.03,0.97,0.53,0.44,0.59,0.06,0.56,0.15,0.41,2,3,-1,-1.44,55.0,50.9,21.5,20.3,46.39,0.92,0.35,203,8,6,16,6.52,45.71,8.76,3,3,17,3,16,49.4,40.56,35.13,38.66,59.77,46.39,0,Fortaleza 3-2 Criciúma,2026-04-19
Fortaleza,0.53,0.97,-0.44,0.51,0.97,-0.46,0.03,0.0,0.03,0.53,0.97,-0.44,0.06,0.59,0.15,0.56,-0.41,3,2,1,1.44,45.0,49.1,20.3,21.5,44.98,0.35,0.92,153,5,16,6,45.71,6.52,9.56,3,3,16,4,18,72.4,59.44,55.73,61.34,69.07,53.61,0,Fortaleza 3-2 Criciúma,2026-04-19
Athletic Club MG,1.27,2.49,-1.22,0.46,2.3,-1.84,0.8,0.19,0.61,1.27,2.49,-1.22,0.06,0.89,1.09,0.76,0.33,1,2,-1,0.22,37.0,20.7,10.6,23.2,36.67,0.27,1.48,91,5,7,20,25.93,13.51,17.4,0,4,7,1,15,21.5,6.5,77.27,53.86,11.13,3.2,0,Novorizontino 2-1 Athletic Club MG,2026-04-19
Novorizontino,2.49,1.27,1.22,2.3,0.46,1.84,0.19,0.8,-0.61,2.49,1.27,1.22,0.89,0.06,0.76,1.09,-0.33,2,1,1,-0.22,63.0,79.3,23.2,10.6,57.33,1.48,0.27,381,20,20,7,13.51,25.93,10.17,4,0,41,11,11,309.5,93.5,66.2,46.14,336.27,96.8,3,Novorizontino 2-1 Athletic Club MG,2026-04-19
Cuiabá,1.66,0.34,1.32,1.58,0.32,1.26,0.08,0.03,0.05,1.66,0.34,1.32,0.6,0.16,0.24,0.08,0.16,2,0,2,0.68,34.6,37.93,17.2,16.8,42.05,0.52,0.52,102,11,11,8,21.15,15.38,10.49,2,8,12,4,26,64.0,40.2,106.2,94.71,124.67,84.2,1,Goiás 0-2 Cuiabá,2026-04-19
Goiás,0.34,1.66,-1.32,0.32,1.58,-1.26,0.03,0.08,-0.05,0.34,1.66,-1.32,0.16,0.6,0.08,0.24,-0.16,0,2,-2,-0.68,65.4,62.07,16.8,17.2,49.97,0.52,0.52,294,6,8,11,15.38,21.15,4.94,8,2,20,4,15,95.2,59.8,5.93,5.29,23.4,15.8,0,Goiás 0-2 Cuiabá,2026-04-19
Ceará,0.63,0.96,-0.33,0.56,0.38,0.18,0.07,0.58,-0.51,0.63,0.96,-0.33,0.2,0.0,0.27,0.6,-0.33,0,0,0,0.33,49.2,45.61,17.6,13.3,47.95,0.28,0.39,165,8,13,18,46.43,46.15,8.78,2,6,13,4,10,78.7,41.88,27.8,38.19,93.8,39.86,4,Londrina 0-0 Ceará,2026-04-19
Londrina,0.96,0.63,0.33,0.38,0.56,-0.18,0.58,0.07,0.51,0.96,0.63,0.33,0.0,0.2,0.6,0.27,0.33,0,0,0,-0.33,50.8,54.39,13.3,17.6,48.87,0.39,0.28,183,11,18,13,46.15,46.43,9.0,6,2,33,14,18,109.2,58.12,45.0,61.81,141.5,60.14,2,Londrina 0-0 Ceará,2026-04-19
Atlético Goianiense,1.34,1.08,0.26,0.38,0.97,-0.59,0.2,0.11,0.09,0.58,1.08,-0.5,0.01,0.25,0.26,0.38,-0.12,1,1,0,-0.26,45.8,42.96,11.7,21.5,45.66,0.17,0.6,132,6,10,12,58.82,20.0,9.09,0,13,19,5,14,58.9,35.44,44.0,55.09,58.53,35.3,4,Botafogo SP 1-1 Atlético Goianiense,2026-04-19
Botafogo SP,1.08,1.34,-0.26,0.97,0.38,0.59,0.11,0.2,-0.09,1.08,0.58,0.5,0.25,0.01,0.38,0.26,0.12,1,1,0,0.26,54.2,57.04,21.5,11.7,51.53,0.6,0.17,211,17,12,10,20.0,58.82,6.84,13,0,20,7,14,107.3,64.56,35.87,44.91,107.3,64.7,2,Botafogo SP 1-1 Atlético Goianiense,2026-04-19
Juventude,1.09,1.09,0.0,1.09,0.82,0.27,0.0,0.27,-0.27,1.09,1.09,0.0,0.17,0.32,0.0,0.34,-0.34,1,0,1,1.0,43.0,32.31,19.1,17.3,36.51,0.79,0.93,105,10,8,15,10.13,16.13,10.34,4,5,10,2,19,34.1,19.85,58.0,65.32,46.7,32.82,0,CRB 0-1 Juventude,2026-04-18
CRB,1.09,1.09,0.0,0.82,1.09,-0.27,0.27,0.0,0.27,1.09,1.09,0.0,0.32,0.17,0.34,0.0,0.34,0,1,-1,-1.0,57.0,67.69,17.3,19.1,51.23,0.93,0.79,287,11,15,8,16.13,10.13,8.85,5,4,31,5,15,137.7,80.15,30.8,34.68,95.6,67.18,3,CRB 0-1 Juventude,2026-04-18
Ponte Preta,3.0,0.84,2.16,1.25,0.52,0.73,0.23,0.32,-0.09,1.48,0.84,0.64,0.12,0.18,0.31,0.37,-0.06,2,1,1,-1.16,39.5,42.97,15.9,23.2,43.29,0.41,0.63,130,5,12,12,29.27,19.05,11.5,3,4,11,4,16,71.1,45.99,80.2,72.86,111.8,64.97,1,Avaí 1-2 Ponte Preta,2026-04-18
Avaí,0.84,3.0,-2.16,0.52,1.25,-0.73,0.32,0.23,0.09,0.84,1.48,-0.64,0.18,0.12,0.37,0.31,0.06,1,2,-1,1.16,60.5,57.03,23.2,15.9,48.02,0.63,0.41,229,10,12,12,19.05,29.27,9.0,4,3,18,5,16,83.5,54.01,29.87,27.14,60.27,35.03,2,Avaí 1-2 Ponte Preta,2026-04-18
Operário PR,0.97,1.1,-0.13,0.59,1.05,-0.46,0.38,0.05,0.33,0.97,1.1,-0.13,0.41,0.48,0.42,0.11,0.31,1,2,-1,-0.87,54.8,55.6,15.3,12.0,44.57,0.36,0.55,161,6,7,10,19.44,18.18,8.8,5,5,19,6,7,77.7,49.62,32.93,36.11,67.7,37.52,2,Vila Nova 2-1 Operário PR,2026-04-18
Vila Nova,1.1,0.97,0.13,1.05,0.59,0.46,0.05,0.38,-0.33,1.1,0.97,0.13,0.48,0.41,0.11,0.42,-0.31,2,1,1,0.87,45.2,44.4,12.0,15.3,44.45,0.55,0.36,125,10,10,7,18.18,19.44,8.49,5,5,13,3,22,78.9,50.38,58.27,63.89,112.73,62.48,0,Vila Nova 2-1 Operário PR,2026-04-18
São Bernardo,1.67,2.6,-0.93,0.88,1.51,-0.63,0.8,0.33,0.47,1.67,1.84,-0.17,0.23,0.89,0.8,1.25,-0.45,3,0,3,3.93,39.0,21.15,20.3,19.8,38.69,0.2,0.84,87,5,11,18,55.0,21.43,10.42,1,8,6,2,16,18.0,9.0,60.27,72.03,41.87,25.96,0,Náutico 0-3 São Bernardo,2026-04-18
Náutico,2.6,1.67,0.93,1.51,0.88,0.63,0.33,0.8,-0.47,1.84,1.67,0.17,0.89,0.23,1.25,0.8,0.45,0,3,-3,-3.93,61.0,78.85,19.8,20.3,54.08,0.84,0.2,295,17,18,11,21.43,55.0,6.11,8,1,35,10,15,181.9,91.0,23.4,27.97,119.4,74.04,1,Náutico 0-3 São Bernardo,2026-04-18
Sport Recife,0.37,1.66,-1.29,0.27,1.53,-1.26,0.1,0.13,-0.03,0.37,1.66,-1.29,0.0,0.53,0.07,0.28,-0.21,0,0,0,1.29,49.9,38.56,22.2,23.9,41.7,0.15,0.74,133,2,9,17,60.0,22.97,7.76,2,6,19,3,15,40.5,23.94,20.87,30.19,20.37,13.03,0,América Mineiro 0-0 Sport Recife,2026-04-18
América Mineiro,1.66,0.37,1.29,1.53,0.27,1.26,0.13,0.1,0.03,1.66,0.37,1.29,0.53,0.0,0.28,0.07,0.21,0,0,0,-1.29,50.1,61.44,23.9,22.2,50.75,0.74,0.15,190,18,17,9,22.97,60.0,7.69,6,2,28,8,14,128.7,76.06,48.27,69.81,135.97,86.97,3,América Mineiro 0-0 Sport Recife,2026-04-18
Londrina,0.54,2.89,-2.35,0.47,2.18,-1.71,0.07,0.71,-0.64,0.54,2.89,-2.35,0.36,1.08,0.44,1.67,-1.23,1,2,-1,1.35,49.7,34.21,22.9,16.2,36.76,0.41,0.86,110,4,6,17,14.63,19.77,10.41,1,12,8,2,12,39.8,17.42,33.07,32.5,25.07,8.99,0,Atlético Goianiense 2-1 Londrina,2026-04-12
Atlético Goianiense,2.89,0.54,2.35,2.18,0.47,1.71,0.71,0.07,0.64,2.89,0.54,2.35,1.08,0.36,1.67,0.44,1.23,2,1,1,-1.35,50.3,65.79,16.2,22.9,50.7,0.86,0.41,230,14,17,6,19.77,14.63,8.41,12,1,28,8,26,188.7,82.58,68.67,67.5,253.87,91.01,2,Atlético Goianiense 2-1 Londrina,2026-04-12
Athletic Club MG,2.8,1.65,1.15,2.01,0.67,1.34,0.03,0.22,-0.19,2.04,0.89,1.15,0.4,0.39,0.43,0.37,0.06,3,2,1,-0.15,50.9,51.99,13.9,21.2,50.1,0.65,0.92,224,9,12,11,18.46,11.96,9.0,2,1,13,6,21,105.9,59.59,39.47,43.28,97.2,51.55,0,CRB 2-3 Athletic Club MG,2026-04-12
CRB,1.65,2.8,-1.15,0.67,2.01,-1.34,0.22,0.03,0.19,0.89,2.04,-1.15,0.39,0.4,0.37,0.43,-0.06,2,3,-1,0.15,49.1,48.01,21.2,13.9,49.15,0.92,0.65,195,9,11,12,11.96,18.46,10.03,1,2,15,2,15,71.8,40.41,51.73,56.72,91.37,48.45,3,CRB 2-3 Athletic Club MG,2026-04-12
Cuiabá,0.63,0.88,-0.25,0.63,0.88,-0.25,0.0,0.0,0.0,0.63,0.88,-0.25,0.0,0.14,0.15,0.16,-0.01,0,0,0,0.25,41.0,32.49,21.1,20.4,41.64,0.24,1.02,122,5,11,13,45.83,12.75,8.42,4,3,13,1,18,41.7,22.17,49.0,57.02,29.3,19.37,0,Operário PR 0-0 Cuiabá,2026-04-12
Operário PR,0.88,0.63,0.25,0.88,0.63,0.25,0.0,0.0,0.0,0.88,0.63,0.25,0.14,0.0,0.16,0.15,0.01,0,0,0,-0.25,59.0,67.51,20.4,21.1,50.56,1.02,0.24,246,15,13,11,12.75,45.83,7.51,3,4,20,2,17,146.4,77.83,36.93,42.98,121.93,80.63,1,Operário PR 0-0 Cuiabá,2026-04-12
Novorizontino,1.98,0.32,1.66,1.59,0.32,1.27,0.38,0.0,0.38,1.98,0.32,1.66,0.0,0.0,0.42,0.22,0.2,3,0,3,1.34,48.5,53.99,26.8,21.5,46.39,0.58,0.33,152,10,15,6,25.86,18.18,10.36,5,6,14,5,11,84.9,74.8,66.0,66.05,131.53,79.52,3,América Mineiro 0-3 Novorizontino,2026-04-12
América Mineiro,0.32,1.98,-1.66,0.32,1.59,-1.27,0.0,0.38,-0.38,0.32,1.98,-1.66,0.0,0.0,0.22,0.42,-0.2,0,3,-3,-1.34,51.5,46.01,21.5,26.8,40.57,0.33,0.58,135,7,6,15,18.18,25.86,8.95,6,5,20,4,15,28.6,25.2,33.93,33.95,33.87,20.48,2,América Mineiro 0-3 Novorizontino,2026-04-12
Fortaleza,1.98,1.51,0.47,1.84,1.45,0.39,0.14,0.06,0.08,1.98,1.51,0.47,1.46,0.04,0.14,0.1,0.04,1,0,1,0.53,51.2,52.07,25.0,14.5,47.12,0.78,0.34,189,18,17,15,21.79,44.12,13.3,3,6,23,6,17,100.5,59.47,66.6,65.17,116.07,69.74,0,São Bernardo 0-1 Fortaleza,2026-04-12
São Bernardo,1.51,1.98,-0.47,1.45,1.84,-0.39,0.06,0.14,-0.08,1.51,1.98,-0.47,0.04,1.46,0.1,0.14,-0.04,0,1,-1,-0.53,48.8,47.93,14.5,25.0,40.58,0.34,0.78,146,9,15,17,44.12,21.79,13.52,6,3,17,4,10,68.5,40.53,35.6,34.83,50.37,30.26,0,São Bernardo 0-1 Fortaleza,2026-04-12
Náutico,0.98,2.35,-1.37,0.98,2.35,-1.37,0.0,0.0,0.0,0.98,2.35,-1.37,0.43,0.0,0.16,0.0,0.16,0,1,-1,0.37,59.2,67.59,17.2,17.2,51.79,0.8,0.39,281,14,15,10,18.75,25.64,7.81,3,2,16,4,15,146.3,73.7,26.2,23.89,93.7,59.73,0,Ceará 1-0 Náutico,2026-04-11
Ceará,2.35,0.98,1.37,2.35,0.98,1.37,0.0,0.0,0.0,2.35,0.98,1.37,0.0,0.43,0.0,0.16,-0.16,1,0,1,-0.37,40.8,32.41,17.2,17.2,42.06,0.39,0.8,106,6,10,15,25.64,18.75,13.07,2,3,9,3,12,52.2,26.3,83.47,76.11,63.17,40.27,2,Ceará 1-0 Náutico,2026-04-11
Avaí,1.96,3.83,-1.87,0.92,2.81,-1.89,0.28,0.25,0.03,1.2,3.07,-1.87,0.14,1.28,0.34,0.66,-0.32,2,2,0,1.87,42.4,49.17,17.1,26.2,50.54,0.42,0.78,174,16,16,21,38.1,26.92,14.04,2,5,15,8,16,87.3,45.12,106.67,93.24,156.8,71.25,3,Sport Recife 2-2 Avaí,2026-04-11
Sport Recife,3.83,1.96,1.87,2.81,0.92,1.89,0.25,0.28,-0.03,3.07,1.2,1.87,1.28,0.14,0.66,0.34,0.32,2,2,0,-1.87,57.6,50.83,26.2,17.1,41.49,0.78,0.42,152,12,21,16,26.92,38.1,7.23,5,2,20,7,8,106.2,54.88,7.73,6.76,63.27,28.75,1,Sport Recife 2-2 Avaí,2026-04-11
Vila Nova,0.81,1.8,-0.99,0.68,1.31,-0.63,0.13,0.49,-0.36,0.81,1.8,-0.99,0.14,0.18,0.16,0.7,-0.54,1,0,1,1.99,50.0,47.71,22.2,22.2,46.26,0.95,0.65,189,15,14,17,14.74,26.15,11.04,2,6,12,4,15,69.5,43.82,46.07,56.97,88.03,57.95,0,Ponte Preta 0-1 Vila Nova,2026-04-11
Ponte Preta,1.8,0.81,0.99,1.31,0.68,0.63,0.49,0.13,0.36,1.8,0.81,0.99,0.18,0.14,0.7,0.16,0.54,0,1,-1,-1.99,50.0,52.29,22.2,22.2,45.94,0.65,0.95,181,14,17,14,26.15,14.74,9.94,6,2,28,9,12,89.1,56.18,34.8,43.03,63.87,42.05,4,Ponte Preta 0-1 Vila Nova,2026-04-11
Goiás,0.23,0.62,-0.39,0.23,0.62,-0.39,0.0,0.0,0.0,0.23,0.62,-0.39,0.12,0.13,0.12,0.05,0.07,0,2,-2,-1.61,57.5,52.12,17.1,17.5,47.71,0.65,0.43,195,6,5,11,7.69,25.58,7.97,1,4,13,1,16,70.0,53.39,23.07,28.53,45.93,41.49,0,Juventude 2-0 Goiás,2026-04-11
Juventude,0.62,0.23,0.39,0.62,0.23,0.39,0.0,0.0,0.0,0.62,0.23,0.39,0.13,0.12,0.05,0.12,-0.07,2,0,2,1.61,42.5,47.88,17.5,17.1,47.68,0.43,0.65,154,15,11,5,25.58,7.69,8.12,4,1,22,6,19,61.1,46.61,57.8,71.47,64.77,58.51,1,Juventude 2-0 Goiás,2026-04-11
Botafogo SP,0.74,1.7,-0.96,0.46,0.5,-0.04,0.28,1.2,-0.92,0.74,1.7,-0.96,0.13,0.32,0.37,1.38,-1.01,0,1,-1,-0.04,48.5,56.77,15.3,22.4,53.79,0.61,0.83,212,10,12,12,19.67,14.46,8.3,5,2,26,6,15,115.0,56.9,54.6,62.09,109.33,64.5,1,Criciúma 1-0 Botafogo SP,2026-04-10
Criciúma,1.7,0.74,0.96,0.5,0.46,0.04,1.2,0.28,0.92,1.7,0.74,0.96,0.32,0.13,1.38,0.37,1.01,1,0,1,0.04,51.5,43.23,22.4,15.3,49.8,0.83,0.61,203,14,12,12,14.46,19.67,7.7,2,5,31,9,15,87.1,43.1,33.33,37.91,60.17,35.5,2,Criciúma 1-0 Botafogo SP,2026-04-10
Criciúma,0.81,1.41,-0.6,0.47,1.27,-0.8,0.34,0.14,0.2,0.81,1.41,-0.6,0.41,1.1,0.65,0.14,0.51,0,1,-1,-0.4,45.7,40.06,21.0,14.8,46.7,0.46,0.82,197,6,9,13,19.57,15.85,14.21,2,6,21,7,11,50.3,28.71,67.33,58.89,49.2,29.82,1,Goiás 1-0 Criciúma,2026-04-06
Goiás,1.41,0.81,0.6,1.27,0.47,0.8,0.14,0.34,-0.2,1.41,0.81,0.6,1.1,0.41,0.14,0.65,-0.51,1,0,1,0.4,54.3,59.94,14.8,21.0,48.41,0.82,0.46,229,9,13,9,15.85,19.57,10.29,6,2,26,6,9,124.9,71.29,47.0,41.11,115.77,70.18,1,Goiás 1-0 Criciúma,2026-04-06
São Bernardo,2.07,1.23,0.84,1.36,1.08,0.28,0.71,0.15,0.56,2.07,1.23,0.84,1.12,0.14,0.73,0.25,0.48,2,1,1,0.16,51.4,44.23,17.7,19.1,44.81,0.89,0.84,199,10,13,16,14.61,19.05,11.34,3,6,22,8,11,67.6,41.4,26.67,34.16,57.6,29.52,1,Botafogo SP 1-2 São Bernardo,2026-04-05
Botafogo SP,1.23,2.07,-0.84,1.08,1.36,-0.28,0.15,0.71,-0.56,1.23,2.07,-0.84,0.14,1.12,0.25,0.73,-0.48,1,2,-1,-0.16,48.6,55.77,19.1,17.7,50.68,0.84,0.89,233,19,16,13,19.05,14.61,10.78,6,3,24,9,12,95.7,58.6,51.4,65.84,137.53,70.48,3,Botafogo SP 1-2 São Bernardo,2026-04-05
América Mineiro,2.26,1.24,1.02,1.65,1.24,0.41,0.61,0.0,0.61,2.26,1.24,1.02,0.78,0.0,0.76,0.0,0.76,1,1,0,-1.02,65.3,75.28,16.2,27.7,55.54,1.55,0.18,347,22,20,10,12.9,55.56,8.12,6,2,40,7,12,236.4,88.47,10.67,15.2,196.8,81.7,1,Athletic Club MG 1-1 América Mineiro,2026-04-05
Athletic Club MG,1.24,2.26,-1.02,1.24,1.65,-0.41,0.0,0.61,-0.61,1.24,2.26,-1.02,0.0,0.78,0.0,0.76,-0.76,1,1,0,1.02,34.7,24.72,27.7,16.2,39.79,0.18,1.55,89,2,10,20,55.56,12.9,11.97,2,6,9,4,18,30.8,11.53,59.53,84.8,44.07,18.3,0,Athletic Club MG 1-1 América Mineiro,2026-04-05
CRB,1.48,1.4,0.08,1.48,1.08,0.4,0.0,0.32,-0.32,1.48,1.4,0.08,0.0,0.58,0.21,0.42,-0.21,1,1,0,-0.08,57.0,35.89,20.2,21.6,40.79,0.24,0.92,168,2,11,19,45.83,20.65,9.86,3,9,11,1,12,44.0,21.25,27.27,19.13,22.93,8.89,6,Novorizontino 1-1 CRB,2026-04-05
Novorizontino,1.4,1.48,-0.08,1.08,1.48,-0.4,0.32,0.0,0.32,1.4,1.48,-0.08,0.58,0.0,0.42,0.21,0.21,1,1,0,0.08,43.0,64.11,21.6,20.2,55.95,0.92,0.24,261,14,19,11,20.65,45.83,11.26,9,3,36,5,19,163.1,78.75,115.27,80.87,235.03,91.11,2,Novorizontino 1-1 CRB,2026-04-05
Operário PR,0.25,1.02,-0.77,0.2,0.69,-0.49,0.05,0.33,-0.28,0.25,1.02,-0.77,0.0,0.28,0.05,0.53,-0.48,0,0,0,0.77,51.3,35.34,14.7,18.5,42.19,0.14,0.78,139,4,6,13,42.86,16.67,7.53,3,9,12,4,19,39.0,24.75,20.4,31.48,41.27,22.17,0,Avaí 0-0 Operário PR,2026-04-05
Avaí,1.02,0.25,0.77,0.69,0.2,0.49,0.33,0.05,0.28,1.02,0.25,0.77,0.28,0.0,0.53,0.05,0.48,0,0,0,-0.77,48.7,64.66,18.5,14.7,48.56,0.78,0.14,183,10,13,6,16.67,42.86,5.74,9,3,31,9,19,118.6,75.25,44.4,68.52,144.87,77.83,6,Avaí 0-0 Operário PR,2026-04-05
Sport Recife,2.43,0.97,1.46,1.6,0.9,0.7,0.08,0.06,0.02,1.67,0.97,0.7,1.19,0.28,0.41,0.11,0.3,2,1,1,-0.46,61.7,55.38,7.0,22.1,48.41,1.04,0.51,252,11,16,13,15.38,25.49,6.64,4,3,24,7,13,131.6,64.42,10.2,9.07,80.63,37.99,0,Londrina 1-2 Sport Recife,2026-04-04
Londrina,0.97,2.43,-1.46,0.9,1.6,-0.7,0.06,0.08,-0.02,0.97,1.67,-0.7,0.28,1.19,0.11,0.41,-0.3,1,2,-1,0.46,38.3,44.62,22.1,7.0,49.3,0.51,1.04,157,9,13,16,25.49,15.38,13.63,3,4,27,5,13,72.7,35.58,102.27,90.93,131.6,62.01,0,Londrina 1-2 Sport Recife,2026-04-04
Atlético Goianiense,1.03,2.04,-1.01,1.03,1.21,-0.18,0.0,0.07,-0.07,1.03,1.28,-0.25,0.32,0.04,0.48,0.28,0.2,1,2,-1,0.01,42.2,36.23,13.0,25.0,44.37,0.57,0.47,114,3,10,17,17.54,36.17,6.06,6,7,10,3,24,46.5,26.18,55.47,74.02,57.33,40.36,5,Vila Nova 2-1 Atlético Goianiense,2026-04-04
Vila Nova,2.04,1.03,1.01,1.21,1.03,0.18,0.07,0.0,0.07,1.28,1.03,0.25,0.04,0.32,0.28,0.48,-0.2,2,1,1,-0.01,57.8,63.77,25.0,13.0,49.61,0.47,0.57,196,4,17,10,36.17,17.54,5.02,7,6,23,8,16,131.1,73.82,19.47,25.98,84.73,59.64,0,Vila Nova 2-1 Atlético Goianiense,2026-04-04
Ceará,1.45,2.77,-1.32,1.32,1.18,0.14,0.13,0.07,0.06,1.45,1.25,0.2,0.17,0.07,0.13,0.17,-0.04,2,0,2,3.32,35.5,31.35,20.7,21.7,45.23,0.4,0.51,115,9,7,16,17.5,31.37,13.23,4,4,10,2,20,37.5,18.8,101.93,83.6,62.1,45.44,1,Cuiabá 0-2 Ceará,2026-04-04
Cuiabá,2.77,1.45,1.32,1.18,1.32,-0.14,0.07,0.13,-0.06,1.25,1.45,-0.2,0.07,0.17,0.17,0.13,0.04,0,2,-2,-3.32,64.5,68.65,21.7,20.7,52.93,0.51,0.4,327,11,16,7,31.37,17.5,5.77,4,4,25,1,14,162.0,81.2,20.0,16.4,74.57,54.56,5,Cuiabá 0-2 Ceará,2026-04-04
Ponte Preta,0.95,2.25,-1.3,0.95,1.14,-0.19,0.0,0.34,-0.34,0.95,1.49,-0.54,0.0,0.68,0.0,0.6,-0.6,0,1,-1,0.3,32.0,29.52,14.3,25.7,46.26,0.3,1.2,101,3,4,23,13.33,19.17,12.0,1,2,15,3,21,8.6,4.17,92.33,92.83,28.4,16.22,1,Náutico 1-0 Ponte Preta,2026-04-04
Náutico,2.25,0.95,1.3,1.14,0.95,0.19,0.34,0.0,0.34,1.49,0.95,0.54,0.68,0.0,0.6,0.0,0.6,1,0,1,-0.3,68.0,70.48,25.7,14.3,55.22,1.2,0.3,317,19,23,4,19.17,13.33,5.25,2,1,41,17,14,197.7,95.83,7.13,7.17,146.7,83.78,0,Náutico 1-0 Ponte Preta,2026-04-04
Juventude,1.18,1.75,-0.57,0.94,0.54,0.4,0.24,0.46,-0.22,1.18,0.99,0.19,0.08,0.13,0.33,0.54,-0.21,1,2,-1,-0.43,62.2,57.87,20.0,15.2,47.27,0.6,0.45,223,11,18,12,30.0,26.67,5.93,6,3,17,2,11,99.4,62.87,28.2,20.54,66.27,38.51,4,Fortaleza 2-1 Juventude,2026-04-04
Fortaleza,1.75,1.18,0.57,0.54,0.94,-0.4,0.46,0.24,0.22,0.99,1.18,-0.19,0.13,0.08,0.54,0.33,0.21,2,1,1,0.43,37.8,42.13,15.2,20.0,45.17,0.45,0.6,123,7,12,18,26.67,30.0,11.54,3,6,16,5,23,58.7,37.13,109.07,79.46,105.83,61.49,0,Fortaleza 2-1 Juventude,2026-04-04
Operário PR,1.36,0.66,0.7,1.28,0.63,0.65,0.07,0.02,0.05,1.36,0.66,0.7,0.19,0.0,0.07,0.08,-0.01,2,1,1,0.3,52.1,53.26,17.3,21.3,46.65,0.47,0.37,277,8,15,16,31.91,43.24,18.52,3,1,23,8,8,86.5,52.42,40.07,38.38,68.33,41.18,0,São Bernardo 1-2 Operário PR,2026-04-02
São Bernardo,0.66,1.36,-0.7,0.63,1.28,-0.65,0.02,0.07,-0.05,0.66,1.36,-0.7,0.0,0.19,0.08,0.07,0.01,1,2,-1,-0.3,47.9,46.74,21.3,17.3,43.95,0.37,0.47,205,8,16,15,43.24,31.91,23.75,1,3,19,6,7,78.5,47.58,64.33,61.62,97.6,58.82,1,São Bernardo 1-2 Operário PR,2026-04-02
Avaí,0.81,1.98,-1.17,0.81,1.82,-1.01,0.0,0.16,-0.16,0.81,1.98,-1.17,0.14,0.37,0.03,0.38,-0.35,1,0,1,2.17,42.3,34.24,21.2,21.5,44.0,0.67,1.11,172,7,15,27,22.39,24.32,16.73,4,9,15,5,14,71.6,27.36,90.93,72.44,94.6,40.09,1,CRB 0-1 Avaí,2026-04-01
CRB,1.98,0.81,1.17,1.82,0.81,1.01,0.16,0.0,0.16,1.98,0.81,1.17,0.37,0.14,0.38,0.03,0.35,0,1,-1,-2.17,57.7,65.76,21.5,21.2,52.05,1.11,0.67,343,13,27,15,24.32,22.39,9.21,9,4,29,5,10,190.1,72.64,34.6,27.56,141.37,59.91,2,CRB 0-1 Avaí,2026-04-01
Athletic Club MG,0.71,3.43,-2.72,0.71,2.22,-1.51,0.0,0.45,-0.45,0.71,2.67,-1.96,0.0,0.78,0.02,0.88,-0.86,1,1,0,2.72,30.2,27.91,14.6,16.3,39.44,0.04,2.06,79,3,7,32,175.0,15.53,11.0,5,4,6,2,21,15.4,5.23,90.2,95.75,34.87,17.29,2,Criciúma 1-1 Athletic Club MG,2026-04-01
Criciúma,3.43,0.71,2.72,2.22,0.71,1.51,0.45,0.0,0.45,2.67,0.71,1.96,0.78,0.0,0.88,0.02,0.86,1,1,0,-2.72,69.8,72.09,16.3,14.6,54.27,2.06,0.04,336,28,32,7,15.53,175.0,5.53,4,5,37,9,10,279.2,94.77,4.0,4.25,166.77,82.71,1,Criciúma 1-1 Athletic Club MG,2026-04-01
Ceará,3.12,2.05,1.07,2.92,2.05,0.87,0.2,0.0,0.2,3.12,2.05,1.07,0.8,0.67,1.14,0.56,0.58,1,1,0,-1.07,42.0,50.49,27.5,21.2,51.91,0.99,0.77,184,17,14,9,14.14,11.69,9.45,6,2,23,6,13,137.5,60.33,92.93,88.84,172.93,77.2,2,Ponte Preta 1-1 Ceará,2026-04-01
Ponte Preta,2.05,3.12,-1.07,2.05,2.92,-0.87,0.0,0.2,-0.2,2.05,3.12,-1.07,0.67,0.8,0.56,1.14,-0.58,1,1,0,1.07,58.0,49.51,21.2,27.5,48.48,0.77,0.99,223,10,9,14,11.69,14.14,7.24,2,6,23,4,20,90.4,39.67,11.67,11.16,51.07,22.8,0,Ponte Preta 1-1 Ceará,2026-04-01
Vila Nova,2.83,0.76,2.07,2.79,0.62,2.17,0.04,0.14,-0.1,2.83,0.76,2.07,1.31,0.07,0.1,0.18,-0.08,1,1,0,-2.07,60.6,66.2,14.2,32.4,52.41,1.12,0.6,311,14,16,10,14.29,16.67,9.15,6,2,17,3,12,165.0,83.12,38.87,23.64,114.2,63.95,0,Sport Recife 1-1 Vila Nova,2026-04-01
Sport Recife,0.76,2.83,-2.07,0.62,2.79,-2.17,0.14,0.04,0.1,0.76,2.83,-2.07,0.07,1.31,0.18,0.1,0.08,1,1,0,2.07,39.4,33.8,32.4,14.2,42.12,0.6,1.12,113,9,10,16,16.67,14.29,16.08,2,6,18,6,11,33.5,16.88,125.53,76.36,64.37,36.05,0,Sport Recife 1-1 Vila Nova,2026-04-01
Náutico,0.71,1.95,-1.24,0.62,1.94,-1.32,0.09,0.01,0.08,0.71,1.95,-1.24,0.47,1.03,0.2,0.81,-0.61,2,1,1,2.24,51.0,53.85,17.6,19.5,48.49,0.4,0.46,176,12,9,11,22.5,23.91,6.02,9,1,13,1,18,92.4,62.31,28.47,32.35,67.87,49.79,0,Atlético Goianiense 1-2 Náutico,2026-04-01
Atlético Goianiense,1.95,0.71,1.24,1.94,0.62,1.32,0.01,0.09,-0.08,1.95,0.71,1.24,1.03,0.47,0.81,0.2,0.61,1,2,-1,-2.24,49.0,46.15,19.5,17.6,45.18,0.46,0.4,145,12,11,9,23.91,22.5,7.02,1,9,21,7,21,55.9,37.69,59.53,67.65,68.43,50.21,1,Atlético Goianiense 1-2 Náutico,2026-04-01
Goiás,2.91,1.23,1.68,1.89,1.17,0.72,1.02,0.06,0.96,2.91,1.23,1.68,0.94,0.29,1.02,0.06,0.96,2,2,0,-1.68,60.0,67.66,22.0,18.2,52.72,1.56,0.22,286,20,15,8,9.62,36.36,7.19,4,3,27,6,18,194.1,85.43,26.73,29.59,162.23,77.87,3,Londrina 2-2 Goiás,2026-04-01
Londrina,1.23,2.91,-1.68,1.17,1.89,-0.72,0.06,1.02,-0.96,1.23,2.91,-1.68,0.29,0.94,0.06,1.02,-0.96,2,2,0,1.68,40.0,32.34,18.2,22.0,43.92,0.22,1.56,140,3,8,15,36.36,9.62,9.35,3,4,20,6,16,33.1,14.57,63.6,70.41,46.1,22.13,0,Londrina 2-2 Goiás,2026-04-01
Botafogo SP,1.54,0.85,0.69,0.99,0.8,0.19,0.56,0.05,0.51,1.54,0.85,0.69,0.29,0.22,0.53,0.06,0.47,2,1,1,0.31,32.9,36.23,19.3,12.4,48.87,0.63,0.66,125,10,13,14,20.63,21.21,13.0,5,2,18,7,17,58.4,31.45,117.53,89.4,98.6,65.73,1,América Mineiro 1-2 Botafogo SP,2026-04-01
América Mineiro,0.85,1.54,-0.69,0.8,0.99,-0.19,0.05,0.56,-0.51,0.85,1.54,-0.69,0.22,0.29,0.06,0.53,-0.47,1,2,-1,-0.31,67.1,63.77,12.4,19.3,49.74,0.66,0.63,280,16,14,13,21.21,20.63,7.0,2,5,32,11,15,127.3,68.55,13.93,10.6,51.4,34.27,3,América Mineiro 1-2 Botafogo SP,2026-04-01
Cuiabá,0.09,0.67,-0.58,0.09,0.59,-0.5,0.0,0.08,-0.08,0.09,0.67,-0.58,0.0,0.25,0.07,0.21,-0.14,0,0,0,0.58,41.5,25.33,21.3,15.7,39.4,0.07,0.49,108,1,4,15,57.14,30.61,9.87,1,5,3,0,18,17.7,10.97,89.4,60.6,24.83,17.2,0,Fortaleza 0-0 Cuiabá,2026-03-31
Fortaleza,0.67,0.09,0.58,0.59,0.09,0.5,0.08,0.0,0.08,0.67,0.09,0.58,0.25,0.0,0.21,0.07,0.14,0,0,0,-0.58,58.5,74.67,15.7,21.3,51.07,0.49,0.07,308,13,15,4,30.61,57.14,7.65,5,1,19,4,20,143.7,89.03,58.13,39.4,119.57,82.8,2,Fortaleza 0-0 Cuiabá,2026-03-31
Novorizontino,0.6,0.86,-0.26,0.53,0.79,-0.26,0.07,0.07,0.0,0.6,0.86,-0.26,0.08,0.33,0.13,0.24,-0.11,0,0,0,0.26,40.4,46.9,22.5,19.8,48.46,0.34,1.12,172,4,9,13,26.47,11.61,12.74,2,3,20,8,15,40.6,28.88,78.93,82.56,79.3,50.92,2,Juventude 0-0 Novorizontino,2026-03-31
Juventude,0.86,0.6,0.26,0.79,0.53,0.26,0.07,0.07,0.0,0.86,0.6,0.26,0.33,0.08,0.24,0.13,0.11,0,0,0,-0.26,59.6,53.1,19.8,22.5,43.85,1.12,0.34,197,20,13,9,11.61,26.47,9.38,3,2,21,4,13,100.0,71.12,16.67,17.44,76.43,49.08,7,Juventude 0-0 Novorizontino,2026-03-31
Londrina,1.52,2.94,-1.42,1.17,2.54,-1.37,0.35,0.4,-0.05,1.52,2.94,-1.42,0.19,1.1,0.41,1.17,-0.76,3,1,2,3.42,43.9,30.99,25.6,17.9,41.37,0.62,1.52,127,7,11,24,17.74,15.79,17.56,5,10,13,7,9,27.6,11.89,52.47,50.36,47.23,24.22,1,Novorizontino 1-3 Londrina,2026-03-22
Novorizontino,2.94,1.52,1.42,2.54,1.17,1.37,0.4,0.35,0.05,2.94,1.52,1.42,1.1,0.19,1.17,0.41,0.76,1,3,-2,-3.42,56.1,69.01,17.9,25.6,53.59,1.52,0.62,282,25,24,11,15.79,17.74,10.16,10,5,42,9,9,204.5,88.11,51.73,49.64,147.8,75.78,3,Novorizontino 1-3 Londrina,2026-03-22
América Mineiro,1.98,2.03,-0.05,1.86,0.45,1.41,0.12,0.06,0.06,1.98,0.51,1.47,1.2,0.0,0.81,0.06,0.75,1,3,-2,-1.95,66.8,70.49,17.7,21.8,55.57,1.12,0.42,365,20,24,9,21.43,21.43,8.92,7,7,37,8,6,262.7,87.28,8.87,7.57,150.2,64.69,0,Goiás 3-1 América Mineiro,2026-03-22
Goiás,2.03,1.98,0.05,0.45,1.86,-1.41,0.06,0.12,-0.06,0.51,1.98,-1.47,0.0,1.2,0.06,0.81,-0.75,3,1,2,1.95,33.2,29.51,21.8,17.7,48.54,0.42,1.12,135,6,9,24,21.43,21.43,17.76,7,7,5,3,10,38.3,12.72,108.27,92.43,82.0,35.31,0,Goiás 3-1 América Mineiro,2026-03-22
Ponte Preta,0.75,1.47,-0.72,0.6,1.24,-0.64,0.15,0.23,-0.08,0.75,1.47,-0.72,0.17,0.03,0.15,0.25,-0.1,1,2,-1,-0.28,57.4,51.31,22.9,12.0,47.09,0.43,0.38,215,8,10,17,23.26,44.74,8.0,4,3,17,3,15,74.6,44.59,31.33,30.8,38.47,23.97,3,Athletic Club MG 2-1 Ponte Preta,2026-03-22
Athletic Club MG,1.47,0.75,0.72,1.24,0.6,0.64,0.23,0.15,0.08,1.47,0.75,0.72,0.03,0.17,0.25,0.15,0.1,2,1,1,0.28,42.6,48.69,12.0,22.9,46.69,0.38,0.43,158,11,17,10,44.74,23.26,10.25,3,4,12,3,21,92.7,55.41,70.4,69.2,122.03,76.03,4,Athletic Club MG 2-1 Ponte Preta,2026-03-22
Criciúma,1.06,0.68,0.38,0.79,0.46,0.33,0.26,0.21,0.05,1.06,0.68,0.38,0.9,0.35,0.51,0.52,-0.01,1,0,1,0.62,39.6,47.08,23.4,29.1,49.04,0.77,0.48,149,11,9,10,11.69,20.83,9.58,4,2,23,8,19,45.0,38.1,77.87,91.54,100.8,81.53,1,Náutico 0-1 Criciúma,2026-03-22
Náutico,0.68,1.06,-0.38,0.46,0.79,-0.33,0.21,0.26,-0.05,0.68,1.06,-0.38,0.35,0.9,0.52,0.51,0.01,0,1,-1,-0.62,60.4,52.92,29.1,23.4,45.27,0.48,0.77,201,12,10,9,20.83,11.69,6.24,2,4,30,12,17,73.1,61.9,7.2,8.46,22.83,18.47,1,Náutico 0-1 Criciúma,2026-03-22
Juventude,0.55,1.28,-0.73,0.55,1.08,-0.53,0.0,0.19,-0.19,0.55,1.28,-0.73,0.28,0.41,0.03,0.12,-0.09,0,2,-2,-1.27,58.2,44.32,17.6,20.9,40.97,0.92,0.5,161,14,8,16,8.7,32.0,8.48,7,15,15,3,14,66.2,39.93,7.07,7.3,24.83,12.31,1,Avaí 2-0 Juventude,2026-03-22
Avaí,1.28,0.55,0.73,1.08,0.55,0.53,0.19,0.0,0.19,1.28,0.55,0.73,0.41,0.28,0.12,0.03,0.09,2,0,2,1.27,41.8,55.68,20.9,17.6,50.62,0.5,0.92,185,7,16,8,32.0,8.7,9.0,15,7,9,3,15,99.6,60.07,89.8,92.7,176.83,87.69,2,Avaí 2-0 Juventude,2026-03-22
Sport Recife,0.85,1.75,-0.9,0.79,1.75,-0.96,0.07,0.0,0.07,0.85,1.75,-0.9,0.51,1.55,0.15,0.12,0.03,0,0,0,0.9,58.2,56.97,17.9,15.8,46.04,0.46,0.69,217,10,10,13,21.74,18.84,8.18,3,6,19,1,21,91.3,56.15,36.87,29.25,73.1,40.95,0,Cuiabá 0-0 Sport Recife,2026-03-21
Cuiabá,1.75,0.85,0.9,1.75,0.79,0.96,0.0,0.07,-0.07,1.75,0.85,0.9,1.55,0.51,0.12,0.15,-0.03,0,0,0,-0.9,41.8,43.03,15.8,17.9,43.23,0.69,0.46,132,7,13,10,18.84,21.74,9.98,6,3,15,0,20,71.3,43.85,89.2,70.75,105.43,59.05,1,Cuiabá 0-0 Sport Recife,2026-03-21
Fortaleza,0.57,2.93,-2.36,0.54,1.84,-1.3,0.04,1.09,-1.05,0.57,2.93,-2.36,0.0,1.82,0.38,1.01,-0.63,0,4,-4,-1.64,53.2,42.08,13.2,14.1,45.01,0.44,0.76,162,7,7,15,15.91,19.74,8.61,3,5,17,5,20,38.5,24.38,33.87,32.55,31.92,11.28,0,Botafogo SP 4-0 Fortaleza,2026-03-21
Botafogo SP,2.93,0.57,2.36,1.84,0.54,1.3,1.09,0.04,1.05,2.93,0.57,2.36,1.82,0.0,1.01,0.38,0.63,4,0,4,1.64,46.8,57.92,14.1,13.2,46.06,0.76,0.44,163,10,15,7,19.74,15.91,9.14,5,3,23,7,13,119.4,75.62,70.2,67.45,251.07,88.72,1,Botafogo SP 4-0 Fortaleza,2026-03-21
Atlético Goianiense,0.68,3.14,-2.46,0.48,2.11,-1.63,0.2,1.03,-0.83,0.68,3.14,-2.46,0.17,0.68,0.21,1.73,-1.52,0,1,-1,1.46,57.2,60.06,14.6,28.2,49.75,0.54,0.42,251,11,9,17,16.67,40.48,11.33,4,4,30,7,12,106.2,60.48,36.4,36.5,78.57,47.4,1,Operário PR 1-0 Atlético Goianiense,2026-03-21
Operário PR,3.14,0.68,2.46,2.11,0.48,1.63,1.03,0.2,0.83,3.14,0.68,2.46,0.68,0.17,1.73,0.21,1.52,1,0,1,-1.46,42.8,39.94,28.2,14.6,43.39,0.42,0.54,135,9,17,9,40.48,16.67,12.03,4,4,15,7,14,69.4,39.52,63.33,63.5,87.2,52.6,1,Operário PR 1-0 Atlético Goianiense,2026-03-21
São Bernardo,0.32,2.37,-2.05,0.32,1.46,-1.14,0.0,0.16,-0.16,0.32,1.61,-1.29,0.15,1.16,0.1,0.13,-0.03,1,1,0,2.05,48.2,42.46,15.3,18.0,44.48,0.53,0.92,170,5,4,21,7.55,22.83,10.29,6,6,11,3,18,47.5,30.45,35.07,37.68,49.97,24.75,1,Ceará 1-1 São Bernardo,2026-03-21
Ceará,2.37,0.32,2.05,1.46,0.32,1.14,0.16,0.0,0.16,1.61,0.32,1.29,1.16,0.15,0.13,0.1,0.03,1,1,0,-2.05,51.8,57.54,18.0,15.3,47.81,0.92,0.53,199,19,21,4,22.83,7.55,9.86,6,6,26,7,8,108.5,69.55,58.0,62.32,151.9,75.25,4,Ceará 1-1 São Bernardo,2026-03-21
CRB,1.28,0.71,0.57,1.14,0.63,0.51,0.15,0.09,0.06,1.28,0.71,0.57,0.81,0.36,0.15,0.09,0.06,2,2,0,-0.57,64.8,66.54,4.2,20.7,51.14,0.77,0.54,257,11,12,8,15.58,14.81,5.87,5,4,29,5,16,126.0,76.36,18.33,16.78,73.3,60.73,2,Vila Nova 2-2 CRB,2026-03-21
Vila Nova,0.71,1.28,-0.57,0.63,1.14,-0.51,0.09,0.15,-0.06,0.71,1.28,-0.57,0.36,0.81,0.09,0.15,-0.06,2,2,0,0.57,35.2,33.46,20.7,4.2,44.76,0.54,0.77,108,4,8,12,14.81,15.58,9.72,4,5,12,3,22,39.0,23.64,90.93,83.22,47.4,39.27,0,Vila Nova 2-2 CRB,2026-03-21
