Team,xG,xGA,xGD,Open Play xG,Open Play xGA,Open Play xGD,Set Piece xG,Set Piece xGA,Set Piece xGD,npxG,npxGA,npxGD,xG within 5s of Crosses,xGA within 5s of Crosses,xG within 15s of Set Pieces,xGA within 15s of Set Pieces,xGD within 15s of Set Pieces,Goals,Goals Conceded,GD,GD-xGD,Possession,Field Tilt,Vertical Tendency,Opponent Vertical Tendency,Avg Pass Height,xT,xT Against,Passes in Opposition Half,Passes into Box,Shots,Shots Faced,Shots per 1.0 xT,Shots Faced per 1.0 xT Against,PPDA,High Recoveries,High Recoveries Against,Crosses,Corners,Fouls,On-Ball Pressure,On-Ball Pressure Share,Off-Ball Pressure,Off-Ball Pressure Share,Game Control,Game Control Share,Throw-Ins into the Box,Match,Date
Shandong Taishan II,1.77,1.64,0.13,1.75,0.27,1.48,0.02,0.61,-0.59,1.77,0.88,0.89,0.96,0.03,0.60,0.79,-0.19,2,2,0,-0.13,41.80,33.19,28.8,18.7,38.80,0.28,0.48,89,2,7,13,25.0,27.08,13.21,1,10,17,2,14,21.5,13.93,51.67,74.95,44.4,24.92,0,Haimen Codion 2-2 Shandong Taishan II,2026-08-22
Haimen Codion,1.64,1.77,-0.13,0.27,1.75,-1.48,0.61,0.02,0.59,0.88,1.77,-0.89,0.03,0.96,0.79,0.60,0.19,2,2,0,0.13,58.20,66.81,18.7,28.8,44.84,0.48,0.28,197,17,13,7,27.08,25.0,7.12,10,1,19,7,13,132.8,86.07,17.27,25.05,133.8,75.08,4,Haimen Codion 2-2 Shandong Taishan II,2026-08-22
Beijing BIT,1.53,1.91,-0.38,1.49,1.62,-0.13,0.03,0.28,-0.25,1.53,1.91,-0.38,0.76,0.17,0.42,0.44,-0.02,4,3,1,1.38,27.70,23.3,24.4,26.1,41.24,0.77,0.9,68,12,7,21,9.09,23.33,17.56,3,7,12,3,13,21.0,9.81,160.2,93.76,79.3,47.24,1,Dalian Yingbo II 3-4 Beijing BIT,2026-08-22
Dalian Yingbo II,1.91,1.53,0.38,1.62,1.49,0.13,0.28,0.03,0.25,1.91,1.53,0.38,0.17,0.76,0.44,0.42,0.02,3,4,-1,-1.38,72.30,76.7,26.1,24.4,51.46,0.9,0.77,323,16,21,7,23.33,9.09,4.92,7,3,19,9,14,193.0,90.19,10.67,6.24,88.57,52.76,1,Dalian Yingbo II 3-4 Beijing BIT,2026-08-22
Dalian Kewei,0.80,0.70,0.10,0.64,0.70,-0.06,0.16,0.00,0.16,0.80,0.70,0.10,0.09,0.10,0.26,0.10,0.16,1,2,-1,-1.10,59.10,59.64,27.8,41.5,45.30,0.72,0.24,166,9,10,7,13.89,29.17,5.28,1,6,21,1,17,95.4,74.47,9.13,9.64,55.73,46.55,1,Changchun Xidu 2-1 Dalian Kewei,2026-08-22
Changchun Xidu,0.70,0.80,-0.10,0.70,0.64,0.06,0.00,0.16,-0.16,0.70,0.80,-0.10,0.10,0.09,0.10,0.26,-0.16,2,1,1,1.10,40.90,40.36,41.5,27.8,43.09,0.24,0.72,106,5,7,10,29.17,13.89,7.45,6,1,12,1,23,32.7,25.53,85.6,90.36,64.0,53.45,1,Changchun Xidu 2-1 Dalian Kewei,2026-08-22
Shanghai Second,1.18,1.46,-0.28,0.31,1.46,-1.15,0.87,0.00,0.87,1.18,1.46,-0.28,0.06,0.34,0.87,0.18,0.69,2,2,0,0.28,42.50,34.76,18.2,26.0,36.83,0.48,0.69,71,6,6,19,12.5,27.54,11.82,1,3,8,4,13,27.0,17.87,47.07,60.5,34.13,27.74,0,Tai'an Tiankuang 2-2 Shanghai Second,2026-08-22
Tai'an Tiankuang,1.46,1.18,0.28,1.46,0.31,1.15,0.00,0.87,-0.87,1.46,1.18,0.28,0.34,0.06,0.18,0.87,-0.69,2,2,0,-0.28,57.50,65.24,26.0,18.2,49.42,0.69,0.48,201,9,19,6,27.54,12.5,8.68,3,1,18,4,13,124.1,82.13,30.73,39.5,88.9,72.26,0,Tai'an Tiankuang 2-2 Shanghai Second,2026-08-22
Lanzhou Longyuan,0.14,0.27,-0.13,0.14,0.23,-0.09,0.00,0.04,-0.04,0.14,0.27,-0.13,0.04,0.12,0.00,0.12,-0.12,0,0,0,0.13,47.40,43.01,27.8,19.1,40.84,0.18,0.19,109,8,3,9,16.67,47.37,8.90,2,2,10,3,20,29.1,26.15,38.2,50.58,33.8,28.21,2,Shanxi Chongde Ronghai 0-0 Lanzhou Longyuan,2026-08-22
Shanxi Chongde Ronghai,0.27,0.14,0.13,0.23,0.14,0.09,0.04,0.00,0.04,0.27,0.14,0.13,0.12,0.04,0.12,0.00,0.12,0,0,0,-0.13,52.60,56.99,19.1,27.8,45.44,0.19,0.18,158,6,9,3,47.37,16.67,9.60,2,2,17,3,16,82.2,73.85,37.33,49.42,86.03,71.79,1,Shanxi Chongde Ronghai 0-0 Lanzhou Longyuan,2026-08-22
Qingdao Red Lions,0.98,1.05,-0.07,0.96,1.01,-0.05,0.02,0.05,-0.03,0.98,1.05,-0.07,0.00,0.23,0.04,0.48,-0.44,0,2,-2,-1.93,48.00,43.08,16.7,26.0,44.07,0.26,1.18,126,5,8,20,30.77,16.95,8.44,3,5,14,2,13,32.0,19.74,14.53,25.58,20.57,11.01,3,Shanghai Port II 2-0 Qingdao Red Lions,2026-08-22
Shanghai Port II,1.05,0.98,0.07,1.01,0.96,0.05,0.05,0.02,0.03,1.05,0.98,0.07,0.23,0.00,0.48,0.04,0.44,2,0,2,1.93,52.00,56.92,26.0,16.7,48.75,1.18,0.26,167,16,20,8,16.95,30.77,8.03,5,3,24,5,18,130.1,80.26,42.27,74.42,166.27,88.99,3,Shanghai Port II 2-0 Qingdao Red Lions,2026-08-22
Qingdao Red Lions,1.3,2.15,-0.85,1.3,1.86,-0.56,0.0,0.29,-0.29,1.3,2.15,-0.85,0.27,0.87,0.08,0.35,-0.27,1,1,0,0.85,46.1,40.17,23.7,29.1,37.37,0.47,0.49,97,7,8,13,17.02,26.53,10.3,1,6,12,1,17,39.4,32.75,23.67,30.14,30.77,22.34,0,Haimen Codion 1-1 Qingdao Red Lions,2026-08-19
Haimen Codion,2.15,1.3,0.85,1.86,1.3,0.56,0.29,0.0,0.29,2.15,1.3,0.85,0.87,0.27,0.35,0.08,0.27,1,1,0,-0.85,53.9,59.83,29.1,23.7,49.78,0.49,0.47,199,10,13,8,26.53,17.02,8.12,6,1,19,5,18,80.9,67.25,54.87,69.86,106.97,77.66,1,Haimen Codion 1-1 Qingdao Red Lions,2026-08-19
Guangzhou Dandelion,1.56,1.37,0.19,0.79,1.1,-0.31,0.01,0.28,-0.27,0.8,1.37,-0.57,0.01,0.62,0.43,0.93,-0.5,3,1,2,1.81,55.3,50.45,20.3,28.8,46.03,0.15,0.22,171,4,10,14,66.67,63.64,7.76,2,4,14,4,12,52.7,46.97,33.0,39.92,59.8,55.54,1,Ganzhou Ruishi 1-3 Guangzhou Dandelion,2026-08-16
Ganzhou Ruishi,1.37,1.56,-0.19,1.1,0.79,0.31,0.28,0.01,0.27,1.37,0.8,0.57,0.62,0.01,0.93,0.43,0.5,1,3,-2,-1.81,44.7,49.55,28.8,20.3,42.8,0.22,0.15,120,8,14,10,63.64,66.67,12.26,4,2,17,6,14,59.5,53.03,49.67,60.08,47.87,44.46,2,Ganzhou Ruishi 1-3 Guangzhou Dandelion,2026-08-16
Shenzhen 2028,1.88,1.12,0.76,1.78,0.35,1.43,0.1,0.01,0.09,1.88,0.36,1.52,0.12,0.11,0.11,0.16,-0.05,1,1,0,-0.76,70.3,63.41,22.5,27.4,50.98,1.01,0.36,282,13,13,8,12.87,22.22,5.97,2,3,26,6,10,141.5,75.43,4.33,3.12,54.07,35.86,0,Wenzhou 1-1 Shenzhen 2028,2026-08-16
Wenzhou,1.12,1.88,-0.76,0.35,1.78,-1.43,0.01,0.1,-0.09,0.36,1.88,-1.52,0.11,0.12,0.16,0.11,0.05,1,1,0,0.76,29.7,36.59,27.4,22.5,52.46,0.36,1.01,136,6,8,13,22.22,12.87,12.22,3,2,15,4,15,46.1,24.57,134.4,96.88,96.73,64.14,3,Wenzhou 1-1 Shenzhen 2028,2026-08-16
Chengdu Rongcheng II,0.03,2.19,-2.16,0.03,0.97,-0.94,0.0,0.46,-0.46,0.03,1.43,-1.4,0.0,0.38,0.0,0.57,-0.57,0,0,0,2.16,39.9,33.84,30.6,20.2,39.93,0.1,0.87,88,0,2,22,20.0,25.29,10.35,0,6,6,3,18,0.9,0.55,70.4,78.86,18.3,12.56,0,Guizhou Guiyang 0-0 Chengdu Rongcheng II,2026-08-16
Guizhou Guiyang,2.19,0.03,2.16,0.97,0.03,0.94,0.46,0.0,0.46,1.43,0.03,1.4,0.38,0.0,0.57,0.0,0.57,0,0,0,-2.16,60.1,66.16,20.2,30.6,50.15,0.87,0.1,228,15,22,2,25.29,20.0,6.35,6,0,31,9,16,161.5,99.45,18.87,21.14,127.37,87.44,0,Guizhou Guiyang 0-0 Chengdu Rongcheng II,2026-08-16
Hangzhou Linping Wuyue,0.56,1.21,-0.65,0.53,1.19,-0.66,0.03,0.02,0.01,0.56,1.21,-0.65,0.0,0.55,0.03,0.09,-0.06,1,0,1,1.65,31.9,24.6,30.7,16.2,38.96,0.53,0.98,88,6,5,16,9.43,16.33,39.27,0,5,7,2,9,14.4,7.1,96.93,93.26,35.57,24.62,1,Hubei Istar 0-1 Hangzhou Linping Wuyue,2026-08-16
Hubei Istar,1.21,0.56,0.65,1.19,0.53,0.66,0.02,0.03,-0.01,1.21,0.56,0.65,0.55,0.0,0.09,0.03,0.06,0,1,-1,-1.65,68.1,75.4,16.2,30.7,54.36,0.98,0.53,360,21,16,5,16.33,9.43,11.8,5,0,40,4,6,188.4,92.9,7.0,6.74,108.93,75.38,0,Hubei Istar 0-1 Hangzhou Linping Wuyue,2026-08-16
Xiamen Feilu,1.1,0.84,0.26,1.1,0.48,0.62,0.0,0.36,-0.36,1.1,0.84,0.26,0.28,0.0,0.94,0.59,0.35,2,0,2,1.74,47.3,43.06,25.2,29.2,46.67,0.72,0.44,176,8,4,6,5.56,13.64,8.83,5,3,13,0,21,42.5,31.84,61.4,74.58,61.4,55.35,0,Jiangxi Lushan 0-2 Xiamen Feilu,2026-08-16
Jiangxi Lushan,0.84,1.1,-0.26,0.48,1.1,-0.62,0.36,0.0,0.36,0.84,1.1,-0.26,0.0,0.28,0.59,0.94,-0.35,0,2,-2,-1.74,52.7,56.94,29.2,25.2,45.55,0.44,0.72,182,11,6,4,13.64,5.56,10.79,3,5,19,6,17,91.0,68.16,20.93,25.42,49.53,44.65,1,Jiangxi Lushan 0-2 Xiamen Feilu,2026-08-16
Wuhan Three Towns II,0.74,0.8,-0.06,0.6,0.76,-0.16,0.15,0.04,0.11,0.74,0.8,-0.06,0.1,0.38,0.3,0.19,0.11,0,3,-3,-2.94,52.2,67.3,21.0,20.8,52.08,0.68,0.33,218,13,13,11,19.12,33.33,7.18,10,3,29,7,15,142.7,78.36,61.13,70.7,129.16,69.96,0,Guangdong Mingtu 3-0 Wuhan Three Towns II,2026-08-16
Guangdong Mingtu,0.8,0.74,0.06,0.76,0.6,0.16,0.04,0.15,-0.11,0.8,0.74,0.06,0.38,0.1,0.19,0.3,-0.11,3,0,3,2.94,47.8,32.7,20.8,21.0,38.38,0.33,0.68,107,8,11,13,33.33,19.12,9.97,3,10,7,4,15,39.4,21.64,25.33,29.3,55.47,30.04,3,Guangdong Mingtu 3-0 Wuhan Three Towns II,2026-08-16
Shanghai Port II,1.57,0.81,0.76,1.53,0.64,0.89,0.04,0.18,-0.14,1.57,0.81,0.76,0.61,0.09,1.51,0.35,1.16,0,1,-1,-1.76,39.5,43.6,34.7,25.3,44.7,0.55,0.33,99,16,14,16,25.45,48.48,7.62,4,3,12,3,19,51.8,32.81,73.8,90.52,76.2,53.61,6,Lanzhou Longyuan 1-0 Shanghai Port II,2026-08-15
Lanzhou Longyuan,0.81,1.57,-0.76,0.64,1.53,-0.89,0.18,0.04,0.14,0.81,1.57,-0.76,0.09,0.61,0.35,1.51,-1.16,1,0,1,1.76,60.5,56.4,25.3,34.7,45.16,0.33,0.55,146,12,16,14,48.48,25.45,6.03,3,4,18,6,19,106.1,67.19,7.73,9.48,65.93,46.39,0,Lanzhou Longyuan 1-0 Shanghai Port II,2026-08-15
Dalian Yingbo II,0.24,0.66,-0.42,0.2,0.58,-0.38,0.03,0.08,-0.05,0.24,0.66,-0.42,0.0,0.25,0.03,0.16,-0.13,1,0,1,1.42,44.0,39.7,29.4,20.7,39.25,0.14,0.81,91,1,5,11,35.71,13.58,9.22,0,6,11,5,16,19.6,15.0,36.87,47.23,26.1,19.13,2,Shandong Taishan II 0-1 Dalian Yingbo II,2026-08-15
Shandong Taishan II,0.66,0.24,0.42,0.58,0.2,0.38,0.08,0.03,0.05,0.66,0.24,0.42,0.25,0.0,0.16,0.03,0.13,0,1,-1,-1.42,56.0,60.3,20.7,29.4,48.18,0.81,0.14,176,11,11,5,13.58,35.71,6.63,6,0,23,4,15,111.1,85.0,41.2,52.77,110.33,80.87,1,Shandong Taishan II 0-1 Dalian Yingbo II,2026-08-15
Changchun Xidu,1.48,0.6,0.88,0.68,0.58,0.1,0.04,0.02,0.02,0.72,0.6,0.12,0.23,0.0,0.08,0.34,-0.26,2,2,0,-0.88,35.8,44.16,14.0,28.9,46.52,0.53,0.22,93,10,9,13,16.98,59.09,6.67,1,4,15,5,27,44.8,37.87,67.0,88.47,108.33,81.94,0,Beijing BIT 2-2 Changchun Xidu,2026-08-15
Beijing BIT,0.6,1.48,-0.88,0.58,0.68,-0.1,0.02,0.04,-0.02,0.6,0.72,-0.12,0.0,0.23,0.34,0.08,0.26,2,2,0,0.88,64.2,55.84,28.9,14.0,43.89,0.22,0.53,145,4,13,9,59.09,16.98,5.35,4,1,16,5,14,73.5,62.13,8.73,11.53,23.87,18.06,3,Beijing BIT 2-2 Changchun Xidu,2026-08-15
Haimen Codion,2.43,0.72,1.71,1.17,0.72,0.45,0.51,0.0,0.51,1.67,0.72,0.95,0.02,0.01,0.53,0.01,0.52,2,0,2,0.29,44.3,47.88,28.1,35.4,44.87,0.47,0.5,128,10,11,7,23.4,14.0,9.54,0,1,13,4,17,65.3,56.78,74.2,85.16,107.77,82.98,3,Shanghai Second 0-2 Haimen Codion,2026-08-15
Shanghai Second,0.72,2.43,-1.71,0.72,1.17,-0.45,0.0,0.51,-0.51,0.72,1.67,-0.95,0.01,0.02,0.01,0.53,-0.52,0,2,-2,-0.29,55.7,52.12,35.4,28.1,38.97,0.5,0.47,104,7,7,11,14.0,23.4,9.74,1,0,6,3,18,49.7,43.22,12.93,14.84,22.1,17.02,1,Shanghai Second 0-2 Haimen Codion,2026-08-15
Shanxi Chongde Ronghai,0.9,1.44,-0.54,0.89,1.23,-0.34,0.01,0.21,-0.2,0.9,1.44,-0.54,0.0,0.64,0.05,0.21,-0.16,0,1,-1,-0.46,52.1,47.62,27.8,22.6,42.91,0.29,1.0,163,7,10,16,34.48,16.0,10.93,2,4,9,2,18,54.2,28.83,36.2,33.85,42.2,20.43,2,Qingdao Red Lions 1-0 Shanxi Chongde Ronghai,2026-08-15
Qingdao Red Lions,1.44,0.9,0.54,1.23,0.89,0.34,0.21,0.01,0.2,1.44,0.9,0.54,0.64,0.0,0.21,0.05,0.16,1,0,1,0.46,47.9,52.38,22.6,27.8,47.06,1.0,0.29,181,19,16,10,16.0,34.48,13.28,4,2,21,4,13,133.8,71.17,70.73,66.15,164.33,79.57,3,Qingdao Red Lions 1-0 Shanxi Chongde Ronghai,2026-08-15
Tai'an Tiankuang,1.4,0.88,0.52,0.92,0.86,0.06,0.47,0.02,0.45,1.4,0.88,0.52,0.01,0.13,0.56,0.16,0.4,0,1,-1,-1.52,62.1,59.32,25.0,27.1,48.83,0.63,0.39,194,21,23,8,36.51,20.51,4.69,8,4,25,12,23,122.4,74.54,3.13,6.07,86.3,62.41,3,Dalian Kewei 1-0 Tai'an Tiankuang,2026-08-15
Dalian Kewei,0.88,1.4,-0.52,0.86,0.92,-0.06,0.02,0.47,-0.45,0.88,1.4,-0.52,0.13,0.01,0.16,0.56,-0.4,1,0,1,1.52,37.9,40.68,27.1,25.0,42.12,0.39,0.63,84,9,8,23,20.51,36.51,8.56,4,8,11,4,13,41.8,25.46,48.4,93.93,51.97,37.59,1,Dalian Kewei 1-0 Tai'an Tiankuang,2026-08-15
Wenzhou,0.38,0.53,-0.15,0.35,0.32,0.03,0.03,0.21,-0.18,0.38,0.53,-0.15,0.11,0.25,0.15,0.29,-0.14,0,0,0,0.15,33.7,39.68,20.8,25.7,47.62,0.3,0.66,106,3,9,10,30.0,15.15,11.21,2,1,21,3,18,25.3,22.69,114.73,98.57,90.07,70.38,4,Guangdong Mingtu 0-0 Wenzhou,2026-08-09
Guangdong Mingtu,0.53,0.38,0.15,0.32,0.35,-0.03,0.21,0.03,0.18,0.53,0.38,0.15,0.25,0.11,0.29,0.15,0.14,0,0,0,-0.15,66.3,60.32,25.7,20.8,46.76,0.66,0.3,197,7,10,9,15.15,30.0,4.56,1,2,22,6,18,86.2,77.31,1.67,1.43,37.9,29.62,4,Guangdong Mingtu 0-0 Wenzhou,2026-08-09
Lanzhou Longyuan,1.89,1.59,0.3,0.59,1.59,-1.0,0.54,0.0,0.54,1.13,1.59,-0.46,0.0,0.39,0.95,0.27,0.68,2,2,0,-0.3,47.7,39.39,18.4,18.9,42.92,0.33,1.34,134,9,7,13,21.21,9.7,7.57,7,3,11,1,19,42.2,30.83,55.13,48.17,62.47,45.55,4,Dalian Kewei 2-2 Lanzhou Longyuan,2026-08-09
Dalian Kewei,1.59,1.89,-0.3,1.59,0.59,1.0,0.0,0.54,-0.54,1.59,1.13,0.46,0.39,0.0,0.27,0.95,-0.68,2,2,0,0.3,52.3,60.61,18.9,18.4,48.48,1.34,0.33,186,21,13,7,9.7,21.21,8.37,3,7,29,5,15,94.7,69.17,59.33,51.83,74.67,54.45,2,Dalian Kewei 2-2 Lanzhou Longyuan,2026-08-09
Shanxi Chongde Ronghai,1.55,0.44,1.11,1.53,0.36,1.17,0.01,0.08,-0.07,1.55,0.44,1.11,0.27,0.0,0.18,0.16,0.02,2,1,1,-0.11,46.7,49.63,22.0,23.5,48.85,0.46,0.22,140,10,12,9,26.09,40.91,6.16,4,4,23,4,21,76.2,63.93,47.13,67.33,99.7,70.3,1,Changchun Xidu 1-2 Shanxi Chongde Ronghai,2026-08-09
Changchun Xidu,0.44,1.55,-1.11,0.36,1.53,-1.17,0.08,0.01,0.07,0.44,1.55,-1.11,0.0,0.27,0.16,0.18,-0.02,1,2,-1,0.11,53.3,50.37,23.5,22.0,45.85,0.22,0.46,150,7,9,12,40.91,26.09,5.16,4,4,15,2,27,43.0,36.07,22.87,32.67,42.13,29.7,0,Changchun Xidu 1-2 Shanxi Chongde Ronghai,2026-08-09
Hubei Istar,1.85,1.56,0.29,1.83,1.56,0.27,0.02,0.0,0.02,1.85,1.56,0.29,0.72,0.0,0.35,0.0,0.35,2,3,-1,-1.29,45.3,34.47,15.9,14.0,42.2,0.75,0.42,138,12,14,15,18.67,35.71,13.47,5,3,16,3,13,67.2,30.6,62.6,50.48,56.23,27.05,0,Chengdu Rongcheng II 3-2 Hubei Istar,2026-08-08
Chengdu Rongcheng II,1.56,1.85,-0.29,1.56,1.83,-0.27,0.0,0.02,-0.02,1.56,1.85,-0.29,0.0,0.72,0.0,0.35,-0.35,3,2,1,1.29,54.7,65.53,14.0,15.9,51.65,0.42,0.75,286,8,15,14,35.71,18.67,10.47,3,5,13,1,19,152.4,69.4,61.4,49.52,151.63,72.95,0,Chengdu Rongcheng II 3-2 Hubei Istar,2026-08-08
Jiangxi Lushan,0.59,2.32,-1.73,0.26,1.07,-0.81,0.33,0.49,-0.16,0.59,1.56,-0.97,0.12,0.0,0.44,0.75,-0.31,2,0,2,3.73,51.4,50.62,18.7,25.8,45.18,0.73,0.72,165,9,10,13,13.7,18.06,12.07,1,3,12,4,5,41.0,36.32,31.67,35.06,41.3,35.21,0,Wuhan Three Towns II 0-2 Jiangxi Lushan,2026-08-08
Wuhan Three Towns II,2.32,0.59,1.73,1.07,0.26,0.81,0.49,0.33,0.16,1.56,0.59,0.97,0.0,0.12,0.75,0.44,0.31,0,2,-2,-3.73,48.6,49.38,25.8,18.7,45.8,0.72,0.73,146,7,13,10,18.06,13.7,11.21,3,1,12,5,24,71.9,63.68,58.67,64.94,76.0,64.79,0,Wuhan Three Towns II 0-2 Jiangxi Lushan,2026-08-08
Ganzhou Ruishi,0.02,1.17,-1.15,0.02,0.97,-0.95,0.0,0.2,-0.2,0.02,1.17,-1.15,0.0,0.1,0.0,0.39,-0.39,0,6,-6,-4.85,42.8,34.85,18.2,19.2,43.75,0.29,0.49,146,2,2,18,6.9,36.73,22.84,2,2,12,4,8,25.8,13.44,107.87,76.07,8.1,3.47,0,Shenzhen 2028 6-0 Ganzhou Ruishi,2026-08-08
Shenzhen 2028,1.17,0.02,1.15,0.97,0.02,0.95,0.2,0.0,0.2,1.17,0.02,1.15,0.1,0.0,0.39,0.0,0.39,6,0,6,4.85,57.2,65.15,19.2,18.2,50.53,0.49,0.29,298,12,18,2,36.73,6.9,17.14,2,2,11,2,13,166.1,86.56,33.93,23.93,225.51,96.53,1,Shenzhen 2028 6-0 Ganzhou Ruishi,2026-08-08
Guangzhou Dandelion,0.28,0.55,-0.27,0.11,0.55,-0.44,0.17,0.0,0.17,0.28,0.55,-0.27,0.0,0.55,0.17,0.0,0.17,0,0,0,0.27,48.5,53.36,29.3,22.1,44.71,0.26,0.62,162,4,5,5,19.23,8.06,13.41,1,3,14,4,10,77.1,54.72,50.8,44.22,51.87,50.02,1,Xiamen Feilu 0-0 Guangzhou Dandelion,2026-08-08
Xiamen Feilu,0.55,0.28,0.27,0.55,0.11,0.44,0.0,0.17,-0.17,0.55,0.28,0.27,0.55,0.0,0.0,0.17,-0.17,0,0,0,-0.27,51.5,46.64,22.1,29.3,46.36,0.62,0.26,170,11,5,5,8.06,19.23,12.1,3,1,22,2,13,63.8,45.28,64.07,55.78,51.83,49.98,0,Xiamen Feilu 0-0 Guangzhou Dandelion,2026-08-08
Shanghai Second,1.32,0.77,0.55,0.97,0.56,0.41,0.34,0.21,0.13,1.32,0.77,0.55,0.73,0.12,0.38,0.37,0.01,1,2,-1,-1.55,61.0,68.71,23.2,24.3,50.49,1.49,0.22,212,16,13,12,8.72,54.55,7.35,6,0,22,5,15,133.0,75.7,17.2,19.59,104.47,65.48,2,Beijing BIT 2-1 Shanghai Second,2026-08-08
Beijing BIT,0.77,1.32,-0.55,0.56,0.97,-0.41,0.21,0.34,-0.13,0.77,1.32,-0.55,0.12,0.73,0.37,0.38,-0.01,2,1,1,1.55,39.0,31.29,24.3,23.2,43.04,0.22,1.49,97,6,12,13,54.55,8.72,11.89,0,6,14,4,13,42.7,24.3,70.6,80.41,55.07,34.52,3,Beijing BIT 2-1 Shanghai Second,2026-08-08
Dalian Yingbo II,1.37,0.32,1.05,1.34,0.22,1.12,0.03,0.1,-0.07,1.37,0.32,1.05,0.0,0.11,0.08,0.1,-0.02,0,0,0,-1.05,47.0,41.92,23.4,15.4,40.34,0.34,0.47,120,9,8,7,23.53,14.89,12.12,0,6,12,6,10,54.5,38.93,31.47,45.0,52.97,36.8,5,Tai'an Tiankuang 0-0 Dalian Yingbo II,2026-08-08
Tai'an Tiankuang,0.32,1.37,-1.05,0.22,1.34,-1.12,0.1,0.03,0.07,0.32,1.37,-1.05,0.11,0.0,0.1,0.08,0.02,0,0,0,1.05,53.0,58.08,15.4,23.4,50.41,0.47,0.34,189,9,7,8,14.89,23.53,9.2,6,0,23,6,13,85.5,61.07,38.47,55.0,90.97,63.2,0,Tai'an Tiankuang 0-0 Dalian Yingbo II,2026-08-08
Shandong Taishan II,1.83,0.57,1.26,0.88,0.53,0.35,0.95,0.04,0.91,1.83,0.57,1.26,0.0,0.13,1.02,0.09,0.93,3,1,2,0.74,59.6,61.06,20.0,20.6,50.32,0.58,0.64,215,18,17,15,29.31,23.44,9.12,5,2,20,8,15,148.1,74.8,25.67,25.2,136.5,83.17,4,Shanghai Port II 1-3 Shandong Taishan II,2026-08-08
Shanghai Port II,0.57,1.83,-1.26,0.53,0.88,-0.35,0.04,0.95,-0.91,0.57,1.83,-1.26,0.13,0.0,0.09,1.02,-0.93,1,3,-2,-0.74,40.4,38.94,20.6,20.0,45.46,0.64,0.58,124,13,15,17,23.44,29.31,12.19,2,5,18,4,15,49.9,25.2,76.2,74.8,27.63,16.83,1,Shanghai Port II 1-3 Shandong Taishan II,2026-08-08
Jiangxi Lushan,0.34,0.78,-0.44,0.3,0.76,-0.46,0.04,0.02,0.02,0.34,0.78,-0.44,0.03,0.0,0.34,0.02,0.32,1,0,1,1.44,36.7,61.62,18.7,10.5,43.79,0.12,0.48,129,2,3,7,25.0,14.58,17.19,0,2,12,2,16,51.1,59.49,150.07,89.57,169.83,89.03,0,Hubei Istar 0-1 Jiangxi Lushan,2026-08-05
Hubei Istar,0.78,0.34,0.44,0.76,0.3,0.46,0.02,0.04,-0.02,0.78,0.34,0.44,0.0,0.03,0.02,0.34,-0.32,0,1,-1,-1.44,63.3,38.38,10.5,18.7,40.04,0.48,0.12,145,4,7,3,14.58,25.0,13.38,2,0,9,1,15,34.8,40.51,17.47,10.43,20.93,10.97,0,Hubei Istar 0-1 Jiangxi Lushan,2026-08-05
Guizhou Guiyang,0.99,0.2,0.79,0.83,0.2,0.63,0.17,0.0,0.17,0.99,0.2,0.79,0.44,0.05,0.26,0.08,0.18,2,0,2,1.21,62.5,66.67,16.7,23.8,47.22,0.8,0.38,202,12,14,5,17.5,13.16,5.95,1,4,25,10,22,126.3,85.57,24.8,26.9,109.6,76.22,0,Wenzhou 0-2 Guizhou Guiyang,2026-08-05
Wenzhou,0.2,0.99,-0.79,0.2,0.83,-0.63,0.0,0.17,-0.17,0.2,0.99,-0.79,0.05,0.44,0.08,0.26,-0.18,0,2,-2,-1.21,37.5,33.33,23.8,16.7,41.32,0.38,0.8,85,2,5,14,13.16,17.5,8.46,4,1,6,0,18,21.3,14.43,67.4,73.1,34.2,23.78,2,Wenzhou 0-2 Guizhou Guiyang,2026-08-05
Beijing BIT,1.09,2.13,-1.04,0.27,0.58,-0.31,0.06,0.79,-0.73,0.33,1.37,-1.04,0.23,0.09,0.14,0.21,-0.07,0,1,-1,0.04,31.7,32.32,25.0,23.5,43.76,0.6,0.7,84,10,9,15,15.0,21.43,14.62,0,7,17,3,17,53.2,26.8,95.47,92.15,72.63,46.7,4,Lanzhou Longyuan 1-0 Beijing BIT,2026-08-05
Lanzhou Longyuan,2.13,1.09,1.04,0.58,0.27,0.31,0.79,0.06,0.73,1.37,0.33,1.04,0.09,0.23,0.21,0.14,0.07,1,0,1,-0.04,68.3,67.68,23.5,25.0,49.49,0.7,0.6,245,8,15,9,21.43,15.0,5.11,7,0,20,2,14,145.3,73.2,8.13,7.85,82.9,53.3,3,Lanzhou Longyuan 1-0 Beijing BIT,2026-08-05
Dalian Yingbo II,0.69,0.82,-0.13,0.38,0.74,-0.36,0.32,0.08,0.24,0.69,0.82,-0.13,0.2,0.0,0.43,0.42,0.01,1,0,1,1.13,58.3,54.55,17.0,25.8,47.26,0.29,0.48,196,10,8,12,27.59,25.0,10.72,0,1,18,4,16,95.7,54.75,15.0,15.78,55.53,40.49,3,Changchun Xidu 0-1 Dalian Yingbo II,2026-08-05
Changchun Xidu,0.82,0.69,0.13,0.74,0.38,0.36,0.08,0.32,-0.24,0.82,0.69,0.13,0.0,0.2,0.42,0.43,-0.01,0,1,-1,-1.13,41.7,45.45,25.8,17.0,43.78,0.48,0.29,111,9,12,8,25.0,27.59,12.07,1,0,11,2,16,79.1,45.25,80.07,84.22,81.6,59.51,3,Changchun Xidu 0-1 Dalian Yingbo II,2026-08-05
Shanxi Chongde Ronghai,1.71,0.93,0.78,1.62,0.58,1.04,0.09,0.34,-0.25,1.71,0.93,0.78,0.19,0.22,0.38,0.45,-0.07,1,0,1,0.22,48.8,48.63,15.6,18.5,44.46,0.5,1.4,147,7,13,14,26.0,10.0,9.56,6,1,16,5,16,67.4,45.73,26.33,45.82,73.83,54.87,1,Shanghai Port II 0-1 Shanxi Chongde Ronghai,2026-08-05
Shanghai Port II,0.93,1.71,-0.78,0.58,1.62,-1.04,0.34,0.09,0.25,0.93,1.71,-0.78,0.22,0.19,0.45,0.38,0.07,0,1,-1,-0.22,51.2,51.37,18.5,15.6,45.38,1.4,0.5,172,14,14,13,10.0,26.0,10.09,1,6,33,8,13,80.0,54.27,31.13,54.18,60.73,45.13,2,Shanghai Port II 0-1 Shanxi Chongde Ronghai,2026-08-05
Xiamen Feilu,0.63,2.97,-2.34,0.61,2.31,-1.7,0.02,0.66,-0.64,0.63,2.97,-2.34,0.29,0.0,0.25,0.66,-0.41,1,5,-4,-1.66,60.9,69.52,17.9,18.1,51.42,0.93,0.43,247,15,12,14,12.9,32.56,5.93,3,3,36,7,17,134.4,68.89,24.07,32.55,107.03,49.41,2,Chengdu Rongcheng II 5-1 Xiamen Feilu,2026-08-02
Chengdu Rongcheng II,2.97,0.63,2.34,2.31,0.61,1.7,0.66,0.02,0.64,2.97,0.63,2.34,0.0,0.29,0.66,0.25,0.41,5,1,4,1.66,39.1,30.48,18.1,17.9,43.23,0.43,0.93,107,11,14,12,32.56,12.9,11.31,3,3,6,5,19,60.7,31.11,49.87,67.45,109.57,50.59,0,Chengdu Rongcheng II 5-1 Xiamen Feilu,2026-08-02
Tai'an Tiankuang,2.07,1.25,0.82,1.93,1.25,0.68,0.14,0.0,0.14,2.07,1.25,0.82,0.4,0.0,0.23,0.05,0.18,1,2,-1,-1.82,59.1,67.84,25.8,20.5,52.9,0.59,0.32,173,16,15,9,25.42,28.12,4.58,10,1,34,10,17,119.3,81.49,18.27,41.58,101.57,70.53,5,Haimen Codion 2-1 Tai'an Tiankuang,2026-08-02
Haimen Codion,1.25,2.07,-0.82,1.25,1.93,-0.68,0.0,0.14,-0.14,1.25,2.07,-0.82,0.0,0.4,0.05,0.23,-0.18,2,1,1,1.82,40.9,32.16,20.5,25.8,38.65,0.32,0.59,64,2,9,15,28.12,25.42,6.37,1,10,6,4,17,27.1,18.51,25.67,58.42,42.43,29.47,0,Haimen Codion 2-1 Tai'an Tiankuang,2026-08-02
Dalian Kewei,1.25,1.66,-0.41,1.2,1.31,-0.11,0.04,0.35,-0.31,1.25,1.66,-0.41,0.03,0.9,0.62,0.52,0.1,2,2,0,0.41,41.3,34.77,27.3,17.4,42.32,0.4,0.83,113,8,7,20,17.5,24.1,14.11,3,4,7,2,8,28.6,16.0,98.4,77.68,58.43,38.51,1,Shandong Taishan II 2-2 Dalian Kewei,2026-08-02
Shandong Taishan II,1.66,1.25,0.41,1.31,1.2,0.11,0.35,0.04,0.31,1.66,1.25,0.41,0.9,0.03,0.52,0.62,-0.1,2,2,0,-0.41,58.7,65.23,17.4,27.3,46.91,0.83,0.4,214,18,20,7,24.1,17.5,8.69,4,3,22,9,13,150.1,84.0,28.27,22.32,93.3,61.49,0,Shandong Taishan II 2-2 Dalian Kewei,2026-08-02
Wuhan Three Towns II,2.8,1.22,1.58,2.47,0.78,1.69,0.33,0.43,-0.1,2.8,1.22,1.58,0.43,0.26,0.72,0.53,0.19,4,1,3,1.42,53.8,48.0,26.6,28.4,45.66,0.77,0.81,158,10,16,12,20.78,14.81,9.59,2,2,20,8,11,88.2,50.17,30.47,45.03,104.1,61.95,0,Guangzhou Dandelion 1-4 Wuhan Three Towns II,2026-08-02
Guangzhou Dandelion,1.22,2.8,-1.58,0.78,2.47,-1.69,0.43,0.33,0.1,1.22,2.8,-1.58,0.26,0.43,0.53,0.72,-0.19,1,4,-3,-1.42,46.2,52.0,28.4,26.6,49.48,0.81,0.77,178,12,12,16,14.81,20.78,14.17,2,2,25,5,13,87.6,49.83,37.2,54.97,63.93,38.05,0,Guangzhou Dandelion 1-4 Wuhan Three Towns II,2026-08-02
Changchun Xidu,0.74,0.78,-0.04,0.74,0.49,0.25,0.0,0.29,-0.29,0.74,0.78,-0.04,0.04,0.05,0.08,0.45,-0.37,1,1,0,0.04,46.4,58.89,24.2,23.9,48.27,0.47,0.5,170,10,10,7,21.28,14.0,7.86,6,3,17,1,26,77.2,58.35,60.47,61.62,100.07,60.38,0,Shanghai Second 1-1 Changchun Xidu,2026-08-02
Shanghai Second,0.78,0.74,0.04,0.49,0.74,-0.25,0.29,0.0,0.29,0.78,0.74,0.04,0.05,0.04,0.45,0.08,0.37,1,1,0,-0.04,53.6,41.11,23.9,24.2,42.35,0.5,0.47,148,9,7,10,14.0,21.28,9.15,3,6,15,4,15,55.1,41.65,37.67,38.38,65.67,39.62,0,Shanghai Second 1-1 Changchun Xidu,2026-08-02
Jiangxi Lushan,2.84,0.35,2.49,0.66,0.35,0.31,2.18,0.0,2.18,2.84,0.35,2.49,0.34,0.05,0.31,0.05,0.26,1,1,0,-2.49,56.8,49.82,12.8,16.7,49.08,0.67,0.45,222,14,14,7,20.9,15.56,8.44,1,8,18,2,10,109.3,60.12,46.8,39.57,74.47,60.64,1,Wenzhou 1-1 Jiangxi Lushan,2026-08-01
Wenzhou,0.35,2.84,-2.49,0.35,0.66,-0.31,0.0,2.18,-2.18,0.35,2.84,-2.49,0.05,0.34,0.05,0.31,-0.26,1,1,0,2.49,43.2,50.18,16.7,12.8,48.49,0.45,0.67,169,6,7,14,15.56,20.9,9.57,8,1,10,1,21,72.5,39.88,71.47,60.43,48.33,39.36,1,Wenzhou 1-1 Jiangxi Lushan,2026-08-01
Hangzhou Linping Wuyue,0.53,0.57,-0.04,0.39,0.48,-0.09,0.15,0.09,0.06,0.53,0.57,-0.04,0.01,0.01,0.3,0.13,0.17,1,1,0,0.04,44.5,50.82,27.8,22.7,46.41,0.34,0.42,147,5,7,8,20.59,19.05,11.09,4,3,17,5,18,52.9,50.62,73.8,64.06,80.2,63.3,1,Ganzhou Ruishi 1-1 Hangzhou Linping Wuyue,2026-08-01
Ganzhou Ruishi,0.57,0.53,0.04,0.48,0.39,0.09,0.09,0.15,-0.06,0.57,0.53,0.04,0.01,0.01,0.13,0.3,-0.17,1,1,0,-0.04,55.5,49.18,22.7,27.8,43.95,0.42,0.34,153,2,8,7,19.05,20.59,7.1,3,4,17,5,14,51.6,49.38,41.4,35.94,46.5,36.7,1,Ganzhou Ruishi 1-1 Hangzhou Linping Wuyue,2026-08-01
Shenzhen 2028,0.77,1.03,-0.26,0.48,1.03,-0.55,0.3,0.0,0.3,0.77,1.03,-0.26,0.13,0.0,0.6,0.14,0.46,0,1,-1,-0.74,53.7,53.11,21.7,24.2,43.55,0.88,0.2,151,12,10,7,11.36,35.0,7.0,5,2,19,5,15,73.6,63.56,18.8,25.11,65.9,44.6,0,Guizhou Guiyang 1-0 Shenzhen 2028,2026-08-01
Guizhou Guiyang,1.03,0.77,0.26,1.03,0.48,0.55,0.0,0.3,-0.3,1.03,0.77,0.26,0.0,0.13,0.14,0.6,-0.46,1,0,1,0.74,46.3,46.89,24.2,21.7,45.48,0.2,0.88,137,5,7,10,35.0,11.36,11.93,2,5,13,4,20,42.2,36.44,56.07,74.89,81.87,55.4,0,Guizhou Guiyang 1-0 Shenzhen 2028,2026-08-01
Guangdong Mingtu,0.71,0.59,0.12,0.7,0.42,0.28,0.02,0.16,-0.14,0.71,0.59,0.12,0.0,0.12,0.07,0.21,-0.14,0,0,0,-0.12,44.2,48.21,20.3,18.3,46.23,0.79,0.36,167,10,11,11,13.92,30.56,11.41,5,2,15,3,22,76.5,46.36,96.73,87.57,110.6,73.64,3,Hubei Istar 0-0 Guangdong Mingtu,2026-08-01
Hubei Istar,0.59,0.71,-0.12,0.42,0.7,-0.28,0.16,0.02,0.14,0.59,0.71,-0.12,0.12,0.0,0.21,0.07,0.14,0,0,0,0.12,55.8,51.79,18.3,20.3,43.31,0.36,0.79,170,7,11,11,30.56,13.92,9.03,2,5,18,4,14,88.5,53.64,13.73,12.43,39.6,26.36,1,Hubei Istar 0-0 Guangdong Mingtu,2026-08-01
Shanghai Port II,0.86,0.59,0.27,0.86,0.58,0.28,0.0,0.01,-0.01,0.86,0.59,0.27,0.04,0.21,0.0,0.24,-0.24,2,1,1,0.73,45.0,43.66,19.5,16.7,43.36,0.88,0.65,121,8,11,13,12.5,20.0,9.46,4,2,20,4,12,83.2,40.88,62.87,61.72,76.23,43.09,0,Dalian Yingbo II 1-2 Shanghai Port II,2026-08-01
Dalian Yingbo II,0.59,0.86,-0.27,0.58,0.86,-0.28,0.01,0.0,0.01,0.59,0.86,-0.27,0.21,0.04,0.24,0.0,0.24,1,2,-1,-0.73,55.0,56.34,16.7,19.5,45.14,0.65,0.88,181,11,13,11,20.0,12.5,11.96,2,4,17,6,16,120.3,59.12,39.0,38.28,100.67,56.91,3,Dalian Yingbo II 1-2 Shanghai Port II,2026-08-01
Lanzhou Longyuan,0.89,0.7,0.19,0.68,0.7,-0.02,0.21,0.0,0.21,0.89,0.7,0.19,0.05,0.19,0.28,0.14,0.14,0,0,0,-0.19,48.4,36.2,17.1,18.8,39.38,0.35,0.43,102,5,12,11,34.29,25.58,10.29,6,8,14,4,12,39.2,28.78,37.33,47.78,37.67,27.58,0,Qingdao Red Lions 0-0 Lanzhou Longyuan,2026-08-01
Qingdao Red Lions,0.7,0.89,-0.19,0.7,0.68,0.02,0.0,0.21,-0.21,0.7,0.89,-0.19,0.19,0.05,0.14,0.28,-0.14,0,0,0,0.19,51.6,63.8,18.8,17.1,45.58,0.43,0.35,172,6,11,12,25.58,34.29,8.7,8,6,21,5,14,97.0,71.22,40.8,52.22,98.93,72.42,3,Qingdao Red Lions 0-0 Lanzhou Longyuan,2026-08-01
Beijing BIT,0.32,1.35,-1.03,0.23,1.29,-1.06,0.1,0.06,0.04,0.32,1.35,-1.03,0.08,0.24,0.1,0.12,-0.02,0,2,-2,-0.97,37.6,40.0,26.1,14.7,44.53,0.4,0.5,117,9,6,20,15.0,40.0,19.3,1,2,11,4,14,49.9,22.51,78.67,77.32,53.6,28.92,4,Shanxi Chongde Ronghai 2-0 Beijing BIT,2026-08-01
Shanxi Chongde Ronghai,1.35,0.32,1.03,1.29,0.23,1.06,0.06,0.1,-0.04,1.35,0.32,1.03,0.24,0.08,0.12,0.1,0.02,2,0,2,0.97,62.4,60.0,14.7,26.1,51.07,0.5,0.4,258,9,20,6,40.0,15.0,10.54,2,1,21,4,9,171.8,77.49,23.07,22.68,131.73,71.08,0,Shanxi Chongde Ronghai 2-0 Beijing BIT,2026-08-01
Xiamen Feilu,1.21,1.55,-0.34,1.02,1.55,-0.53,0.19,0.0,0.19,1.21,1.55,-0.34,0.27,0.31,0.41,0.19,0.22,1,2,-1,-0.66,53.4,51.49,28.9,16.9,45.65,0.97,0.75,178,13,15,13,15.46,17.33,10.53,2,6,26,9,11,78.2,52.55,31.13,31.57,66.57,40.01,0,Wuhan Three Towns II 2-1 Xiamen Feilu,2026-07-29
Wuhan Three Towns II,1.55,1.21,0.34,1.55,1.02,0.53,0.0,0.19,-0.19,1.55,1.21,0.34,0.31,0.27,0.19,0.41,-0.22,2,1,1,0.66,46.6,48.51,16.9,28.9,47.58,0.75,0.97,169,14,13,15,17.33,15.46,12.16,6,2,13,2,14,70.6,47.45,67.47,68.43,99.8,59.99,0,Wuhan Three Towns II 2-1 Xiamen Feilu,2026-07-29
Tai'an Tiankuang,0.66,0.53,0.13,0.4,0.44,-0.04,0.26,0.08,0.18,0.66,0.53,0.13,0.26,0.32,0.53,0.04,0.49,2,2,0,-0.13,38.2,54.38,23.3,27.3,47.32,0.48,0.46,107,12,10,7,20.83,15.22,8.85,3,1,16,5,20,71.3,66.7,71.8,94.72,126.97,84.4,5,Lanzhou Longyuan 2-2 Tai'an Tiankuang,2026-07-29
Lanzhou Longyuan,0.53,0.66,-0.13,0.44,0.4,0.04,0.08,0.26,-0.18,0.53,0.66,-0.13,0.32,0.26,0.04,0.53,-0.49,2,2,0,0.13,61.8,45.62,27.3,23.3,41.37,0.46,0.48,117,5,7,10,15.22,20.83,4.85,1,3,15,5,14,35.6,33.3,4.0,5.28,23.47,15.6,0,Lanzhou Longyuan 2-2 Tai'an Tiankuang,2026-07-29
Haimen Codion,0.87,0.36,0.51,0.5,0.36,0.14,0.37,0.0,0.37,0.87,0.36,0.51,0.22,0.15,0.55,0.19,0.36,2,1,1,0.49,69.9,75.46,22.2,19.0,53.57,1.03,0.15,277,20,14,4,13.59,26.67,5.0,1,3,32,10,13,162.7,93.88,0.4,0.49,99.73,76.5,2,Beijing BIT 1-2 Haimen Codion,2026-07-29
Beijing BIT,0.36,0.87,-0.51,0.36,0.5,-0.14,0.0,0.37,-0.37,0.36,0.87,-0.51,0.15,0.22,0.19,0.55,-0.36,1,2,-1,-0.49,30.1,24.54,19.0,22.2,41.99,0.15,1.03,51,3,4,14,26.67,13.59,10.78,3,1,3,0,20,10.6,6.12,82.0,99.51,30.63,23.5,1,Beijing BIT 1-2 Haimen Codion,2026-07-29
Chengdu Rongcheng II,0.36,1.61,-1.25,0.24,0.71,-0.47,0.12,0.14,-0.02,0.36,0.85,-0.49,0.0,0.0,0.19,0.18,0.01,0,2,-2,-0.75,58.3,62.14,21.0,17.8,46.46,0.46,0.41,209,6,5,11,10.87,26.83,9.33,9,0,13,3,15,72.2,65.7,36.0,29.41,52.3,33.57,2,Guangdong Mingtu 2-0 Chengdu Rongcheng II,2026-07-27
Guangdong Mingtu,1.61,0.36,1.25,0.71,0.24,0.47,0.14,0.12,0.02,0.85,0.36,0.49,0.0,0.0,0.18,0.19,-0.01,2,0,2,0.75,41.7,37.86,17.8,21.0,38.38,0.41,0.46,101,8,11,5,26.83,10.87,15.35,0,9,7,3,15,37.7,34.3,86.4,70.59,103.5,66.43,1,Guangdong Mingtu 2-0 Chengdu Rongcheng II,2026-07-27
Beijing BIT,0.38,2.18,-1.8,0.37,2.12,-1.75,0.01,0.06,-0.05,0.38,2.18,-1.8,0.36,0.01,0.18,0.31,-0.13,1,6,-5,-3.2,39.5,53.9,22.4,28.6,51.76,0.64,0.72,183,10,8,16,12.5,22.22,15.59,5,0,19,4,9,64.3,36.2,73.93,86.31,39.69,13.56,3,Qingdao Red Lions 6-1 Beijing BIT,2026-07-27
Qingdao Red Lions,2.18,0.38,1.8,2.12,0.37,1.75,0.06,0.01,0.05,2.18,0.38,1.8,0.01,0.36,0.31,0.18,0.13,6,1,5,3.2,60.5,46.1,28.6,22.4,45.8,0.72,0.64,201,12,16,8,22.22,12.5,14.18,0,5,14,2,11,113.3,63.8,11.73,13.69,252.91,86.44,0,Qingdao Red Lions 6-1 Beijing BIT,2026-07-27
Wuhan Three Towns II,1.93,0.45,1.48,1.8,0.3,1.5,0.13,0.15,-0.02,1.93,0.45,1.48,0.62,0.0,0.72,0.15,0.57,1,1,0,-1.48,41.4,60.68,18.4,14.9,47.05,0.36,0.11,178,12,17,12,47.22,109.09,17.52,8,4,23,9,9,96.0,67.32,112.4,90.3,173.33,88.02,3,Hubei Istar 1-1 Wuhan Three Towns II,2026-07-26
Hubei Istar,0.45,1.93,-1.48,0.3,1.8,-1.5,0.15,0.13,0.02,0.45,1.93,-1.48,0.0,0.62,0.15,0.72,-0.57,1,1,0,1.48,58.6,39.32,14.9,18.4,41.11,0.11,0.36,179,5,12,17,109.09,47.22,13.67,4,8,5,2,10,46.6,32.68,12.07,9.7,23.6,11.98,0,Hubei Istar 1-1 Wuhan Three Towns II,2026-07-26
Tai'an Tiankuang,2.82,0.82,2.0,1.91,0.06,1.85,0.15,0.0,0.15,2.06,0.06,2.0,0.44,0.05,1.56,0.0,1.56,3,2,1,-1.0,62.2,80.63,21.2,33.3,56.85,0.56,0.26,298,12,18,3,32.14,11.54,6.94,6,1,28,7,12,239.1,95.95,30.07,37.74,227.87,92.91,1,Shanghai Port II 2-3 Tai'an Tiankuang,2026-07-26
Shanghai Port II,0.82,2.82,-2.0,0.06,1.91,-1.85,0.0,0.15,-0.15,0.06,2.06,-2.0,0.05,0.44,0.0,1.56,-1.56,2,3,-1,1.0,37.8,19.37,33.3,21.2,34.19,0.26,0.56,64,4,3,18,11.54,32.14,15.05,1,6,5,3,18,10.1,4.05,49.6,62.26,17.4,7.09,1,Shanghai Port II 2-3 Tai'an Tiankuang,2026-07-26
Haimen Codion,0.96,2.2,-1.24,0.62,1.31,-0.69,0.34,0.14,0.2,0.96,1.44,-0.48,0.14,0.41,0.42,0.38,0.04,0,2,-2,-0.76,43.0,46.3,16.4,22.1,46.83,0.68,0.86,171,16,13,8,19.12,9.3,15.28,3,5,24,10,16,85.9,48.95,63.67,72.85,89.23,49.34,2,Shanxi Chongde Ronghai 2-0 Haimen Codion,2026-07-26
Shanxi Chongde Ronghai,2.2,0.96,1.24,1.31,0.62,0.69,0.14,0.34,-0.2,1.44,0.96,0.48,0.41,0.14,0.38,0.42,-0.04,2,0,2,0.76,57.0,53.7,22.1,16.4,44.04,0.86,0.68,180,13,8,13,9.3,19.12,13.17,5,3,15,2,8,89.6,51.05,23.73,27.15,91.6,50.66,0,Shanxi Chongde Ronghai 2-0 Haimen Codion,2026-07-26
Hangzhou Linping Wuyue,1.13,1.54,-0.41,0.37,1.48,-1.11,0.0,0.06,-0.06,0.37,1.54,-1.17,0.0,0.69,0.14,0.11,0.03,2,1,1,1.41,45.5,47.06,25.6,23.1,40.97,0.33,1.12,123,6,6,17,18.18,15.18,9.74,2,7,16,5,17,32.6,27.39,47.33,57.3,50.47,32.65,1,Xiamen Feilu 1-2 Hangzhou Linping Wuyue,2026-07-26
Xiamen Feilu,1.54,1.13,0.41,1.48,0.37,1.11,0.06,0.0,0.06,1.54,0.37,1.17,0.69,0.0,0.11,0.14,-0.03,1,2,-1,-1.41,54.5,52.94,23.1,25.6,45.81,1.12,0.33,183,12,17,6,15.18,18.18,6.82,7,2,27,7,18,86.4,72.61,35.27,42.7,104.1,67.35,0,Xiamen Feilu 1-2 Hangzhou Linping Wuyue,2026-07-26
Ganzhou Ruishi,0.23,2.37,-2.14,0.23,1.96,-1.73,0.0,0.4,-0.4,0.23,2.37,-2.14,0.13,0.5,0.16,0.6,-0.44,0,3,-3,-0.86,36.2,31.77,18.0,23.0,40.46,0.21,0.45,103,3,5,19,23.81,42.22,12.71,3,5,12,1,13,8.1,5.19,83.07,86.41,13.6,6.63,1,Guizhou Guiyang 3-0 Ganzhou Ruishi,2026-07-25
Guizhou Guiyang,2.37,0.23,2.14,1.96,0.23,1.73,0.4,0.0,0.4,2.37,0.23,2.14,0.5,0.13,0.6,0.16,0.44,3,0,3,0.86,63.8,68.23,23.0,18.0,51.13,0.45,0.21,304,9,19,5,42.22,23.81,8.18,5,3,23,8,18,148.0,94.81,13.07,13.59,191.68,93.37,0,Guizhou Guiyang 3-0 Ganzhou Ruishi,2026-07-25
Shenzhen 2028,0.79,0.98,-0.19,0.7,0.7,0.0,0.09,0.28,-0.19,0.79,0.98,-0.19,0.08,0.52,0.1,0.3,-0.2,2,1,1,1.19,47.0,47.17,29.0,15.9,45.14,0.66,0.2,159,17,13,10,19.7,50.0,11.63,5,3,15,3,13,83.6,54.96,46.73,56.62,100.83,60.55,1,Jiangxi Lushan 1-2 Shenzhen 2028,2026-07-25
Jiangxi Lushan,0.98,0.79,0.19,0.7,0.7,0.0,0.28,0.09,0.19,0.98,0.79,0.19,0.52,0.08,0.3,0.1,0.2,1,2,-1,-1.19,53.0,52.83,15.9,29.0,46.26,0.2,0.66,170,11,10,13,50.0,19.7,12.19,3,5,22,2,12,68.5,45.04,35.8,43.38,65.7,39.45,0,Jiangxi Lushan 1-2 Shenzhen 2028,2026-07-25
Shanghai Second,2.0,0.97,1.03,1.97,0.78,1.19,0.03,0.2,-0.17,2.0,0.97,1.03,1.78,0.0,1.65,0.56,1.09,2,2,0,-1.03,39.4,41.55,26.7,24.0,45.6,0.62,0.48,117,14,11,11,17.74,22.92,11.29,5,3,18,4,12,68.6,40.91,75.07,86.89,106.73,71.04,2,Lanzhou Longyuan 2-2 Shanghai Second,2026-07-25
Lanzhou Longyuan,0.97,2.0,-1.03,0.78,1.97,-1.19,0.2,0.03,0.17,0.97,2.0,-1.03,0.0,1.78,0.56,1.65,-1.09,2,2,0,1.03,60.6,58.45,24.0,26.7,50.09,0.48,0.62,201,13,11,11,22.92,17.74,7.57,3,5,21,6,17,99.1,59.09,11.33,13.11,43.5,28.96,0,Lanzhou Longyuan 2-2 Shanghai Second,2026-07-25
Wenzhou,0.86,0.78,0.08,0.72,0.57,0.15,0.14,0.21,-0.07,0.86,0.78,0.08,0.6,0.05,0.26,0.22,0.04,0,0,0,-0.08,32.7,31.72,21.8,26.8,45.13,0.44,0.86,107,10,11,16,25.0,18.6,12.09,3,6,22,9,19,45.5,21.27,115.07,96.75,89.77,46.94,3,Guangzhou Dandelion 0-0 Wenzhou,2026-07-25
Guangzhou Dandelion,0.78,0.86,-0.08,0.57,0.72,-0.15,0.21,0.14,0.07,0.78,0.86,-0.08,0.05,0.6,0.22,0.26,-0.04,0,0,0,0.08,67.3,68.28,26.8,21.8,49.47,0.86,0.44,260,14,16,11,18.6,25.0,5.57,6,3,23,6,13,168.4,78.73,3.87,3.25,101.47,53.06,2,Guangzhou Dandelion 0-0 Wenzhou,2026-07-25
Changchun Xidu,0.86,0.29,0.57,0.86,0.29,0.57,0.0,0.0,0.0,0.86,0.29,0.57,0.14,0.0,0.21,0.14,0.07,1,1,0,-0.57,28.4,35.19,23.5,24.4,42.37,0.26,0.47,91,4,7,6,26.92,12.77,19.78,3,0,10,1,18,29.8,23.08,134.4,98.73,96.67,80.44,3,Shandong Taishan II 1-1 Changchun Xidu,2026-07-25
Shandong Taishan II,0.29,0.86,-0.57,0.29,0.86,-0.57,0.0,0.0,0.0,0.29,0.86,-0.57,0.0,0.14,0.14,0.21,-0.07,1,1,0,0.57,71.6,64.81,24.4,23.5,49.58,0.47,0.26,310,9,6,7,12.77,26.92,7.63,0,3,18,1,9,99.3,76.92,1.73,1.27,23.5,19.56,2,Shandong Taishan II 1-1 Changchun Xidu,2026-07-25
Dalian Yingbo II,0.74,0.2,0.54,0.54,0.18,0.36,0.2,0.02,0.18,0.74,0.2,0.54,0.11,0.11,0.24,0.12,0.12,0,2,-2,-2.54,51.3,55.19,26.0,25.5,47.87,0.6,0.44,216,16,11,5,18.33,11.36,14.73,3,4,20,8,12,107.1,67.57,58.47,51.77,101.03,63.48,2,Dalian Kewei 2-0 Dalian Yingbo II,2026-07-25
Dalian Kewei,0.2,0.74,-0.54,0.18,0.54,-0.36,0.02,0.2,-0.18,0.2,0.74,-0.54,0.11,0.11,0.12,0.24,-0.12,2,0,2,2.54,48.7,44.81,25.5,26.0,43.25,0.44,0.6,134,4,5,11,11.36,18.33,15.67,4,3,9,2,11,51.4,32.43,54.47,48.23,58.13,36.52,0,Dalian Kewei 2-0 Dalian Yingbo II,2026-07-25
Lanzhou Longyuan,0.37,1.22,-0.85,0.34,1.17,-0.83,0.03,0.05,-0.02,0.37,1.22,-0.85,0.0,0.34,0.2,0.47,-0.27,0,0,0,0.85,47.0,36.95,35.7,37.9,43.43,0.26,0.94,88,4,5,12,19.23,12.77,5.83,2,3,11,2,20,16.9,15.39,9.93,37.9,15.17,13.46,2,Haimen Codion 0-0 Lanzhou Longyuan,2026-07-19
Haimen Codion,1.22,0.37,0.85,1.17,0.34,0.83,0.05,0.03,0.02,1.22,0.37,0.85,0.34,0.0,0.47,0.2,0.27,0,0,0,-0.85,53.0,63.05,37.9,35.7,51.85,0.94,0.26,144,17,12,5,12.77,19.23,5.63,3,2,24,6,18,92.9,84.61,16.27,62.1,97.5,86.54,3,Haimen Codion 0-0 Lanzhou Longyuan,2026-07-19
Guangdong Mingtu,0.41,0.21,0.2,0.32,0.21,0.11,0.1,0.0,0.1,0.41,0.21,0.2,0.06,0.0,0.17,0.14,0.03,0,0,0,-0.2,47.9,39.56,49.0,25.9,44.53,0.31,0.2,124,7,4,7,12.9,35.0,4.87,7,5,8,1,22,24.7,25.62,13.8,54.33,24.83,26.29,3,Jiangxi Lushan 0-0 Guangdong Mingtu,2026-07-19
Jiangxi Lushan,0.21,0.41,-0.2,0.21,0.32,-0.11,0.0,0.1,-0.1,0.21,0.41,-0.2,0.0,0.06,0.14,0.17,-0.03,0,0,0,0.2,52.1,60.44,25.9,49.0,48.75,0.2,0.31,166,5,7,4,35.0,12.9,6.47,5,7,24,3,16,71.7,74.38,11.6,45.67,69.63,73.71,1,Jiangxi Lushan 0-0 Guangdong Mingtu,2026-07-19
Guizhou Guiyang,1.35,0.5,0.85,1.26,0.5,0.76,0.09,0.0,0.09,1.35,0.5,0.85,0.04,0.01,0.45,0.01,0.44,1,0,1,0.15,63.8,65.67,27.3,31.7,49.47,1.29,0.33,264,21,18,5,13.95,15.15,11.7,1,4,21,4,10,204.3,83.59,13.73,10.07,120.4,64.9,0,Wuhan Three Towns II 0-1 Guizhou Guiyang,2026-07-19
Wuhan Three Towns II,0.5,1.35,-0.85,0.5,1.26,-0.76,0.0,0.09,-0.09,0.5,1.35,-0.85,0.01,0.04,0.01,0.45,-0.44,0,1,-1,-0.15,36.2,34.33,31.7,27.3,45.09,0.33,1.29,125,2,5,18,15.15,13.95,16.44,4,1,8,0,13,40.1,16.41,122.67,89.93,65.13,35.1,0,Wuhan Three Towns II 0-1 Guizhou Guiyang,2026-07-19
Chengdu Rongcheng II,0.6,0.85,-0.25,0.53,0.82,-0.29,0.07,0.03,0.04,0.6,0.85,-0.25,0.0,0.03,0.07,0.08,-0.01,0,0,0,0.25,59.0,57.65,18.8,26.2,44.72,0.6,0.44,204,16,12,11,20.0,25.0,9.0,8,5,19,5,13,90.2,58.8,21.13,17.1,50.27,32.46,1,Hangzhou Linping Wuyue 0-0 Chengdu Rongcheng II,2026-07-19
Hangzhou Linping Wuyue,0.85,0.6,0.25,0.82,0.53,0.29,0.03,0.07,-0.04,0.85,0.6,0.25,0.03,0.0,0.08,0.07,0.01,0,0,0,-0.25,41.0,42.35,26.2,18.8,45.46,0.44,0.6,155,6,11,12,25.0,20.0,15.61,5,8,13,3,10,63.2,41.2,102.47,82.9,104.6,67.54,2,Hangzhou Linping Wuyue 0-0 Chengdu Rongcheng II,2026-07-19
Shanxi Chongde Ronghai,1.02,0.57,0.45,1.02,0.4,0.62,0.0,0.17,-0.17,1.02,0.57,0.45,0.33,0.02,0.61,0.19,0.42,2,1,1,0.55,41.9,25.64,18.2,23.8,35.45,0.3,0.99,77,4,7,14,23.33,14.14,12.68,3,13,8,1,14,24.5,14.19,61.33,62.33,52.0,33.72,1,Dalian Yingbo II 1-2 Shanxi Chongde Ronghai,2026-07-19
Dalian Yingbo II,0.57,1.02,-0.45,0.4,1.02,-0.62,0.17,0.0,0.17,0.57,1.02,-0.45,0.02,0.33,0.19,0.61,-0.42,1,2,-1,-0.55,58.1,74.36,23.8,18.2,53.08,0.99,0.3,286,12,14,7,14.14,23.33,6.46,13,3,39,11,15,148.1,85.81,37.07,37.67,102.23,66.28,0,Dalian Yingbo II 1-2 Shanxi Chongde Ronghai,2026-07-19
Qingdao Red Lions,0.43,0.78,-0.35,0.43,0.74,-0.31,0.0,0.04,-0.04,0.43,0.78,-0.35,0.02,0.0,0.35,0.55,-0.2,0,1,-1,-0.65,65.9,51.32,26.2,14.8,43.58,0.61,0.33,164,13,5,15,8.2,45.45,7.38,0,5,14,4,14,83.8,49.82,1.4,1.06,23.47,12.43,1,Tai'an Tiankuang 1-0 Qingdao Red Lions,2026-07-19
Tai'an Tiankuang,0.78,0.43,0.35,0.74,0.43,0.31,0.04,0.0,0.04,0.78,0.43,0.35,0.0,0.02,0.55,0.35,0.2,1,0,1,0.65,34.1,48.68,14.8,26.2,49.76,0.33,0.61,122,7,15,5,45.45,8.2,12.66,5,0,13,7,13,84.4,50.18,131.13,98.94,165.3,87.57,2,Tai'an Tiankuang 1-0 Qingdao Red Lions,2026-07-19
Hubei Istar,0.62,1.29,-0.67,0.6,0.48,0.12,0.02,0.05,-0.03,0.62,0.53,0.09,0.01,0.28,0.03,0.06,-0.03,2,1,1,1.67,36.0,17.94,16.4,20.9,36.04,0.26,0.77,81,4,9,17,34.62,22.08,31.5,0,4,11,5,10,6.6,2.86,69.07,71.06,39.73,30.55,0,Wenzhou 1-2 Hubei Istar,2026-07-18
Wenzhou,1.29,0.62,0.67,0.48,0.6,-0.12,0.05,0.02,0.03,0.53,0.62,-0.09,0.28,0.01,0.06,0.03,0.03,1,2,-1,-1.67,64.0,82.06,20.9,16.4,58.61,0.77,0.26,425,16,17,9,22.08,34.62,10.1,4,0,42,16,9,223.9,97.14,28.13,28.94,90.3,69.45,4,Wenzhou 1-2 Hubei Istar,2026-07-18
Guangzhou Dandelion,1.85,3.01,-1.16,1.7,2.97,-1.27,0.15,0.04,0.11,1.85,3.01,-1.16,0.99,0.78,0.21,0.04,0.17,1,3,-2,-0.84,48.3,36.67,11.3,24.7,44.38,0.64,1.26,155,9,10,20,15.62,15.87,12.75,0,4,21,3,13,34.2,16.37,33.8,45.63,28.6,13.61,2,Shenzhen 2028 3-1 Guangzhou Dandelion,2026-07-18
Shenzhen 2028,3.01,1.85,1.16,2.97,1.7,1.27,0.04,0.15,-0.11,3.01,1.85,1.16,0.78,0.99,0.04,0.21,-0.17,3,1,2,0.84,51.7,63.33,24.7,11.3,53.77,1.26,0.64,256,17,20,10,15.87,15.62,10.21,4,0,21,4,8,174.7,83.63,40.27,54.37,181.57,86.39,0,Shenzhen 2028 3-1 Guangzhou Dandelion,2026-07-18
Ganzhou Ruishi,0.1,1.86,-1.76,0.1,1.36,-1.26,0.0,0.5,-0.5,0.1,1.86,-1.76,0.0,0.23,0.09,0.99,-0.9,0,0,0,1.76,20.4,16.56,17.5,21.1,38.03,0.29,0.98,44,3,4,23,13.79,23.47,12.92,1,4,5,0,20,0.4,0.15,167.6,98.47,15.7,12.31,0,Xiamen Feilu 0-0 Ganzhou Ruishi,2026-07-18
Xiamen Feilu,1.86,0.1,1.76,1.36,0.1,1.26,0.5,0.0,0.5,1.86,0.1,1.76,0.23,0.0,0.99,0.09,0.9,0,0,0,-1.76,79.6,83.44,21.1,17.5,54.09,0.98,0.29,407,25,23,4,23.47,13.79,4.53,4,1,38,9,18,261.5,99.85,2.6,1.53,111.8,87.69,0,Xiamen Feilu 0-0 Ganzhou Ruishi,2026-07-18
Dalian Kewei,1.62,0.18,1.44,0.53,0.18,0.35,1.09,0.0,1.09,1.62,0.18,1.44,0.05,0.0,0.31,0.0,0.31,1,0,1,-0.44,64.0,68.98,16.8,23.8,54.49,0.55,0.13,274,11,11,3,20.0,23.08,5.49,4,3,32,11,19,160.5,89.46,15.33,14.68,103.9,80.71,2,Beijing BIT 0-1 Dalian Kewei,2026-07-18
Beijing BIT,0.18,1.62,-1.44,0.18,0.53,-0.35,0.0,1.09,-1.09,0.18,1.62,-1.44,0.0,0.05,0.0,0.31,-0.31,0,1,-1,0.44,36.0,31.02,23.8,16.8,46.03,0.13,0.55,106,3,3,11,23.08,20.0,12.0,3,4,14,3,13,18.9,10.54,89.07,85.32,24.83,19.29,0,Beijing BIT 0-1 Dalian Kewei,2026-07-18
Shanghai Port II,0.43,0.25,0.18,0.43,0.22,0.21,0.0,0.03,-0.03,0.43,0.25,0.18,0.04,0.03,0.29,0.08,0.21,2,0,2,1.82,55.5,41.39,34.5,29.3,38.27,0.17,0.38,100,6,7,8,41.18,21.05,6.41,7,4,2,0,17,35.4,35.44,28.4,29.92,61.73,36.48,3,Changchun Xidu 0-2 Shanghai Port II,2026-07-18
Changchun Xidu,0.25,0.43,-0.18,0.22,0.43,-0.21,0.03,0.0,0.03,0.25,0.43,-0.18,0.03,0.04,0.08,0.29,-0.21,0,2,-2,-1.82,44.5,58.61,29.3,34.5,45.37,0.38,0.17,134,6,8,7,21.05,41.18,8.09,4,7,14,5,28,64.5,64.56,66.53,70.08,107.47,63.52,1,Changchun Xidu 0-2 Shanghai Port II,2026-07-18
Shandong Taishan II,1.51,1.0,0.51,1.51,0.67,0.84,0.0,0.33,-0.33,1.51,1.0,0.51,1.04,0.04,0.02,0.33,-0.31,2,1,1,0.49,49.7,47.25,16.3,19.5,48.31,0.58,0.51,191,7,10,10,17.24,19.61,12.18,1,2,19,7,16,76.3,46.21,51.2,60.52,73.7,55.33,1,Shanghai Second 1-2 Shandong Taishan II,2026-07-18
Shanghai Second,1.0,1.51,-0.51,0.67,1.51,-0.84,0.33,0.0,0.33,1.0,1.51,-0.51,0.04,1.04,0.33,0.02,0.31,1,2,-1,-0.49,50.3,52.75,19.5,16.3,44.3,0.51,0.58,152,13,10,10,19.61,17.24,13.2,2,1,14,5,9,88.8,53.79,33.4,39.48,59.5,44.67,0,Shanghai Second 1-2 Shandong Taishan II,2026-07-18
Hangzhou Linping Wuyue,0.31,0.98,-0.67,0.16,0.63,-0.47,0.15,0.35,-0.2,0.31,0.98,-0.67,0.04,0.0,0.2,0.45,-0.25,1,1,0,0.67,49.8,45.53,22.2,16.7,46.53,0.25,0.52,177,8,7,10,28.0,19.23,10.41,2,7,12,6,20,64.6,38.68,49.8,55.17,50.63,37.72,0,Guangzhou Dandelion 1-1 Hangzhou Linping Wuyue,2026-07-12
Guangzhou Dandelion,0.98,0.31,0.67,0.63,0.16,0.47,0.35,0.15,0.2,0.98,0.31,0.67,0.0,0.04,0.45,0.2,0.25,1,1,0,-0.67,50.2,54.47,16.7,22.2,46.25,0.52,0.25,174,9,10,7,19.23,28.0,7.33,7,2,13,4,14,102.4,61.32,40.47,44.83,83.6,62.28,1,Guangzhou Dandelion 1-1 Hangzhou Linping Wuyue,2026-07-12
Shandong Taishan II,0.5,1.14,-0.64,0.5,0.92,-0.42,0.0,0.22,-0.22,0.5,1.14,-0.64,0.1,0.3,0.0,0.33,-0.33,1,0,1,1.64,53.8,48.09,13.1,18.9,42.92,0.38,0.53,162,8,6,9,15.79,16.98,8.69,7,10,20,6,13,64.4,44.02,21.2,24.11,57.43,39.09,1,Qingdao Red Lions 0-1 Shandong Taishan II,2026-07-12
Qingdao Red Lions,1.14,0.5,0.64,0.92,0.5,0.42,0.22,0.0,0.22,1.14,0.5,0.64,0.3,0.1,0.33,0.0,0.33,0,1,-1,-1.64,46.2,51.91,18.9,13.1,46.0,0.53,0.38,153,10,9,6,16.98,15.79,9.7,10,7,16,4,15,81.9,55.98,66.73,75.89,89.47,60.91,6,Qingdao Red Lions 0-1 Shandong Taishan II,2026-07-12
Shanghai Second,1.27,2.87,-1.6,0.51,2.75,-2.24,0.0,0.12,-0.12,0.51,2.87,-2.36,0.48,1.09,0.37,0.92,-0.55,1,1,0,1.6,39.3,25.08,26.6,23.4,38.15,0.22,1.39,75,2,4,23,18.18,16.55,10.1,3,2,9,1,16,15.4,5.67,48.33,62.88,15.37,7.14,0,Dalian Kewei 1-1 Shanghai Second,2026-07-12
Dalian Kewei,2.87,1.27,1.6,2.75,0.51,2.24,0.12,0.0,0.12,2.87,0.51,2.36,1.09,0.48,0.92,0.37,0.55,1,1,0,-1.6,60.7,74.92,23.4,26.6,54.75,1.39,0.22,267,19,23,4,16.55,18.18,8.03,2,3,40,11,18,256.1,94.33,28.53,37.12,199.77,92.86,0,Dalian Kewei 1-1 Shanghai Second,2026-07-12
Chengdu Rongcheng II,1.16,0.47,0.69,0.95,0.39,0.56,0.21,0.08,0.13,1.16,0.47,0.69,0.31,0.18,0.45,0.14,0.31,1,1,0,-0.69,61.1,63.52,12.9,14.6,48.15,0.52,0.33,205,8,17,8,32.69,24.24,7.64,5,6,23,3,14,102.8,82.57,13.4,15.6,85.77,75.84,0,Ganzhou Ruishi 1-1 Chengdu Rongcheng II,2026-07-11
Ganzhou Ruishi,0.47,1.16,-0.69,0.39,0.95,-0.56,0.08,0.21,-0.13,0.47,1.16,-0.69,0.18,0.31,0.14,0.45,-0.31,1,1,0,0.69,38.9,36.48,14.6,12.9,45.12,0.33,0.52,98,6,8,17,24.24,32.69,11.66,6,5,15,2,15,21.7,17.43,72.47,84.4,27.33,24.16,0,Ganzhou Ruishi 1-1 Chengdu Rongcheng II,2026-07-11
Shenzhen 2028,1.97,3.88,-1.91,1.95,3.12,-1.17,0.02,0.0,0.02,1.97,3.12,-1.15,0.37,1.49,0.54,1.0,-0.46,2,2,0,1.91,46.2,48.43,26.1,11.0,42.74,0.56,1.07,143,9,15,21,26.79,19.63,13.0,2,2,13,6,10,49.4,31.44,51.27,67.34,71.3,50.21,0,Guangdong Mingtu 2-2 Shenzhen 2028,2026-07-11
Guangdong Mingtu,3.88,1.97,1.91,3.12,1.95,1.17,0.0,0.02,-0.02,3.12,1.97,1.15,1.49,0.37,1.0,0.54,0.46,2,2,0,-1.91,53.8,51.57,11.0,26.1,41.83,1.07,0.56,147,11,21,15,19.63,26.79,11.15,2,2,25,6,16,107.7,68.56,24.87,32.66,70.7,49.79,1,Guangdong Mingtu 2-2 Shenzhen 2028,2026-07-11
Jiangxi Lushan,1.58,0.96,0.62,1.5,0.96,0.54,0.08,0.0,0.08,1.58,0.96,0.62,0.0,0.0,0.46,0.01,0.45,1,2,-1,-1.62,56.9,68.98,25.0,35.1,51.03,0.77,0.24,254,19,20,15,25.97,62.5,9.82,3,2,23,5,14,141.0,79.93,12.33,16.86,110.33,63.76,1,Hangzhou Linping Wuyue 2-1 Jiangxi Lushan,2026-07-08
Hangzhou Linping Wuyue,0.96,1.58,-0.62,0.96,1.5,-0.54,0.0,0.08,-0.08,0.96,1.58,-0.62,0.0,0.0,0.01,0.46,-0.45,2,1,1,1.62,43.1,31.02,35.1,25.0,43.23,0.24,0.77,132,4,15,20,62.5,25.97,11.66,2,3,6,1,19,35.4,20.07,60.8,83.14,62.7,36.24,2,Hangzhou Linping Wuyue 2-1 Jiangxi Lushan,2026-07-08
Dalian Kewei,1.28,0.17,1.11,1.05,0.03,1.02,0.23,0.14,0.09,1.28,0.17,1.11,0.83,0.0,0.46,0.0,0.46,0,2,-2,-3.11,55.4,68.25,26.6,11.5,49.64,0.86,0.47,244,8,9,3,10.47,6.38,9.91,7,2,34,6,9,132.3,81.57,40.13,43.71,113.03,79.21,0,Shanxi Chongde Ronghai 2-0 Dalian Kewei,2026-07-08
Shanxi Chongde Ronghai,0.17,1.28,-1.11,0.03,1.05,-1.02,0.14,0.23,-0.09,0.17,1.28,-1.11,0.0,0.83,0.0,0.46,-0.46,2,0,2,3.11,44.6,31.75,11.5,26.6,42.81,0.47,0.86,127,5,3,9,6.38,10.47,13.86,2,7,9,1,17,29.9,18.43,51.67,56.29,29.67,20.79,2,Shanxi Chongde Ronghai 2-0 Dalian Kewei,2026-07-08
Jiangxi Lushan,0.87,0.99,-0.12,0.87,0.84,0.03,0.01,0.15,-0.14,0.87,0.99,-0.12,0.0,0.23,0.01,0.68,-0.67,2,1,1,1.12,31.2,30.62,14.6,27.8,44.76,0.1,0.84,94,3,8,15,80.0,17.86,14.35,4,7,10,2,15,8.7,5.0,108.8,89.92,45.77,39.79,2,Guizhou Guiyang 1-2 Jiangxi Lushan,2026-07-05
Guizhou Guiyang,0.99,0.87,0.12,0.84,0.87,-0.03,0.15,0.01,0.14,0.99,0.87,0.12,0.23,0.0,0.68,0.01,0.67,1,2,-1,-1.12,68.8,69.38,27.8,14.6,50.6,0.84,0.1,292,20,15,8,17.86,80.0,5.19,7,4,25,6,18,165.2,95.0,12.2,10.08,69.27,60.21,0,Guizhou Guiyang 1-2 Jiangxi Lushan,2026-07-05
Wenzhou,1.61,0.52,1.09,1.27,0.46,0.81,0.34,0.06,0.28,1.61,0.52,1.09,0.34,0.16,0.93,0.12,0.81,0,0,0,-1.09,47.1,53.76,27.6,29.2,45.52,0.54,0.37,142,11,10,13,18.52,35.14,11.78,1,1,23,6,11,72.9,59.66,67.8,73.32,100.47,74.87,3,Hangzhou Linping Wuyue 0-0 Wenzhou,2026-07-05
Hangzhou Linping Wuyue,0.52,1.61,-1.09,0.46,1.27,-0.81,0.06,0.34,-0.28,0.52,1.61,-1.09,0.16,0.34,0.12,0.93,-0.81,0,0,0,1.09,52.9,46.24,29.2,27.6,41.52,0.37,0.54,151,11,13,10,35.14,18.52,10.86,1,1,16,5,17,49.3,40.34,24.67,26.68,33.73,25.13,4,Hangzhou Linping Wuyue 0-0 Wenzhou,2026-07-05
Changchun Xidu,0.78,1.29,-0.51,0.72,1.26,-0.54,0.06,0.03,0.03,0.78,1.29,-0.51,0.0,0.43,0.66,0.47,0.19,1,0,1,1.51,30.2,24.25,25.6,26.3,38.51,0.15,0.7,53,1,7,14,46.67,20.0,7.78,0,1,5,1,23,5.9,3.48,65.67,90.87,21.2,20.88,1,Tai'an Tiankuang 0-1 Changchun Xidu,2026-07-05
Tai'an Tiankuang,1.29,0.78,0.51,1.26,0.72,0.54,0.03,0.06,-0.03,1.29,0.78,0.51,0.43,0.0,0.47,0.66,-0.19,0,1,-1,-1.51,69.8,75.75,26.3,25.6,51.76,0.7,0.15,220,11,14,7,20.0,46.67,5.03,1,0,31,6,17,163.5,96.52,6.6,9.13,80.33,79.12,2,Tai'an Tiankuang 0-1 Changchun Xidu,2026-07-05
Qingdao Red Lions,0.29,0.61,-0.32,0.26,0.46,-0.2,0.03,0.14,-0.11,0.29,0.61,-0.32,0.0,0.06,0.1,0.26,-0.16,0,0,0,0.32,39.1,34.22,35.7,28.0,42.13,0.34,0.61,108,5,5,12,14.71,19.67,12.45,4,6,14,4,8,35.4,19.82,76.53,76.38,58.1,33.95,3,Dalian Yingbo II 0-0 Qingdao Red Lions,2026-07-05
Dalian Yingbo II,0.61,0.29,0.32,0.46,0.26,0.2,0.14,0.03,0.11,0.61,0.29,0.32,0.06,0.0,0.26,0.1,0.16,0,0,0,-0.32,60.9,65.78,28.0,35.7,51.52,0.61,0.34,272,13,12,5,19.67,14.71,8.74,6,4,28,8,15,143.2,80.18,23.67,23.62,113.03,66.05,3,Dalian Yingbo II 0-0 Qingdao Red Lions,2026-07-05
Shanghai Second,0.39,0.92,-0.53,0.39,0.88,-0.49,0.0,0.04,-0.04,0.39,0.92,-0.53,0.34,0.03,0.02,0.2,-0.18,0,2,-2,-1.47,54.4,60.4,20.2,16.5,49.64,0.73,0.53,234,14,7,11,9.59,20.75,14.35,1,0,23,3,15,97.6,73.49,20.47,26.84,70.13,60.72,3,Shanxi Chongde Ronghai 2-0 Shanghai Second,2026-07-05
Shanxi Chongde Ronghai,0.92,0.39,0.53,0.88,0.39,0.49,0.04,0.0,0.04,0.92,0.39,0.53,0.03,0.34,0.2,0.02,0.18,2,0,2,1.47,45.6,39.6,16.5,20.2,46.74,0.53,0.73,166,7,11,7,20.75,9.59,15.25,0,1,12,1,10,35.2,26.51,55.8,73.16,45.37,39.28,2,Shanxi Chongde Ronghai 2-0 Shanghai Second,2026-07-05
Shenzhen 2028,0.65,0.57,0.08,0.57,0.46,0.11,0.09,0.11,-0.02,0.65,0.57,0.08,0.3,0.19,0.56,0.14,0.42,0,0,0,-0.08,54.8,57.49,17.7,26.7,48.81,0.54,0.82,232,13,12,9,22.22,10.98,16.14,2,1,25,6,14,93.0,61.22,31.6,33.17,54.9,50.94,1,Xiamen Feilu 0-0 Shenzhen 2028,2026-07-05
Xiamen Feilu,0.57,0.65,-0.08,0.46,0.57,-0.11,0.11,0.09,0.02,0.57,0.65,-0.08,0.19,0.3,0.14,0.56,-0.42,0,0,0,0.08,45.2,42.51,26.7,17.7,45.76,0.82,0.54,156,10,9,12,10.98,22.22,21.78,1,2,11,2,7,58.9,38.78,63.67,66.83,52.87,49.06,0,Xiamen Feilu 0-0 Shenzhen 2028,2026-07-05
Wuhan Three Towns II,1.37,0.73,0.64,0.93,0.68,0.25,0.44,0.05,0.39,1.37,0.73,0.64,0.33,0.02,0.59,0.21,0.38,1,0,1,0.36,52.7,49.63,19.4,16.9,47.71,0.76,0.6,178,9,9,12,11.84,20.0,9.25,4,2,16,6,14,70.0,44.05,28.47,35.65,64.2,40.6,1,Chengdu Rongcheng II 0-1 Wuhan Three Towns II,2026-07-04
Chengdu Rongcheng II,0.73,1.37,-0.64,0.68,0.93,-0.25,0.05,0.44,-0.39,0.73,1.37,-0.64,0.02,0.33,0.21,0.59,-0.38,0,1,-1,-0.36,47.3,50.37,16.9,19.4,46.39,0.6,0.76,132,16,12,9,20.0,11.84,11.11,2,4,19,6,13,88.9,55.95,51.4,64.35,93.93,59.4,4,Chengdu Rongcheng II 0-1 Wuhan Three Towns II,2026-07-04
Hubei Istar,1.32,1.12,0.2,1.32,0.58,0.74,0.0,0.54,-0.54,1.32,1.12,0.2,0.0,0.57,0.01,0.76,-0.75,4,4,0,-0.2,49.7,39.44,21.8,21.9,43.95,0.22,0.66,161,3,9,10,40.91,15.15,19.19,2,5,6,0,7,52.9,39.54,32.73,41.29,57.5,51.43,1,Ganzhou Ruishi 4-4 Hubei Istar,2026-07-04
Ganzhou Ruishi,1.12,1.32,-0.2,0.58,1.32,-0.74,0.54,0.0,0.54,1.12,1.32,-0.2,0.57,0.0,0.76,0.01,0.75,4,4,0,0.2,50.3,60.56,21.9,21.8,48.95,0.66,0.22,226,12,10,9,15.15,40.91,14.62,5,2,20,2,13,80.9,60.46,46.53,58.71,54.3,48.57,5,Ganzhou Ruishi 4-4 Hubei Istar,2026-07-04
Dalian Kewei,0.78,0.81,-0.03,0.78,0.72,0.06,0.0,0.08,-0.08,0.78,0.81,-0.03,0.49,0.51,0.33,0.69,-0.36,2,1,1,1.03,53.3,52.76,24.4,27.5,44.53,0.87,0.45,158,11,7,12,8.05,26.67,8.7,3,3,18,2,20,70.9,52.87,51.8,50.72,70.07,56.48,0,Haimen Codion 1-2 Dalian Kewei,2026-07-04
Haimen Codion,0.81,0.78,0.03,0.72,0.78,-0.06,0.08,0.0,0.08,0.81,0.78,0.03,0.51,0.49,0.69,0.33,0.36,1,2,-1,-1.03,46.7,47.24,27.5,24.4,43.92,0.45,0.87,135,8,12,7,26.67,8.05,7.89,3,3,10,3,17,63.2,47.13,50.33,49.28,54.0,43.52,1,Haimen Codion 1-2 Dalian Kewei,2026-07-04
Lanzhou Longyuan,1.44,0.56,0.88,1.39,0.56,0.83,0.05,0.0,0.05,1.44,0.56,0.88,0.58,0.0,0.16,0.01,0.15,1,3,-2,-2.88,52.9,56.58,10.7,21.1,45.11,1.12,0.11,180,18,15,10,13.39,90.91,12.7,6,2,30,6,13,112.6,71.49,36.93,36.52,51.1,31.89,1,Shandong Taishan II 3-1 Lanzhou Longyuan,2026-07-04
Shandong Taishan II,0.56,1.44,-0.88,0.56,1.39,-0.83,0.0,0.05,-0.05,0.56,1.44,-0.88,0.0,0.58,0.01,0.16,-0.15,3,1,2,2.88,47.1,43.42,21.1,10.7,42.04,0.11,1.12,133,4,10,15,90.91,13.39,11.89,2,6,12,2,14,44.9,28.51,64.2,63.48,109.14,68.11,0,Shandong Taishan II 3-1 Lanzhou Longyuan,2026-07-04
Guangdong Mingtu,2.52,0.5,2.02,2.43,0.34,2.09,0.09,0.16,-0.07,2.52,0.5,2.02,0.0,0.29,0.23,0.04,0.19,2,1,1,-1.02,58.6,59.3,23.8,10.2,48.97,0.82,0.27,210,13,16,4,19.51,14.81,7.44,3,0,15,3,18,118.9,79.27,21.27,22.87,79.53,67.67,1,Guangzhou Dandelion 1-2 Guangdong Mingtu,2026-07-04
Guangzhou Dandelion,0.5,2.52,-2.02,0.34,2.43,-2.09,0.16,0.09,0.07,0.5,2.52,-2.02,0.29,0.0,0.04,0.23,-0.19,1,2,-1,1.02,41.4,40.7,10.2,23.8,45.07,0.27,0.82,125,5,4,16,14.81,19.51,14.0,0,3,13,0,13,31.1,20.73,71.73,77.13,38.0,32.33,0,Guangzhou Dandelion 1-2 Guangdong Mingtu,2026-07-04
Beijing BIT,0.37,4.62,-4.25,0.33,3.82,-3.49,0.03,0.03,0.0,0.37,3.86,-3.49,0.08,0.27,0.03,1.34,-1.31,1,5,-4,0.25,40.0,40.81,22.2,16.5,45.84,0.21,1.91,126,6,6,18,28.57,9.42,23.28,2,5,14,3,10,17.0,12.16,109.2,87.45,5.18,2.71,2,Shanghai Port II 5-1 Beijing BIT,2026-07-04
Shanghai Port II,4.62,0.37,4.25,3.82,0.33,3.49,0.03,0.03,0.0,3.86,0.37,3.49,0.27,0.08,1.34,0.03,1.31,5,1,4,-0.25,60.0,59.19,16.5,22.2,44.18,1.91,0.21,181,26,18,6,9.42,28.57,10.04,5,2,15,9,13,122.8,87.84,15.67,12.55,186.07,97.29,1,Shanghai Port II 5-1 Beijing BIT,2026-07-04
Ganzhou Ruishi,0.68,1.0,-0.32,0.68,0.77,-0.09,0.0,0.22,-0.22,0.68,1.0,-0.32,0.62,0.05,0.65,0.2,0.45,1,0,1,1.32,28.9,24.92,38.8,22.0,43.92,0.35,0.79,84,5,5,21,14.29,26.58,15.64,4,7,4,0,17,21.7,10.4,121.53,94.36,66.87,51.77,0,Wenzhou 0-1 Ganzhou Ruishi,2026-06-28
Wenzhou,1.0,0.68,0.32,0.77,0.68,0.09,0.22,0.0,0.22,1.0,0.68,0.32,0.05,0.62,0.2,0.65,-0.45,0,1,-1,-1.32,71.1,75.08,22.0,38.8,50.1,0.79,0.35,292,13,21,5,26.58,14.29,6.42,7,4,25,11,10,187.0,89.6,7.27,5.64,62.3,48.23,1,Wenzhou 0-1 Ganzhou Ruishi,2026-06-28
Guangzhou Dandelion,0.41,1.98,-1.57,0.41,1.71,-1.3,0.0,0.27,-0.27,0.41,1.98,-1.57,0.08,0.31,0.17,0.42,-0.25,0,2,-2,-0.43,52.2,55.44,30.3,26.2,50.33,0.56,0.35,223,9,14,16,25.0,45.71,9.49,7,1,23,1,11,63.3,46.72,35.6,45.76,45.23,24.3,1,Jiangxi Lushan 2-0 Guangzhou Dandelion,2026-06-28
Jiangxi Lushan,1.98,0.41,1.57,1.71,0.41,1.3,0.27,0.0,0.27,1.98,0.41,1.57,0.31,0.08,0.42,0.17,0.25,2,0,2,0.43,47.8,44.56,26.2,30.3,45.47,0.35,0.56,165,7,16,14,45.71,25.0,10.78,1,7,17,4,14,72.2,53.28,42.2,54.24,140.87,75.7,2,Jiangxi Lushan 2-0 Guangzhou Dandelion,2026-06-28
Hangzhou Linping Wuyue,1.32,1.31,0.01,1.32,1.27,0.05,0.0,0.04,-0.04,1.32,1.31,0.01,0.12,0.0,0.12,0.04,0.08,1,0,1,0.99,36.1,25.22,23.5,24.8,41.64,0.36,1.04,92,11,5,18,13.89,17.31,22.68,5,10,8,1,6,12.0,5.24,123.07,91.3,41.8,25.76,1,Wuhan Three Towns II 0-1 Hangzhou Linping Wuyue,2026-06-28
Wuhan Three Towns II,1.31,1.32,-0.01,1.27,1.32,-0.05,0.04,0.0,0.04,1.31,1.32,-0.01,0.0,0.12,0.04,0.12,-0.08,0,1,-1,-0.99,63.9,74.78,24.8,23.5,52.15,1.04,0.36,328,20,18,5,17.31,13.89,10.28,10,5,25,8,11,217.0,94.76,11.73,8.7,120.47,74.24,0,Wuhan Three Towns II 0-1 Hangzhou Linping Wuyue,2026-06-28
Chengdu Rongcheng II,1.13,1.68,-0.55,1.03,1.49,-0.46,0.09,0.19,-0.1,1.13,1.68,-0.55,0.4,0.23,0.19,0.28,-0.09,0,1,-1,-0.45,47.4,46.76,19.7,15.3,47.63,0.95,0.7,160,11,14,17,14.74,24.29,13.62,5,9,20,7,10,72.0,44.44,38.87,56.94,85.33,47.27,1,Shenzhen 2028 1-0 Chengdu Rongcheng II,2026-06-28
Shenzhen 2028,1.68,1.13,0.55,1.49,1.03,0.46,0.19,0.09,0.1,1.68,1.13,0.55,0.23,0.4,0.28,0.19,0.09,1,0,1,0.45,52.6,53.24,15.3,19.7,47.83,0.7,0.95,189,12,17,14,24.29,14.74,10.78,9,5,16,5,13,90.0,55.56,29.4,43.06,95.17,52.73,0,Shenzhen 2028 1-0 Chengdu Rongcheng II,2026-06-28
Tai'an Tiankuang,0.59,0.76,-0.17,0.52,0.76,-0.24,0.08,0.0,0.08,0.59,0.76,-0.17,0.28,0.07,0.24,0.1,0.14,1,1,0,0.17,63.3,75.87,22.9,16.7,53.91,0.94,0.23,244,19,15,6,15.96,26.09,6.14,5,1,36,7,12,167.8,90.31,10.73,18.8,136.43,84.13,3,Beijing BIT 1-1 Tai'an Tiankuang,2026-06-28
Beijing BIT,0.76,0.59,0.17,0.76,0.52,0.24,0.0,0.08,-0.08,0.76,0.59,0.17,0.07,0.28,0.1,0.24,-0.14,1,1,0,-0.17,36.7,24.13,16.7,22.9,40.23,0.23,0.94,71,2,6,15,26.09,15.96,10.96,1,5,5,1,21,18.0,9.69,46.33,81.2,25.73,15.87,1,Beijing BIT 1-1 Tai'an Tiankuang,2026-06-28
Shanxi Chongde Ronghai,1.06,2.34,-1.28,0.89,2.07,-1.18,0.17,0.27,-0.1,1.06,2.34,-1.28,0.16,0.63,0.17,0.93,-0.76,0,1,-1,0.28,45.3,35.42,27.3,24.5,41.83,0.57,1.21,122,7,7,18,12.28,14.88,11.06,1,4,13,2,17,27.4,17.14,37.87,45.92,34.53,19.08,3,Shandong Taishan II 1-0 Shanxi Chongde Ronghai,2026-06-28
Shandong Taishan II,2.34,1.06,1.28,2.07,0.89,1.18,0.27,0.17,0.1,2.34,1.06,1.28,0.63,0.16,0.93,0.17,0.76,1,0,1,-0.28,54.7,64.58,24.5,27.3,51.42,1.21,0.57,244,17,18,7,14.88,12.28,9.88,4,1,36,14,10,132.5,82.86,44.6,54.08,146.47,80.92,2,Shandong Taishan II 1-0 Shanxi Chongde Ronghai,2026-06-28
Guizhou Guiyang,1.21,0.57,0.64,1.17,0.57,0.6,0.03,0.0,0.03,1.21,0.57,0.64,0.48,0.06,0.38,0.09,0.29,0,2,-2,-2.64,52.0,63.45,20.5,22.2,50.63,0.85,0.34,225,14,12,9,14.12,26.47,9.61,3,3,31,6,17,100.1,76.76,44.87,53.54,74.0,49.05,1,Hubei Istar 2-0 Guizhou Guiyang,2026-06-27
Hubei Istar,0.57,1.21,-0.64,0.57,1.17,-0.6,0.0,0.03,-0.03,0.57,1.21,-0.64,0.06,0.48,0.09,0.38,-0.29,2,0,2,2.64,48.0,36.55,22.2,20.5,42.3,0.34,0.85,130,6,9,12,26.47,14.12,11.19,3,3,8,1,13,30.3,23.24,38.93,46.46,76.87,50.95,0,Hubei Istar 2-0 Guizhou Guiyang,2026-06-27
Dalian Yingbo II,0.08,0.29,-0.21,0.08,0.25,-0.17,0.0,0.04,-0.04,0.08,0.29,-0.21,0.07,0.03,0.0,0.07,-0.07,0,0,0,0.21,32.0,50.19,38.2,19.1,52.84,0.23,0.45,120,3,2,7,8.7,15.56,15.46,4,1,18,6,12,47.7,42.29,99.6,98.88,119.17,75.77,2,Lanzhou Longyuan 0-0 Dalian Yingbo II,2026-06-27
Lanzhou Longyuan,0.29,0.08,0.21,0.25,0.08,0.17,0.04,0.0,0.04,0.29,0.08,0.21,0.03,0.07,0.07,0.0,0.07,0,0,0,-0.21,68.0,49.81,19.1,38.2,44.49,0.45,0.23,160,10,7,2,15.56,8.7,5.15,1,4,19,5,14,65.1,57.71,1.13,1.12,38.1,24.23,2,Lanzhou Longyuan 0-0 Dalian Yingbo II,2026-06-27
Xiamen Feilu,1.07,1.89,-0.82,0.64,1.75,-1.11,0.43,0.13,0.3,1.07,1.89,-0.82,0.0,0.53,0.43,0.13,0.3,2,1,1,1.82,42.5,47.44,26.1,16.0,46.62,0.45,0.69,127,8,10,11,22.22,15.94,11.19,1,3,15,3,17,72.7,52.04,73.73,95.26,121.63,71.05,0,Guangdong Mingtu 1-2 Xiamen Feilu,2026-06-27
Guangdong Mingtu,1.89,1.07,0.82,1.75,0.64,1.11,0.13,0.43,-0.3,1.89,1.07,0.82,0.53,0.0,0.13,0.43,-0.3,1,2,-1,-1.82,57.5,52.56,16.0,26.1,42.2,0.69,0.45,140,11,11,10,15.94,22.22,6.78,3,1,16,6,17,67.0,47.96,3.67,4.74,49.57,28.95,1,Guangdong Mingtu 1-2 Xiamen Feilu,2026-06-27
Haimen Codion,0.38,0.44,-0.06,0.05,0.35,-0.3,0.33,0.09,0.24,0.38,0.44,-0.06,0.05,0.03,0.33,0.25,0.08,0,0,0,0.06,65.7,62.61,32.4,12.2,47.24,0.32,0.3,183,7,7,11,21.88,36.67,5.59,4,1,21,8,17,72.9,57.77,7.53,8.32,36.53,28.35,4,Changchun Xidu 0-0 Haimen Codion,2026-06-27
Changchun Xidu,0.44,0.38,0.06,0.35,0.05,0.3,0.09,0.33,-0.24,0.44,0.38,0.06,0.03,0.05,0.25,0.33,-0.08,0,0,0,-0.06,34.3,37.39,12.2,32.4,40.05,0.3,0.32,74,3,11,7,36.67,21.88,9.75,1,4,8,4,18,53.3,42.23,82.93,91.68,92.33,71.65,3,Changchun Xidu 0-0 Haimen Codion,2026-06-27
Shanghai Port II,0.78,1.55,-0.77,0.64,1.48,-0.84,0.13,0.08,0.05,0.78,1.55,-0.77,0.17,0.49,0.31,0.52,-0.21,0,1,-1,-0.23,37.1,31.17,19.6,23.3,38.96,0.27,1.27,89,9,13,17,48.15,13.39,12.2,2,1,10,2,16,41.1,18.72,51.93,63.28,39.0,19.27,0,Dalian Kewei 1-0 Shanghai Port II,2026-06-27
Dalian Kewei,1.55,0.78,0.77,1.48,0.64,0.84,0.08,0.13,-0.05,1.55,0.78,0.77,0.49,0.17,0.52,0.31,0.21,1,0,1,0.23,62.9,68.83,23.3,19.6,54.0,1.27,0.27,276,19,17,13,13.39,48.15,10.43,1,2,28,6,11,178.4,81.28,30.13,36.72,163.4,80.73,1,Dalian Kewei 1-0 Shanghai Port II,2026-06-27
Qingdao Red Lions,0.6,0.9,-0.3,0.58,0.9,-0.32,0.02,0.0,0.02,0.6,0.9,-0.3,0.0,0.24,0.18,0.03,0.15,2,0,2,2.3,49.8,44.05,15.7,23.8,45.78,0.23,0.52,178,8,7,10,30.43,19.23,10.56,5,8,7,2,17,40.7,34.06,54.07,47.48,71.9,50.2,1,Shanghai Second 0-2 Qingdao Red Lions,2026-06-27
Shanghai Second,0.9,0.6,0.3,0.9,0.58,0.32,0.0,0.02,-0.02,0.9,0.6,0.3,0.24,0.0,0.03,0.18,-0.15,0,2,-2,-2.3,50.2,55.95,23.8,15.7,46.95,0.52,0.23,181,9,10,7,19.23,30.43,9.71,8,5,20,4,18,78.8,65.94,59.8,52.52,71.33,49.8,0,Shanghai Second 0-2 Qingdao Red Lions,2026-06-27
Wuhan Three Towns II,1.23,0.49,0.74,1.18,0.49,0.69,0.05,0.0,0.05,1.23,0.49,0.74,0.18,0.0,0.09,0.4,-0.31,1,2,-1,-1.74,75.9,77.17,18.9,28.2,53.98,0.8,0.0,425,16,16,7,20.0,inf,6.89,3,2,42,3,15,256.5,94.27,0.07,0.05,136.07,72.66,1,Wenzhou 2-1 Wuhan Three Towns II,2026-06-24
Wenzhou,0.49,1.23,-0.74,0.49,1.18,-0.69,0.0,0.05,-0.05,0.49,1.23,-0.74,0.0,0.18,0.4,0.09,0.31,2,1,1,1.74,24.1,22.83,28.2,18.9,40.9,0.0,0.8,68,2,7,16,inf,20.0,21.33,2,3,3,1,8,15.6,5.73,146.13,99.95,51.2,27.34,0,Wenzhou 2-1 Wuhan Three Towns II,2026-06-24
Guangzhou Dandelion,0.36,0.62,-0.26,0.31,0.59,-0.28,0.06,0.03,0.03,0.36,0.62,-0.26,0.09,0.03,0.1,0.08,0.02,0,0,0,0.26,47.0,51.13,25.8,23.7,42.71,0.22,0.32,117,2,13,10,59.09,31.25,10.36,5,0,13,5,11,40.2,42.41,48.2,59.16,56.27,50.24,1,Chengdu Rongcheng II 0-0 Guangzhou Dandelion,2026-06-24
Chengdu Rongcheng II,0.62,0.36,0.26,0.59,0.31,0.28,0.03,0.06,-0.03,0.62,0.36,0.26,0.03,0.09,0.08,0.1,-0.02,0,0,0,-0.26,53.0,48.87,23.7,25.8,43.81,0.32,0.22,149,4,10,13,31.25,59.09,11.92,0,5,14,3,16,54.6,57.59,33.27,40.84,55.73,49.76,0,Chengdu Rongcheng II 0-0 Guangzhou Dandelion,2026-06-24
Ganzhou Ruishi,0.7,0.4,0.3,0.69,0.38,0.31,0.02,0.01,0.01,0.7,0.4,0.3,0.0,0.29,0.11,0.03,0.08,1,0,1,0.7,27.0,25.0,21.2,18.6,40.68,0.06,1.01,47,3,7,9,116.67,8.91,9.78,3,2,3,1,19,16.0,10.16,108.13,99.27,56.43,48.72,1,Jiangxi Lushan 0-1 Ganzhou Ruishi,2026-06-24
Jiangxi Lushan,0.4,0.7,-0.3,0.38,0.69,-0.31,0.01,0.02,-0.01,0.4,0.7,-0.3,0.29,0.0,0.03,0.11,-0.08,0,1,-1,-0.7,73.0,75.0,18.6,21.2,52.54,1.01,0.06,279,10,9,7,8.91,116.67,5.12,2,3,25,4,18,141.5,89.84,0.8,0.73,59.4,51.28,0,Jiangxi Lushan 0-1 Ganzhou Ruishi,2026-06-24
Hangzhou Linping Wuyue,0.56,1.07,-0.51,0.53,1.04,-0.51,0.03,0.03,0.0,0.56,1.07,-0.51,0.34,0.0,0.37,0.07,0.3,1,3,-2,-1.49,40.2,37.71,12.9,21.5,43.72,0.41,0.79,127,7,8,17,19.51,21.52,22.3,2,5,17,2,7,26.1,18.55,77.2,86.55,78.73,65.47,0,Shenzhen 2028 3-1 Hangzhou Linping Wuyue,2026-06-24
Shenzhen 2028,1.07,0.56,0.51,1.04,0.53,0.51,0.03,0.03,0.0,1.07,0.56,0.51,0.0,0.34,0.07,0.37,-0.3,3,1,2,1.49,59.8,62.29,21.5,12.9,48.81,0.79,0.41,259,12,17,8,21.52,19.51,15.0,5,2,13,2,11,114.6,81.45,12.0,13.45,41.53,34.53,0,Shenzhen 2028 3-1 Hangzhou Linping Wuyue,2026-06-24
Shandong Taishan II,2.81,1.38,1.43,1.08,0.62,0.46,1.72,0.0,1.72,2.81,0.62,2.19,0.34,0.0,1.73,0.02,1.71,3,1,2,0.57,55.3,45.2,21.4,18.8,45.34,0.44,0.73,192,7,18,4,40.91,5.48,10.04,8,8,19,9,11,88.0,67.8,20.53,24.48,94.1,64.41,0,Beijing BIT 1-3 Shandong Taishan II,2026-06-24
Beijing BIT,1.38,2.81,-1.43,0.62,1.08,-0.46,0.0,1.72,-1.72,0.62,2.81,-2.19,0.0,0.34,0.02,1.73,-1.71,1,3,-2,-0.57,44.7,54.8,18.8,21.4,43.78,0.73,0.44,137,7,4,18,5.48,40.91,11.12,8,8,16,4,12,41.8,32.2,63.33,75.52,52.0,35.59,5,Beijing BIT 1-3 Shandong Taishan II,2026-06-24
Tai'an Tiankuang,1.29,2.67,-1.38,1.23,1.73,-0.5,0.07,0.94,-0.87,1.29,2.67,-1.38,0.32,0.19,0.42,1.4,-0.98,2,3,-1,0.38,47.7,57.88,26.9,12.7,54.11,0.7,0.86,184,13,16,15,22.86,17.44,10.45,5,6,21,6,15,111.3,58.98,42.87,62.98,111.87,55.61,5,Shanxi Chongde Ronghai 3-2 Tai'an Tiankuang,2026-06-24
Shanxi Chongde Ronghai,2.67,1.29,1.38,1.73,1.23,0.5,0.94,0.07,0.87,2.67,1.29,1.38,0.19,0.32,1.4,0.42,0.98,3,2,1,-0.38,52.3,42.12,12.7,26.9,44.32,0.86,0.7,139,15,15,16,17.44,22.86,7.3,6,5,15,5,12,77.4,41.02,25.2,37.02,89.3,44.39,0,Shanxi Chongde Ronghai 3-2 Tai'an Tiankuang,2026-06-24
Guizhou Guiyang,0.53,1.39,-0.86,0.51,1.34,-0.83,0.02,0.04,-0.02,0.53,1.39,-0.86,0.15,0.12,0.09,0.55,-0.46,0,0,0,0.86,46.0,48.62,19.5,27.6,41.59,0.61,0.94,129,12,11,14,18.03,14.89,11.4,1,4,14,3,17,55.6,44.73,55.27,52.01,70.37,47.05,1,Guangdong Mingtu 0-0 Guizhou Guiyang,2026-06-23
Guangdong Mingtu,1.39,0.53,0.86,1.34,0.51,0.83,0.04,0.02,0.02,1.39,0.53,0.86,0.12,0.15,0.55,0.09,0.46,0,0,0,-0.86,54.0,51.38,27.6,19.5,38.82,0.94,0.61,124,11,14,11,14.89,18.03,10.53,4,1,15,3,13,68.7,55.27,51.0,47.99,79.2,52.95,0,Guangdong Mingtu 0-0 Guizhou Guiyang,2026-06-23
Shanghai Port II,0.44,1.07,-0.63,0.26,0.92,-0.66,0.18,0.14,0.04,0.44,1.07,-0.63,0.06,0.03,0.12,0.24,-0.12,2,2,0,0.63,61.8,50.0,19.0,24.5,39.52,0.32,0.27,140,8,11,13,34.38,48.15,12.68,2,3,7,3,13,78.8,49.81,10.33,7.36,32.43,14.19,1,Haimen Codion 2-2 Shanghai Port II,2026-06-23
Haimen Codion,1.07,0.44,0.63,0.92,0.26,0.66,0.14,0.18,-0.04,1.07,0.44,0.63,0.03,0.06,0.24,0.12,0.12,2,2,0,-0.63,38.2,50.0,24.5,19.0,46.54,0.27,0.32,128,12,13,11,48.15,34.38,19.0,3,2,13,4,12,79.4,50.19,130.07,92.64,196.1,85.81,1,Haimen Codion 2-2 Shanghai Port II,2026-06-23
Dalian Kewei,0.36,0.46,-0.1,0.36,0.44,-0.08,0.0,0.02,-0.02,0.36,0.46,-0.1,0.03,0.16,0.24,0.09,0.15,0,0,0,0.1,43.8,48.54,25.7,25.6,45.27,0.52,0.27,141,8,7,10,13.46,37.04,11.9,2,4,11,4,18,54.5,41.16,89.73,82.88,99.3,65.85,3,Qingdao Red Lions 0-0 Dalian Kewei,2026-06-23
Qingdao Red Lions,0.46,0.36,0.1,0.44,0.36,0.08,0.02,0.0,0.02,0.46,0.36,0.1,0.16,0.03,0.09,0.24,-0.15,0,0,0,-0.1,56.2,51.46,25.6,25.7,40.96,0.27,0.52,141,6,10,7,37.04,13.46,8.24,4,2,17,5,19,77.9,58.84,18.53,17.12,51.5,34.15,3,Qingdao Red Lions 0-0 Dalian Kewei,2026-06-23
Lanzhou Longyuan,2.09,0.62,1.47,1.08,0.54,0.54,0.25,0.09,0.16,1.33,0.62,0.71,0.35,0.25,0.43,0.22,0.21,0,0,0,-1.47,66.8,57.2,20.2,35.7,44.96,0.66,0.46,177,16,17,11,25.76,23.91,3.45,2,3,25,8,23,128.1,66.13,5.0,5.26,94.8,44.67,1,Changchun Xidu 0-0 Lanzhou Longyuan,2026-06-23
Changchun Xidu,0.62,2.09,-1.47,0.54,1.08,-0.54,0.09,0.25,-0.16,0.62,1.33,-0.71,0.25,0.35,0.22,0.43,-0.21,0,0,0,1.47,33.2,42.8,35.7,20.2,43.77,0.46,0.66,86,10,11,17,23.91,25.76,7.67,3,2,12,4,27,65.6,33.87,90.13,94.74,117.43,55.33,3,Changchun Xidu 0-0 Lanzhou Longyuan,2026-06-23
Hubei Istar,1.02,1.44,-0.42,0.83,0.9,-0.07,0.2,0.54,-0.34,1.02,1.44,-0.42,0.0,0.04,0.2,0.58,-0.38,0,0,0,0.42,31.5,28.88,21.7,28.2,36.41,0.31,0.95,64,5,11,15,35.48,15.79,32.71,0,0,12,5,12,32.1,19.05,92.27,88.83,79.9,43.56,1,Xiamen Feilu 0-0 Hubei Istar,2026-06-23
Xiamen Feilu,1.44,1.02,0.42,0.9,0.83,0.07,0.54,0.2,0.34,1.44,1.02,0.42,0.04,0.0,0.58,0.2,0.38,0,0,0,-0.42,68.5,71.12,28.2,21.7,51.31,0.95,0.31,315,13,15,11,15.79,35.48,11.63,0,0,17,3,5,136.4,80.95,11.6,11.17,103.53,56.44,0,Xiamen Feilu 0-0 Hubei Istar,2026-06-23
Dalian Yingbo II,1.22,0.55,0.67,0.7,0.5,0.2,0.52,0.04,0.48,1.22,0.55,0.67,0.0,0.03,0.66,0.36,0.3,2,1,1,0.33,44.1,44.62,23.6,29.5,46.98,0.17,0.24,160,8,9,8,52.94,33.33,12.93,2,2,15,5,16,64.5,46.64,64.4,68.61,79.37,69.68,1,Shanghai Second 1-2 Dalian Yingbo II,2026-06-23
Shanghai Second,0.55,1.22,-0.67,0.5,0.7,-0.2,0.04,0.52,-0.48,0.55,1.22,-0.67,0.03,0.0,0.36,0.66,-0.3,1,2,-1,-0.33,55.9,55.38,29.5,23.6,47.0,0.24,0.17,213,4,8,9,33.33,52.94,10.38,2,2,21,6,14,73.8,53.36,29.47,31.39,34.53,30.32,0,Shanghai Second 1-2 Dalian Yingbo II,2026-06-23
Wenzhou,1.09,0.5,0.59,1.04,0.42,0.62,0.05,0.08,-0.03,1.09,0.5,0.59,0.17,0.23,0.31,0.11,0.2,2,1,1,0.41,35.2,38.35,26.1,22.6,47.3,0.48,0.5,104,10,12,9,25.0,18.0,12.54,1,3,9,6,14,57.3,34.19,99.0,90.39,121.7,86.6,0,Chengdu Rongcheng II 1-2 Wenzhou,2026-06-20
Chengdu Rongcheng II,0.5,1.09,-0.59,0.42,1.04,-0.62,0.08,0.05,0.03,0.5,1.09,-0.59,0.23,0.17,0.11,0.31,-0.2,1,2,-1,-0.41,64.8,61.65,22.6,26.1,48.06,0.5,0.48,210,9,9,12,18.0,25.0,6.03,3,1,36,7,19,110.3,65.81,10.53,9.61,18.83,13.4,1,Chengdu Rongcheng II 1-2 Wenzhou,2026-06-20
Shenzhen 2028,1.23,0.78,0.45,0.4,0.51,-0.11,0.07,0.27,-0.2,0.47,0.78,-0.31,0.04,0.0,0.07,0.27,-0.2,1,1,0,-0.45,59.7,63.16,19.4,29.0,48.78,1.29,0.23,220,17,15,10,11.63,43.48,11.36,4,0,23,9,6,98.3,77.95,16.93,18.9,73.63,57.75,1,Wuhan Three Towns II 1-1 Shenzhen 2028,2026-06-20
Wuhan Three Towns II,0.78,1.23,-0.45,0.51,0.4,0.11,0.27,0.07,0.2,0.78,0.47,0.31,0.0,0.04,0.27,0.07,0.2,1,1,0,0.45,40.3,36.84,29.0,19.4,43.34,0.23,1.29,130,7,10,15,43.48,11.63,21.06,0,4,16,8,14,27.8,22.05,72.67,81.1,53.87,42.25,0,Wuhan Three Towns II 1-1 Shenzhen 2028,2026-06-20
Shandong Taishan II,0.76,0.24,0.52,0.71,0.24,0.47,0.05,0.0,0.05,0.76,0.24,0.52,0.68,0.0,0.74,0.14,0.6,1,0,1,0.48,57.2,38.69,20.0,17.9,42.28,0.2,0.56,149,4,5,3,25.0,5.36,6.79,6,6,12,3,19,52.3,38.37,10.0,10.7,27.13,18.28,0,Tai'an Tiankuang 0-1 Shandong Taishan II,2026-06-20
Tai'an Tiankuang,0.24,0.76,-0.52,0.24,0.71,-0.47,0.0,0.05,-0.05,0.24,0.76,-0.52,0.0,0.68,0.14,0.74,-0.6,0,1,-1,-0.48,42.8,61.31,17.9,20.0,49.05,0.56,0.2,178,8,3,5,5.36,25.0,12.09,6,6,26,7,12,84.0,61.63,83.47,89.3,121.3,81.72,1,Tai'an Tiankuang 0-1 Shandong Taishan II,2026-06-20
Guangdong Mingtu,1.42,0.87,0.55,1.31,0.5,0.81,0.11,0.37,-0.26,1.42,0.87,0.55,0.8,0.09,0.11,0.64,-0.53,2,0,2,1.45,54.9,48.16,19.6,33.8,46.38,0.62,0.37,153,6,10,15,16.13,40.54,7.7,1,4,11,4,16,62.1,48.78,16.73,23.32,54.0,45.97,0,Ganzhou Ruishi 0-2 Guangdong Mingtu,2026-06-19
Ganzhou Ruishi,0.87,1.42,-0.55,0.5,1.31,-0.81,0.37,0.11,0.26,0.87,1.42,-0.55,0.09,0.8,0.64,0.11,0.53,0,2,-2,-1.45,45.1,51.84,33.8,19.6,47.96,0.37,0.62,129,9,15,10,40.54,16.13,6.59,4,1,19,4,23,65.2,51.22,55.0,76.68,63.47,54.03,3,Ganzhou Ruishi 0-2 Guangdong Mingtu,2026-06-19
Xiamen Feilu,0.5,0.89,-0.39,0.47,0.72,-0.25,0.03,0.17,-0.14,0.5,0.89,-0.39,0.18,0.07,0.08,0.44,-0.36,0,1,-1,-0.61,49.2,46.64,22.9,17.7,44.6,0.43,0.27,177,6,7,12,16.28,44.44,10.56,6,6,11,2,16,52.7,33.83,66.33,58.43,67.83,33.39,0,Guizhou Guiyang 1-0 Xiamen Feilu,2026-06-19
Guizhou Guiyang,0.89,0.5,0.39,0.72,0.47,0.25,0.17,0.03,0.14,0.89,0.5,0.39,0.07,0.18,0.44,0.08,0.36,1,0,1,0.61,50.8,53.36,17.7,22.9,44.33,0.27,0.43,162,14,12,7,44.44,16.28,10.23,6,6,10,3,10,103.1,66.17,47.2,41.57,135.3,66.61,2,Guizhou Guiyang 1-0 Xiamen Feilu,2026-06-19
Hubei Istar,1.48,1.53,-0.05,1.48,0.66,0.82,0.0,0.86,-0.86,1.48,1.53,-0.05,0.27,0.46,0.0,0.95,-0.95,3,2,1,1.05,38.2,26.81,34.4,30.1,39.09,0.49,0.45,80,7,10,8,20.41,17.78,20.53,0,3,8,0,8,35.9,26.49,62.2,69.83,66.2,65.31,0,Guangzhou Dandelion 2-3 Hubei Istar,2026-06-19
Guangzhou Dandelion,1.53,1.48,0.05,0.66,1.48,-0.82,0.86,0.0,0.86,1.53,1.48,0.05,0.46,0.27,0.95,0.0,0.95,2,3,-1,-1.05,61.8,73.19,30.1,34.4,51.96,0.45,0.49,269,7,8,10,17.78,20.41,9.76,3,0,27,4,8,99.6,73.51,26.87,30.17,35.17,34.69,0,Guangzhou Dandelion 2-3 Hubei Istar,2026-06-19
Haimen Codion,0.86,0.5,0.36,0.68,0.5,0.18,0.19,0.0,0.19,0.86,0.5,0.36,0.0,0.31,0.19,0.0,0.19,1,2,-1,-1.36,40.0,46.69,22.7,23.5,47.18,0.53,0.36,137,11,6,5,11.32,13.89,14.03,1,1,18,7,17,48.0,37.09,72.73,73.37,67.8,63.56,0,Dalian Yingbo II 2-1 Haimen Codion,2026-06-19
Dalian Yingbo II,0.5,0.86,-0.36,0.5,0.68,-0.18,0.0,0.19,-0.19,0.5,0.86,-0.36,0.31,0.0,0.0,0.19,-0.19,2,1,1,1.36,60.0,53.31,23.5,22.7,43.28,0.36,0.53,163,2,5,6,13.89,11.32,9.56,1,1,7,1,7,81.4,62.91,26.4,26.63,38.87,36.44,0,Dalian Yingbo II 2-1 Haimen Codion,2026-06-19
Wuhan Three Towns II,0.69,0.28,0.41,0.63,0.28,0.35,0.06,0.0,0.06,0.69,0.28,0.41,0.19,0.05,0.19,0.14,0.05,0,1,-1,-1.41,63.4,59.6,22.7,39.5,48.48,0.17,0.2,199,11,12,8,70.59,40.0,4.74,2,3,23,6,11,103.9,75.56,2.2,3.11,55.03,45.38,0,Ganzhou Ruishi 1-0 Wuhan Three Towns II,2026-06-14
Ganzhou Ruishi,0.28,0.69,-0.41,0.28,0.63,-0.35,0.0,0.06,-0.06,0.28,0.69,-0.41,0.05,0.19,0.14,0.19,-0.05,1,0,1,1.41,36.6,40.4,39.5,22.7,45.69,0.2,0.17,91,4,8,12,40.0,70.59,7.06,3,2,12,2,30,33.6,24.44,68.6,96.89,66.23,54.62,2,Ganzhou Ruishi 1-0 Wuhan Three Towns II,2026-06-14
Guangzhou Dandelion,0.55,1.41,-0.86,0.46,1.29,-0.83,0.1,0.12,-0.02,0.55,1.41,-0.86,0.2,0.01,0.15,0.3,-0.15,0,2,-2,-1.14,59.9,61.25,25.7,21.7,48.33,0.29,0.74,238,13,15,14,51.72,18.92,7.44,8,3,29,8,14,108.0,56.34,18.0,21.09,63.33,35.08,0,Guizhou Guiyang 2-0 Guangzhou Dandelion,2026-06-14
Guizhou Guiyang,1.41,0.55,0.86,1.29,0.46,0.83,0.12,0.1,0.02,1.41,0.55,0.86,0.01,0.2,0.3,0.15,0.15,2,0,2,1.14,40.1,38.75,21.7,25.7,44.27,0.74,0.29,132,20,14,15,18.92,51.72,15.33,3,8,10,2,13,83.7,43.66,67.33,78.91,117.2,64.92,0,Guizhou Guiyang 2-0 Guangzhou Dandelion,2026-06-14
Shenzhen 2028,1.62,0.79,0.83,0.84,0.76,0.08,0.02,0.03,-0.01,0.86,0.79,0.07,0.12,0.28,0.18,0.16,0.02,2,1,1,0.17,56.7,58.84,22.8,24.7,52.17,0.71,0.32,267,15,17,11,23.94,34.38,11.76,11,0,30,4,6,109.1,68.32,17.6,27.88,85.77,58.68,0,Hubei Istar 1-2 Shenzhen 2028,2026-06-14
Hubei Istar,0.79,1.62,-0.83,0.76,0.84,-0.08,0.03,0.02,0.01,0.79,0.86,-0.07,0.28,0.12,0.16,0.18,-0.02,1,2,-1,-0.17,43.3,41.16,24.7,22.8,44.88,0.32,0.71,141,10,11,17,34.38,23.94,30.0,0,11,15,4,8,50.6,31.68,45.53,72.12,60.4,41.32,1,Hubei Istar 1-2 Shenzhen 2028,2026-06-14
Shanghai Port II,1.63,1.61,0.02,1.48,0.88,0.6,0.15,0.73,-0.58,1.63,1.61,0.02,,,,,,1,2,-1,-1.02,54.4,53.22,,,47.53,0.69,0.68,146,10,13,14,18.84,20.59,7.77,1,2,14,4,14,85.0,53.76,18.87,25.73,68.57,37.06,0,Qingdao Red Lions 2-1 Shanghai Port II,2026-06-14
Qingdao Red Lions,1.61,1.63,-0.02,0.88,1.48,-0.6,0.73,0.15,0.58,1.61,1.63,-0.02,,,,,,2,1,1,1.02,45.6,46.78,,,46.32,0.68,0.69,127,10,14,13,20.59,18.84,9.52,2,1,19,8,15,73.1,46.24,54.47,74.27,116.43,62.94,2,Qingdao Red Lions 2-1 Shanghai Port II,2026-06-14
Xiamen Feilu,0.84,0.92,-0.08,0.73,0.6,0.13,0.11,0.32,-0.21,0.84,0.92,-0.08,,,,,,0,1,-1,-0.92,64.2,61.22,,,45.58,0.43,0.29,189,7,9,8,20.93,27.59,6.78,1,2,18,5,15,72.5,73.45,2.33,3.03,41.77,34.67,0,Wenzhou 1-0 Xiamen Feilu,2026-06-13
Wenzhou,0.92,0.84,0.08,0.6,0.73,-0.13,0.32,0.11,0.21,0.92,0.84,0.08,,,,,,1,0,1,0.92,35.8,38.78,,,47.03,0.29,0.43,111,4,8,9,27.59,20.93,10.54,2,1,13,6,23,26.2,26.55,74.47,96.97,78.7,65.33,0,Wenzhou 1-0 Xiamen Feilu,2026-06-13
Chengdu Rongcheng II,0.66,0.9,-0.24,0.65,0.57,0.08,0.01,0.33,-0.32,0.66,0.9,-0.24,,,,,,0,1,-1,-0.76,58.3,55.21,,,47.05,0.66,0.54,200,10,9,9,13.64,16.67,4.94,4,3,25,10,22,66.6,52.07,7.6,9.01,24.47,17.67,1,Jiangxi Lushan 1-0 Chengdu Rongcheng II,2026-06-13
Jiangxi Lushan,0.9,0.66,0.24,0.57,0.65,-0.08,0.33,0.01,0.32,0.9,0.66,0.24,,,,,,1,0,1,0.76,41.7,44.79,,,51.54,0.54,0.66,158,8,9,9,16.67,13.64,9.68,3,4,16,3,17,61.3,47.93,76.73,90.99,114.0,82.33,0,Jiangxi Lushan 1-0 Chengdu Rongcheng II,2026-06-13
Shanxi Chongde Ronghai,1.55,0.3,1.25,1.55,0.24,1.31,0.0,0.06,-0.06,1.55,0.3,1.25,,,,,,0,0,0,-1.25,49.5,56.95,,,51.58,0.75,0.32,158,13,16,7,21.33,21.88,6.29,6,4,18,3,17,127.2,80.3,37.0,55.45,130.9,82.57,1,Lanzhou Longyuan 0-0 Shanxi Chongde Ronghai,2026-06-13
Lanzhou Longyuan,0.3,1.55,-1.25,0.24,1.55,-1.31,0.06,0.0,0.06,0.3,1.55,-1.25,,,,,,0,0,0,1.25,50.5,43.05,,,47.11,0.32,0.75,124,6,7,16,21.88,21.33,5.3,4,6,17,6,16,31.2,19.7,29.73,44.55,27.63,17.43,1,Lanzhou Longyuan 0-0 Shanxi Chongde Ronghai,2026-06-13
Hangzhou Linping Wuyue,0.81,0.82,-0.01,0.81,0.74,0.07,0.0,0.08,-0.08,0.81,0.82,-0.01,,,,,,1,1,0,0.01,29.7,25.6,,,40.84,0.25,0.55,86,8,8,16,32.0,29.09,13.32,1,5,5,1,21,42.6,19.28,159.93,99.18,102.03,61.18,0,Guangdong Mingtu 1-1 Hangzhou Linping Wuyue,2026-06-13
Guangdong Mingtu,0.82,0.81,0.01,0.74,0.81,-0.07,0.08,0.0,0.08,0.82,0.81,0.01,,,,,,1,1,0,-0.01,70.3,74.4,,,45.84,0.55,0.25,246,10,16,8,29.09,32.0,5.34,5,1,25,7,17,178.4,80.72,1.33,0.82,64.73,38.82,2,Guangdong Mingtu 1-1 Hangzhou Linping Wuyue,2026-06-13
Haimen Codion,0.62,0.37,0.25,0.56,0.14,0.42,0.07,0.24,-0.17,0.62,0.37,0.25,,,,,,0,0,0,-0.25,41.8,64.81,,,46.06,0.68,0.23,149,9,9,3,13.24,13.04,11.66,9,2,14,6,9,76.6,74.22,91.2,87.52,145.83,89.21,2,Shandong Taishan II 0-0 Haimen Codion,2026-06-13
Shandong Taishan II,0.37,0.62,-0.25,0.14,0.56,-0.42,0.24,0.07,0.17,0.37,0.62,-0.25,,,,,,0,0,0,0.25,58.2,35.19,,,38.28,0.23,0.68,110,5,3,9,13.04,13.24,13.5,2,9,13,5,11,26.6,25.78,13.0,12.48,17.63,10.79,0,Shandong Taishan II 0-0 Haimen Codion,2026-06-13
Dalian Yingbo II,0.71,0.71,0.0,0.7,0.67,0.03,0.01,0.04,-0.03,0.71,0.71,0.0,,,,,,1,1,0,0.0,61.8,68.18,,,47.5,0.76,0.37,216,12,12,10,15.79,27.03,9.07,6,2,24,9,11,126.4,77.45,20.0,23.75,89.7,71.19,0,Beijing BIT 1-1 Dalian Yingbo II,2026-06-13
Beijing BIT,0.71,0.71,0.0,0.67,0.7,-0.03,0.04,0.01,0.03,0.71,0.71,0.0,,,,,,1,1,0,0.0,38.2,31.82,,,38.44,0.37,0.76,80,4,10,12,27.03,15.79,15.39,2,6,10,5,9,36.8,22.55,64.2,76.25,36.3,28.81,0,Beijing BIT 1-1 Dalian Yingbo II,2026-06-13
Changchun Xidu,0.17,2.74,-2.57,0.15,1.76,-1.61,0.02,0.23,-0.21,0.17,1.98,-1.81,,,,,,0,3,-3,-0.43,50.5,44.73,,,46.38,0.31,0.54,126,6,5,14,16.13,25.93,5.53,3,0,18,3,18,21.0,19.59,19.2,32.14,12.21,7.33,5,Dalian Kewei 3-0 Changchun Xidu,2026-06-13
Dalian Kewei,2.74,0.17,2.57,1.76,0.15,1.61,0.23,0.02,0.21,1.98,0.17,1.81,,,,,,3,0,3,0.43,49.5,55.27,,,49.1,0.54,0.31,148,12,14,5,25.93,16.13,8.97,0,3,18,4,16,86.2,80.41,40.53,67.86,154.41,92.67,0,Dalian Kewei 3-0 Changchun Xidu,2026-06-13
Tai'an Tiankuang,0.74,0.27,0.47,0.5,0.27,0.23,0.24,0.0,0.24,0.74,0.27,0.47,,,,,,0,0,0,-0.47,70.3,71.3,,,52.76,0.65,0.21,326,9,12,4,18.46,19.05,5.29,3,2,22,4,17,172.3,85.72,4.0,3.25,100.0,58.28,2,Shanghai Second 0-0 Tai'an Tiankuang,2026-06-13
Shanghai Second,0.27,0.74,-0.47,0.27,0.5,-0.23,0.0,0.24,-0.24,0.27,0.74,-0.47,,,,,,0,0,0,0.47,29.7,28.7,,,45.72,0.21,0.65,95,5,4,12,19.05,18.46,13.77,2,3,15,0,14,28.7,14.28,119.2,96.75,71.6,41.72,2,Shanghai Second 0-0 Tai'an Tiankuang,2026-06-13
Qingdao Red Lions,0.85,0.94,-0.09,0.82,0.7,0.12,0.03,0.23,-0.2,0.85,0.94,-0.09,,,,,,1,1,0,0.09,50.2,41.77,,,42.92,0.27,0.35,107,6,8,19,29.63,54.29,5.55,4,3,11,0,28,39.7,28.75,19.67,44.77,40.4,30.47,5,Changchun Xidu 1-1 Qingdao Red Lions,2026-06-07
Changchun Xidu,0.94,0.85,0.09,0.7,0.82,-0.12,0.23,0.03,0.2,0.94,0.85,0.09,,,,,,1,1,0,-0.09,49.8,58.23,,,49.62,0.35,0.27,152,10,19,8,54.29,29.63,5.43,3,4,27,6,23,98.4,71.25,24.27,55.23,92.2,69.53,5,Changchun Xidu 1-1 Qingdao Red Lions,2026-06-07
Shanxi Chongde Ronghai,1.69,0.23,1.46,1.51,0.21,1.3,0.18,0.02,0.16,1.69,0.23,1.46,,,,,,2,1,1,-0.46,59.3,61.13,,,47.75,0.98,0.26,245,18,18,5,18.37,19.23,10.3,5,1,18,8,15,137.2,81.57,18.27,17.62,94.63,79.65,5,Beijing BIT 1-2 Shanxi Chongde Ronghai,2026-06-06
Beijing BIT,0.23,1.69,-1.46,0.21,1.51,-1.3,0.02,0.18,-0.16,0.23,1.69,-1.46,,,,,,1,2,-1,0.46,40.7,38.87,,,46.15,0.26,0.98,154,5,5,18,19.23,18.37,17.87,1,5,24,6,7,31.0,18.43,85.4,82.38,24.17,20.35,1,Beijing BIT 1-2 Shanxi Chongde Ronghai,2026-06-06
Shanghai Second,0.33,0.74,-0.41,0.33,0.74,-0.41,0.0,0.0,0.0,0.33,0.74,-0.41,,,,,,1,1,0,0.41,32.9,40.61,,,47.95,0.3,1.3,118,8,6,17,20.0,13.08,16.6,1,7,13,0,11,26.6,17.71,95.6,96.76,74.6,65.1,3,Shanghai Port II 1-1 Shanghai Second,2026-06-06
Shanghai Port II,0.74,0.33,0.41,0.74,0.33,0.41,0.0,0.0,0.0,0.74,0.33,0.41,,,,,,1,1,0,-0.41,67.1,59.39,,,51.7,1.3,0.3,299,17,17,6,13.08,20.0,5.31,7,1,34,5,17,123.6,82.29,3.2,3.24,40.0,34.9,2,Shanghai Port II 1-1 Shanghai Second,2026-06-06
Dalian Kewei,0.65,0.22,0.43,0.57,0.19,0.38,0.08,0.03,0.05,0.65,0.22,0.43,,,,,,0,0,0,-0.43,48.9,62.13,,,54.75,0.43,0.11,168,5,11,4,25.58,36.36,7.62,4,2,30,10,18,99.4,75.94,56.53,83.3,142.93,82.73,5,Lanzhou Longyuan 0-0 Dalian Kewei,2026-06-05
Lanzhou Longyuan,0.22,0.65,-0.43,0.19,0.57,-0.38,0.03,0.08,-0.05,0.22,0.65,-0.43,,,,,,0,0,0,0.43,51.1,37.87,,,41.94,0.11,0.43,102,5,4,11,36.36,25.58,6.86,2,4,18,8,11,31.5,24.06,11.33,16.7,29.83,17.27,0,Lanzhou Longyuan 0-0 Dalian Kewei,2026-06-05
Guangdong Mingtu,0.74,0.73,0.01,0.67,0.51,0.16,0.07,0.22,-0.15,0.74,0.73,0.01,,,,,,1,0,1,0.99,55.2,50.81,,,41.02,0.66,0.49,149,10,10,13,15.15,26.53,10.62,3,1,22,6,16,63.7,38.01,27.4,34.71,57.07,31.98,0,Wuhan Three Towns II 0-1 Guangdong Mingtu,2026-05-27
Wuhan Three Towns II,0.73,0.74,-0.01,0.51,0.67,-0.16,0.22,0.07,0.15,0.73,0.74,-0.01,,,,,,0,1,-1,-0.99,44.8,49.19,,,42.47,0.49,0.66,150,10,13,10,26.53,15.15,20.26,1,3,17,4,10,103.9,61.99,51.53,65.29,121.4,68.02,1,Wuhan Three Towns II 0-1 Guangdong Mingtu,2026-05-27
Shanghai Second,0.59,1.22,-0.63,0.34,1.03,-0.69,0.25,0.18,0.07,0.59,1.22,-0.63,,,,,,2,2,0,0.63,36.9,30.16,,,38.53,0.27,0.91,82,3,11,13,40.74,14.29,12.0,0,6,13,3,7,30.9,15.31,58.73,82.03,44.17,29.95,0,Haimen Codion 2-2 Shanghai Second,2026-05-27
Haimen Codion,1.22,0.59,0.63,1.03,0.34,0.69,0.18,0.25,-0.07,1.22,0.59,0.63,,,,,,2,2,0,-0.63,63.1,69.84,,,54.13,0.91,0.27,301,13,13,11,14.29,40.74,5.88,6,0,32,5,25,170.9,84.69,12.87,17.97,103.3,70.05,0,Haimen Codion 2-2 Shanghai Second,2026-05-27
Ganzhou Ruishi,0.64,1.04,-0.4,0.64,0.26,0.38,0.0,0.02,-0.02,0.64,0.28,0.36,,,,,,0,2,-2,-1.6,32.6,42.75,,,49.59,0.4,0.42,113,7,9,6,22.5,14.29,11.38,4,2,13,1,15,63.0,39.23,131.07,98.11,76.63,70.8,2,Guangzhou Dandelion 2-0 Ganzhou Ruishi,2026-05-27
Guangzhou Dandelion,1.04,0.64,0.4,0.26,0.64,-0.38,0.02,0.0,0.02,0.28,0.64,-0.36,,,,,,2,0,2,1.6,67.4,57.25,,,46.66,0.42,0.4,221,8,6,9,14.29,22.5,7.31,2,4,5,2,16,97.6,60.77,2.53,1.89,31.6,29.2,1,Guangzhou Dandelion 2-0 Ganzhou Ruishi,2026-05-27
Beijing BIT,0.1,0.77,-0.67,0.09,0.64,-0.55,0.01,0.14,-0.13,0.1,0.77,-0.67,,,,,,0,0,0,0.67,41.0,31.85,,,41.67,0.09,1.35,92,4,3,14,33.33,10.37,14.23,3,6,15,7,9,20.0,11.2,76.6,73.75,32.1,20.92,2,Changchun Xidu 0-0 Beijing BIT,2026-05-27
Changchun Xidu,0.77,0.1,0.67,0.64,0.09,0.55,0.14,0.01,0.13,0.77,0.1,0.67,,,,,,0,0,0,-0.67,59.0,68.15,,,50.59,1.35,0.09,226,23,14,3,10.37,33.33,7.11,6,3,35,10,16,158.6,88.8,27.27,26.25,121.37,79.08,3,Changchun Xidu 0-0 Beijing BIT,2026-05-27
Jiangxi Lushan,0.85,0.44,0.41,0.7,0.44,0.26,0.15,0.0,0.15,0.85,0.44,0.41,,,,,,0,2,-2,-2.41,50.7,59.4,,,49.96,0.36,0.31,205,8,12,9,33.33,29.03,10.55,3,1,19,6,20,107.1,71.59,51.4,50.93,104.23,71.39,1,Xiamen Feilu 2-0 Jiangxi Lushan,2026-05-27
Xiamen Feilu,0.44,0.85,-0.41,0.44,0.7,-0.26,0.0,0.15,-0.15,0.44,0.85,-0.41,,,,,,2,0,2,2.41,49.3,40.6,,,44.07,0.31,0.36,128,7,9,12,29.03,33.33,8.63,1,3,6,1,12,42.5,28.41,49.53,49.07,41.77,28.61,0,Xiamen Feilu 2-0 Jiangxi Lushan,2026-05-27
Qingdao Red Lions,1.81,1.81,0.0,0.4,1.8,-1.4,1.42,0.01,1.41,1.81,1.81,0.0,,,,,,3,2,1,1.0,28.5,26.5,,,42.67,0.13,0.93,73,4,11,15,84.62,16.13,9.1,4,4,12,3,19,36.8,16.87,124.8,97.75,142.53,90.25,3,Shanxi Chongde Ronghai 2-3 Qingdao Red Lions,2026-05-27
Shanxi Chongde Ronghai,1.81,1.81,0.0,1.8,0.4,1.4,0.01,1.42,-1.41,1.81,1.81,0.0,,,,,,2,3,-1,-1.0,71.5,73.5,,,51.61,0.93,0.13,277,13,15,11,16.13,84.62,4.08,4,4,29,4,19,181.3,83.13,2.87,2.25,15.4,9.75,0,Shanxi Chongde Ronghai 2-3 Qingdao Red Lions,2026-05-27
Shandong Taishan II,0.47,1.19,-0.72,0.37,1.17,-0.8,0.09,0.02,0.07,0.47,1.19,-0.72,,,,,,0,2,-2,-1.28,55.8,54.63,,,45.23,1.38,0.3,165,16,7,7,5.07,23.33,7.87,0,2,19,4,18,49.8,53.26,26.47,33.39,33.8,28.85,2,Dalian Yingbo II 2-0 Shandong Taishan II,2026-05-27
Dalian Yingbo II,1.19,0.47,0.72,1.17,0.37,0.8,0.02,0.09,-0.07,1.19,0.47,0.72,,,,,,2,0,2,1.28,44.2,45.37,,,39.99,0.3,1.38,102,6,7,7,23.33,5.07,10.19,2,0,13,3,24,43.7,46.74,52.8,66.61,83.37,71.15,1,Dalian Yingbo II 2-0 Shandong Taishan II,2026-05-27
Guizhou Guiyang,0.74,0.19,0.55,0.74,0.19,0.55,0.0,0.0,0.0,0.74,0.19,0.55,,,,,,2,1,1,0.45,53.7,60.0,,,44.1,0.48,0.43,191,6,9,7,18.75,16.28,9.89,7,2,18,1,10,106.5,73.5,39.73,28.96,78.17,60.52,0,Chengdu Rongcheng II 1-2 Guizhou Guiyang,2026-05-26
Chengdu Rongcheng II,0.19,0.74,-0.55,0.19,0.74,-0.55,0.0,0.0,0.0,0.19,0.74,-0.55,,,,,,1,2,-1,-0.45,46.3,40.0,,,41.76,0.43,0.48,128,6,7,9,16.28,18.75,14.69,2,7,6,2,14,38.4,26.5,97.47,71.04,51.0,39.48,0,Chengdu Rongcheng II 1-2 Guizhou Guiyang,2026-05-26
Hubei Istar,0.24,0.49,-0.25,0.18,0.44,-0.26,0.06,0.05,0.01,0.24,0.49,-0.25,,,,,,0,1,-1,-0.75,70.6,61.24,,,46.23,0.88,0.43,207,13,7,9,7.95,20.93,8.09,0,3,15,4,14,101.4,73.48,0.6,0.46,41.67,26.46,1,Hangzhou Linping Wuyue 1-0 Hubei Istar,2026-05-26
Hangzhou Linping Wuyue,0.49,0.24,0.25,0.44,0.18,0.26,0.05,0.06,-0.01,0.49,0.24,0.25,,,,,,1,0,1,0.75,29.4,38.76,,,44.2,0.43,0.88,82,7,9,7,20.93,7.95,15.52,3,0,5,4,14,36.6,26.52,128.53,99.54,115.8,73.54,3,Hangzhou Linping Wuyue 1-0 Hubei Istar,2026-05-26
Wenzhou,0.43,1.32,-0.89,0.43,1.22,-0.79,0.0,0.11,-0.11,0.43,1.32,-0.89,,,,,,0,4,-4,-3.11,53.0,55.16,,,46.01,0.34,0.55,153,13,10,11,29.41,20.0,9.07,2,3,15,4,14,72.4,48.85,28.4,34.55,49.07,32.55,3,Shenzhen 2028 4-0 Wenzhou,2026-05-26
Shenzhen 2028,1.32,0.43,0.89,1.22,0.43,0.79,0.11,0.0,0.11,1.32,0.43,0.89,,,,,,4,0,4,3.11,47.0,44.84,,,45.65,0.55,0.34,144,8,11,10,20.0,29.41,9.5,3,2,14,4,11,75.8,51.15,53.8,65.45,101.68,67.45,1,Shenzhen 2028 4-0 Wenzhou,2026-05-26
Lanzhou Longyuan,1.07,1.35,-0.28,1.03,1.34,-0.31,0.04,0.01,0.03,1.07,1.35,-0.28,,,,,,0,1,-1,-0.72,40.4,34.43,,,42.78,0.16,1.3,98,6,12,15,75.0,11.54,18.5,1,4,13,4,13,49.8,23.73,61.27,78.15,47.47,22.63,0,Shanghai Port II 1-0 Lanzhou Longyuan,2026-05-26
Shanghai Port II,1.35,1.07,0.28,1.34,1.03,0.31,0.01,0.04,-0.03,1.35,1.07,0.28,,,,,,1,0,1,0.72,59.6,65.57,,,52.81,1.3,0.16,251,15,15,12,11.54,75.0,8.76,4,1,28,3,8,160.1,76.27,17.13,21.85,162.33,77.37,1,Shanghai Port II 1-0 Lanzhou Longyuan,2026-05-26
Dalian Kewei,0.88,0.83,0.05,0.73,0.76,-0.03,0.15,0.07,0.08,0.88,0.83,0.05,,,,,,1,2,-1,-1.05,66.4,58.25,,,47.47,0.49,0.07,234,10,11,10,22.45,142.86,5.37,5,7,21,7,20,84.5,63.2,2.2,1.79,33.63,19.72,5,Tai'an Tiankuang 2-1 Dalian Kewei,2026-05-26
Tai'an Tiankuang,0.83,0.88,-0.05,0.76,0.73,0.03,0.07,0.15,-0.08,0.83,0.88,-0.05,,,,,,2,1,1,1.05,33.6,41.75,,,46.18,0.07,0.49,106,6,10,11,142.86,22.45,11.39,7,5,11,3,16,49.2,36.8,120.73,98.21,136.87,80.28,2,Tai'an Tiankuang 2-1 Dalian Kewei,2026-05-26
Wuhan Three Towns II,0.32,1.02,-0.7,0.32,0.95,-0.63,0.0,0.07,-0.07,0.32,1.02,-0.7,,,,,,1,2,-1,-0.3,48.8,50.78,,,45.23,0.28,0.58,160,6,7,11,25.0,18.97,12.57,1,0,10,2,20,52.4,42.81,58.07,64.57,76.43,51.73,2,Jiangxi Lushan 2-1 Wuhan Three Towns II,2026-05-23
Jiangxi Lushan,1.02,0.32,0.7,0.95,0.32,0.63,0.07,0.0,0.07,1.02,0.32,0.7,,,,,,2,1,1,0.3,51.2,49.22,,,44.09,0.58,0.28,156,8,11,7,18.97,25.0,11.42,0,1,16,2,9,70.0,57.19,31.87,35.43,71.33,48.27,1,Jiangxi Lushan 2-1 Wuhan Three Towns II,2026-05-23
Xiamen Feilu,1.69,0.62,1.07,1.66,0.62,1.04,0.03,0.0,0.03,1.69,0.62,1.07,,,,,,3,1,2,0.93,41.8,35.05,,,45.81,0.34,0.34,131,6,8,12,23.53,35.29,12.69,1,1,12,1,13,57.7,31.04,89.53,81.1,81.2,55.26,0,Guangzhou Dandelion 1-3 Xiamen Feilu,2026-05-23
Guangzhou Dandelion,0.62,1.69,-1.07,0.62,1.66,-1.04,0.0,0.03,-0.03,0.62,1.69,-1.07,,,,,,1,3,-2,-0.93,58.2,64.95,,,52.34,0.34,0.34,250,5,12,8,35.29,23.53,7.85,1,1,22,5,17,128.2,68.96,20.87,18.9,65.73,44.74,0,Guangzhou Dandelion 1-3 Xiamen Feilu,2026-05-23
Haimen Codion,0.82,0.22,0.6,0.54,0.16,0.38,0.28,0.06,0.22,0.82,0.22,0.6,,,,,,1,0,1,0.4,49.5,51.45,,,46.85,0.27,0.3,148,8,10,8,37.04,26.67,7.31,3,2,20,9,21,83.5,57.79,26.47,64.97,103.73,62.02,0,Qingdao Red Lions 0-1 Haimen Codion,2026-05-23
Qingdao Red Lions,0.22,0.82,-0.6,0.16,0.54,-0.38,0.06,0.28,-0.22,0.22,0.82,-0.6,,,,,,0,1,-1,-0.4,50.5,48.55,,,43.35,0.3,0.27,139,7,8,10,26.67,37.04,6.79,2,3,23,10,14,61.0,42.21,14.27,35.03,63.53,37.98,1,Qingdao Red Lions 0-1 Haimen Codion,2026-05-23
Beijing BIT,1.02,0.86,0.16,0.26,0.74,-0.48,0.0,0.11,-0.11,0.26,0.86,-0.6,,,,,,1,0,1,0.84,39.8,40.33,,,41.86,0.24,0.56,107,7,8,17,33.33,30.36,15.85,2,9,13,4,13,39.1,33.71,67.73,82.4,76.6,57.89,0,Shanghai Second 0-1 Beijing BIT,2026-05-23
Shanghai Second,0.86,1.02,-0.16,0.74,0.26,0.48,0.11,0.0,0.11,0.86,0.26,0.6,,,,,,0,1,-1,-0.84,60.2,59.67,,,44.36,0.56,0.24,188,12,17,8,30.36,33.33,9.81,9,2,18,5,14,76.9,66.29,14.47,17.6,55.73,42.11,4,Shanghai Second 0-1 Beijing BIT,2026-05-23
Changchun Xidu,0.6,0.95,-0.35,0.4,0.95,-0.55,0.2,0.0,0.2,0.6,0.95,-0.35,,,,,,0,3,-3,-2.65,49.9,56.92,,,50.45,0.69,0.46,190,6,8,9,11.59,19.57,8.75,1,5,24,7,16,71.2,49.62,62.2,69.37,77.53,55.16,0,Shanxi Chongde Ronghai 3-0 Changchun Xidu,2026-05-23
Shanxi Chongde Ronghai,0.95,0.6,0.35,0.95,0.4,0.55,0.0,0.2,-0.2,0.95,0.6,0.35,,,,,,3,0,3,2.65,50.1,43.08,,,42.61,0.46,0.69,132,8,9,8,19.57,11.59,7.89,5,1,5,0,14,72.3,50.38,27.47,30.63,63.02,44.84,2,Shanxi Chongde Ronghai 3-0 Changchun Xidu,2026-05-23
Shenzhen 2028,0.72,0.98,-0.26,0.64,0.91,-0.27,0.09,0.07,0.02,0.72,0.98,-0.26,,,,,,0,3,-3,-2.74,71.0,66.13,,,47.56,0.58,0.4,222,10,14,12,24.14,30.0,5.85,3,2,25,6,13,96.5,61.94,2.73,2.64,32.57,22.49,1,Ganzhou Ruishi 3-0 Shenzhen 2028,2026-05-22
Ganzhou Ruishi,0.98,0.72,0.26,0.91,0.64,0.27,0.07,0.09,-0.02,0.98,0.72,0.26,,,,,,3,0,3,2.74,29.0,33.87,,,47.12,0.4,0.58,86,11,12,14,30.0,24.14,11.06,2,3,15,4,16,59.3,38.06,100.8,97.36,112.23,77.51,0,Ganzhou Ruishi 3-0 Shenzhen 2028,2026-05-22
Hangzhou Linping Wuyue,0.81,3.76,-2.95,0.78,3.73,-2.95,0.03,0.03,0.0,0.81,3.76,-2.95,,,,,,0,7,-7,-4.05,44.0,44.65,,,43.8,0.22,0.6,134,4,8,17,36.36,28.33,10.27,3,2,8,3,19,43.0,28.2,52.27,79.75,36.0,16.21,0,Guizhou Guiyang 7-0 Hangzhou Linping Wuyue,2026-05-22
Guizhou Guiyang,3.76,0.81,2.95,3.73,0.78,2.95,0.03,0.03,0.0,3.76,0.81,2.95,,,,,,7,0,7,4.05,56.0,55.35,,,41.23,0.6,0.22,154,11,17,8,28.33,36.36,7.81,2,3,11,2,19,109.5,71.8,13.27,20.25,186.02,83.79,0,Guizhou Guiyang 7-0 Hangzhou Linping Wuyue,2026-05-22
Chengdu Rongcheng II,1.05,1.04,0.01,0.29,0.97,-0.68,0.0,0.08,-0.08,0.29,1.04,-0.75,,,,,,0,3,-3,-3.01,56.7,67.09,,,51.5,0.39,1.01,235,5,9,14,23.08,13.86,9.9,2,3,18,1,11,82.4,70.49,30.47,35.65,64.77,62.78,0,Hubei Istar 3-0 Chengdu Rongcheng II,2026-05-22
Hubei Istar,1.04,1.05,-0.01,0.97,0.29,0.68,0.08,0.0,0.08,1.04,0.29,0.75,,,,,,3,0,3,3.01,43.3,32.91,,,38.57,1.01,0.39,101,11,14,9,13.86,23.08,12.64,3,2,10,4,15,34.5,29.51,55.0,64.35,38.4,37.22,0,Hubei Istar 3-0 Chengdu Rongcheng II,2026-05-22
Guangdong Mingtu,0.4,0.72,-0.32,0.39,0.65,-0.26,0.02,0.08,-0.06,0.4,0.72,-0.32,,,,,,1,1,0,0.32,55.6,56.14,,,41.02,0.35,0.8,139,5,9,11,25.71,13.75,7.2,1,2,19,7,18,61.8,51.67,27.07,28.59,71.17,37.68,3,Wenzhou 1-1 Guangdong Mingtu,2026-05-22
Wenzhou,0.72,0.4,0.32,0.65,0.39,0.26,0.08,0.02,0.06,0.72,0.4,0.32,,,,,,1,1,0,-0.32,44.4,43.86,,,42.14,0.8,0.35,121,13,11,9,13.75,25.71,10.97,2,1,9,2,20,57.8,48.33,67.6,71.41,117.7,62.32,1,Wenzhou 1-1 Guangdong Mingtu,2026-05-22
Shanghai Port II,1.52,1.31,0.21,1.37,1.28,0.09,0.15,0.03,0.12,1.52,1.31,0.21,,,,,,1,0,1,0.79,37.2,35.47,,,44.35,0.45,1.01,112,18,12,18,26.67,17.82,10.55,6,2,14,6,14,68.3,32.85,94.33,88.61,110.17,65.52,3,Shandong Taishan II 0-1 Shanghai Port II,2026-05-22
Shandong Taishan II,1.31,1.52,-0.21,1.28,1.37,-0.09,0.03,0.15,-0.12,1.31,1.52,-0.21,,,,,,0,1,-1,-0.79,62.8,64.53,,,48.17,1.01,0.45,214,16,18,12,17.82,26.67,6.44,2,6,33,8,15,139.6,67.15,12.13,11.39,57.97,34.48,1,Shandong Taishan II 0-1 Shanghai Port II,2026-05-22
Tai'an Tiankuang,0.29,1.44,-1.15,0.17,1.39,-1.22,0.12,0.05,0.07,0.29,1.44,-1.15,,,,,,1,0,1,2.15,49.7,52.04,,,50.61,0.59,0.86,196,7,8,6,13.56,6.98,10.96,3,3,24,4,11,78.7,64.19,42.0,58.33,83.4,76.58,1,Dalian Yingbo II 0-1 Tai'an Tiankuang,2026-05-22
Dalian Yingbo II,1.44,0.29,1.15,1.39,0.17,1.22,0.05,0.12,-0.07,1.44,0.29,1.15,,,,,,0,1,-1,-2.15,50.3,47.96,,,44.93,0.86,0.59,152,10,6,8,6.98,13.56,9.73,3,3,18,5,13,43.9,35.81,30.0,41.67,25.5,23.42,6,Dalian Yingbo II 0-1 Tai'an Tiankuang,2026-05-22
Qingdao Red Lions,0.58,0.61,-0.03,0.27,0.15,0.12,0.31,0.46,-0.15,0.58,0.61,-0.03,,,,,,0,1,-1,-0.97,53.9,46.0,,,41.56,0.26,0.1,114,3,7,5,26.92,50.0,7.55,6,3,18,6,11,33.1,42.38,25.67,33.66,23.53,25.11,2,Lanzhou Longyuan 1-0 Qingdao Red Lions,2026-05-10
Lanzhou Longyuan,0.61,0.58,0.03,0.15,0.27,-0.12,0.46,0.31,0.15,0.61,0.58,0.03,,,,,,1,0,1,0.97,46.1,54.0,,,44.22,0.1,0.26,123,3,5,7,50.0,26.92,12.07,3,6,5,2,17,45.0,57.62,50.6,66.34,70.17,74.89,0,Lanzhou Longyuan 1-0 Qingdao Red Lions,2026-05-10
Hubei Istar,1.24,1.43,-0.19,0.38,1.39,-1.01,0.1,0.04,0.06,0.48,1.43,-0.95,,,,,,2,1,1,1.19,45.1,44.82,,,45.54,0.7,1.23,158,11,9,27,12.86,21.95,19.68,1,6,16,3,15,50.4,28.7,76.07,66.69,62.8,44.5,3,Guangdong Mingtu 1-2 Hubei Istar,2026-05-10
Guangdong Mingtu,1.43,1.24,0.19,1.39,0.38,1.01,0.04,0.1,-0.06,1.43,0.48,0.95,,,,,,1,2,-1,-1.19,54.9,55.18,,,49.02,1.23,0.7,237,16,27,9,21.95,12.86,10.33,6,1,18,5,8,125.2,71.3,38.0,33.31,78.33,55.5,1,Guangdong Mingtu 1-2 Hubei Istar,2026-05-10
Shanghai Second,0.75,0.57,0.18,0.72,0.19,0.53,0.02,0.38,-0.36,0.75,0.57,0.18,,,,,,1,0,1,0.82,45.2,45.08,,,41.91,0.44,0.55,128,9,10,9,22.73,16.36,11.61,1,3,10,4,18,62.4,50.32,33.8,54.81,74.33,55.25,2,Changchun Xidu 0-1 Shanghai Second,2026-05-10
Changchun Xidu,0.57,0.75,-0.18,0.19,0.72,-0.53,0.38,0.02,0.36,0.57,0.75,-0.18,,,,,,0,1,-1,-0.82,54.8,54.92,,,43.33,0.55,0.44,157,13,9,10,16.36,22.73,9.0,3,1,21,5,13,61.6,49.68,27.87,45.19,60.2,44.75,3,Changchun Xidu 0-1 Shanghai Second,2026-05-10
Chengdu Rongcheng II,0.15,1.63,-1.48,0.15,1.53,-1.38,0.0,0.1,-0.1,0.15,1.63,-1.48,,,,,,0,2,-2,-0.52,63.7,58.48,,,47.68,0.45,0.82,261,5,4,10,8.89,12.2,7.62,2,2,8,3,13,82.4,51.44,6.13,5.06,20.93,14.94,3,Xiamen Feilu 2-0 Chengdu Rongcheng II,2026-05-10
Xiamen Feilu,1.63,0.15,1.48,1.53,0.15,1.38,0.1,0.0,0.1,1.63,0.15,1.48,,,,,,2,0,2,0.52,36.3,41.52,,,47.1,0.82,0.45,137,9,10,4,12.2,8.89,15.97,2,2,13,5,10,77.8,48.56,114.93,94.94,119.13,85.06,2,Xiamen Feilu 2-0 Chengdu Rongcheng II,2026-05-10
Dalian Yingbo II,0.42,0.55,-0.13,0.22,0.42,-0.2,0.21,0.13,0.08,0.42,0.55,-0.13,,,,,,0,0,0,0.13,35.8,56.93,,,49.03,0.06,0.58,129,6,9,7,150.0,12.07,11.55,4,6,15,5,17,48.7,52.99,100.13,95.49,116.1,88.42,5,Shanghai Port II 0-0 Dalian Yingbo II,2026-05-10
Shanghai Port II,0.55,0.42,0.13,0.42,0.22,0.2,0.13,0.21,-0.08,0.55,0.42,0.13,,,,,,0,0,0,-0.13,64.2,43.07,,,43.44,0.58,0.06,148,8,7,9,12.07,150.0,4.76,6,4,15,2,15,43.2,47.01,4.73,4.51,15.2,11.58,1,Shanghai Port II 0-0 Dalian Yingbo II,2026-05-10
Wenzhou,0.09,1.16,-1.07,0.04,0.88,-0.84,0.05,0.27,-0.22,0.09,1.16,-1.07,,,,,,1,3,-2,-0.93,57.4,56.51,,,51.26,0.24,0.53,218,7,4,11,16.67,20.75,6.83,2,2,14,3,21,56.2,44.39,29.13,31.19,40.13,29.15,1,Jiangxi Lushan 3-1 Wenzhou,2026-05-09
Jiangxi Lushan,1.16,0.09,1.07,0.88,0.04,0.84,0.27,0.05,0.22,1.16,0.09,1.07,,,,,,3,1,2,0.93,42.6,43.49,,,48.98,0.53,0.24,135,9,11,4,20.75,16.67,8.45,2,2,10,1,16,70.4,55.61,64.27,68.81,97.53,70.85,1,Jiangxi Lushan 3-1 Wenzhou,2026-05-09
Guangzhou Dandelion,0.46,2.36,-1.9,0.46,2.2,-1.74,0.0,0.16,-0.16,0.46,2.36,-1.9,,,,,,0,0,0,1.9,57.5,55.32,,,49.56,0.73,0.63,250,11,7,18,9.59,28.57,10.25,6,1,16,2,10,80.4,42.72,9.33,9.2,32.6,18.59,1,Wuhan Three Towns II 0-0 Guangzhou Dandelion,2026-05-09
Wuhan Three Towns II,2.36,0.46,1.9,2.2,0.46,1.74,0.16,0.0,0.16,2.36,0.46,1.9,,,,,,0,0,0,-1.9,42.5,44.68,,,49.88,0.63,0.73,176,14,18,7,28.57,9.59,18.5,1,6,21,4,13,107.8,57.28,92.07,90.8,142.73,81.41,1,Wuhan Three Towns II 0-0 Guangzhou Dandelion,2026-05-09
Ganzhou Ruishi,0.4,0.76,-0.36,0.4,0.68,-0.28,0.0,0.09,-0.09,0.4,0.76,-0.36,,,,,,1,0,1,1.36,34.3,35.43,,,39.66,0.19,0.42,79,6,5,13,26.32,30.95,10.03,4,2,14,1,20,23.4,18.53,86.27,94.45,71.17,59.19,0,Hangzhou Linping Wuyue 0-1 Ganzhou Ruishi,2026-05-09
Hangzhou Linping Wuyue,0.76,0.4,0.36,0.68,0.4,0.28,0.09,0.0,0.09,0.76,0.4,0.36,,,,,,0,1,-1,-1.36,65.7,64.57,,,45.78,0.42,0.19,197,7,13,5,30.95,26.32,5.68,2,4,26,8,13,102.9,81.47,5.07,5.55,49.07,40.81,1,Hangzhou Linping Wuyue 0-1 Ganzhou Ruishi,2026-05-09
Guizhou Guiyang,0.55,2.55,-2.0,0.48,2.48,-2.0,0.07,0.08,-0.01,0.55,2.55,-2.0,,,,,,1,2,-1,1.0,56.5,55.83,,,47.95,0.57,0.9,212,8,16,8,28.07,8.89,8.66,6,5,25,6,18,87.0,61.97,28.2,34.99,78.13,45.3,0,Shenzhen 2028 2-1 Guizhou Guiyang,2026-05-09
Shenzhen 2028,2.55,0.55,2.0,2.48,0.48,2.0,0.08,0.07,0.01,2.55,0.55,2.0,,,,,,2,1,1,-1.0,43.5,44.17,,,44.83,0.9,0.57,129,10,8,16,8.89,28.07,10.42,5,6,10,3,17,53.4,38.03,52.4,65.01,94.33,54.7,0,Shenzhen 2028 2-1 Guizhou Guiyang,2026-05-09
Haimen Codion,0.86,1.24,-0.38,0.86,0.95,-0.09,0.0,0.3,-0.3,0.86,1.24,-0.38,,,,,,1,2,-1,-0.62,57.2,48.76,,,47.26,0.76,0.41,166,9,7,11,9.21,26.83,5.11,4,5,16,1,19,67.0,47.79,12.47,15.41,37.97,26.56,1,Tai'an Tiankuang 2-1 Haimen Codion,2026-05-09
Tai'an Tiankuang,1.24,0.86,0.38,0.95,0.86,0.09,0.3,0.0,0.3,1.24,0.86,0.38,,,,,,2,1,1,0.62,42.8,51.24,,,50.08,0.41,0.76,166,13,11,7,26.83,9.21,8.21,5,4,11,2,16,73.2,52.21,68.47,84.59,104.97,73.44,1,Tai'an Tiankuang 2-1 Haimen Codion,2026-05-09
Shandong Taishan II,1.55,1.58,-0.03,1.55,1.37,0.18,0.0,0.21,-0.21,1.55,1.58,-0.03,,,,,,1,2,-1,-0.97,65.6,58.27,,,45.1,0.88,0.34,192,14,10,13,11.36,38.24,3.69,4,4,19,5,22,75.2,62.0,0.67,0.54,10.83,6.51,1,Dalian Kewei 2-1 Shandong Taishan II,2026-05-09
Dalian Kewei,1.58,1.55,0.03,1.37,1.55,-0.18,0.21,0.0,0.21,1.58,1.55,0.03,,,,,,2,1,1,0.97,34.4,41.73,,,46.56,0.34,0.88,111,7,13,10,38.24,11.36,7.67,4,4,13,4,30,46.1,38.0,123.47,99.46,155.53,93.49,2,Dalian Kewei 2-1 Shandong Taishan II,2026-05-09
Guizhou Guiyang,0.76,0.36,0.4,0.74,0.21,0.53,0.01,0.15,-0.14,0.76,0.36,0.4,,,,,,1,0,1,0.6,66.9,68.73,,,48.26,0.61,0.46,265,7,14,7,22.95,15.22,6.35,2,3,19,2,18,127.0,83.99,8.0,8.03,84.1,56.56,0,Ganzhou Ruishi 0-1 Guizhou Guiyang,2026-05-05
Ganzhou Ruishi,0.36,0.76,-0.4,0.21,0.74,-0.53,0.15,0.01,0.14,0.36,0.76,-0.4,,,,,,0,1,-1,-0.6,33.1,31.27,,,37.5,0.46,0.61,84,5,7,14,15.22,22.95,13.56,3,2,8,4,15,24.2,16.01,91.6,91.97,64.6,43.44,1,Ganzhou Ruishi 0-1 Guizhou Guiyang,2026-05-05
Guangzhou Dandelion,0.97,0.76,0.21,0.92,0.68,0.24,0.05,0.08,-0.03,0.97,0.76,0.21,,,,,,0,0,0,-0.21,51.5,60.66,,,48.27,0.73,0.5,180,13,11,12,15.07,24.0,7.25,5,1,22,5,19,95.3,74.75,29.6,56.14,108.5,73.59,1,Wenzhou 0-0 Guangzhou Dandelion,2026-05-05
Wenzhou,0.76,0.97,-0.21,0.68,0.92,-0.24,0.08,0.05,0.03,0.76,0.97,-0.21,,,,,,0,0,0,0.21,48.5,39.34,,,42.23,0.5,0.73,144,6,12,11,24.0,15.07,8.71,1,5,20,4,19,32.2,25.25,23.13,43.86,38.93,26.41,1,Wenzhou 0-0 Guangzhou Dandelion,2026-05-05
Jiangxi Lushan,0.92,1.1,-0.18,0.64,1.02,-0.38,0.28,0.08,0.2,0.92,1.1,-0.18,,,,,,2,0,2,2.18,45.3,31.75,,,43.31,0.33,1.05,139,7,10,13,30.3,12.38,12.85,4,1,10,4,14,36.4,22.95,39.67,63.43,64.93,58.46,0,Shenzhen 2028 0-2 Jiangxi Lushan,2026-05-05
Shenzhen 2028,1.1,0.92,0.18,1.02,0.64,0.38,0.08,0.28,-0.2,1.1,0.92,0.18,,,,,,0,2,-2,-2.18,54.7,68.25,,,52.45,1.05,0.33,260,16,13,10,12.38,30.3,10.81,1,4,34,8,13,122.2,77.05,22.87,36.57,46.13,41.54,0,Shenzhen 2028 0-2 Jiangxi Lushan,2026-05-05
Shandong Taishan II,1.07,0.6,0.47,1.07,0.6,0.47,0.0,0.0,0.0,1.07,0.6,0.47,,,,,,1,1,0,-0.47,63.1,56.8,,,47.98,1.2,0.24,183,16,11,6,9.17,25.0,5.03,6,3,20,5,18,109.3,82.0,3.13,3.62,61.13,51.76,2,Changchun Xidu 1-1 Shandong Taishan II,2026-05-05
Changchun Xidu,0.6,1.07,-0.47,0.6,1.07,-0.47,0.0,0.0,0.0,0.6,1.07,-0.47,,,,,,1,1,0,0.47,36.9,43.2,,,41.56,0.24,1.2,89,5,6,11,25.0,9.17,8.05,3,6,11,3,19,24.0,18.0,83.27,96.38,56.97,48.24,0,Changchun Xidu 1-1 Shandong Taishan II,2026-05-05
Dalian Kewei,1.69,0.7,0.99,0.84,0.61,0.23,0.1,0.09,0.01,0.93,0.7,0.23,,,,,,0,0,0,-0.99,55.7,50.64,,,46.37,0.26,0.23,152,7,6,6,23.08,26.09,9.43,6,5,18,5,10,57.8,58.15,15.53,27.51,47.27,45.57,0,Dalian Yingbo II 0-0 Dalian Kewei,2026-05-05
Dalian Yingbo II,0.7,1.69,-0.99,0.61,0.84,-0.23,0.09,0.1,-0.01,0.7,0.93,-0.23,,,,,,0,0,0,0.99,44.3,49.36,,,40.99,0.23,0.26,113,8,6,6,26.09,23.08,12.46,5,6,12,5,13,41.6,41.85,40.93,72.49,56.47,54.43,7,Dalian Yingbo II 0-0 Dalian Kewei,2026-05-05
Guangdong Mingtu,0.49,0.4,0.09,0.49,0.35,0.14,0.0,0.05,-0.05,0.49,0.4,0.09,,,,,,1,1,0,-0.09,42.8,40.23,,,41.09,0.41,0.51,114,6,7,8,17.07,15.69,11.14,5,3,14,3,18,56.1,36.15,70.53,66.16,84.4,52.64,1,Chengdu Rongcheng II 1-1 Guangdong Mingtu,2026-05-04
Chengdu Rongcheng II,0.4,0.49,-0.09,0.35,0.49,-0.14,0.05,0.0,0.05,0.4,0.49,-0.09,,,,,,1,1,0,0.09,57.2,59.77,,,44.51,0.51,0.41,187,11,8,7,15.69,17.07,8.88,3,5,22,6,15,99.1,63.85,36.07,33.84,75.93,47.36,4,Chengdu Rongcheng II 1-1 Guangdong Mingtu,2026-05-04
Hubei Istar,0.05,0.68,-0.63,0.05,0.43,-0.38,0.0,0.25,-0.25,0.05,0.68,-0.63,,,,,,0,0,0,0.63,58.5,51.67,,,44.88,0.47,0.2,240,5,2,10,4.26,50.0,11.1,2,2,14,2,13,65.5,41.83,39.93,34.29,36.07,26.85,3,Wuhan Three Towns II 0-0 Hubei Istar,2026-05-04
Wuhan Three Towns II,0.68,0.05,0.63,0.43,0.05,0.38,0.25,0.0,0.25,0.68,0.05,0.63,,,,,,0,0,0,-0.63,41.5,48.33,,,46.58,0.2,0.47,182,9,10,2,50.0,4.26,14.71,2,2,11,2,13,91.1,58.17,76.53,65.71,98.27,73.15,2,Wuhan Three Towns II 0-0 Hubei Istar,2026-05-04
Xiamen Feilu,0.93,0.39,0.54,0.63,0.37,0.26,0.31,0.02,0.29,0.93,0.39,0.54,,,,,,2,2,0,-0.54,52.0,51.38,,,43.01,0.4,0.24,140,9,12,8,30.0,33.33,8.06,4,4,14,4,22,59.2,57.98,42.07,50.72,75.4,55.12,1,Hangzhou Linping Wuyue 2-2 Xiamen Feilu,2026-05-04
Hangzhou Linping Wuyue,0.39,0.93,-0.54,0.37,0.63,-0.26,0.02,0.31,-0.29,0.39,0.93,-0.54,,,,,,2,2,0,0.54,48.0,48.62,,,46.29,0.24,0.4,158,8,8,12,33.33,30.0,10.06,4,4,18,5,12,42.9,42.02,40.87,49.28,61.4,44.88,1,Hangzhou Linping Wuyue 2-2 Xiamen Feilu,2026-05-04
Shanxi Chongde Ronghai,0.76,2.03,-1.27,0.76,0.72,0.04,0.0,1.31,-1.31,0.76,2.03,-1.27,,,,,,1,1,0,1.27,37.4,37.41,,,43.25,0.43,1.0,98,6,11,14,25.58,14.0,12.26,4,2,10,4,14,37.8,25.51,90.53,94.44,81.27,58.92,0,Haimen Codion 1-1 Shanxi Chongde Ronghai,2026-05-04
Haimen Codion,2.03,0.76,1.27,0.72,0.76,-0.04,1.31,0.0,1.31,2.03,0.76,1.27,,,,,,1,1,0,-1.27,62.6,62.59,,,49.17,1.0,0.43,235,9,14,11,14.0,25.58,6.66,2,4,24,4,16,110.4,74.49,5.33,5.56,56.67,41.08,0,Haimen Codion 1-1 Shanxi Chongde Ronghai,2026-05-04
Qingdao Red Lions,0.82,0.2,0.62,0.52,0.2,0.32,0.31,0.0,0.31,0.82,0.2,0.62,,,,,,1,1,0,-0.62,72.9,68.77,,,49.43,0.74,0.26,305,11,15,4,20.27,15.38,7.26,2,3,21,7,12,134.2,94.51,0.93,0.66,69.87,46.86,1,Beijing BIT 1-1 Qingdao Red Lions,2026-05-04
Beijing BIT,0.2,0.82,-0.62,0.2,0.52,-0.32,0.0,0.31,-0.31,0.2,0.82,-0.62,,,,,,1,1,0,0.62,27.1,31.23,,,41.56,0.26,0.74,74,5,4,15,15.38,20.27,15.88,3,2,8,2,19,7.8,5.49,139.2,99.34,79.23,53.14,2,Beijing BIT 1-1 Qingdao Red Lions,2026-05-04
Shanghai Port II,1.17,2.96,-1.79,0.35,2.82,-2.47,0.06,0.14,-0.08,0.41,2.96,-2.55,,,,,,1,0,1,2.79,37.3,18.99,,,37.34,0.27,1.14,72,5,7,31,25.93,27.19,8.66,0,4,4,1,22,7.3,2.47,65.53,74.53,17.33,8.57,5,Tai'an Tiankuang 0-1 Shanghai Port II,2026-05-04
Tai'an Tiankuang,2.96,1.17,1.79,2.82,0.35,2.47,0.14,0.06,0.08,2.96,0.41,2.55,,,,,,0,1,-1,-2.79,62.7,81.01,,,58.92,1.14,0.27,300,31,31,7,27.19,25.93,6.28,4,0,35,5,13,288.0,97.53,22.4,25.47,184.9,91.43,1,Tai'an Tiankuang 0-1 Shanghai Port II,2026-05-04
Lanzhou Longyuan,1.22,0.72,0.5,1.19,0.7,0.49,0.03,0.02,0.01,1.22,0.72,0.5,,,,,,1,2,-1,-1.5,47.3,49.84,,,44.45,0.5,0.47,165,5,12,10,24.0,21.28,11.38,4,3,13,3,18,88.8,46.71,69.93,63.61,79.37,48.56,0,Shanghai Second 2-1 Lanzhou Longyuan,2026-05-04
Shanghai Second,0.72,1.22,-0.5,0.7,1.19,-0.49,0.02,0.03,-0.01,0.72,1.22,-0.5,,,,,,2,1,1,1.5,52.7,50.16,,,43.76,0.47,0.5,183,5,10,12,21.28,24.0,11.34,3,4,15,3,13,101.3,53.29,40.0,36.39,84.07,51.44,0,Shanghai Second 2-1 Lanzhou Longyuan,2026-05-04
Haimen Codion,0.92,0.63,0.29,0.89,0.57,0.32,0.02,0.06,-0.04,0.92,0.63,0.29,,,,,,0,0,0,-0.29,56.7,57.81,,,48.35,0.54,0.3,182,9,7,13,12.96,43.33,8.75,1,0,29,11,16,86.9,55.78,43.13,44.77,65.63,53.21,3,Lanzhou Longyuan 0-0 Haimen Codion,2026-04-30
Lanzhou Longyuan,0.63,0.92,-0.29,0.57,0.89,-0.32,0.06,0.02,0.04,0.63,0.92,-0.29,,,,,,0,0,0,0.29,43.3,42.19,,,42.91,0.3,0.54,101,6,13,7,43.33,12.96,14.19,0,1,13,4,10,68.9,44.22,53.2,55.23,57.7,46.79,0,Lanzhou Longyuan 0-0 Haimen Codion,2026-04-30
Jiangxi Lushan,0.44,0.52,-0.08,0.44,0.47,-0.03,0.0,0.06,-0.06,0.44,0.52,-0.08,,,,,,0,0,0,0.08,45.3,49.66,,,45.92,0.6,0.74,164,7,5,6,8.33,8.11,10.07,4,1,23,5,20,58.7,42.69,75.27,79.23,92.93,61.78,1,Guangdong Mingtu 0-0 Jiangxi Lushan,2026-04-30
Guangdong Mingtu,0.52,0.44,0.08,0.47,0.44,0.03,0.06,0.0,0.06,0.52,0.44,0.08,,,,,,0,0,0,-0.08,54.7,50.34,,,41.4,0.74,0.6,150,7,6,5,8.11,8.33,7.67,1,4,15,1,22,78.8,57.31,19.73,20.77,57.5,38.22,1,Guangdong Mingtu 0-0 Jiangxi Lushan,2026-04-30
Tai'an Tiankuang,1.27,1.46,-0.19,1.11,0.2,0.91,0.16,1.26,-1.1,1.27,1.46,-0.19,,,,,,1,1,0,0.19,49.4,57.56,,,52.06,0.79,0.37,196,24,11,8,13.92,21.62,7.29,3,1,21,3,15,104.3,63.37,58.73,66.84,109.43,71.64,6,Qingdao Red Lions 1-1 Tai'an Tiankuang,2026-04-30
Qingdao Red Lions,1.46,1.27,0.19,0.2,1.11,-0.91,1.26,0.16,1.1,1.46,1.27,0.19,,,,,,1,1,0,-0.19,50.6,42.44,,,46.61,0.37,0.79,179,7,8,11,21.62,13.92,8.06,1,3,15,6,22,60.3,36.63,29.13,33.16,43.33,28.36,1,Qingdao Red Lions 1-1 Tai'an Tiankuang,2026-04-30
Changchun Xidu,0.56,1.14,-0.58,0.53,0.95,-0.42,0.03,0.18,-0.15,0.56,1.14,-0.58,,,,,,1,2,-1,-0.42,49.1,49.23,,,46.12,0.54,0.75,155,9,10,16,18.52,21.33,7.81,3,6,14,2,17,54.6,34.54,44.07,59.18,51.87,33.21,5,Shanghai Port II 2-1 Changchun Xidu,2026-04-30
Shanghai Port II,1.14,0.56,0.58,0.95,0.53,0.42,0.18,0.03,0.15,1.14,0.56,0.58,,,,,,2,1,1,0.42,50.9,50.77,,,46.42,0.75,0.54,155,16,16,10,21.33,18.52,7.12,6,3,20,5,18,103.5,65.46,30.4,40.82,104.3,66.79,1,Shanghai Port II 2-1 Changchun Xidu,2026-04-30
Beijing BIT,0.35,1.03,-0.68,0.11,0.92,-0.81,0.24,0.11,0.13,0.35,1.03,-0.68,,,,,,0,0,0,0.68,28.0,18.94,,,38.71,0.23,1.49,66,6,5,15,21.74,10.07,16.77,4,1,10,6,11,13.5,4.99,153.07,97.16,43.8,23.96,2,Dalian Kewei 0-0 Beijing BIT,2026-04-30
Dalian Kewei,1.03,0.35,0.68,0.92,0.11,0.81,0.11,0.24,-0.13,1.03,0.35,0.68,,,,,,0,0,0,-0.68,72.0,81.06,,,54.65,1.49,0.23,394,30,15,5,10.07,21.74,8.48,1,4,39,9,12,257.3,95.01,4.47,2.84,139.0,76.04,2,Dalian Kewei 0-0 Beijing BIT,2026-04-30
Hangzhou Linping Wuyue,1.37,0.98,0.39,1.13,0.22,0.91,0.25,0.0,0.25,1.37,0.22,1.15,,,,,,1,1,0,-0.39,48.9,65.61,,,48.84,0.84,0.46,199,13,21,6,25.0,13.04,10.95,6,3,20,8,12,156.8,82.57,85.4,73.16,181.77,88.12,0,Chengdu Rongcheng II 1-1 Hangzhou Linping Wuyue,2026-04-29
Chengdu Rongcheng II,0.98,1.37,-0.39,0.22,1.13,-0.91,0.0,0.25,-0.25,0.22,1.37,-1.15,,,,,,1,1,0,0.39,51.1,34.39,,,39.59,0.46,0.84,122,6,6,21,13.04,25.0,10.86,3,6,6,0,15,33.1,17.43,31.33,26.84,24.5,11.88,1,Chengdu Rongcheng II 1-1 Hangzhou Linping Wuyue,2026-04-29
Wuhan Three Towns II,0.95,1.64,-0.69,0.89,1.14,-0.25,0.05,0.5,-0.45,0.95,1.64,-0.69,,,,,,1,3,-2,-1.31,50.8,44.03,,,43.34,0.55,0.71,145,11,8,16,14.55,22.54,9.71,3,3,12,1,16,43.8,29.4,32.07,39.92,37.07,21.48,1,Guizhou Guiyang 3-1 Wuhan Three Towns II,2026-04-29
Guizhou Guiyang,1.64,0.95,0.69,1.14,0.89,0.25,0.5,0.05,0.45,1.64,0.95,0.69,,,,,,3,1,2,1.31,49.2,55.97,,,45.99,0.71,0.55,171,8,16,8,22.54,14.55,9.66,3,3,22,4,17,105.2,70.6,48.27,60.08,135.47,78.52,0,Guizhou Guiyang 3-1 Wuhan Three Towns II,2026-04-29
Xiamen Feilu,0.08,1.11,-1.03,0.08,1.03,-0.95,0.0,0.08,-0.08,0.08,1.11,-1.03,,,,,,1,2,-1,0.03,51.3,52.85,,,46.66,0.47,0.49,162,4,2,10,4.26,20.41,6.76,3,4,12,2,25,52.6,38.96,45.0,52.01,49.83,45.97,0,Ganzhou Ruishi 2-1 Xiamen Feilu,2026-04-29
Ganzhou Ruishi,1.11,0.08,1.03,1.03,0.08,0.95,0.08,0.0,0.08,1.11,0.08,1.03,,,,,,2,1,1,-0.03,48.7,47.15,,,43.08,0.49,0.47,129,9,10,2,20.41,4.26,6.0,4,3,14,2,18,82.4,61.04,41.53,47.99,58.57,54.03,7,Ganzhou Ruishi 2-1 Xiamen Feilu,2026-04-29
Shanghai Second,1.3,0.76,0.54,0.54,0.49,0.05,0.0,0.27,-0.27,0.54,0.76,-0.22,,,,,,1,2,-1,-1.54,35.3,30.74,,,42.23,0.34,0.46,98,7,4,12,11.76,26.09,13.83,3,11,11,2,15,16.7,11.85,89.87,90.29,45.87,36.08,1,Shandong Taishan II 2-1 Shanghai Second,2026-04-29
Shandong Taishan II,0.76,1.3,-0.54,0.49,0.54,-0.05,0.27,0.0,0.27,0.76,0.54,0.22,,,,,,2,1,1,1.54,64.7,69.26,,,50.76,0.46,0.34,299,17,12,4,26.09,11.76,5.1,11,3,25,8,17,124.2,88.15,9.67,9.71,81.27,63.92,1,Shandong Taishan II 2-1 Shanghai Second,2026-04-29
Wenzhou,0.35,2.05,-1.7,0.35,1.73,-1.38,0.0,0.32,-0.32,0.35,2.05,-1.7,,,,,,1,1,0,1.7,43.3,41.06,,,44.67,0.33,1.5,161,6,9,17,27.27,11.33,14.72,6,5,18,2,14,40.7,21.1,106.53,86.33,85.4,62.64,2,Hubei Istar 1-1 Wenzhou,2026-04-29
Hubei Istar,2.05,0.35,1.7,1.73,0.35,1.38,0.32,0.0,0.32,2.05,0.35,1.7,,,,,,1,1,0,-1.7,56.7,58.94,,,48.92,1.5,0.33,273,19,17,9,11.33,27.27,14.04,5,6,24,8,11,152.2,78.9,16.87,13.67,50.93,37.36,1,Hubei Istar 1-1 Wenzhou,2026-04-29
Shenzhen 2028,1.28,0.92,0.36,1.08,0.9,0.18,0.2,0.02,0.18,1.28,0.92,0.36,,,,,,2,1,1,0.64,50.5,47.46,,,44.89,0.5,0.49,181,8,6,10,12.0,20.41,11.86,3,1,12,3,8,64.3,49.69,32.0,44.24,64.6,49.64,0,Guangzhou Dandelion 1-2 Shenzhen 2028,2026-04-29
Guangzhou Dandelion,0.92,1.28,-0.36,0.9,1.08,-0.18,0.02,0.2,-0.18,0.92,1.28,-0.36,,,,,,1,2,-1,-0.64,49.5,52.54,,,44.64,0.49,0.5,157,7,10,6,20.41,12.0,10.29,1,3,16,7,17,65.1,50.31,40.33,55.76,65.53,50.36,1,Guangzhou Dandelion 1-2 Shenzhen 2028,2026-04-29
Dalian Yingbo II,0.06,2.11,-2.05,0.06,1.58,-1.52,0.0,0.53,-0.53,0.06,2.11,-2.05,,,,,,0,2,-2,0.05,52.1,44.72,,,45.81,0.44,0.68,159,4,3,16,6.82,23.53,8.73,3,3,19,6,11,23.8,19.56,9.53,18.17,10.9,5.98,2,Shanxi Chongde Ronghai 2-0 Dalian Yingbo II,2026-04-29
Shanxi Chongde Ronghai,2.11,0.06,2.05,1.58,0.06,1.52,0.53,0.0,0.53,2.11,0.06,2.05,,,,,,2,0,2,-0.05,47.9,55.28,,,45.29,0.68,0.44,136,12,16,3,23.53,6.82,10.33,3,3,24,9,13,97.9,80.44,42.93,81.83,171.47,94.02,0,Shanxi Chongde Ronghai 2-0 Dalian Yingbo II,2026-04-29
Wenzhou,0.91,2.13,-1.22,0.73,1.3,-0.57,0.17,0.07,0.1,0.91,1.37,-0.46,,,,,,0,1,-1,0.22,51.7,41.8,,,42.96,0.87,0.9,130,8,10,16,11.49,17.78,9.33,5,3,11,4,11,43.2,29.27,30.13,43.97,41.0,26.24,4,Guizhou Guiyang 1-0 Wenzhou,2026-04-25
Guizhou Guiyang,2.13,0.91,1.22,1.3,0.73,0.57,0.07,0.17,-0.1,1.37,0.91,0.46,,,,,,1,0,1,-0.22,48.3,58.2,,,48.27,0.9,0.87,160,13,16,10,17.78,11.49,8.31,3,5,18,7,18,104.4,70.73,38.4,56.03,115.27,73.76,0,Guizhou Guiyang 1-0 Wenzhou,2026-04-25
Beijing BIT,0.17,1.73,-1.56,0.04,1.24,-1.2,0.13,0.49,-0.36,0.17,1.73,-1.56,,,,,,2,2,0,1.56,27.8,27.19,,,41.57,0.06,1.44,76,4,4,15,66.67,10.42,22.78,1,3,6,1,14,12.8,5.69,132.27,99.7,68.7,63.42,0,Haimen Codion 2-2 Beijing BIT,2026-04-25
Haimen Codion,1.73,0.17,1.56,1.24,0.04,1.2,0.49,0.13,0.36,1.73,0.17,1.56,,,,,,2,2,0,-1.56,72.2,72.81,,,52.8,1.44,0.06,343,21,15,4,10.42,66.67,7.62,3,1,42,8,9,212.1,94.31,0.4,0.3,39.63,36.58,0,Haimen Codion 2-2 Beijing BIT,2026-04-25
Wuhan Three Towns II,0.7,1.79,-1.09,0.63,1.73,-1.1,0.08,0.06,0.02,0.7,1.79,-1.09,,,,,,1,2,-1,0.09,45.7,48.99,,,48.52,0.51,0.9,206,10,6,11,11.76,12.22,15.46,1,1,17,6,13,69.4,40.37,79.47,61.38,55.77,39.69,3,Xiamen Feilu 2-1 Wuhan Three Towns II,2026-04-25
Xiamen Feilu,1.79,0.7,1.09,1.73,0.63,1.1,0.06,0.08,-0.02,1.79,0.7,1.09,,,,,,2,1,1,-0.09,54.3,51.01,,,44.63,0.9,0.51,188,10,11,6,12.22,11.76,12.48,1,1,21,6,10,102.5,59.63,50.0,38.62,84.73,60.31,0,Xiamen Feilu 2-1 Wuhan Three Towns II,2026-04-25
Guangdong Mingtu,1.07,1.91,-0.84,1.03,1.78,-0.75,0.04,0.13,-0.09,1.07,1.91,-0.84,,,,,,1,3,-2,-1.16,48.4,48.86,,,43.02,0.35,0.77,143,4,10,11,28.57,14.29,12.23,0,2,19,2,13,62.4,43.0,45.0,57.45,66.5,40.68,0,Shenzhen 2028 3-1 Guangdong Mingtu,2026-04-25
Shenzhen 2028,1.91,1.07,0.84,1.78,1.03,0.75,0.13,0.04,0.09,1.91,1.07,0.84,,,,,,3,1,2,1.16,51.6,51.14,,,44.3,0.77,0.35,173,10,11,10,14.29,28.57,9.64,2,0,19,5,15,82.7,57.0,33.33,42.55,96.97,59.32,0,Shenzhen 2028 3-1 Guangdong Mingtu,2026-04-25
Lanzhou Longyuan,0.24,0.78,-0.54,0.24,0.75,-0.51,0.0,0.03,-0.03,0.24,0.78,-0.54,,,,,,0,0,0,0.54,60.1,47.75,,,45.7,0.44,0.49,177,6,4,17,9.09,34.69,6.23,3,6,11,5,17,34.6,24.33,11.67,11.04,3.97,2.43,2,Tai'an Tiankuang 0-0 Lanzhou Longyuan,2026-04-25
Tai'an Tiankuang,0.78,0.24,0.54,0.75,0.24,0.51,0.03,0.0,0.03,0.78,0.24,0.54,,,,,,0,0,0,-0.54,39.9,52.25,,,52.32,0.49,0.44,146,19,17,4,34.69,9.09,9.03,6,3,27,7,16,107.6,75.67,94.07,88.96,159.37,97.57,3,Tai'an Tiankuang 0-0 Lanzhou Longyuan,2026-04-25
Hubei Istar,0.46,0.86,-0.4,0.46,0.78,-0.32,0.0,0.08,-0.08,0.46,0.86,-0.4,,,,,,1,0,1,1.4,31.5,28.09,,,45.52,0.29,0.67,90,8,4,15,13.79,22.39,11.81,2,5,7,2,18,3.9,2.2,62.6,80.18,17.23,17.36,1,Jiangxi Lushan 0-1 Hubei Istar,2026-04-25
Jiangxi Lushan,0.86,0.46,0.4,0.78,0.46,0.32,0.08,0.0,0.08,0.86,0.46,0.4,,,,,,0,1,-1,-1.4,68.5,71.91,,,54.23,0.67,0.29,271,19,15,4,22.39,13.79,6.17,5,2,34,12,10,173.6,97.8,15.47,19.82,82.0,82.64,1,Jiangxi Lushan 0-1 Hubei Istar,2026-04-25
Ganzhou Ruishi,0.24,0.35,-0.11,0.18,0.3,-0.12,0.06,0.05,0.01,0.24,0.35,-0.11,,,,,,0,0,0,0.11,21.6,32.94,,,46.84,0.14,0.73,71,7,7,7,50.0,9.59,17.66,2,0,13,4,15,22.6,16.84,162.33,98.3,98.57,77.86,2,Chengdu Rongcheng II 0-0 Ganzhou Ruishi,2026-04-24
Chengdu Rongcheng II,0.35,0.24,0.11,0.3,0.18,0.12,0.05,0.06,-0.01,0.35,0.24,0.11,,,,,,0,0,0,-0.11,78.4,67.06,,,48.9,0.73,0.14,281,10,7,7,9.59,50.0,4.63,0,2,18,4,15,111.6,83.16,2.8,1.7,28.03,22.14,1,Chengdu Rongcheng II 0-0 Ganzhou Ruishi,2026-04-24
Guangzhou Dandelion,2.95,1.51,1.44,2.11,0.71,1.4,0.08,0.04,0.04,2.19,0.75,1.44,,,,,,3,2,1,-0.44,59.9,62.98,,,49.93,0.75,0.27,239,6,19,6,25.33,22.22,7.71,5,2,14,4,12,161.8,84.27,27.47,30.01,114.4,76.85,0,Hangzhou Linping Wuyue 2-3 Guangzhou Dandelion,2026-04-24
Hangzhou Linping Wuyue,1.51,2.95,-1.44,0.71,2.11,-1.4,0.04,0.08,-0.04,0.75,2.19,-1.44,,,,,,2,3,-1,0.44,40.1,37.02,,,43.86,0.27,0.75,121,5,6,19,22.22,25.33,12.93,2,5,16,6,17,30.2,15.73,64.07,69.99,34.47,23.15,1,Hangzhou Linping Wuyue 2-3 Guangzhou Dandelion,2026-04-24
Qingdao Red Lions,0.32,1.59,-1.27,0.13,1.59,-1.46,0.19,0.0,0.19,0.32,1.59,-1.27,,,,,,0,1,-1,0.27,29.4,30.98,,,42.62,0.14,0.97,91,5,8,13,57.14,13.4,15.09,6,4,16,5,12,18.8,10.77,142.53,97.09,51.0,39.53,0,Shandong Taishan II 1-0 Qingdao Red Lions,2026-04-24
Shandong Taishan II,1.59,0.32,1.27,1.59,0.13,1.46,0.0,0.19,-0.19,1.59,0.32,1.27,,,,,,1,0,1,-0.27,70.6,69.02,,,49.15,0.97,0.14,289,12,13,8,13.4,57.14,6.97,4,6,17,5,17,155.7,89.23,4.27,2.91,78.03,60.47,0,Shandong Taishan II 1-0 Qingdao Red Lions,2026-04-24
Dalian Kewei,0.34,0.55,-0.21,0.32,0.55,-0.23,0.02,0.0,0.02,0.34,0.55,-0.21,,,,,,1,1,0,0.21,55.2,65.25,,,49.78,0.65,0.54,236,8,9,7,13.85,12.96,10.79,4,4,21,6,20,109.8,70.47,52.0,48.51,108.13,69.47,2,Shanghai Second 1-1 Dalian Kewei,2026-04-24
Shanghai Second,0.55,0.34,0.21,0.55,0.32,0.23,0.0,0.02,-0.02,0.55,0.34,0.21,,,,,,1,1,0,-0.21,44.8,34.75,,,40.11,0.54,0.65,122,7,7,9,12.96,13.85,14.11,4,4,8,0,13,46.0,29.53,55.2,51.49,47.53,30.53,2,Shanghai Second 1-1 Dalian Kewei,2026-04-24
Changchun Xidu,0.65,1.06,-0.41,0.65,0.62,0.03,0.0,0.44,-0.44,0.65,1.06,-0.41,,,,,,2,2,0,0.41,39.4,41.42,,,37.54,0.34,0.58,85,6,7,12,20.59,20.69,12.71,1,3,9,0,16,29.6,21.36,73.47,73.47,35.0,26.1,4,Dalian Yingbo II 2-2 Changchun Xidu,2026-04-24
Dalian Yingbo II,1.06,0.65,0.41,0.62,0.65,-0.03,0.44,0.0,0.44,1.06,0.65,0.41,,,,,,2,2,0,-0.41,60.6,58.58,,,46.65,0.58,0.34,216,10,12,7,20.69,20.59,7.3,3,1,17,6,14,109.0,78.64,26.53,26.53,99.1,73.9,1,Dalian Yingbo II 2-2 Changchun Xidu,2026-04-24
Chengdu Rongcheng II,0.68,0.71,-0.03,0.68,0.71,-0.03,0.0,0.0,0.0,0.68,0.71,-0.03,,,,,,1,0,1,1.03,57.0,49.8,,,41.41,0.29,0.68,150,8,11,10,37.93,14.71,9.61,3,6,7,0,15,77.9,51.08,29.4,24.61,45.87,32.12,1,Wuhan Three Towns II 0-1 Chengdu Rongcheng II,2026-04-15
Wuhan Three Towns II,0.71,0.68,0.03,0.71,0.68,0.03,0.0,0.0,0.0,0.71,0.68,0.03,,,,,,0,1,-1,-1.03,43.0,50.2,,,47.12,0.68,0.29,174,14,10,11,14.71,37.93,11.61,6,3,12,4,11,74.6,48.92,90.07,75.39,96.93,67.88,1,Wuhan Three Towns II 0-1 Chengdu Rongcheng II,2026-04-15
Shandong Taishan II,1.22,0.86,0.36,1.21,0.64,0.57,0.01,0.22,-0.21,1.22,0.86,0.36,,,,,,3,0,3,2.64,44.5,32.0,,,40.77,0.41,0.3,115,3,11,15,26.83,50.0,10.73,1,7,4,1,15,34.0,24.43,36.0,45.07,56.3,51.48,0,Lanzhou Longyuan 0-3 Shandong Taishan II,2026-04-15
Lanzhou Longyuan,0.86,1.22,-0.36,0.64,1.21,-0.57,0.22,0.01,0.21,0.86,1.22,-0.36,,,,,,0,3,-3,-2.64,55.5,68.0,,,50.15,0.3,0.41,208,9,15,11,50.0,26.83,6.04,7,1,30,10,12,105.2,75.57,43.87,54.93,53.07,48.52,4,Lanzhou Longyuan 0-3 Shandong Taishan II,2026-04-15
Hangzhou Linping Wuyue,0.48,0.82,-0.34,0.48,0.6,-0.12,0.0,0.22,-0.22,0.48,0.82,-0.34,,,,,,1,0,1,1.34,32.2,36.16,,,41.34,0.19,0.33,106,1,1,13,5.26,39.39,12.14,5,7,6,1,24,20.8,13.16,108.53,86.6,72.5,54.44,0,Wenzhou 0-1 Hangzhou Linping Wuyue,2026-04-15
Wenzhou,0.82,0.48,0.34,0.6,0.48,0.12,0.22,0.0,0.22,0.82,0.48,0.34,,,,,,0,1,-1,-1.34,67.8,63.84,,,44.98,0.33,0.19,254,9,13,1,39.39,5.26,6.15,7,5,19,5,12,137.2,86.84,16.8,13.4,60.67,45.56,0,Wenzhou 0-1 Hangzhou Linping Wuyue,2026-04-15
Xiamen Feilu,1.3,0.49,0.81,1.25,0.41,0.84,0.05,0.08,-0.03,1.3,0.49,0.81,,,,,,3,3,0,-0.81,47.4,35.97,,,40.29,1.47,0.53,119,11,13,17,8.84,32.08,10.61,1,6,9,2,19,54.8,36.15,39.07,54.61,35.33,26.03,1,Shenzhen 2028 3-3 Xiamen Feilu,2026-04-15
Shenzhen 2028,0.49,1.3,-0.81,0.41,1.25,-0.84,0.08,0.05,0.03,0.49,1.3,-0.81,,,,,,3,3,0,0.81,52.6,64.03,,,48.92,0.53,1.47,210,17,17,13,32.08,8.84,8.0,6,1,14,8,18,96.8,63.85,32.47,45.39,100.4,73.97,2,Shenzhen 2028 3-3 Xiamen Feilu,2026-04-15
Dalian Yingbo II,0.53,0.47,0.06,0.48,0.47,0.01,0.05,0.0,0.05,0.53,0.47,0.06,,,,,,1,1,0,-0.06,50.6,50.79,,,43.34,0.37,0.44,128,5,10,6,27.03,13.64,7.97,5,6,18,4,17,74.6,57.87,27.07,43.15,79.47,53.97,5,Qingdao Red Lions 1-1 Dalian Yingbo II,2026-04-15
Qingdao Red Lions,0.47,0.53,-0.06,0.47,0.48,-0.01,0.0,0.05,-0.05,0.47,0.53,-0.06,,,,,,1,1,0,0.06,49.4,49.21,,,45.83,0.44,0.37,139,4,6,10,13.64,27.03,8.06,6,5,18,1,15,54.3,42.13,35.67,56.85,67.77,46.03,2,Qingdao Red Lions 1-1 Dalian Yingbo II,2026-04-15
Shanxi Chongde Ronghai,2.14,1.32,0.82,1.99,1.32,0.67,0.15,0.0,0.15,2.14,1.32,0.82,,,,,,2,0,2,1.18,66.2,61.76,,,47.8,0.43,0.39,251,15,17,10,39.53,25.64,9.16,3,6,9,6,13,174.2,85.18,17.33,14.1,119.63,67.39,5,Shanghai Second 0-2 Shanxi Chongde Ronghai,2026-04-15
Shanghai Second,1.32,2.14,-0.82,1.32,1.99,-0.67,0.0,0.15,-0.15,1.32,2.14,-0.82,,,,,,0,2,-2,-1.18,33.8,38.24,,,45.47,0.39,0.43,115,3,10,17,25.64,39.53,11.76,6,3,13,1,18,30.3,14.82,105.6,85.9,57.9,32.61,0,Shanghai Second 0-2 Shanxi Chongde Ronghai,2026-04-15
Tai'an Tiankuang,0.56,0.89,-0.33,0.43,0.13,0.3,0.13,0.0,0.13,0.56,0.13,0.43,,,,,,0,1,-1,-0.67,58.2,61.82,,,51.77,0.56,0.19,197,18,10,7,17.86,36.84,6.09,6,6,30,6,14,120.4,80.54,25.67,49.42,109.0,75.28,7,Changchun Xidu 1-0 Tai'an Tiankuang,2026-04-15
Changchun Xidu,0.89,0.56,0.33,0.13,0.43,-0.3,0.0,0.13,-0.13,0.13,0.56,-0.43,,,,,,1,0,1,0.67,41.8,38.18,,,44.73,0.19,0.56,112,7,7,10,36.84,17.86,7.16,6,6,15,2,20,29.1,19.46,26.27,50.58,35.8,24.72,4,Changchun Xidu 1-0 Tai'an Tiankuang,2026-04-15
Guangzhou Dandelion,0.79,0.95,-0.16,0.59,0.55,0.04,0.2,0.4,-0.2,0.79,0.95,-0.16,,,,,,2,1,1,1.16,43.3,43.35,,,48.03,0.98,0.34,177,10,12,14,12.24,41.18,12.72,6,3,21,6,9,60.2,36.42,70.47,70.14,81.63,62.6,1,Guangdong Mingtu 1-2 Guangzhou Dandelion,2026-04-14
Guangdong Mingtu,0.95,0.79,0.16,0.55,0.59,-0.04,0.4,0.2,0.2,0.95,0.79,0.16,,,,,,1,2,-1,-1.16,56.7,56.65,,,45.43,0.34,0.98,209,6,14,12,41.18,12.24,15.6,3,6,20,4,8,105.1,63.58,30.0,29.86,48.77,37.4,0,Guangdong Mingtu 1-2 Guangzhou Dandelion,2026-04-14
Ganzhou Ruishi,0.7,0.18,0.52,0.64,0.12,0.52,0.06,0.05,0.01,0.7,0.18,0.52,,,,,,1,2,-1,-1.52,47.6,58.67,,,47.08,0.94,0.19,194,12,15,6,15.96,31.58,9.61,6,6,27,2,15,118.3,78.03,68.53,81.14,154.07,85.34,3,Hubei Istar 2-1 Ganzhou Ruishi,2026-04-14
Hubei Istar,0.18,0.7,-0.52,0.12,0.64,-0.52,0.05,0.06,-0.01,0.18,0.7,-0.52,,,,,,2,1,1,1.52,52.4,41.33,,,42.35,0.19,0.94,157,3,6,15,31.58,15.96,10.03,6,6,13,1,15,33.3,21.97,15.93,18.86,26.47,14.66,0,Hubei Istar 2-1 Ganzhou Ruishi,2026-04-14
Guizhou Guiyang,1.29,1.14,0.15,1.01,0.38,0.63,0.28,0.0,0.28,1.29,0.38,0.91,,,,,,0,2,-2,-2.15,54.1,47.55,,,49.6,0.74,0.45,192,13,21,8,28.38,17.78,5.64,5,4,29,9,21,110.4,70.41,22.8,38.04,91.67,60.68,0,Jiangxi Lushan 2-0 Guizhou Guiyang,2026-04-14
Jiangxi Lushan,1.14,1.29,-0.15,0.38,1.01,-0.63,0.0,0.28,-0.28,0.38,1.29,-0.91,,,,,,2,0,2,2.15,45.9,52.45,,,48.04,0.45,0.74,144,6,8,21,17.78,28.38,7.72,4,5,22,4,19,46.4,29.59,37.13,61.96,59.4,39.32,1,Jiangxi Lushan 2-0 Guizhou Guiyang,2026-04-14
Haimen Codion,1.24,0.4,0.84,1.24,0.34,0.9,0.0,0.06,-0.06,1.24,0.4,0.84,,,,,,0,1,-1,-1.84,65.1,61.17,,,47.19,0.69,0.12,269,12,9,10,13.04,83.33,7.24,14,5,20,2,10,92.4,69.16,0.0,0.0,44.2,28.69,0,Dalian Kewei 1-0 Haimen Codion,2026-04-14
Dalian Kewei,0.4,1.24,-0.84,0.34,1.24,-0.9,0.06,0.0,0.06,0.4,1.24,-0.84,,,,,,1,0,1,1.84,34.9,38.83,,,43.07,0.12,0.69,131,3,10,9,83.33,13.04,16.47,5,14,14,3,12,41.2,30.84,105.47,100.0,109.87,71.31,2,Dalian Kewei 1-0 Haimen Codion,2026-04-14
Shanghai Port II,1.0,0.65,0.35,0.75,0.57,0.18,0.25,0.08,0.17,1.0,0.65,0.35,,,,,,2,0,2,1.65,61.0,60.84,,,49.19,0.59,0.62,245,10,19,12,32.2,19.35,5.53,5,1,26,7,15,139.7,74.63,15.73,15.34,90.2,62.96,2,Beijing BIT 0-2 Shanghai Port II,2026-04-14
Beijing BIT,0.65,1.0,-0.35,0.57,0.75,-0.18,0.08,0.25,-0.17,0.65,1.0,-0.35,,,,,,0,2,-2,-1.65,39.0,39.16,,,44.21,0.62,0.59,118,8,12,19,19.35,32.2,12.69,1,5,20,4,22,47.5,25.37,86.8,84.66,53.07,37.04,2,Beijing BIT 0-2 Shanghai Port II,2026-04-14
Shenzhen 2028,1.33,1.56,-0.23,1.09,0.38,0.71,0.24,0.42,-0.18,1.33,0.8,0.53,,,,,,1,3,-2,-1.77,60.6,67.29,,,49.14,1.13,0.31,226,21,20,11,17.7,35.48,9.96,3,2,41,12,7,121.7,83.53,25.87,28.7,93.1,55.15,1,Chengdu Rongcheng II 3-1 Shenzhen 2028,2026-04-11
Chengdu Rongcheng II,1.56,1.33,0.23,0.38,1.09,-0.71,0.42,0.24,0.18,0.8,1.33,-0.53,,,,,,3,1,2,1.77,39.4,32.71,,,42.33,0.31,1.13,110,5,11,20,35.48,17.7,14.04,2,3,10,3,8,24.0,16.47,64.27,71.3,75.7,44.85,0,Chengdu Rongcheng II 3-1 Shenzhen 2028,2026-04-11
Wuhan Three Towns II,1.13,0.92,0.21,1.02,0.06,0.96,0.11,0.09,0.02,1.13,0.16,0.97,,,,,,1,1,0,-0.21,55.7,49.13,,,47.29,0.87,0.32,192,13,14,4,16.09,12.5,7.62,2,4,19,3,15,97.5,80.58,35.87,38.16,92.07,65.34,1,Hangzhou Linping Wuyue 1-1 Wuhan Three Towns II,2026-04-11
Hangzhou Linping Wuyue,0.92,1.13,-0.21,0.06,1.02,-0.96,0.09,0.11,-0.02,0.16,1.13,-0.97,,,,,,1,1,0,0.21,44.3,50.87,,,45.67,0.32,0.87,141,6,4,14,12.5,16.09,8.18,4,2,20,8,20,23.5,19.42,58.13,61.84,48.83,34.66,6,Hangzhou Linping Wuyue 1-1 Wuhan Three Towns II,2026-04-11
Shanghai Second,0.91,0.63,0.28,0.81,0.37,0.44,0.09,0.26,-0.17,0.91,0.63,0.28,,,,,,2,2,0,-0.28,46.9,47.84,,,43.11,0.7,0.5,130,15,14,8,20.0,16.0,9.33,5,3,24,3,19,69.9,52.24,61.33,54.63,63.73,40.19,1,Qingdao Red Lions 2-2 Shanghai Second,2026-04-11
Qingdao Red Lions,0.63,0.91,-0.28,0.37,0.81,-0.44,0.26,0.09,0.17,0.63,0.91,-0.28,,,,,,2,2,0,0.28,53.1,52.16,,,48.79,0.5,0.7,204,7,8,14,16.0,20.0,9.41,3,5,8,3,15,63.9,47.76,50.93,45.37,94.83,59.81,1,Qingdao Red Lions 2-2 Shanghai Second,2026-04-11
Shandong Taishan II,1.99,0.21,1.78,1.91,0.21,1.7,0.08,0.0,0.08,1.99,0.21,1.78,,,,,,1,0,1,-0.78,44.4,44.14,,,44.5,0.78,0.43,138,10,9,6,11.54,13.95,11.41,5,12,11,2,9,66.9,50.49,48.67,72.64,95.07,71.59,1,Shanxi Chongde Ronghai 0-1 Shandong Taishan II,2026-04-11
Shanxi Chongde Ronghai,0.21,1.99,-1.78,0.21,1.91,-1.7,0.0,0.08,-0.08,0.21,1.99,-1.78,,,,,,0,1,-1,0.78,55.6,55.86,,,47.82,0.43,0.78,216,7,6,9,13.95,11.54,6.72,12,5,12,1,14,65.6,49.51,18.33,27.36,37.73,28.41,9,Shanxi Chongde Ronghai 0-1 Shandong Taishan II,2026-04-11
Lanzhou Longyuan,0.83,0.88,-0.05,0.44,0.09,0.35,0.39,0.03,0.36,0.83,0.12,0.71,,,,,,1,1,0,0.05,52.2,48.8,,,45.89,0.28,0.17,138,11,7,5,25.0,29.41,7.45,3,1,19,8,21,64.3,51.61,33.27,54.12,80.57,60.78,3,Dalian Yingbo II 1-1 Lanzhou Longyuan,2026-04-11
Dalian Yingbo II,0.88,0.83,0.05,0.09,0.44,-0.35,0.03,0.39,-0.36,0.12,0.83,-0.71,,,,,,1,1,0,-0.05,47.8,51.2,,,47.0,0.17,0.28,136,7,5,7,29.41,25.0,6.78,1,3,13,4,12,60.3,48.39,28.2,45.88,52.0,39.22,4,Dalian Yingbo II 1-1 Lanzhou Longyuan,2026-04-11
Wenzhou,0.58,1.14,-0.56,0.5,1.11,-0.61,0.08,0.04,0.04,0.58,1.14,-0.56,,,,,,1,1,0,0.56,59.4,56.02,,,46.03,0.55,0.25,223,10,10,11,18.18,44.0,10.9,2,4,9,3,14,120.3,58.17,42.27,32.77,85.77,53.04,0,Ganzhou Ruishi 1-1 Wenzhou,2026-04-10
Ganzhou Ruishi,1.14,0.58,0.56,1.11,0.5,0.61,0.04,0.08,-0.04,1.14,0.58,0.56,,,,,,1,1,0,-0.56,40.6,43.98,,,43.32,0.25,0.55,141,8,11,10,44.0,18.18,12.69,4,2,18,3,13,86.5,41.83,86.73,67.23,75.93,46.96,1,Ganzhou Ruishi 1-1 Wenzhou,2026-04-10
Changchun Xidu,0.24,1.69,-1.45,0.24,1.68,-1.44,0.0,0.01,-0.01,0.24,1.69,-1.45,,,,,,0,4,-4,-2.55,39.1,33.46,,,40.12,0.25,0.45,99,2,6,14,24.0,31.11,11.87,5,6,7,2,20,19.6,12.24,54.73,71.14,14.72,5.82,2,Haimen Codion 4-0 Changchun Xidu,2026-04-10
Haimen Codion,1.69,0.24,1.45,1.68,0.24,1.44,0.01,0.0,0.01,1.69,0.24,1.45,,,,,,4,0,4,2.55,60.9,66.54,,,46.72,0.45,0.25,196,9,14,6,31.11,24.0,5.89,6,5,19,7,11,140.5,87.76,22.2,28.86,238.19,94.18,0,Haimen Codion 4-0 Changchun Xidu,2026-04-10
Jiangxi Lushan,0.74,0.84,-0.1,0.43,0.84,-0.41,0.31,0.0,0.31,0.74,0.84,-0.1,,,,,,1,2,-1,-0.9,56.3,71.05,,,54.61,0.96,0.35,251,16,12,8,12.5,22.86,10.54,3,1,31,7,8,132.1,75.92,55.0,50.83,119.13,81.45,2,Guangzhou Dandelion 2-1 Jiangxi Lushan,2026-04-10
Guangzhou Dandelion,0.84,0.74,0.1,0.84,0.43,0.41,0.0,0.31,-0.31,0.84,0.74,0.1,,,,,,2,1,1,0.9,43.7,28.95,,,40.43,0.35,0.96,98,8,8,12,22.86,12.5,12.04,1,3,11,4,16,41.9,24.08,53.2,49.17,27.13,18.55,1,Guangzhou Dandelion 2-1 Jiangxi Lushan,2026-04-10
Guangdong Mingtu,1.51,0.84,0.67,0.66,0.73,-0.07,0.09,0.11,-0.02,0.75,0.84,-0.09,,,,,,3,3,0,-0.67,55.5,50.96,,,43.82,0.57,0.67,164,9,13,10,22.81,14.93,9.56,3,0,19,6,13,80.8,57.18,25.2,33.1,75.4,52.24,0,Xiamen Feilu 3-3 Guangdong Mingtu,2026-04-10
Xiamen Feilu,0.84,1.51,-0.67,0.73,0.66,0.07,0.11,0.09,0.02,0.84,0.75,0.09,,,,,,3,3,0,0.67,44.5,49.04,,,45.14,0.67,0.57,165,12,10,13,14.93,22.81,16.76,0,3,19,4,16,60.5,42.82,50.93,66.9,68.93,47.76,1,Xiamen Feilu 3-3 Guangdong Mingtu,2026-04-10
Beijing BIT,0.7,2.04,-1.34,0.7,2.04,-1.34,0.01,0.0,0.01,0.7,2.04,-1.34,,,,,,1,2,-1,0.34,41.3,25.99,,,35.7,0.25,1.15,79,6,7,26,28.0,22.61,12.72,2,8,6,1,16,14.0,5.73,67.0,65.77,19.77,9.29,1,Tai'an Tiankuang 2-1 Beijing BIT,2026-04-10
Tai'an Tiankuang,2.04,0.7,1.34,2.04,0.7,1.34,0.0,0.01,-0.01,2.04,0.7,1.34,,,,,,2,1,1,-0.34,58.7,74.01,,,54.81,1.15,0.25,294,22,26,7,22.61,28.0,6.93,8,2,22,2,18,230.5,94.27,34.87,34.23,193.13,90.71,7,Tai'an Tiankuang 2-1 Beijing BIT,2026-04-10
Dalian Kewei,0.42,0.66,-0.24,0.42,0.66,-0.24,0.0,0.0,0.0,0.42,0.66,-0.24,,,,,,0,0,0,0.24,49.2,51.19,,,48.17,0.17,0.21,177,8,9,6,52.94,28.57,8.15,3,4,13,3,18,55.5,52.96,65.33,57.21,70.87,59.52,1,Shanghai Port II 0-0 Dalian Kewei,2026-04-10
Shanghai Port II,0.66,0.42,0.24,0.66,0.42,0.24,0.0,0.0,0.0,0.66,0.42,0.24,,,,,,0,0,0,-0.24,50.8,48.81,,,41.93,0.21,0.17,133,7,6,9,28.57,52.94,8.0,4,3,17,7,19,49.3,47.04,48.87,42.79,48.2,40.48,0,Shanghai Port II 0-0 Dalian Kewei,2026-04-10
Hubei Istar,0.18,0.44,-0.26,0.18,0.21,-0.03,0.0,0.23,-0.23,0.18,0.44,-0.26,,,,,,1,2,-1,-0.74,54.6,41.49,,,40.74,0.5,0.25,140,5,4,8,8.0,32.0,9.67,1,8,12,0,15,56.2,33.61,30.4,26.19,33.53,17.41,1,Guizhou Guiyang 2-1 Hubei Istar,2026-04-09
Guizhou Guiyang,0.44,0.18,0.26,0.21,0.18,0.03,0.23,0.0,0.23,0.44,0.18,0.26,,,,,,2,1,1,0.74,45.4,58.51,,,49.75,0.25,0.5,212,11,8,4,32.0,8.0,9.58,8,1,24,6,17,111.0,66.39,85.67,73.81,159.1,82.59,2,Guizhou Guiyang 2-1 Hubei Istar,2026-04-09
Changchun Xidu,0.15,0.33,-0.18,0.15,0.33,-0.18,0.0,0.0,0.0,0.15,0.33,-0.18,,,,,,0,0,0,0.18,47.3,39.45,,,41.48,0.23,0.44,99,3,2,6,8.7,13.64,9.89,1,1,13,1,17,27.5,24.64,29.53,39.34,23.0,19.39,2,Lanzhou Longyuan 0-0 Changchun Xidu,2026-04-05
Lanzhou Longyuan,0.33,0.15,0.18,0.33,0.15,0.18,0.0,0.0,0.0,0.33,0.15,0.18,,,,,,0,0,0,-0.18,52.7,60.55,,,50.24,0.44,0.23,177,6,6,2,13.64,8.7,8.97,1,1,20,7,14,84.1,75.36,45.53,60.66,95.6,80.61,4,Lanzhou Longyuan 0-0 Changchun Xidu,2026-04-05
Beijing BIT,0.88,1.18,-0.3,0.86,1.18,-0.32,0.01,0.0,0.01,0.88,1.18,-0.3,,,,,,1,4,-3,-2.7,28.9,21.47,,,38.33,0.37,0.77,85,3,6,15,16.22,19.48,24.77,3,9,11,2,6,10.1,4.01,163.4,99.11,10.17,3.57,1,Shandong Taishan II 4-1 Beijing BIT,2026-04-05
Shandong Taishan II,1.18,0.88,0.3,1.18,0.86,0.32,0.0,0.01,-0.01,1.18,0.88,0.3,,,,,,4,1,3,2.7,71.1,78.53,,,51.02,0.77,0.37,384,7,15,6,19.48,16.22,7.91,9,3,21,5,13,242.0,95.99,1.47,0.89,275.03,96.43,0,Shandong Taishan II 4-1 Beijing BIT,2026-04-05
Xiamen Feilu,1.09,1.11,-0.02,1.0,0.33,0.67,0.09,0.01,0.08,1.09,0.35,0.74,,,,,,2,2,0,0.02,42.2,66.16,,,53.7,1.05,0.31,231,17,20,8,19.05,25.81,17.43,3,1,42,8,9,147.1,80.65,93.27,84.03,199.33,94.32,0,Hubei Istar 2-2 Xiamen Feilu,2026-04-05
Hubei Istar,1.11,1.09,0.02,0.33,1.0,-0.67,0.01,0.09,-0.08,0.35,1.09,-0.74,,,,,,2,2,0,-0.02,57.8,33.84,,,40.54,0.31,1.05,121,4,8,20,25.81,19.05,16.59,1,3,12,2,13,35.3,19.35,17.73,15.97,12.0,5.68,1,Hubei Istar 2-2 Xiamen Feilu,2026-04-05
Haimen Codion,1.91,1.1,0.81,1.9,1.1,0.8,0.01,0.0,0.01,1.91,1.1,0.81,,,,,,1,2,-1,-1.81,61.4,65.16,,,48.37,1.4,0.3,261,19,16,9,11.43,30.0,8.97,4,4,24,8,15,145.6,89.54,10.8,11.51,85.0,57.27,1,Shanghai Port II 2-1 Haimen Codion,2026-04-05
Shanghai Port II,1.1,1.91,-0.81,1.1,1.9,-0.8,0.0,0.01,-0.01,1.1,1.91,-0.81,,,,,,2,1,1,1.81,38.6,34.84,,,40.4,0.3,1.4,109,5,9,16,30.0,11.43,11.26,4,4,7,4,18,17.0,10.46,83.0,88.49,63.43,42.73,1,Shanghai Port II 2-1 Haimen Codion,2026-04-05
Qingdao Red Lions,0.41,1.68,-1.27,0.38,1.65,-1.27,0.03,0.03,0.0,0.41,1.68,-1.27,,,,,,0,1,-1,0.27,57.0,51.86,,,46.05,0.58,0.75,173,8,7,15,12.07,20.0,6.36,8,1,22,5,14,67.4,42.47,22.0,23.37,32.93,19.35,0,Dalian Kewei 1-0 Qingdao Red Lions,2026-04-05
Dalian Kewei,1.68,0.41,1.27,1.65,0.38,1.27,0.03,0.03,0.0,1.68,0.41,1.27,,,,,,1,0,1,-0.27,43.0,48.14,,,45.98,0.75,0.58,132,15,15,7,20.0,12.07,12.0,1,8,20,6,17,91.3,57.53,72.13,76.63,137.27,80.65,2,Dalian Kewei 1-0 Qingdao Red Lions,2026-04-05
Guangdong Mingtu,0.65,0.61,0.04,0.65,0.49,0.16,0.0,0.12,-0.12,0.65,0.61,0.04,,,,,,0,1,-1,-1.04,49.2,31.28,,,36.89,0.35,0.61,78,3,5,12,14.29,19.67,7.27,4,2,7,1,17,15.2,13.1,19.2,31.07,15.63,10.99,0,Guizhou Guiyang 1-0 Guangdong Mingtu,2026-04-04
Guizhou Guiyang,0.61,0.65,-0.04,0.49,0.65,-0.16,0.12,0.0,0.12,0.61,0.65,-0.04,,,,,,1,0,1,1.04,50.8,68.72,,,48.08,0.61,0.35,166,7,12,5,19.67,14.29,6.11,2,4,23,10,17,100.8,86.9,42.6,68.93,126.63,89.01,0,Guizhou Guiyang 1-0 Guangdong Mingtu,2026-04-04
Wenzhou,0.5,1.23,-0.73,0.47,0.98,-0.51,0.03,0.25,-0.22,0.5,1.23,-0.73,,,,,,1,1,0,0.73,60.2,47.62,,,42.49,0.44,0.43,195,8,8,9,18.18,20.93,10.13,2,6,13,1,16,68.6,55.64,16.07,14.29,38.53,28.33,1,Wuhan Three Towns II 1-1 Wenzhou,2026-04-04
Wuhan Three Towns II,1.23,0.5,0.73,0.98,0.47,0.51,0.25,0.03,0.22,1.23,0.5,0.73,,,,,,1,1,0,-0.73,39.8,52.38,,,45.05,0.43,0.44,148,7,9,8,20.93,18.18,14.14,6,2,14,6,14,54.7,44.36,96.4,85.71,97.47,71.67,4,Wuhan Three Towns II 1-1 Wenzhou,2026-04-04
Shenzhen 2028,0.63,0.23,0.4,0.55,0.23,0.32,0.08,0.0,0.08,0.63,0.23,0.4,,,,,,0,0,0,-0.4,65.1,56.75,,,42.77,0.5,0.33,202,11,14,8,28.0,24.24,7.84,4,4,19,7,15,110.4,79.94,4.87,3.11,54.13,31.42,0,Hangzhou Linping Wuyue 0-0 Shenzhen 2028,2026-04-04
Hangzhou Linping Wuyue,0.23,0.63,-0.4,0.23,0.55,-0.32,0.0,0.08,-0.08,0.23,0.63,-0.4,,,,,,0,0,0,0.4,34.9,43.25,,,42.51,0.33,0.5,111,6,8,14,24.24,28.0,14.29,4,4,12,1,15,27.7,20.06,151.6,96.89,118.17,68.58,3,Hangzhou Linping Wuyue 0-0 Shenzhen 2028,2026-04-04
Jiangxi Lushan,0.23,0.29,-0.06,0.23,0.26,-0.03,0.0,0.03,-0.03,0.23,0.29,-0.06,,,,,,1,1,0,0.06,43.2,42.57,,,47.42,0.18,0.34,141,2,6,9,33.33,26.47,9.26,3,1,10,1,22,45.1,42.27,63.53,81.6,76.23,79.19,0,Ganzhou Ruishi 1-1 Jiangxi Lushan,2026-04-04
Ganzhou Ruishi,0.29,0.23,0.06,0.26,0.23,0.03,0.03,0.0,0.03,0.29,0.23,0.06,,,,,,1,1,0,-0.06,56.8,57.43,,,43.73,0.34,0.18,159,8,9,6,26.47,33.33,6.68,1,3,14,6,20,61.6,57.73,14.33,18.4,20.03,20.81,4,Ganzhou Ruishi 1-1 Jiangxi Lushan,2026-04-04
Chengdu Rongcheng II,0.57,0.78,-0.21,0.55,0.42,0.13,0.02,0.36,-0.34,0.57,0.78,-0.21,,,,,,0,2,-2,-1.79,63.0,60.31,,,45.48,0.4,0.43,238,5,5,6,12.5,13.95,14.79,3,3,16,5,5,67.6,58.89,18.2,14.44,10.13,6.64,3,Guangzhou Dandelion 2-0 Chengdu Rongcheng II,2026-04-04
Guangzhou Dandelion,0.78,0.57,0.21,0.42,0.55,-0.13,0.36,0.02,0.34,0.78,0.57,0.21,,,,,,2,0,2,1.79,37.0,39.69,,,42.92,0.43,0.4,121,10,6,5,13.95,12.5,19.6,3,3,17,7,11,47.2,41.11,107.87,85.56,142.4,93.36,1,Guangzhou Dandelion 2-0 Chengdu Rongcheng II,2026-04-04
Shanxi Chongde Ronghai,0.3,1.96,-1.66,0.29,1.96,-1.67,0.01,0.0,0.01,0.3,1.96,-1.66,,,,,,1,2,-1,0.66,58.4,45.6,,,42.85,0.36,0.84,186,5,7,15,19.44,17.86,7.79,3,5,10,3,12,54.0,28.88,16.87,14.58,26.73,11.99,1,Tai'an Tiankuang 2-1 Shanxi Chongde Ronghai,2026-04-04
Tai'an Tiankuang,1.96,0.3,1.66,1.96,0.29,1.67,0.0,0.01,-0.01,1.96,0.3,1.66,,,,,,2,1,1,-0.66,41.6,54.4,,,51.24,0.84,0.36,183,17,15,7,17.86,19.44,11.26,5,3,30,6,19,133.0,71.12,98.8,85.42,196.27,88.01,3,Tai'an Tiankuang 2-1 Shanxi Chongde Ronghai,2026-04-04
Shanghai Second,0.67,1.2,-0.53,0.62,0.89,-0.27,0.05,0.31,-0.26,0.67,1.2,-0.53,,,,,,2,3,-1,-0.47,59.2,58.19,,,43.85,0.35,0.41,174,10,12,10,34.29,24.39,9.36,1,3,19,6,14,74.3,68.35,16.33,21.79,42.67,36.79,7,Dalian Yingbo II 3-2 Shanghai Second,2026-04-04
Dalian Yingbo II,1.2,0.67,0.53,0.89,0.62,0.27,0.31,0.05,0.26,1.2,0.67,0.53,,,,,,3,2,1,0.47,40.8,41.81,,,42.23,0.41,0.35,113,4,10,12,24.39,34.29,10.93,3,1,12,4,7,34.4,31.65,58.6,78.21,73.3,63.21,4,Dalian Yingbo II 3-2 Shanghai Second,2026-04-04
Wuhan Three Towns II,0.14,1.85,-1.71,0.14,1.59,-1.45,0.0,0.26,-0.26,0.14,1.85,-1.71,,,,,,1,1,0,1.71,36.4,29.83,,,40.66,0.38,0.93,101,7,3,12,7.89,12.9,14.0,3,3,8,3,16,28.3,14.32,95.33,92.62,68.37,40.55,0,Shenzhen 2028 1-1 Wuhan Three Towns II,2026-03-22
Shenzhen 2028,1.85,0.14,1.71,1.59,0.14,1.45,0.26,0.0,0.26,1.85,0.14,1.71,,,,,,1,1,0,-1.71,63.6,70.17,,,50.41,0.93,0.38,261,18,12,3,12.9,7.89,10.0,3,3,22,8,13,169.3,85.68,7.6,7.38,100.23,59.45,0,Shenzhen 2028 1-1 Wuhan Three Towns II,2026-03-22
Changchun Xidu,0.93,1.71,-0.78,0.17,1.7,-1.53,0.0,0.01,-0.01,0.17,1.71,-1.54,,,,,,1,1,0,0.78,31.6,28.24,,,37.85,0.2,0.75,62,3,4,12,20.0,16.0,9.64,3,2,13,2,27,22.7,13.09,83.53,89.31,38.27,29.12,0,Qingdao Red Lions 1-1 Changchun Xidu,2026-03-22
Qingdao Red Lions,1.71,0.93,0.78,1.7,0.17,1.53,0.01,0.0,0.01,1.71,0.17,1.54,,,,,,1,1,0,-0.78,68.4,71.76,,,52.13,0.75,0.2,261,9,12,4,16.0,20.0,4.71,2,3,18,5,18,150.7,86.91,10.0,10.69,93.13,70.88,0,Qingdao Red Lions 1-1 Changchun Xidu,2026-03-22
Chengdu Rongcheng II,0.69,0.33,0.36,0.69,0.24,0.45,0.0,0.09,-0.09,0.69,0.33,0.36,,,,,,1,0,1,0.64,45.3,46.84,,,43.91,0.41,0.26,124,9,6,8,14.63,30.77,8.53,4,4,9,1,14,38.3,34.85,34.27,67.81,53.8,49.4,0,Wenzhou 0-1 Chengdu Rongcheng II,2026-03-22
Wenzhou,0.33,0.69,-0.36,0.24,0.69,-0.45,0.09,0.0,0.09,0.33,0.69,-0.36,,,,,,0,1,-1,-0.64,54.7,53.16,,,43.2,0.26,0.41,149,8,8,6,30.77,14.63,7.5,4,4,11,2,13,71.6,65.15,16.27,32.19,55.1,50.6,4,Wenzhou 0-1 Chengdu Rongcheng II,2026-03-22
Hangzhou Linping Wuyue,1.04,1.68,-0.64,0.28,1.68,-1.4,0.0,0.0,0.0,0.28,1.68,-1.4,,,,,,2,2,0,0.64,38.0,35.69,,,46.5,0.35,1.05,130,7,6,10,17.14,9.52,11.0,3,5,4,2,18,32.1,20.15,69.47,90.46,54.23,48.67,1,Jiangxi Lushan 2-2 Hangzhou Linping Wuyue,2026-03-22
Jiangxi Lushan,1.68,1.04,0.64,1.68,0.28,1.4,0.0,0.0,0.0,1.68,0.28,1.4,,,,,,2,2,0,-0.64,62.0,64.31,,,49.98,1.05,0.35,228,17,10,6,9.52,17.14,7.62,5,3,33,7,10,127.2,79.85,7.33,9.54,57.2,51.33,3,Jiangxi Lushan 2-2 Hangzhou Linping Wuyue,2026-03-22
Shanghai Port II,2.37,0.94,1.43,2.02,0.94,1.08,0.35,0.0,0.35,2.37,0.94,1.43,,,,,,6,1,5,3.57,48.8,44.44,,,44.05,0.71,0.86,139,15,15,6,21.13,6.98,6.61,4,4,14,5,22,102.7,58.15,56.47,55.69,164.57,82.66,0,Shanghai Second 1-6 Shanghai Port II,2026-03-22
Shanghai Second,0.94,2.37,-1.43,0.94,2.02,-1.08,0.0,0.35,-0.35,0.94,2.37,-1.43,,,,,,1,6,-5,-3.57,51.2,55.56,,,45.72,0.86,0.71,160,9,6,15,6.98,21.13,8.81,4,4,22,2,20,73.9,41.85,44.93,44.31,34.53,17.34,1,Shanghai Second 1-6 Shanghai Port II,2026-03-22
Lanzhou Longyuan,1.84,0.01,1.83,1.23,0.01,1.22,0.61,0.0,0.61,1.84,0.01,1.83,,,,,,1,0,1,-0.83,64.9,69.97,,,51.92,0.68,0.11,257,20,21,1,30.88,9.09,6.33,3,2,38,12,14,166.3,94.97,16.27,15.09,109.1,83.88,3,Beijing BIT 0-1 Lanzhou Longyuan,2026-03-22
Beijing BIT,0.01,1.84,-1.83,0.01,1.23,-1.22,0.0,0.61,-0.61,0.01,1.84,-1.83,,,,,,0,1,-1,0.83,35.1,30.03,,,39.84,0.11,0.68,88,6,1,21,9.09,30.88,10.5,2,3,2,0,23,8.8,5.03,91.53,84.91,20.97,16.12,1,Beijing BIT 0-1 Lanzhou Longyuan,2026-03-22
Dalian Yingbo II,0.19,0.12,0.07,0.15,0.06,0.09,0.03,0.05,-0.02,0.19,0.12,0.07,,,,,,0,0,0,-0.07,30.8,43.49,,,50.77,0.07,0.49,114,6,4,6,57.14,12.24,15.57,5,1,13,5,10,22.8,24.57,138.67,100.0,104.2,89.11,5,Haimen Codion 0-0 Dalian Yingbo II,2026-03-21
Haimen Codion,0.12,0.19,-0.07,0.06,0.15,-0.09,0.05,0.03,0.02,0.12,0.19,-0.07,,,,,,0,0,0,0.07,69.2,56.51,,,44.52,0.49,0.07,194,11,6,4,12.24,57.14,10.0,1,5,20,8,13,70.0,75.43,0.0,0.0,12.73,10.89,1,Haimen Codion 0-0 Dalian Yingbo II,2026-03-21
Guangzhou Dandelion,2.05,0.86,1.19,1.15,0.83,0.32,0.9,0.03,0.87,2.05,0.86,1.19,,,,,,0,1,-1,-2.19,66.6,72.19,,,53.01,1.11,0.45,288,14,15,8,13.51,17.78,7.55,7,4,39,5,11,172.7,93.1,8.87,8.65,97.13,75.09,0,Hubei Istar 1-0 Guangzhou Dandelion,2026-03-21
Hubei Istar,0.86,2.05,-1.19,0.83,1.15,-0.32,0.03,0.9,-0.87,0.86,2.05,-1.19,,,,,,1,0,1,2.19,33.4,27.81,,,42.47,0.45,1.11,98,10,8,15,17.78,13.51,15.65,4,7,11,2,19,12.8,6.9,93.67,91.35,32.23,24.91,2,Hubei Istar 1-0 Guangzhou Dandelion,2026-03-21
Guizhou Guiyang,0.47,0.63,-0.16,0.32,0.6,-0.28,0.15,0.03,0.12,0.47,0.63,-0.16,,,,,,0,2,-2,-1.84,64.5,63.45,,,47.24,0.49,0.52,215,13,13,10,26.53,19.23,6.9,2,5,26,13,18,117.3,72.14,7.0,8.08,82.53,49.52,0,Xiamen Feilu 2-0 Guizhou Guiyang,2026-03-21
Xiamen Feilu,0.63,0.47,0.16,0.6,0.32,0.28,0.03,0.15,-0.12,0.63,0.47,0.16,,,,,,2,0,2,1.84,35.5,36.55,,,48.57,0.52,0.49,118,7,10,13,19.23,26.53,10.36,5,2,10,3,13,45.3,27.86,79.6,91.92,84.13,50.48,1,Xiamen Feilu 2-0 Guizhou Guiyang,2026-03-21
Tai'an Tiankuang,2.23,1.16,1.07,1.47,0.4,1.07,0.0,0.0,0.0,1.47,0.4,1.07,,,,,,3,1,2,0.93,31.1,46.35,,,52.15,0.3,0.57,111,10,13,8,43.33,14.04,11.32,5,1,17,4,10,65.8,51.29,110.4,95.78,135.17,92.77,1,Shandong Taishan II 1-3 Tai'an Tiankuang,2026-03-21
Shandong Taishan II,1.16,2.23,-1.07,0.4,1.47,-1.07,0.0,0.0,0.0,0.4,1.47,-1.07,,,,,,1,3,-2,-0.93,68.9,53.65,,,45.54,0.57,0.3,217,6,8,13,14.04,43.33,6.24,1,5,16,4,18,62.5,48.71,4.87,4.22,10.53,7.23,0,Shandong Taishan II 1-3 Tai'an Tiankuang,2026-03-21
Ganzhou Ruishi,0.49,0.46,0.03,0.46,0.39,0.07,0.03,0.07,-0.04,0.49,0.46,0.03,,,,,,0,0,0,-0.03,42.7,51.64,,,45.18,0.35,0.37,143,7,5,12,14.29,32.43,10.0,2,6,19,5,17,42.0,40.19,57.2,70.85,62.77,55.86,2,Guangdong Mingtu 0-0 Ganzhou Ruishi,2026-03-21
Guangdong Mingtu,0.46,0.49,-0.03,0.39,0.46,-0.07,0.07,0.03,0.04,0.46,0.49,-0.03,,,,,,0,0,0,0.03,57.3,48.36,,,43.68,0.37,0.35,166,7,12,5,32.43,14.29,6.12,6,2,16,8,14,62.5,59.81,23.53,29.15,49.6,44.14,1,Guangdong Mingtu 0-0 Ganzhou Ruishi,2026-03-21
Shanxi Chongde Ronghai,0.24,1.51,-1.27,0.24,1.51,-1.27,0.0,0.0,0.0,0.24,1.51,-1.27,,,,,,0,0,0,1.27,40.0,34.75,,,43.19,0.48,0.92,109,3,4,10,8.33,10.87,12.73,1,2,9,3,21,37.2,20.68,67.73,69.4,50.07,29.84,0,Dalian Kewei 0-0 Shanxi Chongde Ronghai,2026-03-21
Dalian Kewei,1.51,0.24,1.27,1.51,0.24,1.27,0.0,0.0,0.0,1.51,0.24,1.27,,,,,,0,0,0,-1.27,60.0,65.25,,,49.43,0.92,0.48,225,17,10,4,10.87,8.33,7.0,2,1,19,7,17,142.7,79.32,29.87,30.6,117.7,70.16,5,Dalian Kewei 0-0 Shanxi Chongde Ronghai,2026-03-21
