Team,xG,xGA,xGD,Open Play xG,Open Play xGA,Open Play xGD,Set Piece xG,Set Piece xGA,Set Piece xGD,npxG,npxGA,npxGD,xG within 5s of Crosses,xGA within 5s of Crosses,xG within 15s of Set Pieces,xGA within 15s of Set Pieces,xGD within 15s of Set Pieces,Goals,Goals Conceded,GD,GD-xGD,Possession,Field Tilt,Vertical Tendency,Opponent Vertical Tendency,Avg Pass Height,xT,xT Against,Passes in Opposition Half,Passes into Box,Shots,Shots Faced,Shots per 1.0 xT,Shots Faced per 1.0 xT Against,PPDA,High Recoveries,High Recoveries Against,Crosses,Corners,Fouls,On-Ball Pressure,On-Ball Pressure Share,Off-Ball Pressure,Off-Ball Pressure Share,Game Control,Game Control Share,Throw-Ins into the Box,Match,Date
Deportes Tolima,2.71,1.80,0.91,1.77,1.74,0.03,0.18,0.06,0.12,1.95,1.80,0.15,0.05,1.15,0.36,0.65,-0.29,2,1,1,0.09,52.70,46.69,29.1,21.1,46.50,0.71,1.07,172,18,17,15,23.94,14.02,9.45,5,7,22,8,10,86.5,49.37,37.73,44.32,69.57,51.42,1,Llaneros 1-2 Deportes Tolima,2026-09-07
Llaneros,1.80,2.71,-0.91,1.74,1.77,-0.03,0.06,0.18,-0.12,1.80,1.95,-0.15,1.15,0.05,0.65,0.36,0.29,1,2,-1,-0.09,47.30,53.31,21.1,29.1,48.02,1.07,0.71,165,14,15,17,14.02,23.94,9.32,7,5,24,4,13,88.7,50.63,47.4,55.68,65.73,48.58,3,Llaneros 1-2 Deportes Tolima,2026-09-07
Millonarios,1.46,1.94,-0.48,1.22,1.94,-0.72,0.24,0.0,0.24,1.46,1.94,-0.48,0.09,1.36,0.56,0.0,0.56,1,1,0,0.48,52.1,70.17,17.8,22.3,53.08,0.8,0.91,324,16,11,9,13.75,9.89,12.82,6,5,12,3,12,157.0,78.11,69.73,51.5,154.9,80.37,1,Deportivo Pereira 1-1 Millonarios,2026-09-06
Deportivo Pereira,1.94,1.46,0.48,1.94,1.22,0.72,0.0,0.24,-0.24,1.94,1.46,0.48,1.36,0.09,0.0,0.56,-0.56,1,1,0,-0.48,47.9,29.83,22.3,17.8,38.44,0.91,0.8,131,7,9,11,9.89,13.75,13.89,5,6,11,2,13,44.0,21.89,65.67,48.5,37.83,19.63,0,Deportivo Pereira 1-1 Millonarios,2026-09-06
Águilas Doradas,2.46,1.4,1.06,1.17,1.4,-0.23,0.54,0.0,0.54,1.7,1.4,0.3,0.13,0.04,0.89,0.0,0.89,2,2,0,-1.06,61.0,61.31,21.1,20.0,45.09,0.81,0.52,235,12,16,10,19.75,19.23,9.06,1,4,18,12,8,131.6,75.63,23.73,20.38,110.53,54.89,2,Inter Bogotá 2-2 Águilas Doradas,2026-09-06
Inter Bogotá,1.4,2.46,-1.06,1.4,1.17,0.23,0.0,0.54,-0.54,1.4,1.7,-0.3,0.04,0.13,0.0,0.89,-0.89,2,2,0,1.06,39.0,38.69,20.0,21.1,43.08,0.52,0.81,117,6,10,16,19.23,19.75,11.54,4,1,14,3,20,42.4,24.37,92.73,79.62,90.83,45.11,0,Inter Bogotá 2-2 Águilas Doradas,2026-09-06
Jaguares de Córdoba,1.16,2.41,-1.25,0.84,1.33,-0.49,0.32,0.32,0.0,1.16,1.65,-0.49,0.2,0.05,0.42,0.32,0.1,3,3,0,1.25,43.3,23.66,27.3,19.5,41.84,0.37,1.18,101,7,12,18,32.43,15.25,10.46,1,9,12,5,9,11.4,6.11,41.07,64.64,16.0,9.23,1,Junior 3-3 Jaguares de Córdoba,2026-09-05
Junior,2.41,1.16,1.25,1.33,0.84,0.49,0.32,0.32,0.0,1.65,1.16,0.49,0.05,0.2,0.32,0.42,-0.1,3,3,0,-1.25,56.7,76.34,19.5,27.3,56.57,1.18,0.37,249,21,18,12,15.25,32.43,7.56,9,1,24,7,17,175.3,93.89,22.47,35.36,157.3,90.77,0,Junior 3-3 Jaguares de Córdoba,2026-09-05
Fortaleza,1.86,1.77,0.09,1.86,1.7,0.16,0.0,0.06,-0.06,1.86,1.77,0.09,0.9,0.63,0.32,0.26,0.06,2,2,0,-0.09,50.5,50.0,19.5,17.5,45.65,0.59,0.94,177,16,19,16,32.2,17.02,13.48,7,3,15,3,8,96.3,52.62,43.13,39.5,49.67,22.51,3,Independiente Santa Fe 2-2 Fortaleza,2026-09-05
Independiente Santa Fe,1.77,1.86,-0.09,1.7,1.86,-0.16,0.06,0.0,0.06,1.77,1.86,-0.09,0.63,0.9,0.26,0.32,-0.06,2,2,0,0.09,49.5,50.0,17.5,19.5,45.34,0.94,0.59,175,10,16,19,17.02,32.2,16.59,3,7,11,4,11,86.7,47.38,66.07,60.5,170.94,77.49,1,Independiente Santa Fe 2-2 Fortaleza,2026-09-05
Deportivo Pasto,1.03,1.02,0.01,0.54,1.02,-0.48,0.49,0.0,0.49,1.03,1.02,0.01,0.44,0.0,0.49,0.07,0.42,2,2,0,-0.01,61.8,56.54,20.5,22.2,48.23,0.29,0.5,220,11,8,13,27.59,26.0,7.86,1,7,24,5,14,84.1,60.37,9.47,10.48,40.6,29.79,1,Cúcuta Deportivo 2-2 Deportivo Pasto,2026-09-05
Cúcuta Deportivo,1.02,1.03,-0.01,1.02,0.54,0.48,0.0,0.49,-0.49,1.02,1.03,-0.01,0.0,0.44,0.07,0.49,-0.42,2,2,0,0.01,38.2,43.46,22.2,20.5,48.22,0.5,0.29,139,4,13,8,26.0,27.59,10.16,7,1,15,2,16,55.2,39.63,80.93,89.52,95.67,70.21,1,Cúcuta Deportivo 2-2 Deportivo Pasto,2026-09-05
Once Caldas,1.1,0.63,0.47,0.98,0.63,0.35,0.13,0.0,0.13,1.1,0.63,0.47,0.12,0.0,0.22,0.0,0.22,0,2,-2,-2.47,71.4,76.98,23.4,27.5,53.71,1.28,0.11,339,16,13,3,10.16,27.27,5.24,5,3,34,8,9,204.8,97.9,11.93,9.4,109.47,78.87,2,Boyacá Chicó 2-0 Once Caldas,2026-09-05
Boyacá Chicó,0.63,1.1,-0.47,0.63,0.98,-0.35,0.0,0.13,-0.13,0.63,1.1,-0.47,0.0,0.12,0.0,0.22,-0.22,2,0,2,2.47,28.6,23.02,27.5,23.4,43.7,0.11,1.28,76,3,3,13,27.27,10.16,13.39,3,5,7,4,17,4.4,2.1,114.93,90.6,29.33,21.13,0,Boyacá Chicó 2-0 Once Caldas,2026-09-05
Independiente Medellín,2.8,0.42,2.38,2.78,0.42,2.36,0.02,0.0,0.02,2.8,0.42,2.38,0.34,0.0,0.07,0.04,0.03,3,0,3,0.62,56.0,72.43,13.9,21.2,51.64,0.7,0.28,303,20,21,9,30.0,32.14,14.64,4,3,13,4,13,210.6,86.92,35.73,28.3,176.07,88.19,0,Deportivo Pereira 0-3 Independiente Medellín,2026-09-03
Deportivo Pereira,0.42,2.8,-2.38,0.42,2.78,-2.36,0.0,0.02,-0.02,0.42,2.8,-2.38,0.0,0.34,0.04,0.07,-0.03,0,3,-3,-0.62,44.0,27.57,21.2,13.9,39.89,0.28,0.7,122,8,9,21,32.14,30.0,18.09,3,4,13,2,9,31.7,13.08,90.53,71.7,23.57,11.81,1,Deportivo Pereira 0-3 Independiente Medellín,2026-09-03
Alianza,0.61,2.22,-1.61,0.61,1.3,-0.69,0.0,0.16,-0.16,0.61,1.46,-0.85,0.23,0.04,0.37,0.21,0.16,0,3,-3,-1.39,38.8,39.69,26.6,24.5,47.99,0.2,0.78,156,8,7,15,35.0,19.23,11.97,4,7,17,4,12,36.6,17.88,85.87,84.07,27.58,11.82,3,América de Cali 3-0 Alianza,2026-09-03
América de Cali,2.22,0.61,1.61,1.3,0.61,0.69,0.16,0.0,0.16,1.46,0.61,0.85,0.04,0.23,0.21,0.37,-0.16,3,0,3,1.39,61.2,60.31,24.5,26.6,50.73,0.78,0.2,279,13,15,7,19.23,35.0,7.66,7,4,15,3,15,168.1,82.12,16.27,15.93,205.72,88.18,0,América de Cali 3-0 Alianza,2026-09-03
Millonarios,2.0,0.87,1.13,1.4,0.84,0.56,0.6,0.03,0.57,2.0,0.87,1.13,0.35,0.16,0.88,0.04,0.84,2,3,-1,-2.13,54.1,54.39,14.6,22.3,50.86,0.62,0.46,204,11,20,12,32.26,26.09,10.54,2,6,23,8,13,129.6,68.35,38.27,46.86,121.47,71.42,0,Independiente Santa Fe 3-2 Millonarios,2026-09-02
Independiente Santa Fe,0.87,2.0,-1.13,0.84,1.4,-0.56,0.03,0.6,-0.57,0.87,2.0,-1.13,0.16,0.35,0.04,0.88,-0.84,3,2,1,2.13,45.9,45.61,22.3,14.6,48.66,0.46,0.62,166,8,12,20,26.09,32.26,8.71,6,2,11,7,10,60.0,31.65,43.4,53.14,48.6,28.58,0,Independiente Santa Fe 3-2 Millonarios,2026-09-02
Once Caldas,1.98,0.58,1.4,1.97,0.58,1.39,0.01,0.0,0.01,1.98,0.58,1.4,0.18,0.32,0.37,0.0,0.37,2,1,1,-0.4,55.9,67.45,15.4,25.5,50.05,0.96,0.55,265,14,21,9,21.88,16.36,11.93,3,2,16,4,14,168.8,85.08,50.53,38.73,142.23,81.9,1,Fortaleza 1-2 Once Caldas,2026-09-01
Fortaleza,0.58,1.98,-1.4,0.58,1.97,-1.39,0.0,0.01,-0.01,0.58,1.98,-1.4,0.32,0.18,0.0,0.37,-0.37,1,2,-1,0.4,44.1,32.55,25.5,15.4,42.59,0.55,0.96,146,4,9,21,16.36,21.88,20.25,2,3,8,0,7,29.6,14.92,79.93,61.27,31.43,18.1,0,Fortaleza 1-2 Once Caldas,2026-09-01
Cúcuta Deportivo,0.85,0.83,0.02,0.85,0.69,0.16,0.0,0.14,-0.14,0.85,0.83,0.02,0.0,0.1,0.0,0.23,-0.23,1,2,-1,-1.02,45.4,53.88,20.2,16.9,43.21,0.36,0.38,161,9,5,15,13.89,39.47,17.08,3,3,17,2,8,56.4,35.9,54.6,50.22,51.5,27.38,1,Deportes Tolima 2-1 Cúcuta Deportivo,2026-08-31
Deportes Tolima,0.83,0.85,-0.02,0.69,0.85,-0.16,0.14,0.0,0.14,0.83,0.85,-0.02,0.1,0.0,0.23,0.0,0.23,2,1,1,1.02,54.6,46.12,16.9,20.2,43.86,0.38,0.36,169,16,15,5,39.47,13.89,14.87,3,3,13,6,11,100.7,64.1,54.13,49.78,136.57,72.62,0,Deportes Tolima 2-1 Cúcuta Deportivo,2026-08-31
Deportivo Pereira,1.25,3.36,-2.11,1.11,3.04,-1.93,0.14,0.32,-0.18,1.25,3.36,-2.11,0.0,1.25,0.06,0.52,-0.46,2,1,1,3.11,45.3,23.34,21.4,24.8,36.82,0.31,1.9,109,5,8,31,25.81,16.32,21.6,1,3,8,3,11,24.7,9.17,51.2,37.03,22.7,9.43,0,Deportivo Pasto 1-2 Deportivo Pereira,2026-08-31
Deportivo Pasto,3.36,1.25,2.11,3.04,1.11,1.93,0.32,0.14,0.18,3.36,1.25,2.11,1.25,0.0,0.52,0.06,0.46,1,2,-1,-3.11,54.7,76.66,24.8,21.4,56.02,1.9,0.31,329,23,31,8,16.32,25.81,14.75,3,1,36,8,8,244.7,90.83,87.07,62.97,218.07,90.57,1,Deportivo Pasto 1-2 Deportivo Pereira,2026-08-31
Atlético Bucaramanga,0.54,2.82,-2.28,0.54,1.27,-0.73,0.0,0.03,-0.03,0.54,1.3,-0.76,0.14,0.42,0.11,0.42,-0.31,1,1,0,2.28,34.6,30.74,18.1,21.6,41.63,0.71,1.03,93,5,8,13,11.27,12.62,15.14,3,5,8,2,20,27.8,17.28,129.73,87.89,91.47,55.31,1,Deportivo Cali 1-1 Atlético Bucaramanga,2026-08-30
Deportivo Cali,2.82,0.54,2.28,1.27,0.54,0.73,0.03,0.0,0.03,1.3,0.54,0.76,0.42,0.14,0.42,0.11,0.31,1,1,0,-2.28,65.4,69.26,21.6,18.1,48.04,1.03,0.71,251,15,13,8,12.62,11.27,6.5,5,3,15,1,10,133.1,82.72,17.87,12.11,73.9,44.69,2,Deportivo Cali 1-1 Atlético Bucaramanga,2026-08-30
Inter Bogotá,1.46,1.01,0.45,0.58,0.69,-0.11,0.88,0.32,0.56,1.46,1.01,0.45,0.22,0.13,0.9,0.27,0.63,0,0,0,-0.45,38.9,33.47,24.2,18.1,44.21,0.6,0.9,112,9,10,14,16.67,15.56,11.69,6,4,14,5,13,33.8,20.92,74.73,91.96,70.37,42.25,0,Millonarios 0-0 Inter Bogotá,2026-08-30
Millonarios,1.01,1.46,-0.45,0.69,0.58,0.11,0.32,0.88,-0.56,1.01,1.46,-0.45,0.13,0.22,0.27,0.9,-0.63,0,0,0,0.45,61.1,66.53,18.1,24.2,48.29,0.9,0.6,232,11,14,10,15.56,16.67,8.81,4,6,19,7,9,127.8,79.08,6.53,8.04,96.17,57.75,0,Millonarios 0-0 Inter Bogotá,2026-08-30
Llaneros,0.89,1.52,-0.63,0.73,1.5,-0.77,0.16,0.02,0.14,0.89,1.52,-0.63,0.07,0.78,0.54,0.21,0.33,1,2,-1,-0.37,50.0,65.57,20.2,25.7,49.36,0.29,0.61,228,7,7,11,24.14,18.03,14.89,4,2,25,5,10,94.8,62.12,46.07,43.0,69.83,46.25,2,Independiente Medellín 2-1 Llaneros,2026-08-30
Independiente Medellín,1.52,0.89,0.63,1.5,0.73,0.77,0.02,0.16,-0.14,1.52,0.89,0.63,0.78,0.07,0.21,0.54,-0.33,2,1,1,0.37,50.0,34.43,25.7,20.2,41.93,0.61,0.29,141,6,11,7,18.03,24.14,13.19,2,4,8,2,10,57.8,37.88,61.07,57.0,81.17,53.75,0,Independiente Medellín 2-1 Llaneros,2026-08-30
Boyacá Chicó,1.32,1.53,-0.21,1.1,0.45,0.65,0.22,0.32,-0.1,1.32,0.77,0.55,0.21,0.0,0.22,0.35,-0.13,2,2,0,0.21,17.2,21.39,18.2,24.2,40.4,0.24,0.57,21,4,3,10,12.5,17.54,22.53,0,1,6,2,9,7.9,5.77,114.33,100.0,58.93,56.87,1,Águilas Doradas 2-2 Boyacá Chicó,2026-08-30
Águilas Doradas,1.53,1.32,0.21,0.45,1.1,-0.65,0.32,0.22,0.1,0.77,1.32,-0.55,0.0,0.21,0.35,0.22,0.13,2,2,0,-0.21,82.8,78.61,24.2,18.2,48.59,0.57,0.24,198,17,10,3,17.54,12.5,5.5,1,0,17,9,4,129.0,94.23,0.0,0.0,44.7,43.13,3,Águilas Doradas 2-2 Boyacá Chicó,2026-08-30
Atlético Nacional,4.6,1.33,3.27,3.46,0.39,3.07,1.14,0.18,0.96,4.6,0.57,4.03,0.0,0.0,1.44,0.17,1.27,5,1,4,0.73,62.6,64.83,21.6,24.6,46.32,1.03,0.26,199,19,23,8,22.33,30.77,8.48,2,4,9,6,13,144.4,92.74,6.47,7.41,115.2,84.25,0,Alianza 1-5 Atlético Nacional,2026-08-29
Alianza,1.33,4.6,-3.27,0.39,3.46,-3.07,0.18,1.14,-0.96,0.57,4.6,-4.03,0.0,0.0,0.17,1.44,-1.27,1,5,-4,-0.73,37.4,35.17,24.6,21.6,46.56,0.26,1.03,115,4,8,23,30.77,22.33,11.0,4,2,15,2,16,11.3,7.26,80.8,92.59,21.53,15.75,1,Alianza 1-5 Atlético Nacional,2026-08-29
Independiente Santa Fe,1.14,2.03,-0.89,0.82,1.69,-0.87,0.32,0.34,-0.02,1.14,2.03,-0.89,0.59,1.01,0.81,0.76,0.05,1,1,0,0.89,43.9,40.14,15.9,27.9,46.71,0.61,0.9,161,9,14,19,22.95,21.11,14.36,1,4,17,5,13,75.6,37.52,51.0,62.81,75.33,40.47,0,Junior 1-1 Independiente Santa Fe,2026-08-29
Junior,2.03,1.14,0.89,1.69,0.82,0.87,0.34,0.32,0.02,2.03,1.14,0.89,1.01,0.59,0.76,0.81,-0.05,1,1,0,-0.89,56.1,59.86,27.9,15.9,50.0,0.9,0.61,224,15,19,14,21.11,22.95,7.95,4,1,27,6,15,125.9,62.48,30.2,37.19,110.83,59.53,2,Junior 1-1 Independiente Santa Fe,2026-08-29
América de Cali,2.69,0.92,1.77,1.64,0.7,0.94,0.29,0.22,0.07,1.93,0.92,1.01,0.32,0.0,1.05,0.53,0.52,2,2,0,-1.77,65.1,79.5,18.1,15.9,60.03,1.37,0.2,429,31,20,6,14.6,30.0,7.47,10,1,48,13,12,313.1,90.89,32.07,25.89,249.5,86.92,0,Jaguares de Córdoba 2-2 América de Cali,2026-08-29
Jaguares de Córdoba,0.92,2.69,-1.77,0.7,1.64,-0.94,0.22,0.29,-0.07,0.92,1.93,-1.01,0.0,0.32,0.53,1.05,-0.52,2,2,0,1.77,34.9,20.5,15.9,18.1,40.91,0.2,1.37,101,8,6,20,30.0,14.6,22.12,1,10,9,3,10,31.4,9.11,91.8,74.11,37.53,13.08,0,Jaguares de Córdoba 2-2 América de Cali,2026-08-29
Deportivo Pasto,1.55,1.5,0.05,1.52,0.17,1.35,0.03,1.33,-1.3,1.55,1.5,0.05,0.26,0.08,0.14,1.35,-1.21,1,1,0,-0.05,48.4,48.31,15.4,23.9,43.17,0.33,0.67,149,6,9,15,27.27,22.39,10.83,7,3,12,2,9,71.6,44.78,52.13,51.38,69.3,47.47,2,Inter Bogotá 1-1 Deportivo Pasto,2026-08-27
Inter Bogotá,1.5,1.55,-0.05,0.17,1.52,-1.35,1.33,0.03,1.3,1.5,1.55,-0.05,0.08,0.26,1.35,0.14,1.21,1,1,0,0.05,51.6,51.69,23.9,15.4,46.45,0.67,0.33,202,18,15,9,22.39,27.27,10.14,3,7,28,10,14,88.3,55.22,49.33,48.62,76.7,52.53,2,Inter Bogotá 1-1 Deportivo Pasto,2026-08-27
Millonarios,2.0,1.04,0.96,1.91,1.04,0.87,0.1,0.0,0.1,2.0,1.04,0.96,0.39,0.0,0.4,0.13,0.27,2,0,2,1.04,67.2,66.56,18.9,31.5,51.25,0.58,0.48,307,11,19,5,32.76,10.42,6.17,4,6,15,5,14,161.7,88.26,4.07,3.23,90.87,64.2,1,Llaneros 0-2 Millonarios,2026-08-27
Llaneros,1.04,2.0,-0.96,1.04,1.91,-0.87,0.0,0.1,-0.1,1.04,2.0,-0.96,0.0,0.39,0.13,0.4,-0.27,0,2,-2,-1.04,32.8,33.44,31.5,18.9,45.42,0.48,0.58,100,10,5,19,10.42,32.76,14.37,6,4,11,2,13,21.5,11.74,122.07,96.77,50.67,35.8,1,Llaneros 0-2 Millonarios,2026-08-27
Deportivo Cali,0.45,1.28,-0.83,0.18,1.23,-1.05,0.27,0.06,0.21,0.45,1.28,-0.83,0.08,0.0,0.28,0.15,0.13,1,2,-1,-0.17,48.1,49.33,28.0,17.3,47.8,0.38,0.52,179,4,8,15,21.05,28.85,11.25,2,5,8,2,14,52.2,42.96,88.27,55.4,71.2,42.9,0,Atlético Nacional 2-1 Deportivo Cali,2026-08-26
Atlético Nacional,1.28,0.45,0.83,1.23,0.18,1.05,0.06,0.27,-0.21,1.28,0.45,0.83,0.0,0.08,0.15,0.28,-0.13,2,1,1,0.17,51.9,50.67,17.3,28.0,41.74,0.52,0.38,158,7,15,8,28.85,21.05,8.69,5,2,4,3,15,69.3,57.04,71.07,44.6,94.77,57.1,1,Atlético Nacional 2-1 Deportivo Cali,2026-08-26
Junior,1.42,2.63,-1.21,1.32,2.47,-1.15,0.1,0.16,-0.06,1.42,2.63,-1.21,0.71,0.44,0.1,0.3,-0.2,2,4,-2,-0.79,45.3,46.09,23.3,21.2,46.72,0.49,1.45,191,11,14,19,28.57,13.1,17.12,4,4,10,2,10,71.1,35.04,47.07,48.43,52.42,26.84,0,América de Cali 4-2 Junior,2026-08-26
América de Cali,2.63,1.42,1.21,2.47,1.32,1.15,0.16,0.1,0.06,2.63,1.42,1.21,0.44,0.71,0.3,0.1,0.2,4,2,2,0.79,54.7,53.91,21.2,23.3,48.61,1.45,0.49,265,21,19,14,13.1,28.57,15.59,4,4,15,4,6,131.8,64.96,50.13,51.57,142.86,73.16,0,América de Cali 4-2 Junior,2026-08-26
Fortaleza,0.13,1.16,-1.03,0.13,1.15,-1.02,0.0,0.01,-0.01,0.13,1.16,-1.03,0.0,0.46,0.05,0.01,0.04,0,0,0,1.03,54.0,47.93,21.5,21.4,45.56,0.4,0.67,153,4,4,13,10.0,19.4,6.89,4,1,9,4,12,40.7,34.4,12.13,24.93,22.73,21.29,3,Boyacá Chicó 0-0 Fortaleza,2026-08-26
Boyacá Chicó,1.16,0.13,1.03,1.15,0.13,1.02,0.01,0.0,0.01,1.16,0.13,1.03,0.46,0.0,0.01,0.05,-0.04,0,0,0,-1.03,46.0,52.07,21.4,21.5,48.61,0.67,0.4,146,11,13,4,19.4,10.0,8.62,1,4,19,3,24,77.6,65.6,36.53,75.07,84.03,78.71,0,Boyacá Chicó 0-0 Fortaleza,2026-08-26
Alianza,2.19,1.54,0.65,1.43,0.77,0.66,0.0,0.01,-0.01,1.43,0.78,0.65,0.38,0.11,0.73,0.46,0.27,0,1,-1,-1.65,45.4,47.41,11.9,15.7,48.6,0.69,0.6,171,10,12,10,17.39,16.67,8.23,9,2,21,5,15,71.1,53.34,78.73,71.7,95.17,66.24,2,Cúcuta Deportivo 1-0 Alianza,2026-08-25
Cúcuta Deportivo,1.54,2.19,-0.65,0.77,1.43,-0.66,0.01,0.0,0.01,0.78,1.43,-0.65,0.11,0.38,0.46,0.73,-0.27,1,0,1,1.65,54.6,52.59,15.7,11.9,42.84,0.6,0.69,163,10,10,12,16.67,17.39,9.12,2,9,9,3,18,62.2,46.66,31.07,28.3,48.5,33.76,4,Cúcuta Deportivo 1-0 Alianza,2026-08-25
Once Caldas,0.44,1.35,-0.91,0.39,1.3,-0.91,0.04,0.05,-0.01,0.44,1.35,-0.91,0.04,0.35,0.04,0.02,0.02,1,1,0,0.91,53.9,53.52,20.1,21.1,48.43,0.7,0.73,247,8,10,15,14.29,20.55,10.52,2,2,14,3,13,90.0,53.16,57.87,42.28,61.5,47.33,1,Junior 1-1 Once Caldas,2026-08-23
Junior,1.35,0.44,0.91,1.3,0.39,0.91,0.05,0.04,0.01,1.35,0.44,0.91,0.35,0.04,0.02,0.04,-0.02,1,1,0,-0.91,46.1,46.48,21.1,20.1,49.35,0.73,0.7,209,10,15,10,20.55,14.29,14.44,2,2,12,4,16,79.3,46.84,79.0,57.72,68.43,52.67,0,Junior 1-1 Once Caldas,2026-08-23
Inter Bogotá,0.76,1.73,-0.97,0.76,1.46,-0.7,0.0,0.27,-0.27,0.76,1.73,-0.97,0.16,0.46,0.07,0.53,-0.46,2,2,0,0.97,38.1,35.06,19.7,20.2,46.52,0.8,1.52,160,6,10,14,12.5,9.21,14.39,5,1,10,3,4,66.4,28.97,106.47,79.73,64.37,40.09,0,Deportivo Cali 2-2 Inter Bogotá,2026-08-23
Deportivo Cali,1.73,0.76,0.97,1.46,0.76,0.7,0.27,0.0,0.27,1.73,0.76,0.97,0.46,0.16,0.53,0.07,0.46,2,2,0,-0.97,61.9,64.94,20.2,19.7,51.67,1.52,0.8,342,22,14,10,9.21,12.5,16.89,1,5,26,7,5,162.8,71.03,27.07,20.27,96.2,59.91,3,Deportivo Cali 2-2 Inter Bogotá,2026-08-23
Llaneros,1.22,0.73,0.49,1.22,0.67,0.55,0.0,0.06,-0.06,1.22,0.73,0.49,0.49,0.24,0.0,0.09,-0.09,1,0,1,0.51,48.6,57.96,17.8,27.7,49.44,0.36,0.45,164,8,9,5,25.0,11.11,8.08,6,1,19,5,9,72.8,69.93,34.93,63.67,84.47,80.88,0,Deportivo Pasto 0-1 Llaneros,2026-08-23
Deportivo Pasto,0.73,1.22,-0.49,0.67,1.22,-0.55,0.06,0.0,0.06,0.73,1.22,-0.49,0.24,0.49,0.09,0.0,0.09,0,1,-1,-0.51,51.4,42.04,27.7,17.8,43.46,0.45,0.36,137,8,5,9,11.11,25.0,9.21,1,6,23,5,19,31.3,30.07,19.93,36.33,19.97,19.12,1,Deportivo Pasto 0-1 Llaneros,2026-08-23
Atlético Nacional,2.49,0.74,1.75,1.68,0.63,1.05,0.05,0.11,-0.06,1.73,0.74,0.99,0.82,0.09,0.7,0.19,0.51,2,1,1,-0.75,64.4,65.48,30.6,21.1,46.85,0.74,0.36,194,13,18,10,24.32,27.78,6.24,4,2,19,7,13,135.7,86.82,5.6,7.22,92.77,64.95,0,Fortaleza 1-2 Atlético Nacional,2026-08-23
Fortaleza,0.74,2.49,-1.75,0.63,1.68,-1.05,0.11,0.05,0.06,0.74,1.73,-0.99,0.09,0.82,0.19,0.7,-0.51,1,2,-1,0.75,35.6,34.52,21.1,30.6,43.04,0.36,0.74,92,9,10,18,27.78,24.32,13.7,2,4,11,4,14,20.6,13.18,72.0,92.78,50.07,35.05,2,Fortaleza 1-2 Atlético Nacional,2026-08-23
Cúcuta Deportivo,0.36,1.09,-0.73,0.36,0.97,-0.61,0.0,0.11,-0.11,0.36,1.09,-0.73,0.22,0.01,0.0,0.21,-0.21,1,0,1,1.73,35.9,29.64,17.1,20.3,42.06,0.67,0.61,108,7,7,21,10.45,34.43,14.4,1,5,9,1,12,19.7,10.34,88.73,86.15,60.3,40.73,1,Independiente Medellín 0-1 Cúcuta Deportivo,2026-08-22
Independiente Medellín,1.09,0.36,0.73,0.97,0.36,0.61,0.11,0.0,0.11,1.09,0.36,0.73,0.01,0.22,0.21,0.0,0.21,0,1,-1,-1.73,64.1,70.36,20.3,17.1,51.39,0.61,0.67,297,12,21,7,34.43,10.45,9.82,5,1,13,6,12,170.8,89.66,14.27,13.85,87.73,59.27,3,Independiente Medellín 0-1 Cúcuta Deportivo,2026-08-22
América de Cali,0.19,0.86,-0.67,0.19,0.66,-0.47,0.0,0.2,-0.2,0.19,0.86,-0.67,0.0,0.0,0.06,0.26,-0.2,0,0,0,0.67,54.2,53.47,18.6,19.0,49.03,0.48,0.19,175,8,4,18,8.33,94.74,10.05,1,4,9,2,9,71.6,52.88,25.73,31.43,36.77,38.25,1,Independiente Santa Fe 0-0 América de Cali,2026-08-22
Independiente Santa Fe,0.86,0.19,0.67,0.66,0.19,0.47,0.2,0.0,0.2,0.86,0.19,0.67,0.0,0.0,0.26,0.06,0.2,0,0,0,-0.67,45.8,46.53,19.0,18.6,47.02,0.19,0.48,146,7,18,4,94.74,8.33,9.96,4,1,24,8,10,63.8,47.12,56.13,68.57,59.37,61.75,1,Independiente Santa Fe 0-0 América de Cali,2026-08-22
Atlético Bucaramanga,0.26,1.43,-1.17,0.26,1.4,-1.14,0.0,0.03,-0.03,0.26,1.43,-1.17,0.0,0.51,0.03,0.31,-0.28,0,0,0,1.17,41.1,47.81,14.5,23.7,43.21,0.28,0.73,130,4,7,14,25.0,19.18,10.52,4,2,13,1,18,46.6,31.13,75.4,70.42,62.57,45.37,3,Deportes Tolima 0-0 Atlético Bucaramanga,2026-08-22
Deportes Tolima,1.43,0.26,1.17,1.4,0.26,1.14,0.03,0.0,0.03,1.43,0.26,1.17,0.51,0.0,0.31,0.03,0.28,0,0,0,-1.17,58.9,52.19,23.7,14.5,45.99,0.73,0.28,240,11,14,7,19.18,25.0,9.03,2,4,17,6,13,103.1,68.87,31.67,29.58,75.33,54.63,2,Deportes Tolima 0-0 Atlético Bucaramanga,2026-08-22
Millonarios,1.58,0.78,0.8,1.58,0.61,0.97,0.0,0.17,-0.17,1.58,0.78,0.8,0.0,0.07,0.83,0.02,0.81,1,1,0,-0.8,41.2,47.57,23.1,17.7,50.87,0.55,0.67,154,7,9,10,16.36,14.93,8.76,8,1,11,3,15,62.0,48.55,75.07,92.91,111.47,85.75,0,Águilas Doradas 1-1 Millonarios,2026-08-22
Águilas Doradas,0.78,1.58,-0.8,0.61,1.58,-0.97,0.17,0.0,0.17,0.78,1.58,-0.8,0.07,0.0,0.02,0.83,-0.81,1,1,0,0.8,58.8,52.43,17.7,23.1,43.48,0.67,0.55,180,8,10,9,14.93,16.36,9.16,1,8,9,6,13,65.7,51.45,5.73,7.09,18.53,14.25,0,Águilas Doradas 1-1 Millonarios,2026-08-22
Deportivo Pereira,1.5,1.42,0.08,1.34,1.16,0.18,0.16,0.26,-0.1,1.5,1.42,0.08,0.19,0.39,0.13,0.46,-0.33,0,0,0,-0.08,45.9,28.92,14.3,28.6,38.46,0.33,0.63,100,6,10,20,30.3,31.75,10.5,1,5,12,3,17,25.7,14.06,61.8,48.1,39.53,18.36,0,Alianza 0-0 Deportivo Pereira,2026-08-21
Alianza,1.42,1.5,-0.08,1.16,1.34,-0.18,0.26,0.16,0.1,1.42,1.5,-0.08,0.39,0.19,0.46,0.13,0.33,0,0,0,0.08,54.1,71.08,28.6,14.3,50.59,0.63,0.33,238,10,20,10,31.75,30.3,8.07,5,1,17,4,20,157.1,85.94,66.67,51.9,175.8,81.64,1,Alianza 0-0 Deportivo Pereira,2026-08-21
Boyacá Chicó,1.16,0.75,0.41,0.93,0.44,0.49,0.23,0.31,-0.08,1.16,0.75,0.41,0.29,0.0,0.65,0.34,0.31,0,1,-1,-1.41,56.9,58.51,17.8,17.2,49.39,0.73,0.73,212,16,13,9,17.81,12.33,9.0,2,4,27,11,9,92.9,64.69,25.87,25.92,44.9,36.31,2,Jaguares de Córdoba 1-0 Boyacá Chicó,2026-08-21
Jaguares de Córdoba,0.75,1.16,-0.41,0.44,0.93,-0.49,0.31,0.23,0.08,0.75,1.16,-0.41,0.0,0.29,0.34,0.65,-0.31,1,0,1,1.41,43.1,41.49,17.2,17.8,46.12,0.73,0.73,135,14,9,13,12.33,17.81,12.07,4,2,14,4,19,50.7,35.31,73.93,74.08,78.77,63.69,0,Jaguares de Córdoba 1-0 Boyacá Chicó,2026-08-21
Inter Bogotá,2.12,1.04,1.08,1.28,1.0,0.28,0.09,0.04,0.05,1.36,1.04,0.32,0.34,0.08,0.2,0.11,0.09,1,1,0,-1.08,51.4,43.87,23.8,21.4,42.15,0.59,1.09,134,8,11,14,18.64,12.84,10.0,2,2,18,7,17,74.4,42.49,39.4,36.35,89.63,41.18,0,Cúcuta Deportivo 1-1 Inter Bogotá,2026-08-19
Cúcuta Deportivo,1.04,2.12,-1.08,1.0,1.28,-0.28,0.04,0.09,-0.05,1.04,1.36,-0.32,0.08,0.34,0.11,0.2,-0.09,1,1,0,1.08,48.6,56.13,21.4,23.8,48.84,1.09,0.59,190,9,14,11,12.84,18.64,11.33,2,2,18,3,9,100.7,57.51,69.0,63.65,128.03,58.82,1,Cúcuta Deportivo 1-1 Inter Bogotá,2026-08-19
Llaneros,0.55,2.47,-1.92,0.49,0.84,-0.35,0.06,0.11,-0.05,0.55,0.95,-0.4,0.03,0.2,0.16,0.15,0.01,1,1,0,1.92,28.7,36.15,28.9,26.4,51.44,0.25,0.64,109,8,8,15,32.0,23.44,17.28,2,2,11,3,18,28.8,16.62,129.2,98.48,82.83,64.63,3,Águilas Doradas 1-1 Llaneros,2026-08-19
Águilas Doradas,2.47,0.55,1.92,0.84,0.49,0.35,0.11,0.06,0.05,0.95,0.55,0.4,0.2,0.03,0.15,0.16,-0.01,1,1,0,-1.92,71.3,63.85,26.4,28.9,47.22,0.64,0.25,244,13,15,8,23.44,32.0,6.36,2,2,15,5,6,144.5,83.38,2.0,1.52,45.33,35.37,3,Águilas Doradas 1-1 Llaneros,2026-08-19
Atlético Nacional,0.94,1.14,-0.2,0.58,1.09,-0.51,0.36,0.05,0.31,0.94,1.14,-0.2,0.17,0.03,0.49,0.16,0.33,0,1,-1,-0.8,61.7,60.9,28.2,22.5,48.06,0.5,0.54,252,16,16,13,32.0,24.07,8.93,2,1,30,13,17,117.0,66.82,15.73,16.55,85.37,42.91,2,América de Cali 1-0 Atlético Nacional,2026-08-09
América de Cali,1.14,0.94,0.2,1.09,0.58,0.51,0.05,0.36,-0.31,1.14,0.94,0.2,0.03,0.17,0.16,0.49,-0.33,1,0,1,0.8,38.3,39.1,22.5,28.2,46.48,0.54,0.5,141,9,13,16,24.07,32.0,13.93,1,2,9,2,15,58.1,33.18,79.33,83.45,113.57,57.09,0,América de Cali 1-0 Atlético Nacional,2026-08-09
Once Caldas,1.79,0.62,1.17,1.54,0.48,1.06,0.25,0.14,0.11,1.79,0.62,1.17,0.04,0.11,0.33,0.14,0.19,1,1,0,-1.17,56.7,67.68,18.2,21.8,56.28,0.89,0.81,323,22,22,14,24.72,17.28,11.92,5,5,23,5,9,220.4,80.91,39.0,34.33,187.1,77.67,1,Jaguares de Córdoba 1-1 Once Caldas,2026-08-09
Jaguares de Córdoba,0.62,1.79,-1.17,0.48,1.54,-1.06,0.14,0.25,-0.11,0.62,1.79,-1.17,0.11,0.04,0.14,0.33,-0.19,1,1,0,1.17,43.3,32.32,21.8,18.2,47.41,0.81,0.89,159,8,14,22,17.28,24.72,14.27,5,5,11,2,10,52.0,19.09,74.6,65.67,53.8,22.33,0,Jaguares de Córdoba 1-1 Once Caldas,2026-08-09
Atlético Bucaramanga,1.73,1.42,0.31,1.73,1.1,0.63,0.0,0.32,-0.32,1.73,1.42,0.31,0.7,0.0,0.07,0.99,-0.92,3,2,1,0.69,49.0,51.02,18.7,25.8,45.58,0.77,0.58,191,11,7,11,9.09,18.97,15.23,5,10,9,0,19,85.7,51.72,70.33,55.76,105.57,68.24,2,Alianza 2-3 Atlético Bucaramanga,2026-08-09
Alianza,1.42,1.73,-0.31,1.1,1.73,-0.63,0.32,0.0,0.32,1.42,1.73,-0.31,0.0,0.7,0.99,0.07,0.92,2,3,-1,-0.69,51.0,48.98,25.8,18.7,47.39,0.58,0.77,234,10,11,7,18.97,9.09,8.83,10,5,13,3,11,80.0,48.28,55.8,44.24,49.13,31.76,2,Alianza 2-3 Atlético Bucaramanga,2026-08-09
Deportivo Cali,1.06,0.86,0.2,0.88,0.67,0.21,0.17,0.18,-0.01,1.06,0.86,0.2,0.01,0.4,0.54,0.62,-0.08,2,0,2,1.8,38.8,49.82,14.3,23.8,51.56,0.53,1.53,192,14,20,12,37.74,7.84,11.97,7,3,8,3,20,99.3,50.51,101.13,89.97,179.47,80.93,2,Deportivo Pasto 0-2 Deportivo Cali,2026-08-08
Deportivo Pasto,0.86,1.06,-0.2,0.67,0.88,-0.21,0.18,0.17,0.01,0.86,1.06,-0.2,0.4,0.01,0.62,0.54,0.08,0,2,-2,-1.8,61.2,50.18,23.8,14.3,43.54,1.53,0.53,212,11,12,20,7.84,37.74,7.66,3,7,26,6,18,97.3,49.49,11.27,10.03,42.3,19.07,1,Deportivo Pasto 0-2 Deportivo Cali,2026-08-08
Inter Bogotá,0.95,1.96,-1.01,0.81,1.84,-1.03,0.14,0.12,0.02,0.95,1.96,-1.01,0.07,0.0,0.1,0.26,-0.16,1,2,-1,0.01,41.1,46.73,24.2,14.4,46.03,0.69,0.58,163,12,14,14,20.29,24.14,13.5,7,5,24,7,8,68.7,41.21,100.2,69.81,64.07,41.17,0,Deportes Tolima 2-1 Inter Bogotá,2026-08-08
Deportes Tolima,1.96,0.95,1.01,1.84,0.81,1.03,0.12,0.14,-0.02,1.96,0.95,1.01,0.0,0.07,0.26,0.1,0.16,2,1,1,-0.01,58.9,53.27,14.4,24.2,45.11,0.58,0.69,226,15,14,14,24.14,20.29,16.16,5,7,18,8,8,98.0,58.79,43.33,30.19,91.57,58.83,2,Deportes Tolima 2-1 Inter Bogotá,2026-08-08
Cúcuta Deportivo,1.62,1.18,0.44,1.39,1.14,0.25,0.23,0.05,0.18,1.62,1.18,0.44,0.54,0.16,0.46,0.49,-0.03,0,2,-2,-2.44,47.0,50.92,20.0,14.9,49.41,1.04,0.44,211,10,17,13,16.35,29.55,10.97,2,2,19,2,13,58.7,45.75,58.6,81.39,77.93,52.44,1,Fortaleza 2-0 Cúcuta Deportivo,2026-08-08
Fortaleza,1.18,1.62,-0.44,1.14,1.39,-0.25,0.05,0.23,-0.18,1.18,1.62,-0.44,0.16,0.54,0.49,0.46,0.03,2,0,2,2.44,53.0,49.08,14.9,20.0,45.9,0.44,1.04,192,7,13,17,29.55,16.35,11.79,2,2,16,1,13,69.6,54.25,13.4,18.61,70.67,47.56,4,Fortaleza 2-0 Cúcuta Deportivo,2026-08-08
Boyacá Chicó,0.63,1.15,-0.52,0.63,1.15,-0.52,0.0,0.0,0.0,0.63,1.15,-0.52,0.0,0.33,0.0,0.14,-0.14,0,2,-2,-1.48,43.9,43.22,24.4,21.7,45.12,0.46,1.15,171,8,5,9,10.87,7.83,13.83,3,5,9,0,17,44.2,33.28,59.47,76.11,61.5,46.38,1,Independiente Santa Fe 2-0 Boyacá Chicó,2026-08-08
Independiente Santa Fe,1.15,0.63,0.52,1.15,0.63,0.52,0.0,0.0,0.0,1.15,0.63,0.52,0.33,0.0,0.14,0.0,0.14,2,0,2,1.48,56.1,56.78,21.7,24.4,44.97,1.15,0.46,216,14,9,5,7.83,10.87,11.44,5,3,14,2,8,88.6,66.72,18.67,23.89,71.1,53.62,1,Independiente Santa Fe 2-0 Boyacá Chicó,2026-08-08
América de Cali,1.36,0.74,0.62,1.1,0.54,0.56,0.26,0.21,0.05,1.36,0.74,0.62,0.46,0.0,0.31,0.26,0.05,1,0,1,0.38,53.1,46.19,27.9,14.8,49.4,1.3,0.34,244,19,17,13,13.08,38.24,24.31,0,4,19,5,9,189.2,54.43,44.87,37.06,150.03,54.74,0,Once Caldas 0-1 América de Cali,2026-08-05
Once Caldas,0.74,1.36,-0.62,0.54,1.1,-0.56,0.21,0.26,-0.05,0.74,1.36,-0.62,0.0,0.46,0.26,0.31,-0.05,0,1,-1,-0.38,46.9,53.81,14.8,27.9,53.26,0.34,1.3,260,9,13,17,38.24,13.08,17.95,4,0,12,3,8,158.4,45.57,76.2,62.94,124.07,45.26,0,Once Caldas 0-1 América de Cali,2026-08-05
Jaguares de Córdoba,0.31,2.58,-2.27,0.31,1.6,-1.29,0.0,0.22,-0.22,0.31,1.82,-1.51,0.0,1.06,0.14,0.61,-0.47,0,1,-1,1.27,45.3,25.99,24.7,25.0,37.57,0.25,1.07,106,1,7,22,28.0,20.56,18.05,4,7,4,1,7,19.0,9.58,41.87,46.66,19.27,9.01,0,Inter Bogotá 1-0 Jaguares de Córdoba,2026-08-05
Inter Bogotá,2.58,0.31,2.27,1.6,0.31,1.29,0.22,0.0,0.22,1.82,0.31,1.51,1.06,0.0,0.61,0.14,0.47,1,0,1,-1.27,54.7,74.01,25.0,24.7,53.75,1.07,0.25,324,12,22,7,20.56,28.0,10.18,7,4,30,8,10,179.4,90.42,47.87,53.34,194.67,90.99,0,Inter Bogotá 1-0 Jaguares de Córdoba,2026-08-05
Deportivo Pasto,0.28,2.11,-1.83,0.28,1.11,-0.83,0.0,0.24,-0.24,0.28,1.35,-1.07,0.2,0.17,0.02,0.31,-0.29,0,2,-2,-0.17,67.3,63.87,18.5,26.7,47.2,0.44,1.05,254,4,5,17,11.36,16.19,6.97,2,8,10,3,11,84.8,48.43,0.6,0.53,37.77,16.58,2,Millonarios 2-0 Deportivo Pasto,2026-08-04
Millonarios,2.11,0.28,1.83,1.11,0.28,0.83,0.24,0.0,0.24,1.35,0.28,1.07,0.17,0.2,0.31,0.02,0.29,2,0,2,0.17,32.7,36.13,26.7,18.5,45.36,1.05,0.44,101,16,17,5,16.19,11.36,10.7,8,2,16,8,20,90.3,51.57,113.0,99.47,190.0,83.42,0,Millonarios 2-0 Deportivo Pasto,2026-08-04
Independiente Medellín,1.82,3.06,-1.24,1.82,2.21,-0.39,0.0,0.09,-0.09,1.82,2.3,-0.48,0.0,0.91,0.0,1.04,-1.04,3,2,1,2.24,34.0,28.18,13.8,31.2,45.2,0.76,2.04,126,10,14,22,18.42,10.78,18.35,3,7,11,2,10,38.5,12.4,88.93,87.65,103.37,52.84,0,Deportes Tolima 2-3 Independiente Medellín,2026-08-04
Deportes Tolima,3.06,1.82,1.24,2.21,1.82,0.39,0.09,0.0,0.09,2.3,1.82,0.48,0.91,0.0,1.04,0.0,1.04,2,3,-1,-2.24,66.0,71.82,31.2,13.8,53.22,2.04,0.76,345,19,22,14,10.78,18.42,8.85,7,3,22,9,7,271.9,87.6,12.53,12.35,92.27,47.16,1,Deportes Tolima 2-3 Independiente Medellín,2026-08-04
Fortaleza,0.69,1.49,-0.8,0.54,1.47,-0.93,0.14,0.02,0.12,0.69,1.49,-0.8,0.09,0.13,0.19,0.13,0.06,1,3,-2,-1.2,56.6,41.39,18.8,19.0,44.55,0.62,0.5,166,10,9,14,14.52,28.0,9.77,2,4,12,3,12,58.0,35.09,36.73,37.82,36.9,24.95,2,Llaneros 3-1 Fortaleza,2026-08-04
Llaneros,1.49,0.69,0.8,1.47,0.54,0.93,0.02,0.14,-0.12,1.49,0.69,0.8,0.13,0.09,0.13,0.19,-0.06,3,1,2,1.2,43.4,58.61,19.0,18.8,50.69,0.5,0.62,172,10,14,9,28.0,14.52,11.56,4,2,22,7,12,107.3,64.91,60.4,62.18,110.97,75.05,3,Llaneros 3-1 Fortaleza,2026-08-04
Cúcuta Deportivo,1.55,2.74,-1.19,0.77,2.65,-1.88,0.01,0.09,-0.08,0.79,2.74,-1.95,0.17,1.72,0.11,0.25,-0.14,1,1,0,1.19,35.7,31.4,23.3,21.8,43.16,0.47,2.02,85,10,8,25,17.02,12.38,9.77,4,2,11,1,14,37.7,17.17,72.0,79.82,44.97,25.22,0,Atlético Bucaramanga 1-1 Cúcuta Deportivo,2026-08-03
Atlético Bucaramanga,2.74,1.55,1.19,2.65,0.77,1.88,0.09,0.01,0.08,2.74,0.79,1.95,1.72,0.17,0.25,0.11,0.14,1,1,0,-1.19,64.3,68.6,21.8,23.3,51.57,2.02,0.47,264,23,25,8,12.38,17.02,8.58,2,4,34,3,12,181.9,82.83,18.2,20.18,133.37,74.78,0,Atlético Bucaramanga 1-1 Cúcuta Deportivo,2026-08-03
Once Caldas,1.75,0.65,1.1,1.64,0.42,1.22,0.1,0.23,-0.13,1.75,0.65,1.1,0.33,0.08,0.1,0.44,-0.34,2,2,0,-1.1,60.6,69.73,21.9,14.9,51.72,1.16,0.6,302,13,22,10,18.97,16.67,16.89,3,2,22,4,6,183.7,90.67,28.87,27.35,147.7,82.33,0,Independiente Santa Fe 2-2 Once Caldas,2026-08-02
Independiente Santa Fe,0.65,1.75,-1.1,0.42,1.64,-1.22,0.23,0.1,0.13,0.65,1.75,-1.1,0.08,0.33,0.44,0.1,0.34,2,2,0,1.1,39.4,30.27,14.9,21.9,43.85,0.6,1.16,130,9,10,22,16.67,18.97,20.62,2,3,15,3,4,18.9,9.33,76.67,72.65,31.7,17.67,0,Independiente Santa Fe 2-2 Once Caldas,2026-08-02
Boyacá Chicó,0.55,2.57,-2.02,0.55,2.04,-1.49,0.0,0.53,-0.53,0.55,2.57,-2.02,0.12,0.07,0.0,1.48,-1.48,0,7,-7,-4.98,38.8,38.27,18.8,22.3,44.95,0.05,1.14,154,7,4,17,80.0,14.91,21.38,6,5,4,2,6,34.6,16.54,84.73,73.55,23.63,6.15,1,América de Cali 7-0 Boyacá Chicó,2026-08-02
América de Cali,2.57,0.55,2.02,2.04,0.55,1.49,0.53,0.0,0.53,2.57,0.55,2.02,0.07,0.12,1.48,0.0,1.48,7,0,7,4.98,61.2,61.73,22.3,18.8,49.97,1.14,0.05,295,24,17,4,14.91,80.0,9.21,5,6,16,9,16,174.6,83.46,30.47,26.45,360.84,93.85,0,América de Cali 7-0 Boyacá Chicó,2026-08-02
Atlético Nacional,1.55,0.95,0.6,1.52,0.91,0.61,0.03,0.04,-0.01,1.55,0.95,0.6,0.0,0.05,0.04,0.31,-0.27,3,0,3,2.4,60.3,59.82,23.4,23.4,43.96,0.48,0.48,176,12,12,19,25.0,39.58,8.13,1,1,9,4,10,97.8,65.9,18.47,14.58,65.33,53.51,0,Jaguares de Córdoba 0-3 Atlético Nacional,2026-08-02
Jaguares de Córdoba,0.95,1.55,-0.6,0.91,1.52,-0.61,0.04,0.03,0.01,0.95,1.55,-0.6,0.05,0.0,0.31,0.04,0.27,0,3,-3,-2.4,39.7,40.18,23.4,23.4,48.48,0.48,0.48,141,6,19,12,39.58,25.0,13.36,1,1,17,8,16,50.6,34.1,108.2,85.42,56.77,46.49,2,Jaguares de Córdoba 0-3 Atlético Nacional,2026-08-02
Millonarios,1.01,0.57,0.44,0.91,0.57,0.34,0.09,0.0,0.09,1.01,0.57,0.44,0.24,0.0,0.44,0.01,0.43,1,0,1,0.56,44.2,56.72,18.0,21.6,47.8,0.65,0.56,205,11,17,7,26.15,12.5,11.1,8,7,21,7,15,110.7,69.93,70.27,67.35,129.73,81.0,2,Junior 0-1 Millonarios,2026-08-01
Junior,0.57,1.01,-0.44,0.57,0.91,-0.34,0.0,0.09,-0.09,0.57,1.01,-0.44,0.0,0.24,0.01,0.44,-0.43,0,1,-1,-0.56,55.8,43.28,21.6,18.0,45.7,0.56,0.65,220,7,7,17,12.5,26.15,9.46,7,8,13,2,11,47.6,30.07,34.07,32.65,30.43,19.0,0,Junior 0-1 Millonarios,2026-08-01
Deportivo Cali,1.79,1.43,0.36,1.67,1.18,0.49,0.12,0.25,-0.13,1.79,1.43,0.36,1.19,0.56,0.25,0.44,-0.19,0,1,-1,-1.36,41.9,41.22,20.0,22.0,47.72,0.71,0.73,185,13,11,13,15.49,17.81,12.0,4,4,17,2,17,75.7,39.57,97.27,75.91,90.63,58.52,4,Independiente Medellín 1-0 Deportivo Cali,2026-08-01
Independiente Medellín,1.43,1.79,-0.36,1.18,1.67,-0.49,0.25,0.12,0.13,1.43,1.79,-0.36,0.56,1.19,0.44,0.25,0.19,1,0,1,1.36,58.1,58.78,22.0,20.0,44.0,0.73,0.71,215,14,13,11,17.81,15.49,8.5,4,4,16,3,13,115.6,60.43,30.87,24.09,64.23,41.48,3,Independiente Medellín 1-0 Deportivo Cali,2026-08-01
Deportes Tolima,1.52,1.27,0.25,0.76,1.21,-0.45,0.0,0.06,-0.06,0.76,1.27,-0.51,0.0,0.31,0.0,0.06,-0.06,2,1,1,0.75,66.6,67.45,15.9,19.0,49.05,0.86,0.94,302,12,12,12,13.95,12.77,8.28,2,9,11,2,12,140.1,86.48,7.8,6.66,82.77,53.79,1,Alianza 1-2 Deportes Tolima,2026-08-01
Alianza,1.27,1.52,-0.25,1.21,0.76,0.45,0.06,0.0,0.06,1.27,0.76,0.51,0.31,0.0,0.06,0.0,0.06,1,2,-1,-0.75,33.4,32.55,19.0,15.9,43.03,0.94,0.86,118,9,12,12,12.77,13.95,14.74,9,2,11,2,12,21.9,13.52,109.33,93.34,71.1,46.21,0,Alianza 1-2 Deportes Tolima,2026-08-01
Águilas Doradas,3.0,0.73,2.27,2.96,0.73,2.23,0.05,0.0,0.05,3.0,0.73,2.27,0.42,0.0,0.31,0.04,0.27,2,1,1,-1.27,56.2,58.23,24.1,14.1,47.24,1.33,0.77,251,18,18,9,13.53,11.69,11.53,6,1,15,5,12,168.1,65.9,52.33,45.01,133.6,76.91,1,Deportivo Pasto 1-2 Águilas Doradas,2026-08-01
Deportivo Pasto,0.73,3.0,-2.27,0.73,2.96,-2.23,0.0,0.05,-0.05,0.73,3.0,-2.27,0.0,0.42,0.04,0.31,-0.27,1,2,-1,1.27,43.8,41.77,14.1,24.1,44.58,0.77,1.33,177,8,9,18,11.69,13.53,20.41,1,6,11,3,9,87.0,34.1,63.93,54.99,40.1,23.09,0,Deportivo Pasto 1-2 Águilas Doradas,2026-08-01
Deportivo Pereira,0.21,2.07,-1.86,0.21,1.59,-1.38,0.0,0.48,-0.48,0.21,2.07,-1.86,0.0,0.88,0.1,0.48,-0.38,0,0,0,1.86,41.5,34.89,14.7,25.2,40.48,0.11,1.21,108,3,6,20,54.55,16.53,18.42,0,6,9,0,10,32.3,20.31,79.13,77.28,40.13,33.78,0,Fortaleza 0-0 Deportivo Pereira,2026-07-31
Fortaleza,2.07,0.21,1.86,1.59,0.21,1.38,0.48,0.0,0.48,2.07,0.21,1.86,0.88,0.0,0.48,0.1,0.38,0,0,0,-1.86,58.5,65.11,25.2,14.7,51.33,1.21,0.11,302,11,20,6,16.53,54.55,10.81,6,0,24,9,10,126.7,79.69,23.27,22.72,78.67,66.22,4,Fortaleza 0-0 Deportivo Pereira,2026-07-31
Llaneros,0.95,0.3,0.65,0.29,0.29,0.0,0.66,0.01,0.65,0.95,0.3,0.65,0.0,0.0,0.78,0.02,0.76,1,1,0,-0.65,39.8,38.44,23.5,28.7,49.04,0.68,0.76,161,17,8,7,11.76,9.21,10.97,7,5,14,5,8,58.1,35.11,67.53,86.96,86.87,51.67,4,Atlético Bucaramanga 1-1 Llaneros,2026-07-30
Atlético Bucaramanga,0.3,0.95,-0.65,0.29,0.29,0.0,0.01,0.66,-0.65,0.3,0.95,-0.65,0.0,0.0,0.02,0.78,-0.76,1,1,0,0.65,60.2,61.56,28.7,23.5,47.63,0.76,0.68,244,8,7,8,9.21,11.76,8.52,5,7,28,6,10,107.4,64.89,10.13,13.04,81.27,48.33,2,Atlético Bucaramanga 1-1 Llaneros,2026-07-30
Cúcuta Deportivo,1.76,1.49,0.27,1.65,1.33,0.32,0.11,0.16,-0.05,1.76,1.49,0.27,0.11,0.03,0.31,0.18,0.13,1,5,-4,-4.27,57.8,45.95,21.0,17.4,45.48,1.14,0.62,226,15,25,16,21.93,25.81,10.54,3,3,20,10,3,118.3,57.12,15.13,16.37,53.69,19.12,0,Once Caldas 5-1 Cúcuta Deportivo,2026-07-26
Once Caldas,1.49,1.76,-0.27,1.33,1.65,-0.32,0.16,0.11,0.05,1.49,1.76,-0.27,0.03,0.11,0.18,0.31,-0.13,5,1,4,4.27,42.2,54.05,17.4,21.0,48.13,0.62,1.14,173,12,16,25,25.81,21.93,21.5,3,3,12,7,15,88.8,42.88,77.27,83.63,227.09,80.88,0,Once Caldas 5-1 Cúcuta Deportivo,2026-07-26
Fortaleza,0.58,0.78,-0.2,0.58,0.77,-0.19,0.0,0.01,-0.01,0.58,0.78,-0.2,0.0,0.2,0.05,0.05,0.0,1,1,0,0.2,43.6,33.01,21.4,25.5,42.09,0.21,1.02,139,9,5,13,23.81,12.75,12.57,1,3,6,3,17,28.9,17.61,52.07,53.31,34.3,25.23,4,Alianza 1-1 Fortaleza,2026-07-26
Alianza,0.78,0.58,0.2,0.77,0.58,0.19,0.01,0.0,0.01,0.78,0.58,0.2,0.2,0.0,0.05,0.05,0.0,1,1,0,-0.2,56.4,66.99,25.5,21.4,51.67,1.02,0.21,290,11,13,5,12.75,23.81,8.84,3,1,42,5,14,135.2,82.39,45.6,46.69,101.63,74.77,3,Alianza 1-1 Fortaleza,2026-07-26
Independiente Santa Fe,1.12,2.75,-1.63,0.36,2.75,-2.39,0.0,0.0,0.0,0.36,2.75,-2.39,0.06,0.2,0.0,0.58,-0.58,1,2,-1,0.63,44.4,50.62,19.5,25.9,49.06,0.48,0.97,195,6,10,17,20.83,17.53,15.35,3,3,10,1,12,71.0,36.64,80.0,70.67,76.6,48.33,0,Águilas Doradas 2-1 Independiente Santa Fe,2026-07-26
Águilas Doradas,2.75,1.12,1.63,2.75,0.36,2.39,0.0,0.0,0.0,2.75,0.36,2.39,0.2,0.06,0.58,0.0,0.58,2,1,1,-0.63,55.6,49.38,25.9,19.5,46.38,0.97,0.48,213,19,17,10,17.53,20.83,9.44,3,3,9,2,10,122.8,63.36,33.2,29.33,81.9,51.67,0,Águilas Doradas 2-1 Independiente Santa Fe,2026-07-26
América de Cali,1.64,1.22,0.42,0.88,0.4,0.48,0.0,0.06,-0.06,0.88,0.46,0.42,0.41,0.02,0.0,0.09,-0.09,2,0,2,1.58,54.7,47.78,17.8,24.0,41.89,1.1,0.81,166,11,7,13,6.36,16.05,13.0,0,5,3,1,10,66.7,44.74,38.53,30.92,53.33,42.03,0,Inter Bogotá 0-2 América de Cali,2026-07-26
Inter Bogotá,1.22,1.64,-0.42,0.4,0.88,-0.48,0.06,0.0,0.06,0.46,0.88,-0.42,0.02,0.41,0.09,0.0,0.09,0,2,-2,-1.58,45.3,52.22,24.0,17.8,46.56,0.81,1.1,180,10,13,7,16.05,6.36,17.12,5,0,19,8,9,82.4,55.26,86.07,69.08,73.57,57.97,1,Inter Bogotá 0-2 América de Cali,2026-07-26
Junior,1.34,2.8,-1.46,0.74,2.8,-2.06,0.61,0.0,0.61,1.34,2.8,-1.46,0.23,0.01,0.81,0.0,0.81,1,2,-1,0.46,59.7,71.34,20.9,16.8,50.58,0.99,0.51,376,16,14,10,14.14,19.61,9.8,10,7,17,7,8,180.7,75.35,57.4,33.61,101.07,60.78,1,Deportes Tolima 2-1 Junior,2026-07-25
Deportes Tolima,2.8,1.34,1.46,2.8,0.74,2.06,0.0,0.61,-0.61,2.8,1.34,1.46,0.01,0.23,0.0,0.81,-0.81,2,1,1,-0.46,40.3,28.66,16.8,20.9,42.0,0.51,0.99,157,10,10,14,19.61,14.14,13.33,7,10,5,1,14,59.1,24.65,113.4,66.39,65.23,39.22,0,Deportes Tolima 2-1 Junior,2026-07-25
Atlético Bucaramanga,1.12,1.05,0.07,1.11,0.55,0.56,0.02,0.5,-0.48,1.12,1.05,0.07,0.25,0.09,0.67,0.6,0.07,1,0,1,0.93,44.2,29.27,22.2,17.4,37.44,0.29,1.26,112,4,9,19,31.03,15.08,15.08,5,8,17,5,6,12.4,6.27,60.47,62.0,9.57,5.95,3,Millonarios 0-1 Atlético Bucaramanga,2026-07-25
Millonarios,1.05,1.12,-0.07,0.55,1.11,-0.56,0.5,0.02,0.48,1.05,1.12,-0.07,0.09,0.25,0.6,0.67,-0.07,0,1,-1,-0.93,55.8,70.73,17.4,22.2,54.13,1.26,0.29,326,18,19,9,15.08,31.03,12.4,8,5,30,8,9,185.4,93.73,37.07,38.0,151.37,94.05,0,Millonarios 0-1 Atlético Bucaramanga,2026-07-25
Deportivo Pasto,0.7,2.35,-1.65,0.43,2.32,-1.89,0.27,0.03,0.24,0.7,2.35,-1.65,0.0,0.48,0.4,0.07,0.33,2,3,-1,0.65,54.8,54.64,19.7,21.1,43.09,0.57,0.56,196,6,12,8,21.05,14.29,8.65,3,3,24,4,12,95.2,66.71,26.93,21.47,48.83,34.79,3,Independiente Medellín 3-2 Deportivo Pasto,2026-07-25
Independiente Medellín,2.35,0.7,1.65,2.32,0.43,1.89,0.03,0.27,-0.24,2.35,0.7,1.65,0.48,0.0,0.07,0.4,-0.33,3,2,1,-0.65,45.2,45.36,21.1,19.7,46.63,0.56,0.57,177,5,8,12,14.29,21.05,12.8,3,3,13,4,18,47.5,33.29,98.53,78.53,91.53,65.21,1,Independiente Medellín 3-2 Deportivo Pasto,2026-07-25
Jaguares de Córdoba,0.79,1.39,-0.6,0.79,1.34,-0.55,0.0,0.05,-0.05,0.79,1.39,-0.6,0.32,0.62,0.0,0.33,-0.33,0,2,-2,-1.4,39.8,23.49,26.2,18.8,40.72,0.32,1.5,117,1,8,13,25.0,8.67,12.42,4,4,6,3,15,8.4,3.69,90.8,89.19,26.1,11.83,0,Deportivo Cali 2-0 Jaguares de Córdoba,2026-07-24
Deportivo Cali,1.39,0.79,0.6,1.34,0.79,0.55,0.05,0.0,0.05,1.39,0.79,0.6,0.62,0.32,0.33,0.0,0.33,2,0,2,1.4,60.2,76.51,18.8,26.2,53.19,1.5,0.32,332,16,13,8,8.67,25.0,8.16,4,4,22,6,14,219.1,96.31,11.0,10.81,194.53,88.17,1,Deportivo Cali 2-0 Jaguares de Córdoba,2026-07-24
Deportivo Pereira,0.5,2.72,-2.22,0.49,2.35,-1.86,0.01,0.37,-0.36,0.5,2.72,-2.22,0.08,0.41,0.16,0.89,-0.73,0,1,-1,1.22,54.0,41.64,26.0,14.7,42.07,0.18,1.27,143,3,9,21,50.0,16.54,11.16,0,3,17,3,17,33.9,18.74,39.4,34.36,23.37,10.77,0,Llaneros 1-0 Deportivo Pereira,2026-07-24
Llaneros,2.72,0.5,2.22,2.35,0.49,1.86,0.37,0.01,0.36,2.72,0.5,2.22,0.41,0.08,0.89,0.16,0.73,1,0,1,-1.22,46.0,58.36,14.7,26.0,49.42,1.27,0.18,176,20,21,9,16.54,50.0,12.86,3,0,21,6,12,147.0,81.26,75.27,65.64,193.63,89.23,1,Llaneros 1-0 Deportivo Pereira,2026-07-24
Junior,0.53,3.3,-2.77,0.53,2.08,-1.55,0.0,0.46,-0.46,0.53,2.54,-2.01,,,,,,0,1,-1,1.77,32.2,31.6,,,45.6,0.17,1.88,94,1,11,35,64.71,18.62,19.39,1,2,7,5,9,20.3,9.22,86.47,92.05,19.67,12.54,1,Atlético Nacional 1-0 Junior,2026-06-08
Atlético Nacional,3.3,0.53,2.77,2.08,0.53,1.55,0.46,0.0,0.46,2.54,0.53,2.01,,,,,,1,0,1,-1.77,67.8,68.4,,,51.26,1.88,0.17,260,29,35,11,18.62,64.71,8.18,2,1,35,13,6,199.9,90.78,7.47,7.95,137.17,87.46,1,Atlético Nacional 1-0 Junior,2026-06-08
Atlético Nacional,0.8,1.66,-0.86,0.8,0.6,0.2,0.0,0.31,-0.31,0.8,0.9,-0.1,,,,,,0,3,-3,-2.14,57.9,55.94,,,45.99,0.9,0.51,168,14,9,21,10.0,41.18,7.22,4,2,10,3,13,83.5,47.61,9.0,10.73,41.08,17.2,1,Junior 3-0 Atlético Nacional,2026-06-02
Junior,1.66,0.8,0.86,0.6,0.8,-0.2,0.31,0.0,0.31,0.9,0.8,0.1,,,,,,3,0,3,2.14,42.1,44.06,,,50.33,0.51,0.9,150,5,21,9,41.18,10.0,12.0,2,4,8,6,13,91.9,52.39,74.87,89.27,197.81,82.8,0,Junior 3-0 Atlético Nacional,2026-06-02
Independiente Santa Fe,0.64,1.54,-0.9,0.64,1.48,-0.84,0.0,0.06,-0.06,0.64,1.54,-0.9,,,,,,0,0,0,0.9,31.6,27.19,,,44.65,0.53,1.14,105,5,4,24,7.55,21.05,16.59,0,1,6,3,12,24.6,8.57,71.93,82.37,29.47,12.26,2,Junior 0-0 Independiente Santa Fe,2026-05-23
Junior,1.54,0.64,0.9,1.48,0.64,0.84,0.06,0.0,0.06,1.54,0.64,0.9,,,,,,0,0,0,-0.9,68.4,72.81,,,55.03,1.14,0.53,341,19,24,4,21.05,7.55,7.93,1,0,29,7,14,262.6,91.43,15.4,17.63,210.93,87.74,1,Junior 0-0 Independiente Santa Fe,2026-05-23
Deportes Tolima,1.3,1.77,-0.47,1.27,1.58,-0.31,0.03,0.19,-0.16,1.3,1.77,-0.47,,,,,,1,3,-2,-1.53,57.3,51.23,,,46.51,0.8,0.88,182,20,14,23,17.5,26.14,8.26,2,6,8,4,9,71.4,46.12,11.07,12.91,46.23,25.63,4,Atlético Nacional 3-1 Deportes Tolima,2026-05-23
Atlético Nacional,1.77,1.3,0.47,1.58,1.27,0.31,0.19,0.03,0.16,1.77,1.3,0.47,,,,,,3,1,2,1.53,42.7,48.77,,,50.11,0.88,0.8,148,16,23,14,26.14,17.5,9.56,6,2,17,7,15,83.4,53.88,74.67,87.09,134.13,74.37,1,Atlético Nacional 3-1 Deportes Tolima,2026-05-23
Junior,0.59,2.18,-1.59,0.53,1.28,-0.75,0.06,0.14,-0.08,0.59,1.42,-0.83,,,,,,1,1,0,1.59,47.3,49.38,,,51.62,0.64,0.71,197,8,15,16,23.44,22.54,12.77,2,1,12,3,10,54.9,38.47,53.33,72.66,63.73,37.89,0,Independiente Santa Fe 1-1 Junior,2026-05-16
Independiente Santa Fe,2.18,0.59,1.59,1.28,0.53,0.75,0.14,0.06,0.08,1.42,0.59,0.83,,,,,,1,1,0,-1.59,52.7,50.62,,,50.28,0.71,0.64,221,14,16,15,22.54,23.44,13.5,1,2,20,6,5,87.8,61.53,20.07,27.34,104.47,62.11,2,Independiente Santa Fe 1-1 Junior,2026-05-16
Atlético Nacional,0.77,0.67,0.1,0.36,0.45,-0.09,0.41,0.22,0.19,0.77,0.67,0.1,,,,,,1,0,1,0.9,51.6,39.1,,,41.01,0.8,0.62,153,10,9,12,11.25,19.35,10.74,3,3,12,2,16,44.7,31.72,34.8,32.48,37.73,24.74,0,Deportes Tolima 0-1 Atlético Nacional,2026-05-16
Deportes Tolima,0.67,0.77,-0.1,0.45,0.36,0.09,0.22,0.41,-0.19,0.67,0.77,-0.1,,,,,,0,1,-1,-0.9,48.4,60.9,,,45.55,0.62,0.8,181,8,12,9,19.35,11.25,14.7,3,3,11,8,10,96.2,68.28,72.33,67.52,114.77,75.26,0,Deportes Tolima 0-1 Atlético Nacional,2026-05-16
Once Caldas,2.43,1.4,1.03,1.47,1.2,0.27,0.21,0.2,0.01,1.67,1.4,0.27,,,,,,2,2,0,-1.03,48.3,50.38,,,51.15,0.38,0.52,209,7,21,9,55.26,17.31,8.45,4,6,19,11,9,78.6,57.04,38.8,51.82,86.63,59.76,0,Junior 2-2 Once Caldas,2026-05-13
Junior,1.4,2.43,-1.03,1.2,1.47,-0.27,0.2,0.21,-0.01,1.4,1.67,-0.27,,,,,,2,2,0,1.03,51.7,49.62,,,47.47,0.52,0.38,183,12,9,21,17.31,55.26,8.94,6,4,14,5,15,59.2,42.96,36.07,48.18,58.33,40.24,3,Junior 2-2 Once Caldas,2026-05-13
Deportes Tolima,1.09,0.38,0.71,1.09,0.27,0.82,0.0,0.11,-0.11,1.09,0.38,0.71,,,,,,2,0,2,1.29,50.3,35.9,,,40.97,0.62,1.05,144,7,12,7,19.35,6.67,15.83,0,5,2,2,10,55.7,37.84,62.73,50.54,62.6,49.3,1,Deportivo Pasto 0-2 Deportes Tolima,2026-05-13
Deportivo Pasto,0.38,1.09,-0.71,0.27,1.09,-0.82,0.11,0.0,0.11,0.38,1.09,-0.71,,,,,,0,2,-2,-1.29,49.7,64.1,,,47.55,1.05,0.62,207,13,7,12,6.67,19.35,13.74,5,0,33,9,8,91.5,62.16,61.4,49.46,64.37,50.7,4,Deportivo Pasto 0-2 Deportes Tolima,2026-05-13
América de Cali,0.44,2.14,-1.7,0.44,1.34,-0.9,0.0,0.04,-0.04,0.44,1.38,-0.94,,,,,,0,4,-4,-2.3,54.3,53.99,,,45.94,0.4,0.91,200,6,10,13,25.0,14.29,17.32,0,3,20,2,6,66.6,49.78,41.53,31.88,13.06,8.82,0,Independiente Santa Fe 4-0 América de Cali,2026-05-12
Independiente Santa Fe,2.14,0.44,1.7,1.34,0.44,0.9,0.04,0.0,0.04,1.38,0.44,0.94,,,,,,4,0,4,2.3,45.7,46.01,,,47.2,0.91,0.4,175,12,13,10,14.29,25.0,14.52,3,0,10,2,10,67.2,50.22,88.73,68.12,135.09,91.18,3,Independiente Santa Fe 4-0 América de Cali,2026-05-12
Inter Bogotá,1.37,5.56,-4.19,1.35,3.42,-2.07,0.02,2.15,-2.13,1.37,5.56,-4.19,,,,,,1,7,-6,-1.81,40.9,34.92,,,45.87,0.37,1.37,141,8,16,22,43.24,16.06,24.18,2,3,10,3,3,49.7,20.68,111.33,80.83,36.69,21.63,0,Atlético Nacional 7-1 Inter Bogotá,2026-05-12
Atlético Nacional,5.56,1.37,4.19,3.42,1.35,2.07,2.15,0.02,2.13,5.56,1.37,4.19,,,,,,7,1,6,1.81,59.1,65.08,,,46.97,1.37,0.37,247,22,22,16,16.06,43.24,11.73,3,2,19,9,13,190.6,79.32,26.4,19.17,132.93,78.37,0,Atlético Nacional 7-1 Inter Bogotá,2026-05-12
Junior,1.26,1.45,-0.19,0.5,1.35,-0.85,0.0,0.1,-0.1,0.5,1.45,-0.95,,,,,,1,0,1,1.19,42.8,39.35,,,49.54,0.22,0.85,212,1,9,23,40.91,27.06,15.12,7,3,8,2,12,50.0,19.29,79.53,67.97,51.03,29.33,1,Once Caldas 0-1 Junior,2026-05-10
Once Caldas,1.45,1.26,0.19,1.35,0.5,0.85,0.1,0.0,0.1,1.45,0.5,0.95,,,,,,0,1,-1,-1.19,57.2,60.65,,,53.14,0.85,0.22,329,15,23,9,27.06,40.91,11.61,3,7,20,4,11,209.2,80.71,37.47,32.03,122.97,70.67,0,Once Caldas 0-1 Junior,2026-05-10
Independiente Santa Fe,1.41,0.7,0.71,1.28,0.42,0.86,0.13,0.27,-0.14,1.41,0.7,0.71,,,,,,1,1,0,-0.71,35.6,36.1,,,48.35,0.3,1.26,138,12,12,12,40.0,9.52,19.13,4,3,10,2,5,37.3,21.49,106.67,94.12,82.8,59.96,6,América de Cali 1-1 Independiente Santa Fe,2026-05-09
América de Cali,0.7,1.41,-0.71,0.42,1.28,-0.86,0.27,0.13,0.14,0.7,1.41,-0.71,,,,,,1,1,0,0.71,64.4,63.9,,,50.28,1.26,0.3,297,13,12,12,9.52,40.0,9.15,3,4,32,3,11,136.3,78.51,6.67,5.88,55.3,40.04,0,América de Cali 1-1 Independiente Santa Fe,2026-05-09
Deportivo Pasto,0.33,0.65,-0.32,0.2,0.55,-0.35,0.13,0.09,0.04,0.33,0.65,-0.32,,,,,,0,1,-1,-0.68,37.8,36.95,,,41.84,0.32,0.43,120,5,10,10,31.25,23.26,24.61,0,9,11,6,6,36.6,25.28,76.73,76.12,57.57,37.93,4,Deportes Tolima 1-0 Deportivo Pasto,2026-05-09
Deportes Tolima,0.65,0.33,0.32,0.55,0.2,0.35,0.09,0.13,-0.04,0.65,0.33,0.32,,,,,,1,0,1,0.68,62.2,63.05,,,48.05,0.43,0.32,259,10,10,10,23.26,31.25,7.44,9,0,7,6,8,108.2,74.72,24.07,23.88,94.2,62.07,2,Deportes Tolima 1-0 Deportivo Pasto,2026-05-09
Atlético Nacional,1.6,1.67,-0.07,1.38,1.4,-0.02,0.22,0.26,-0.04,1.6,1.67,-0.07,,,,,,2,1,1,1.07,58.3,55.35,,,45.22,0.71,0.86,189,11,14,14,19.72,16.28,10.64,4,0,9,3,12,81.0,56.8,26.67,32.29,61.53,36.8,0,Inter Bogotá 1-2 Atlético Nacional,2026-05-09
Inter Bogotá,1.67,1.6,0.07,1.4,1.38,0.02,0.26,0.22,0.04,1.67,1.6,0.07,,,,,,1,2,-1,-1.07,41.7,44.65,,,40.04,0.86,0.71,97,3,14,14,16.28,19.72,16.21,0,4,18,6,10,61.6,43.2,55.93,67.71,105.67,63.2,1,Inter Bogotá 1-2 Atlético Nacional,2026-05-09
Deportivo Pasto,1.69,1.52,0.17,1.65,1.09,0.56,0.05,0.43,-0.38,1.69,1.52,0.17,,,,,,3,4,-1,-1.17,53.7,48.18,,,42.95,0.47,0.61,141,9,10,9,21.28,14.75,8.66,4,6,8,2,11,64.3,54.31,27.67,43.46,65.73,54.28,1,Junior 4-3 Deportivo Pasto,2026-05-03
Junior,1.52,1.69,-0.17,1.09,1.65,-0.56,0.43,0.05,0.38,1.52,1.69,-0.17,,,,,,4,3,1,1.17,46.3,51.82,,,46.72,0.61,0.47,136,11,9,10,14.75,21.28,10.2,6,4,17,5,15,54.1,45.69,36.0,56.54,55.37,45.72,0,Junior 4-3 Deportivo Pasto,2026-05-03
Deportivo Pereira,0.29,1.47,-1.18,0.29,1.43,-1.14,0.0,0.03,-0.03,0.29,1.47,-1.18,,,,,,0,1,-1,0.18,57.4,48.62,,,42.4,0.68,0.46,195,9,5,15,7.35,32.61,12.5,2,10,9,1,10,52.3,39.47,38.8,23.25,19.9,11.37,0,América de Cali 1-0 Deportivo Pereira,2026-05-03
América de Cali,1.47,0.29,1.18,1.43,0.29,1.14,0.03,0.0,0.03,1.47,0.29,1.18,,,,,,1,0,1,-0.18,42.6,51.38,,,47.19,0.46,0.68,180,14,15,5,32.61,7.35,13.62,10,2,15,7,12,80.2,60.53,128.07,76.75,155.07,88.63,1,América de Cali 1-0 Deportivo Pereira,2026-05-03
Atlético Bucaramanga,3.17,1.14,2.03,2.23,0.89,1.34,0.19,0.25,-0.06,2.41,1.14,1.27,,,,,,1,2,-1,-3.03,39.8,44.36,,,46.03,0.46,0.41,127,13,17,10,36.96,24.39,11.12,7,5,10,3,13,79.7,45.88,70.33,89.79,94.7,54.06,1,Fortaleza 2-1 Atlético Bucaramanga,2026-05-03
Fortaleza,1.14,3.17,-2.03,0.89,2.23,-1.34,0.25,0.19,0.06,1.14,2.41,-1.27,,,,,,2,1,1,3.03,60.2,55.64,,,49.26,0.41,0.46,226,10,10,17,24.39,36.96,8.78,5,7,13,6,8,94.0,54.12,8.0,10.21,80.47,45.94,1,Fortaleza 2-1 Atlético Bucaramanga,2026-05-03
Millonarios,1.89,2.11,-0.22,0.82,2.11,-1.29,1.07,0.0,1.07,1.89,2.11,-0.22,,,,,,2,2,0,0.22,55.5,57.34,,,50.03,0.87,0.74,237,18,15,7,17.24,9.46,9.55,2,2,21,8,8,105.7,66.39,38.67,41.28,85.07,58.16,0,Alianza 2-2 Millonarios,2026-05-03
Alianza,2.11,1.89,0.22,2.11,0.82,1.29,0.0,1.07,-1.07,2.11,1.89,0.22,,,,,,2,2,0,-0.22,44.5,42.66,,,45.84,0.74,0.87,148,8,7,15,9.46,17.24,11.0,2,2,15,3,16,53.5,33.61,55.0,58.72,61.2,41.84,2,Alianza 2-2 Millonarios,2026-05-03
Inter Bogotá,0.84,2.89,-2.05,0.82,1.64,-0.82,0.02,0.49,-0.47,0.84,2.13,-1.29,,,,,,1,3,-2,0.05,46.9,45.96,,,49.93,0.34,1.18,167,6,18,14,52.94,11.86,15.74,3,3,11,1,8,73.1,44.96,32.67,46.31,52.5,40.83,1,Independiente Santa Fe 3-1 Inter Bogotá,2026-05-03
Independiente Santa Fe,2.89,0.84,2.05,1.64,0.82,0.82,0.49,0.02,0.47,2.13,0.84,1.29,,,,,,3,1,2,-0.05,53.1,54.04,,,49.09,1.18,0.34,183,17,14,18,11.86,52.94,12.71,3,3,16,4,6,89.5,55.04,37.87,53.69,76.07,59.17,3,Independiente Santa Fe 3-1 Inter Bogotá,2026-05-03
Deportivo Cali,1.77,1.41,0.36,0.93,0.37,0.56,0.08,0.28,-0.2,1.01,0.65,0.36,,,,,,1,1,0,-0.36,54.9,62.5,,,51.24,1.0,0.22,233,8,16,13,16.0,59.09,11.0,7,4,22,3,11,126.8,72.0,46.87,54.58,124.9,70.2,1,Deportes Tolima 1-1 Deportivo Cali,2026-05-03
Deportes Tolima,1.41,1.77,-0.36,0.37,0.93,-0.56,0.28,0.08,0.2,0.65,1.01,-0.36,,,,,,1,1,0,0.36,45.1,37.5,,,41.91,0.22,1.0,124,8,13,16,59.09,16.0,12.31,4,7,9,5,9,49.3,28.0,39.0,45.42,53.03,29.8,2,Deportes Tolima 1-1 Deportivo Cali,2026-05-03
Águilas Doradas,0.59,2.49,-1.9,0.56,2.39,-1.83,0.02,0.11,-0.09,0.59,2.49,-1.9,,,,,,2,1,1,2.9,29.8,17.36,,,40.23,0.29,1.24,65,4,10,21,34.48,16.94,22.44,0,6,4,2,7,5.9,2.7,128.07,98.21,47.3,42.06,0,Independiente Medellín 1-2 Águilas Doradas,2026-05-03
Independiente Medellín,2.49,0.59,1.9,2.39,0.56,1.83,0.11,0.02,0.09,2.49,0.59,1.9,,,,,,1,2,-1,-2.9,70.2,82.64,,,55.52,1.24,0.29,342,24,21,10,16.94,34.48,7.73,6,0,41,10,10,212.7,97.3,2.33,1.79,65.17,57.94,5,Independiente Medellín 1-2 Águilas Doradas,2026-05-03
Cúcuta Deportivo,0.46,1.49,-1.03,0.46,0.72,-0.26,0.0,0.01,-0.01,0.46,0.73,-0.27,,,,,,0,2,-2,-0.97,49.2,38.72,,,46.76,0.5,0.88,178,9,6,13,12.0,14.77,13.52,4,4,17,4,7,47.6,28.94,49.93,56.74,35.87,26.34,1,Jaguares de Córdoba 2-0 Cúcuta Deportivo,2026-05-02
Jaguares de Córdoba,1.49,0.46,1.03,0.72,0.46,0.26,0.01,0.0,0.01,0.73,0.46,0.27,,,,,,2,0,2,0.97,50.8,61.28,,,48.21,0.88,0.5,192,8,13,6,14.77,12.0,10.41,4,4,22,6,14,116.9,71.06,38.07,43.26,100.3,73.66,1,Jaguares de Córdoba 2-0 Cúcuta Deportivo,2026-05-02
Llaneros,0.52,3.71,-3.19,0.48,3.09,-2.61,0.04,0.62,-0.58,0.52,3.71,-3.19,,,,,,0,3,-3,0.19,54.4,47.53,,,45.56,0.57,0.97,162,10,9,19,15.79,19.59,10.3,1,4,16,3,8,45.4,31.31,28.73,33.83,21.44,10.36,2,Boyacá Chicó 3-0 Llaneros,2026-05-02
Boyacá Chicó,3.71,0.52,3.19,3.09,0.48,2.61,0.62,0.04,0.58,3.71,0.52,3.19,,,,,,3,0,3,-0.19,45.6,52.47,,,49.15,0.97,0.57,158,12,19,9,19.59,15.79,10.19,4,1,17,6,13,99.6,68.69,56.2,66.17,185.58,89.64,4,Boyacá Chicó 3-0 Llaneros,2026-05-02
Atlético Nacional,1.26,1.68,-0.42,0.61,1.63,-1.02,0.65,0.06,0.59,1.26,1.68,-0.42,,,,,,0,1,-1,-0.58,55.3,47.43,,,46.44,0.98,0.73,191,13,13,17,13.27,23.29,16.35,1,3,18,4,8,53.5,39.34,35.27,36.09,29.83,22.78,0,Once Caldas 1-0 Atlético Nacional,2026-05-01
Once Caldas,1.68,1.26,0.42,1.63,0.61,1.02,0.06,0.65,-0.59,1.68,1.26,0.42,,,,,,1,0,1,0.58,44.7,52.57,,,49.41,0.73,0.98,180,11,17,13,23.29,13.27,19.74,3,1,18,9,8,82.5,60.66,62.47,63.91,101.13,77.22,0,Once Caldas 1-0 Atlético Nacional,2026-05-01
Boyacá Chicó,0.98,1.89,-0.91,0.93,1.13,-0.2,0.06,0.0,0.06,0.98,1.13,-0.15,,,,,,0,4,-4,-3.09,62.8,66.38,,,48.99,0.48,0.46,237,9,13,9,27.08,19.57,7.71,4,3,28,8,8,76.7,69.92,20.33,18.89,25.04,18.0,2,Inter Bogotá 4-0 Boyacá Chicó,2026-04-26
Inter Bogotá,1.89,0.98,0.91,1.13,0.93,0.2,0.0,0.06,-0.06,1.13,0.98,0.15,,,,,,4,0,4,3.09,37.2,33.62,,,40.17,0.46,0.48,83,4,9,13,19.57,27.08,15.08,3,4,5,2,11,33.0,30.08,87.27,81.11,114.1,82.0,1,Inter Bogotá 4-0 Boyacá Chicó,2026-04-26
Alianza,0.16,0.62,-0.46,0.16,0.58,-0.42,0.0,0.04,-0.04,0.16,0.62,-0.46,,,,,,0,0,0,0.46,42.0,38.98,,,45.88,0.45,0.71,124,9,8,9,17.78,12.68,13.2,6,6,10,2,8,31.0,25.37,55.67,77.75,38.07,39.41,4,Llaneros 0-0 Alianza,2026-04-26
Llaneros,0.62,0.16,0.46,0.58,0.16,0.42,0.04,0.0,0.04,0.62,0.16,0.46,,,,,,0,0,0,-0.46,58.0,61.02,,,50.25,0.71,0.45,232,8,9,8,12.68,17.78,8.52,6,6,22,7,12,91.2,74.63,15.93,22.25,58.53,60.59,5,Llaneros 0-0 Alianza,2026-04-26
Once Caldas,1.41,1.78,-0.37,1.41,0.7,0.71,0.0,0.32,-0.32,1.41,1.02,0.39,,,,,,2,2,0,0.37,49.3,54.42,,,50.47,0.47,0.3,189,6,10,14,21.28,46.67,9.25,1,1,3,0,16,83.5,57.23,43.6,64.43,101.57,68.4,0,Águilas Doradas 2-2 Once Caldas,2026-04-26
Águilas Doradas,1.78,1.41,0.37,0.7,1.41,-0.71,0.32,0.0,0.32,1.02,1.41,-0.39,,,,,,2,2,0,-0.37,50.7,45.58,,,47.74,0.3,0.47,166,8,14,10,46.67,21.28,8.56,1,1,23,4,18,62.4,42.77,24.07,35.57,46.93,31.6,5,Águilas Doradas 2-2 Once Caldas,2026-04-26
Fortaleza,0.32,1.35,-1.03,0.32,1.02,-0.7,0.0,0.33,-0.33,0.32,1.35,-1.03,,,,,,0,1,-1,0.03,46.6,30.56,,,40.65,0.37,0.56,128,5,4,14,10.81,25.0,13.86,0,8,12,4,16,21.2,11.23,43.73,50.0,26.57,13.1,0,Independiente Medellín 1-0 Fortaleza,2026-04-25
Independiente Medellín,1.35,0.32,1.03,1.02,0.32,0.7,0.33,0.0,0.33,1.35,0.32,1.03,,,,,,1,0,1,-0.03,53.4,69.44,,,54.71,0.56,0.37,259,14,14,4,25.0,10.81,8.51,8,0,26,6,8,167.5,88.77,43.73,50.0,176.27,86.9,5,Independiente Medellín 1-0 Fortaleza,2026-04-25
América de Cali,0.29,0.98,-0.69,0.29,0.57,-0.28,0.0,0.41,-0.41,0.29,0.98,-0.69,,,,,,0,1,-1,-0.31,49.2,36.04,,,39.57,0.53,1.13,122,5,4,14,7.55,12.39,12.0,1,1,2,1,13,41.0,22.58,42.8,42.74,32.73,18.14,0,Deportivo Cali 1-0 América de Cali,2026-04-25
Deportivo Cali,0.98,0.29,0.69,0.57,0.29,0.28,0.41,0.0,0.41,0.98,0.29,0.69,,,,,,1,0,1,0.31,50.8,63.96,,,50.32,1.13,0.53,222,13,14,4,12.39,7.55,11.25,1,1,27,6,16,140.6,77.42,57.33,57.26,147.67,81.86,3,Deportivo Cali 1-0 América de Cali,2026-04-25
Atlético Nacional,0.73,0.78,-0.05,0.71,0.73,-0.02,0.02,0.04,-0.02,0.73,0.78,-0.05,,,,,,0,1,-1,-0.95,54.6,67.94,,,48.68,0.63,0.19,224,13,10,13,15.87,68.42,10.47,8,3,18,3,10,113.8,72.35,41.6,34.51,105.8,54.42,4,Deportivo Pereira 1-0 Atlético Nacional,2026-04-25
Deportivo Pereira,0.78,0.73,0.05,0.73,0.71,0.02,0.04,0.02,0.02,0.78,0.73,0.05,,,,,,1,0,1,0.95,45.4,32.06,,,41.92,0.19,0.63,115,6,13,10,68.42,15.87,13.79,3,8,12,5,10,43.5,27.65,78.93,65.49,88.63,45.58,0,Deportivo Pereira 1-0 Atlético Nacional,2026-04-25
Jaguares de Córdoba,1.12,1.72,-0.6,1.12,1.59,-0.47,0.0,0.13,-0.13,1.12,1.72,-0.6,,,,,,2,2,0,0.6,50.5,37.41,,,45.57,0.3,1.22,173,2,7,14,23.33,11.48,17.21,4,1,12,0,4,19.7,12.44,46.4,51.63,12.7,8.56,1,Atlético Bucaramanga 2-2 Jaguares de Córdoba,2026-04-25
Atlético Bucaramanga,1.72,1.12,0.6,1.59,1.12,0.47,0.13,0.0,0.13,1.72,1.12,0.6,,,,,,2,2,0,-0.6,49.5,62.59,,,51.44,1.22,0.3,249,15,14,7,11.48,23.33,19.2,1,4,25,5,9,138.6,87.56,43.47,48.37,135.67,91.44,1,Atlético Bucaramanga 2-2 Jaguares de Córdoba,2026-04-25
Deportes Tolima,0.56,1.96,-1.4,0.56,1.04,-0.48,0.0,0.15,-0.15,0.56,1.2,-0.64,,,,,,0,2,-2,-0.6,58.3,44.02,,,41.92,0.38,0.59,170,6,9,13,23.68,22.03,10.54,2,5,9,2,10,33.6,29.92,13.13,11.52,4.3,2.41,2,Millonarios 2-0 Deportes Tolima,2026-04-23
Millonarios,1.96,0.56,1.4,1.04,0.56,0.48,0.15,0.0,0.15,1.2,0.56,0.64,,,,,,2,0,2,0.6,41.7,55.98,,,47.6,0.59,0.38,150,8,13,9,22.03,23.68,13.97,5,2,18,6,12,78.7,70.08,100.8,88.48,174.1,97.59,1,Millonarios 2-0 Deportes Tolima,2026-04-23
Independiente Santa Fe,1.12,1.15,-0.03,1.12,1.12,0.0,0.0,0.03,-0.03,1.12,1.15,-0.03,,,,,,2,1,1,1.03,48.6,46.71,,,50.33,0.66,1.06,178,11,16,14,24.24,13.21,11.77,4,2,13,2,10,66.3,35.19,65.07,70.83,85.67,51.81,2,Deportivo Pasto 1-2 Independiente Santa Fe,2026-04-23
Deportivo Pasto,1.15,1.12,0.03,1.12,1.12,0.0,0.03,0.0,0.03,1.15,1.12,0.03,,,,,,1,2,-1,-1.03,51.4,53.29,,,50.06,1.06,0.66,216,7,14,16,13.21,24.24,11.15,2,4,20,5,13,122.1,64.81,26.8,29.17,79.7,48.19,3,Deportivo Pasto 1-2 Independiente Santa Fe,2026-04-23
América de Cali,1.47,1.57,-0.1,0.69,1.45,-0.76,0.02,0.12,-0.1,0.71,1.57,-0.86,,,,,,2,1,1,1.1,37.9,35.24,,,47.03,0.64,1.05,129,7,11,16,17.19,15.24,18.35,2,1,8,1,9,73.7,32.73,109.13,86.16,112.67,78.38,0,Fortaleza 1-2 América de Cali,2026-04-22
Fortaleza,1.57,1.47,0.1,1.45,0.69,0.76,0.12,0.02,0.1,1.57,0.71,0.86,,,,,,1,2,-1,-1.1,62.1,64.76,,,54.32,1.05,0.64,311,17,16,11,15.24,17.19,9.72,1,2,34,5,11,151.5,67.27,17.53,13.84,31.07,21.62,0,Fortaleza 1-2 América de Cali,2026-04-22
Boyacá Chicó,0.5,1.31,-0.81,0.5,1.31,-0.81,0.0,0.0,0.0,0.5,1.31,-0.81,,,,,,0,2,-2,-1.19,31.9,26.25,,,41.32,0.35,1.07,89,2,3,11,8.57,10.28,14.4,0,4,9,3,21,6.3,2.97,92.93,97.35,28.8,17.54,1,Independiente Medellín 2-0 Boyacá Chicó,2026-04-22
Independiente Medellín,1.31,0.5,0.81,1.31,0.5,0.81,0.0,0.0,0.0,1.31,0.5,0.81,,,,,,2,0,2,1.19,68.1,73.75,,,52.3,1.07,0.35,317,19,11,3,10.28,8.57,6.39,4,0,22,3,13,205.8,97.03,2.53,2.65,135.4,82.46,0,Independiente Medellín 2-0 Boyacá Chicó,2026-04-22
Atlético Bucaramanga,1.38,2.44,-1.06,1.38,2.09,-0.71,0.0,0.36,-0.36,1.38,2.44,-1.06,,,,,,0,2,-2,-0.94,46.1,53.4,,,49.77,0.68,0.93,229,15,15,20,22.06,21.51,16.27,6,4,15,4,5,59.2,42.62,55.87,57.75,60.47,43.81,2,Atlético Nacional 2-0 Atlético Bucaramanga,2026-04-20
Atlético Nacional,2.44,1.38,1.06,2.09,1.38,0.71,0.36,0.0,0.36,2.44,1.38,1.06,,,,,,2,0,2,0.94,53.9,46.6,,,45.97,0.93,0.68,214,15,20,15,21.51,22.06,15.22,4,6,23,6,9,79.7,57.38,40.87,42.25,77.57,56.19,0,Atlético Nacional 2-0 Atlético Bucaramanga,2026-04-20
Inter Bogotá,1.52,1.97,-0.45,1.33,1.97,-0.64,0.19,0.0,0.19,1.52,1.97,-0.45,,,,,,1,2,-1,-0.55,36.9,27.72,,,43.54,0.44,0.77,97,5,10,13,22.73,16.88,10.36,2,3,6,2,15,13.5,6.83,86.33,84.04,34.23,17.91,0,Once Caldas 2-1 Inter Bogotá,2026-04-20
Once Caldas,1.97,1.52,0.45,1.97,1.33,0.64,0.0,0.19,-0.19,1.97,1.52,0.45,,,,,,2,1,1,0.55,63.1,72.28,,,51.43,0.77,0.44,266,15,13,10,16.88,22.73,7.52,3,2,11,6,11,184.2,93.17,16.4,15.96,156.9,82.09,0,Once Caldas 2-1 Inter Bogotá,2026-04-20
Millonarios,1.12,0.84,0.28,1.12,0.69,0.43,0.0,0.15,-0.15,1.12,0.84,0.28,,,,,,1,3,-2,-2.28,44.9,51.77,,,49.21,0.83,0.71,206,12,12,14,14.46,19.72,15.53,4,2,18,2,6,70.4,49.4,90.2,70.07,65.91,39.36,0,América de Cali 3-1 Millonarios,2026-04-19
América de Cali,0.84,1.12,-0.28,0.69,1.12,-0.43,0.15,0.0,0.15,0.84,1.12,-0.28,,,,,,3,1,2,2.28,55.1,48.23,,,43.47,0.71,0.83,198,13,14,12,19.72,14.46,25.07,2,4,12,4,7,72.1,50.6,38.53,29.93,101.54,60.64,0,América de Cali 3-1 Millonarios,2026-04-19
Llaneros,1.09,1.43,-0.34,0.84,1.37,-0.53,0.25,0.06,0.19,1.09,1.43,-0.34,,,,,,0,2,-2,-1.66,47.1,50.19,,,49.19,0.38,0.33,165,12,15,8,39.47,24.24,9.81,6,5,25,12,8,93.6,54.9,50.6,67.83,84.6,49.65,2,Junior 2-0 Llaneros,2026-04-19
Junior,1.43,1.09,0.34,1.37,0.84,0.53,0.06,0.25,-0.19,1.43,1.09,0.34,,,,,,2,0,2,1.66,52.9,49.81,,,49.76,0.33,0.38,177,9,8,15,24.24,39.47,7.57,5,6,9,4,13,76.9,45.1,24.0,32.17,85.8,50.35,0,Junior 2-0 Llaneros,2026-04-19
Independiente Medellín,1.25,1.46,-0.21,1.25,1.25,0.0,0.0,0.21,-0.21,1.25,1.46,-0.21,,,,,,1,0,1,1.21,41.4,39.09,,,47.33,0.52,0.87,145,8,8,18,15.38,20.69,19.59,2,4,13,4,11,73.9,29.87,65.27,75.02,75.7,49.07,0,Alianza 0-1 Independiente Medellín,2026-04-19
Alianza,1.46,1.25,0.21,1.25,1.25,0.0,0.21,0.0,0.21,1.46,1.25,0.21,,,,,,0,1,-1,-1.21,58.6,60.91,,,51.12,0.87,0.52,236,12,18,8,20.69,15.38,9.03,4,2,32,6,13,173.5,70.13,21.73,24.98,78.57,50.93,3,Alianza 0-1 Independiente Medellín,2026-04-19
Cúcuta Deportivo,0.55,0.98,-0.43,0.41,0.92,-0.51,0.14,0.07,0.07,0.55,0.98,-0.43,,,,,,0,5,-5,-4.57,61.3,57.74,,,45.42,0.52,0.67,201,8,12,13,23.08,19.4,10.96,2,9,17,6,8,111.3,64.3,10.93,11.76,59.37,24.15,0,Independiente Santa Fe 5-0 Cúcuta Deportivo,2026-04-19
Independiente Santa Fe,0.98,0.55,0.43,0.92,0.41,0.51,0.07,0.14,-0.07,0.98,0.55,0.43,,,,,,5,0,5,4.57,38.7,42.26,,,46.33,0.67,0.52,133,10,13,12,19.4,23.08,15.63,9,2,7,1,7,61.8,35.7,82.0,88.24,186.51,75.85,0,Independiente Santa Fe 5-0 Cúcuta Deportivo,2026-04-19
Águilas Doradas,0.42,1.74,-1.32,0.17,1.74,-1.57,0.25,0.0,0.25,0.42,1.74,-1.32,,,,,,0,2,-2,-0.68,35.5,26.77,,,40.5,0.39,0.88,98,4,5,20,12.82,22.73,20.23,2,5,11,2,8,29.6,11.04,108.33,93.12,38.37,18.11,0,Fortaleza 2-0 Águilas Doradas,2026-04-18
Fortaleza,1.74,0.42,1.32,1.74,0.17,1.57,0.0,0.25,-0.25,1.74,0.42,1.32,,,,,,2,0,2,0.68,64.5,73.23,,,53.79,0.88,0.39,367,15,20,5,22.73,12.82,12.57,5,2,21,5,12,238.6,88.96,8.0,6.88,173.53,81.89,0,Fortaleza 2-0 Águilas Doradas,2026-04-18
Deportivo Pereira,0.32,1.86,-1.54,0.32,0.83,-0.51,0.0,1.03,-1.03,0.32,1.86,-1.54,,,,,,0,2,-2,-0.46,36.8,29.04,,,39.08,0.25,0.74,93,5,6,18,24.0,24.32,31.21,2,6,9,3,6,30.0,15.05,101.73,88.15,24.47,11.66,0,Deportes Tolima 2-0 Deportivo Pereira,2026-04-18
Deportes Tolima,1.86,0.32,1.54,0.83,0.32,0.51,1.03,0.0,1.03,1.86,0.32,1.54,,,,,,2,0,2,0.46,63.2,70.96,,,51.3,0.74,0.25,321,9,18,6,24.32,24.0,11.92,6,2,10,7,11,169.4,84.95,13.67,11.85,185.37,88.34,0,Deportes Tolima 2-0 Deportivo Pereira,2026-04-18
Deportivo Cali,1.03,0.53,0.5,1.03,0.53,0.5,0.0,0.0,0.0,1.03,0.53,0.5,,,,,,0,1,-1,-1.5,50.2,48.36,,,46.73,0.57,0.54,153,5,8,9,14.04,16.67,11.16,2,1,20,5,14,51.6,44.83,31.07,46.24,41.9,36.83,4,Boyacá Chicó 1-0 Deportivo Cali,2026-04-17
Boyacá Chicó,0.53,1.03,-0.5,0.53,1.03,-0.5,0.0,0.0,0.0,0.53,1.03,-0.5,,,,,,1,0,1,1.5,49.8,51.64,,,46.16,0.54,0.57,146,10,9,8,16.67,14.04,11.04,1,2,13,5,13,63.5,55.17,36.13,53.76,71.87,63.17,0,Boyacá Chicó 1-0 Deportivo Cali,2026-04-17
Deportivo Pasto,1.57,2.02,-0.45,1.04,1.37,-0.33,0.53,0.64,-0.11,1.57,2.02,-0.45,,,,,,3,2,1,1.45,51.8,56.6,,,50.89,1.05,1.38,221,11,11,19,10.48,13.77,10.41,2,3,15,2,12,108.0,52.97,38.0,54.86,109.93,59.83,0,Jaguares de Córdoba 2-3 Deportivo Pasto,2026-04-17
Jaguares de Córdoba,2.02,1.57,0.45,1.37,1.04,0.33,0.64,0.53,0.11,2.02,1.57,0.45,,,,,,2,3,-1,-1.45,48.2,43.4,,,48.37,1.38,1.05,180,26,19,11,13.77,10.48,8.83,3,2,18,4,14,95.9,47.03,31.27,45.14,73.8,40.17,1,Jaguares de Córdoba 2-3 Deportivo Pasto,2026-04-17
Alianza,1.29,1.21,0.08,0.97,1.21,-0.24,0.32,0.0,0.32,1.29,1.21,0.08,,,,,,1,2,-1,-1.08,38.7,28.06,,,40.19,0.33,1.06,94,6,16,12,48.48,11.32,16.09,4,3,13,6,8,23.3,16.96,90.6,91.45,75.83,50.78,1,Inter Bogotá 2-1 Alianza,2026-04-12
Inter Bogotá,1.21,1.29,-0.08,1.21,0.97,0.24,0.0,0.32,-0.32,1.21,1.29,-0.08,,,,,,2,1,1,1.08,61.3,71.94,,,49.35,1.06,0.33,236,9,12,16,11.32,48.48,10.04,3,4,24,4,13,114.1,83.04,8.47,8.55,73.5,49.22,1,Inter Bogotá 2-1 Alianza,2026-04-12
Boyacá Chicó,1.0,1.0,0.0,0.98,1.0,-0.02,0.01,0.0,0.01,1.0,1.0,0.0,,,,,,0,5,-5,-5.0,47.5,39.44,,,46.54,0.59,1.06,142,7,7,15,11.86,14.15,11.59,1,3,12,6,9,32.5,18.14,59.2,75.06,17.1,8.45,0,Atlético Bucaramanga 5-0 Boyacá Chicó,2026-04-12
Atlético Bucaramanga,1.0,1.0,0.0,1.0,0.98,0.02,0.0,0.01,-0.01,1.0,1.0,0.0,,,,,,5,0,5,5.0,52.5,60.56,,,51.43,1.06,0.59,200,13,15,7,14.15,11.86,9.52,3,1,16,3,14,146.7,81.86,19.67,24.94,185.21,91.55,1,Atlético Bucaramanga 5-0 Boyacá Chicó,2026-04-12
Llaneros,0.82,1.44,-0.62,0.78,1.27,-0.49,0.04,0.18,-0.14,0.82,1.44,-0.62,,,,,,1,1,0,0.62,31.5,21.95,,,37.15,0.29,1.3,61,5,7,23,24.14,17.69,15.54,2,7,12,5,10,27.1,9.79,73.0,81.17,20.5,9.85,1,Deportivo Cali 1-1 Llaneros,2026-04-12
Deportivo Cali,1.44,0.82,0.62,1.27,0.78,0.49,0.18,0.04,0.14,1.44,0.82,0.62,,,,,,1,1,0,-0.62,68.5,78.05,,,54.5,1.3,0.29,314,24,23,7,17.69,24.14,6.65,7,2,36,6,13,249.8,90.21,16.93,18.83,187.63,90.15,2,Deportivo Cali 1-1 Llaneros,2026-04-12
Independiente Santa Fe,1.28,2.3,-1.02,0.9,2.17,-1.27,0.38,0.12,0.26,1.28,2.3,-1.02,,,,,,1,1,0,1.02,47.9,45.65,,,48.92,0.77,1.52,147,8,11,19,14.29,12.5,10.29,4,1,17,2,9,71.4,36.26,31.87,60.28,71.37,38.27,1,Millonarios 1-1 Independiente Santa Fe,2026-04-12
Millonarios,2.3,1.28,1.02,2.17,0.9,1.27,0.12,0.38,-0.26,2.3,1.28,1.02,,,,,,1,1,0,-1.02,52.1,54.35,,,49.84,1.52,0.77,169,16,19,11,12.5,14.29,11.0,1,4,24,10,12,125.5,63.74,21.0,39.72,115.1,61.73,2,Millonarios 1-1 Independiente Santa Fe,2026-04-12
Atlético Nacional,1.84,0.45,1.39,1.36,0.42,0.94,0.48,0.02,0.46,1.84,0.45,1.39,,,,,,3,2,1,-0.39,59.4,55.77,,,44.09,0.93,0.32,173,16,19,11,20.43,34.38,15.41,4,1,12,4,8,109.8,76.25,18.67,22.78,92.6,62.69,0,Independiente Medellín 2-3 Atlético Nacional,2026-04-11
Independiente Medellín,0.45,1.84,-1.39,0.42,1.36,-0.94,0.02,0.48,-0.46,0.45,1.84,-1.39,,,,,,2,3,-1,0.39,40.6,44.23,,,45.81,0.32,0.93,127,4,11,19,34.38,20.43,28.71,1,4,13,3,4,34.2,23.75,63.27,77.22,55.1,37.31,1,Independiente Medellín 2-3 Atlético Nacional,2026-04-11
Junior,2.28,1.01,1.27,2.28,0.78,1.5,0.0,0.24,-0.24,2.28,1.01,1.27,,,,,,3,0,3,1.73,42.7,43.08,,,45.98,0.78,0.65,154,14,9,14,11.54,21.54,14.31,5,5,5,2,12,59.7,39.05,65.0,63.19,106.33,65.95,1,Águilas Doradas 0-3 Junior,2026-04-11
Águilas Doradas,1.01,2.28,-1.27,0.78,2.28,-1.5,0.24,0.0,0.24,1.01,2.28,-1.27,,,,,,0,3,-3,-1.73,57.3,56.92,,,47.88,0.65,0.78,227,10,14,9,21.54,11.54,11.83,5,5,21,8,7,93.2,60.95,37.87,36.81,54.9,34.05,3,Águilas Doradas 0-3 Junior,2026-04-11
Deportes Tolima,0.83,0.12,0.71,0.62,0.12,0.5,0.21,0.0,0.21,0.83,0.12,0.71,,,,,,0,1,-1,-1.71,46.7,52.94,,,42.64,0.31,0.39,116,5,9,2,29.03,5.13,8.35,4,3,14,4,17,51.6,60.71,43.0,70.26,75.7,62.98,3,Deportivo Pasto 1-0 Deportes Tolima,2026-04-10
Deportivo Pasto,0.12,0.83,-0.71,0.12,0.62,-0.5,0.0,0.21,-0.21,0.12,0.83,-0.71,,,,,,1,0,1,1.71,53.3,47.06,,,41.21,0.39,0.31,128,7,2,9,5.13,29.03,7.78,3,4,10,1,10,33.4,39.29,18.2,29.74,44.5,37.02,5,Deportivo Pasto 1-0 Deportes Tolima,2026-04-10
Once Caldas,0.87,1.71,-0.84,0.84,1.36,-0.52,0.03,0.34,-0.31,0.87,1.71,-0.84,,,,,,0,0,0,0.84,65.3,73.4,,,54.33,0.65,0.45,275,9,12,17,18.46,37.78,8.41,4,4,16,7,5,177.9,83.6,15.27,17.25,133.07,73.46,0,Deportivo Pereira 0-0 Once Caldas,2026-04-10
Deportivo Pereira,1.71,0.87,0.84,1.36,0.84,0.52,0.34,0.03,0.31,1.71,0.87,0.84,,,,,,0,0,0,-0.84,34.7,26.6,,,42.17,0.45,0.65,82,9,17,12,37.78,18.46,16.21,4,4,13,5,8,34.9,16.4,73.27,82.75,48.07,26.54,0,Deportivo Pereira 0-0 Once Caldas,2026-04-10
Atlético Bucaramanga,1.53,0.52,1.01,1.42,0.34,1.08,0.11,0.17,-0.06,1.53,0.52,1.01,,,,,,1,2,-1,-2.01,59.0,69.18,,,56.9,1.17,0.39,239,19,16,5,13.68,12.82,7.1,5,3,35,6,15,183.3,90.52,24.07,29.79,141.97,90.43,5,Águilas Doradas 2-1 Atlético Bucaramanga,2026-04-07
Águilas Doradas,0.52,1.53,-1.01,0.34,1.42,-1.08,0.17,0.11,0.06,0.52,1.53,-1.01,,,,,,2,1,1,2.01,41.0,30.82,,,41.96,0.39,1.17,99,8,5,16,12.82,13.68,8.78,3,5,10,1,8,19.2,9.48,56.73,70.21,15.03,9.57,4,Águilas Doradas 2-1 Atlético Bucaramanga,2026-04-07
Jaguares de Córdoba,1.75,1.26,0.49,1.7,1.17,0.53,0.05,0.08,-0.03,1.75,1.26,0.49,,,,,,1,2,-1,-1.49,48.8,32.78,,,41.2,0.19,0.9,153,3,10,20,52.63,22.22,27.43,1,5,2,2,6,35.0,21.47,37.87,39.86,31.73,16.09,2,Atlético Nacional 2-1 Jaguares de Córdoba,2026-04-06
Atlético Nacional,1.26,1.75,-0.49,1.17,1.7,-0.53,0.08,0.05,0.03,1.26,1.75,-0.49,,,,,,2,1,1,1.49,51.2,67.22,,,47.61,0.9,0.19,222,14,20,10,22.22,52.63,17.25,5,1,11,4,6,128.0,78.53,57.13,60.14,165.5,83.91,0,Atlético Nacional 2-1 Jaguares de Córdoba,2026-04-06
Alianza,1.51,2.18,-0.67,0.53,1.14,-0.61,0.22,0.28,-0.06,0.75,1.42,-0.67,,,,,,3,2,1,1.67,42.1,41.41,,,43.9,0.31,0.74,118,12,11,15,35.48,20.27,12.54,3,6,20,5,13,35.8,34.96,71.67,78.7,78.9,72.9,3,Deportivo Pereira 2-3 Alianza,2026-04-06
Deportivo Pereira,2.18,1.51,0.67,1.14,0.53,0.61,0.28,0.22,0.06,1.42,0.75,0.67,,,,,,2,3,-1,-1.67,57.9,58.59,,,46.75,0.74,0.31,182,13,15,11,20.27,35.48,9.35,6,3,18,5,10,66.6,65.04,19.4,21.3,29.33,27.1,0,Deportivo Pereira 2-3 Alianza,2026-04-06
América de Cali,0.96,1.12,-0.16,0.91,0.32,0.59,0.05,0.03,0.02,0.96,0.36,0.6,,,,,,0,2,-2,-1.84,62.9,65.56,,,51.43,1.15,0.92,299,15,18,6,15.65,6.52,11.48,3,0,14,4,13,152.0,88.79,12.87,13.51,112.17,63.19,0,Cúcuta Deportivo 2-0 América de Cali,2026-04-05
Cúcuta Deportivo,1.12,0.96,0.16,0.32,0.91,-0.59,0.03,0.05,-0.02,0.36,0.96,-0.6,,,,,,2,0,2,1.84,37.1,34.44,,,42.75,0.92,1.15,119,13,6,18,6.52,15.65,18.22,0,3,11,5,11,19.2,11.21,82.4,86.49,65.33,36.81,1,Cúcuta Deportivo 2-0 América de Cali,2026-04-05
Independiente Santa Fe,2.36,1.12,1.24,2.18,1.1,1.08,0.19,0.02,0.17,2.36,1.12,1.24,,,,,,2,2,0,-1.24,36.5,46.33,,,48.99,0.77,1.05,151,15,18,15,23.38,14.29,19.0,3,0,13,3,6,75.2,47.72,108.87,89.38,148.63,75.24,2,Deportes Tolima 2-2 Independiente Santa Fe,2026-04-04
Deportes Tolima,1.12,2.36,-1.24,1.1,2.18,-1.08,0.02,0.19,-0.17,1.12,2.36,-1.24,,,,,,2,2,0,1.24,63.5,53.67,,,46.45,1.05,0.77,238,12,15,18,14.29,23.38,12.56,0,3,17,5,8,82.4,52.28,12.93,10.62,48.9,24.76,1,Deportes Tolima 2-2 Independiente Santa Fe,2026-04-04
Deportivo Cali,1.83,1.79,0.04,0.97,0.89,0.08,0.09,0.14,-0.05,1.07,1.03,0.04,,,,,,2,1,1,0.96,30.7,23.18,,,46.66,0.42,1.07,85,8,14,13,33.33,12.15,10.03,3,2,13,4,18,12.8,7.03,100.67,97.74,70.23,52.67,0,Junior 1-2 Deportivo Cali,2026-04-03
Junior,1.79,1.83,-0.04,0.89,0.97,-0.08,0.14,0.09,0.05,1.03,1.07,-0.04,,,,,,1,2,-1,-0.96,69.3,76.82,,,53.99,1.07,0.42,270,24,13,14,12.15,33.33,7.0,2,3,18,11,8,169.2,92.97,2.33,2.26,63.1,47.33,1,Junior 1-2 Deportivo Cali,2026-04-03
Inter Bogotá,1.81,0.48,1.33,1.56,0.48,1.08,0.25,0.0,0.25,1.81,0.48,1.33,,,,,,1,1,0,-1.33,49.6,56.39,,,47.31,1.04,0.53,183,16,17,10,16.35,18.87,12.28,2,2,19,3,8,86.5,82.54,37.67,48.75,84.97,79.06,6,Fortaleza 1-1 Inter Bogotá,2026-04-03
Fortaleza,0.48,1.81,-1.33,0.48,1.56,-1.08,0.0,0.25,-0.25,0.48,1.81,-1.33,,,,,,1,1,0,1.33,50.4,43.61,,,43.6,0.53,1.04,165,11,10,17,18.87,16.35,13.33,2,2,11,2,8,18.3,17.46,39.6,51.25,22.5,20.94,2,Fortaleza 1-1 Inter Bogotá,2026-04-03
Independiente Medellín,0.79,0.65,0.14,0.77,0.61,0.16,0.02,0.04,-0.02,0.79,0.65,0.14,,,,,,1,1,0,-0.14,45.3,48.91,,,50.91,0.8,0.5,203,12,16,13,20.0,26.0,12.93,3,2,13,5,9,72.0,45.34,65.8,67.98,75.13,57.68,3,Once Caldas 1-1 Independiente Medellín,2026-04-02
Once Caldas,0.65,0.79,-0.14,0.61,0.77,-0.16,0.04,0.02,0.02,0.65,0.79,-0.14,,,,,,1,1,0,0.14,54.7,51.09,,,45.74,0.5,0.8,191,5,13,16,26.0,20.0,12.95,2,3,17,3,8,86.8,54.66,31.0,32.02,55.13,42.32,1,Once Caldas 1-1 Independiente Medellín,2026-04-02
Millonarios,1.5,1.51,-0.01,1.17,0.69,0.48,0.32,0.07,0.25,1.5,0.75,0.75,,,,,,0,1,-1,-0.99,63.7,75.78,,,53.24,1.78,0.2,310,23,13,13,7.3,65.0,8.93,8,1,26,5,7,181.8,81.42,28.73,31.01,147.27,76.37,1,Jaguares de Córdoba 1-0 Millonarios,2026-04-02
Jaguares de Córdoba,1.51,1.5,0.01,0.69,1.17,-0.48,0.07,0.32,-0.25,0.75,1.5,-0.75,,,,,,1,0,1,0.99,36.3,24.22,,,39.73,0.2,1.78,91,6,13,13,65.0,7.3,19.19,1,8,4,2,12,41.5,18.58,63.93,68.99,45.57,23.63,1,Jaguares de Córdoba 1-0 Millonarios,2026-04-02
Atlético Bucaramanga,1.93,1.69,0.24,1.17,0.92,0.25,0.0,0.01,-0.01,1.17,0.93,0.24,,,,,,0,2,-2,-2.24,45.6,58.04,,,48.34,1.29,0.45,219,11,12,16,9.3,35.56,12.87,8,5,16,4,11,84.7,55.07,58.93,68.42,85.23,54.76,2,América de Cali 2-0 Atlético Bucaramanga,2026-04-02
América de Cali,1.69,1.93,-0.24,0.92,1.17,-0.25,0.01,0.0,0.01,0.93,1.17,-0.24,,,,,,2,0,2,2.24,54.4,41.96,,,41.92,0.45,1.29,185,10,16,12,35.56,9.3,12.48,5,8,6,2,10,69.1,44.93,27.2,31.58,70.4,45.24,1,América de Cali 2-0 Atlético Bucaramanga,2026-04-02
Deportivo Pereira,0.35,1.25,-0.9,0.35,1.19,-0.84,0.0,0.06,-0.06,0.35,1.25,-0.9,,,,,,0,1,-1,-0.1,44.7,32.68,,,39.81,0.16,0.89,88,3,5,23,31.25,25.84,13.0,0,1,7,0,13,16.0,9.0,39.93,60.56,29.4,15.33,0,Boyacá Chicó 1-0 Deportivo Pereira,2026-04-02
Boyacá Chicó,1.25,0.35,0.9,1.19,0.35,0.84,0.06,0.0,0.06,1.25,0.35,0.9,,,,,,1,0,1,0.1,55.3,67.32,,,53.35,0.89,0.16,262,13,23,5,25.84,31.25,9.09,1,0,23,8,15,161.7,91.0,26.0,39.44,162.37,84.67,5,Boyacá Chicó 1-0 Deportivo Pereira,2026-04-02
Cúcuta Deportivo,0.15,2.48,-2.33,0.15,2.48,-2.33,0.0,0.0,0.0,0.15,2.48,-2.33,,,,,,0,0,0,2.33,34.0,18.91,,,39.69,0.29,2.07,101,5,5,23,17.24,11.11,27.41,0,4,4,2,3,9.4,3.0,136.4,89.5,28.1,12.22,0,Atlético Nacional 0-0 Cúcuta Deportivo,2026-04-01
Atlético Nacional,2.48,0.15,2.33,2.48,0.15,2.33,0.0,0.0,0.0,2.48,0.15,2.33,,,,,,0,0,0,-2.33,66.0,81.09,,,58.5,2.07,0.29,511,23,23,5,11.11,17.24,15.19,4,0,36,6,11,303.5,97.0,16.0,10.5,201.8,87.78,1,Atlético Nacional 0-0 Cúcuta Deportivo,2026-04-01
Llaneros,0.84,0.72,0.12,0.67,0.67,0.0,0.17,0.05,0.12,0.84,0.72,0.12,,,,,,1,0,1,0.88,47.5,37.16,,,44.9,0.44,0.68,137,6,7,11,15.91,16.18,11.04,1,3,13,4,10,43.2,32.36,53.8,57.48,45.2,41.62,1,Independiente Santa Fe 0-1 Llaneros,2026-04-01
Independiente Santa Fe,0.72,0.84,-0.12,0.67,0.67,0.0,0.05,0.17,-0.12,0.72,0.84,-0.12,,,,,,0,1,-1,-0.88,52.5,62.84,,,49.61,0.68,0.44,197,14,11,7,16.18,15.91,9.58,3,1,32,12,13,90.3,67.64,39.8,42.52,63.4,58.38,5,Independiente Santa Fe 0-1 Llaneros,2026-04-01
Deportivo Pasto,1.32,0.68,0.64,1.32,0.47,0.85,0.0,0.22,-0.22,1.32,0.68,0.64,,,,,,0,0,0,-0.64,52.9,55.71,,,47.78,0.57,0.85,213,13,13,10,22.81,11.76,9.31,4,3,14,5,16,118.6,68.91,45.27,47.38,102.3,70.8,2,Alianza 0-0 Deportivo Pasto,2026-04-01
Alianza,0.68,1.32,-0.64,0.47,1.32,-0.85,0.22,0.0,0.22,0.68,1.32,-0.64,,,,,,0,0,0,0.64,47.1,44.29,,,46.54,0.85,0.57,176,12,10,13,11.76,22.81,10.97,3,4,16,7,14,53.5,31.09,50.27,52.62,42.2,29.2,2,Alianza 0-0 Deportivo Pasto,2026-04-01
Águilas Doradas,1.0,3.49,-2.49,0.24,3.39,-3.15,0.0,0.11,-0.11,0.24,3.49,-3.25,,,,,,1,4,-3,-0.51,33.1,39.36,,,47.22,0.51,1.49,123,5,6,19,11.76,12.75,15.61,5,6,14,3,15,45.4,19.39,133.2,98.96,71.19,37.79,2,Deportes Tolima 4-1 Águilas Doradas,2026-03-31
Deportes Tolima,3.49,1.0,2.49,3.39,0.24,3.15,0.11,0.0,0.11,3.49,0.24,3.25,,,,,,4,1,3,0.51,66.9,60.64,,,48.75,1.49,0.51,266,15,19,6,12.75,11.76,8.2,6,5,16,2,8,188.8,80.61,1.4,1.04,117.21,62.21,0,Deportes Tolima 4-1 Águilas Doradas,2026-03-31
Fortaleza,0.65,2.25,-1.6,0.65,2.15,-1.5,0.0,0.1,-0.1,0.65,2.25,-1.6,,,,,,2,2,0,1.6,50.1,36.69,,,46.3,0.89,0.88,168,9,10,15,11.24,17.05,12.6,3,1,11,2,11,55.2,29.5,28.27,32.92,30.2,18.94,1,Millonarios 2-2 Fortaleza,2026-03-30
Millonarios,2.25,0.65,1.6,2.15,0.65,1.5,0.1,0.0,0.1,2.25,0.65,1.6,,,,,,2,2,0,-1.6,49.9,63.31,,,53.49,0.88,0.89,206,17,15,10,17.05,11.24,13.62,1,3,44,13,9,131.9,70.5,57.6,67.08,129.23,81.06,1,Millonarios 2-2 Fortaleza,2026-03-30
América de Cali,0.93,2.03,-1.1,0.86,1.35,-0.49,0.07,0.68,-0.61,0.93,2.03,-1.1,,,,,,1,2,-1,0.1,49.4,37.3,,,42.05,0.46,1.22,133,9,11,18,23.91,14.75,14.0,0,0,14,6,14,33.7,20.71,63.93,64.28,62.07,38.74,3,Independiente Medellín 2-1 América de Cali,2026-03-30
Independiente Medellín,2.03,0.93,1.1,1.35,0.86,0.49,0.68,0.07,0.61,2.03,0.93,1.1,,,,,,2,1,1,-0.1,50.6,62.7,,,49.04,1.22,0.46,208,19,18,11,14.75,23.91,14.04,0,0,14,5,10,129.0,79.29,35.53,35.72,98.17,61.26,5,Independiente Medellín 2-1 América de Cali,2026-03-30
Once Caldas,1.96,1.2,0.76,1.96,1.14,0.82,0.0,0.06,-0.06,1.96,1.2,0.76,,,,,,1,1,0,-0.76,47.8,40.79,,,44.15,0.46,1.28,113,3,7,12,15.22,9.38,16.07,0,1,6,1,6,40.1,33.73,34.93,49.34,40.7,39.12,0,Llaneros 1-1 Once Caldas,2026-03-30
Llaneros,1.2,1.96,-0.76,1.14,1.96,-0.82,0.06,0.0,0.06,1.2,1.96,-0.76,,,,,,1,1,0,0.76,52.2,59.21,,,51.03,1.28,0.46,168,17,12,7,9.38,15.22,10.68,1,0,21,8,11,78.8,66.27,35.87,50.66,63.33,60.88,1,Llaneros 1-1 Once Caldas,2026-03-30
Atlético Nacional,2.44,1.06,1.38,2.44,0.88,1.56,0.0,0.18,-0.18,2.44,1.06,1.38,,,,,,2,1,1,-0.38,50.4,45.0,,,49.02,0.57,1.03,192,10,11,15,19.3,14.56,11.09,5,5,6,2,12,57.6,38.25,27.6,29.89,24.53,21.79,0,Deportivo Pasto 1-2 Atlético Nacional,2026-03-29
Deportivo Pasto,1.06,2.44,-1.38,0.88,2.44,-1.56,0.18,0.0,0.18,1.06,2.44,-1.38,,,,,,1,2,-1,0.38,49.6,55.0,,,49.37,1.03,0.57,174,11,15,11,14.56,19.3,9.97,5,5,26,7,10,93.0,61.75,64.73,70.11,88.07,78.21,1,Deportivo Pasto 1-2 Atlético Nacional,2026-03-29
Junior,1.15,1.89,-0.74,1.15,1.86,-0.71,0.0,0.02,-0.02,1.15,1.89,-0.74,,,,,,1,0,1,1.74,47.9,33.8,,,43.39,0.86,1.38,133,6,7,20,8.14,14.49,12.78,2,1,9,2,13,34.4,16.67,42.53,53.56,30.07,16.45,0,Inter Bogotá 0-1 Junior,2026-03-29
Inter Bogotá,1.89,1.15,0.74,1.86,1.15,0.71,0.02,0.0,0.02,1.89,1.15,0.74,,,,,,0,1,-1,-1.74,52.1,66.2,,,50.67,1.38,0.86,218,16,20,7,14.49,8.14,15.52,1,2,30,6,6,172.0,83.33,36.87,46.44,152.7,83.55,2,Inter Bogotá 0-1 Junior,2026-03-29
Deportivo Pereira,1.1,2.11,-1.01,0.34,0.78,-0.44,0.0,0.57,-0.57,0.34,1.35,-1.01,,,,,,0,1,-1,0.01,50.8,37.02,,,41.59,0.27,0.38,155,8,7,16,25.93,42.11,13.52,4,5,7,1,9,30.5,20.07,36.07,33.94,17.27,9.21,3,Deportivo Cali 1-0 Deportivo Pereira,2026-03-28
Deportivo Cali,2.11,1.1,1.01,0.78,0.34,0.44,0.57,0.0,0.57,1.35,0.34,1.01,,,,,,1,0,1,-0.01,49.2,62.98,,,50.59,0.38,0.27,258,10,16,7,42.11,25.93,12.26,5,4,13,5,12,121.5,79.93,70.2,66.06,170.3,90.79,1,Deportivo Cali 1-0 Deportivo Pereira,2026-03-28
Jaguares de Córdoba,1.09,2.26,-1.17,1.07,2.11,-1.04,0.02,0.15,-0.13,1.09,2.26,-1.17,,,,,,1,3,-2,-0.83,37.8,31.51,,,42.9,0.65,1.36,126,10,17,25,26.15,18.38,19.45,3,7,12,4,3,56.3,22.37,89.27,81.94,56.33,20.8,0,Deportes Tolima 3-1 Jaguares de Córdoba,2026-03-28
Deportes Tolima,2.26,1.09,1.17,2.11,1.07,1.04,0.15,0.02,0.13,2.26,1.09,1.17,,,,,,3,1,2,0.83,62.2,68.49,,,49.52,1.36,0.65,276,25,25,17,18.38,26.15,12.77,7,3,14,6,11,195.4,77.63,19.67,18.06,214.5,79.2,2,Deportes Tolima 3-1 Jaguares de Córdoba,2026-03-28
Boyacá Chicó,1.97,0.43,1.54,1.14,0.37,0.77,0.07,0.06,0.01,1.21,0.43,0.78,,,,,,0,1,-1,-2.54,64.1,67.54,,,52.45,1.15,0.26,244,17,21,8,18.26,30.77,5.13,2,2,23,3,24,169.2,90.53,14.47,14.0,116.93,66.72,3,Cúcuta Deportivo 1-0 Boyacá Chicó,2026-03-28
Cúcuta Deportivo,0.43,1.97,-1.54,0.37,1.14,-0.77,0.06,0.07,-0.01,0.43,1.21,-0.78,,,,,,1,0,1,2.54,35.9,32.46,,,45.49,0.26,1.15,97,7,8,21,30.77,18.26,14.64,2,2,5,2,10,17.7,9.47,88.87,86.0,58.33,33.28,1,Cúcuta Deportivo 1-0 Boyacá Chicó,2026-03-28
Independiente Santa Fe,1.12,1.08,0.04,1.08,0.99,0.09,0.04,0.09,-0.05,1.12,1.08,0.04,,,,,,2,1,1,0.96,39.8,45.87,,,47.53,0.61,0.64,160,7,9,14,14.75,21.88,9.62,2,3,14,5,19,33.3,25.77,94.33,87.29,89.17,64.09,2,Atlético Bucaramanga 1-2 Independiente Santa Fe,2026-03-27
Atlético Bucaramanga,1.08,1.12,-0.04,0.99,1.08,-0.09,0.09,0.04,0.05,1.08,1.12,-0.04,,,,,,1,2,-1,-0.96,60.2,54.13,,,51.42,0.64,0.61,258,14,14,9,21.88,14.75,6.65,3,2,22,3,14,95.9,74.23,13.73,12.71,49.97,35.91,3,Atlético Bucaramanga 1-2 Independiente Santa Fe,2026-03-27
Alianza,0.48,2.29,-1.81,0.31,1.04,-0.73,0.16,0.49,-0.33,0.48,1.53,-1.05,,,,,,0,1,-1,0.81,44.8,43.09,,,43.65,0.5,1.41,116,12,9,12,18.0,8.51,11.93,0,8,20,5,9,56.4,33.55,66.73,71.45,60.4,43.13,4,Águilas Doradas 1-0 Alianza,2026-03-27
Águilas Doradas,2.29,0.48,1.81,1.04,0.31,0.73,0.49,0.16,0.33,1.53,0.48,1.05,,,,,,1,0,1,-0.81,55.2,56.91,,,46.14,1.41,0.5,175,15,12,9,8.51,18.0,9.03,8,0,15,5,12,111.7,66.45,26.67,28.55,79.63,56.87,3,Águilas Doradas 1-0 Alianza,2026-03-27
Llaneros,0.35,2.33,-1.98,0.34,1.99,-1.65,0.01,0.34,-0.33,0.35,2.33,-1.98,,,,,,0,0,0,1.98,35.9,31.29,,,40.74,0.3,1.38,99,6,8,27,26.67,19.57,21.28,1,5,9,2,10,15.6,6.36,80.87,80.87,30.63,14.33,3,América de Cali 0-0 Llaneros,2026-03-25
América de Cali,2.33,0.35,1.98,1.99,0.34,1.65,0.34,0.01,0.33,2.33,0.35,1.98,,,,,,0,0,0,-1.98,64.1,68.71,,,49.87,1.38,0.3,268,28,27,8,19.57,26.67,10.33,5,1,29,12,7,229.8,93.64,19.13,19.13,183.1,85.67,0,América de Cali 0-0 Llaneros,2026-03-25
Deportivo Pasto,0.83,0.59,0.24,0.67,0.57,0.1,0.16,0.02,0.14,0.83,0.59,0.24,,,,,,2,1,1,0.76,45.1,47.62,,,47.04,0.8,0.38,161,7,10,6,12.5,15.79,11.03,1,4,14,2,11,52.6,45.27,65.27,71.99,72.6,63.95,3,Fortaleza 1-2 Deportivo Pasto,2026-03-24
Fortaleza,0.59,0.83,-0.24,0.57,0.67,-0.1,0.02,0.16,-0.14,0.59,0.83,-0.24,,,,,,1,2,-1,-0.76,54.9,52.38,,,47.7,0.38,0.8,200,9,6,10,15.79,12.5,9.19,4,1,22,5,19,63.6,54.73,25.4,28.01,40.93,36.05,5,Fortaleza 1-2 Deportivo Pasto,2026-03-24
Atlético Bucaramanga,0.86,0.79,0.07,0.7,0.79,-0.09,0.15,0.0,0.15,0.86,0.79,0.07,,,,,,0,2,-2,-2.07,53.3,48.06,,,49.2,0.68,0.48,197,13,16,10,23.53,20.83,7.44,4,2,19,8,8,106.3,46.54,23.4,32.41,71.2,33.58,4,Junior 2-0 Atlético Bucaramanga,2026-03-24
Junior,0.79,0.86,-0.07,0.79,0.7,0.09,0.0,0.15,-0.15,0.79,0.86,-0.07,,,,,,2,0,2,2.07,46.7,51.94,,,52.98,0.48,0.68,187,15,10,16,20.83,23.53,9.81,2,4,14,6,17,122.1,53.46,48.8,67.59,140.83,66.42,2,Junior 2-0 Atlético Bucaramanga,2026-03-24
Cúcuta Deportivo,1.72,0.71,1.01,1.38,0.65,0.73,0.35,0.06,0.29,1.72,0.71,1.01,,,,,,2,2,0,-1.01,59.9,71.38,,,54.34,1.41,0.36,290,25,17,12,12.06,33.33,14.67,2,4,24,10,11,210.8,79.07,36.47,38.77,173.47,79.0,1,Deportivo Pereira 2-2 Cúcuta Deportivo,2026-03-24
Deportivo Pereira,0.71,1.72,-1.01,0.65,1.38,-0.73,0.06,0.35,-0.29,0.71,1.72,-1.01,,,,,,2,2,0,1.01,40.1,28.62,,,40.34,0.36,1.41,100,9,12,17,33.33,12.06,19.18,4,2,11,7,5,55.8,20.93,57.6,61.23,46.1,21.0,2,Deportivo Pereira 2-2 Cúcuta Deportivo,2026-03-24
Águilas Doradas,1.41,1.54,-0.13,1.41,0.74,0.67,0.0,0.04,-0.04,1.41,0.78,0.63,,,,,,1,1,0,0.13,52.3,54.96,,,51.05,1.42,0.99,211,21,11,15,7.75,15.15,7.2,6,3,20,3,18,89.1,65.42,42.53,54.76,98.57,73.43,2,Jaguares de Córdoba 1-1 Águilas Doradas,2026-03-23
Jaguares de Córdoba,1.54,1.41,0.13,0.74,1.41,-0.67,0.04,0.0,0.04,0.78,1.41,-0.63,,,,,,1,1,0,-0.13,47.7,45.04,,,46.24,0.99,1.42,163,9,15,11,15.15,7.75,9.03,3,6,20,5,16,47.1,34.58,35.13,45.24,35.67,26.57,1,Jaguares de Córdoba 1-1 Águilas Doradas,2026-03-23
Independiente Medellín,1.98,1.32,0.66,1.61,1.2,0.41,0.37,0.13,0.24,1.98,1.32,0.66,,,,,,1,2,-1,-1.66,41.8,44.98,,,49.99,0.81,0.74,136,12,13,18,16.05,24.32,11.62,1,1,27,6,7,53.0,32.22,83.4,83.23,61.7,39.73,4,Independiente Santa Fe 2-1 Independiente Medellín,2026-03-23
Independiente Santa Fe,1.32,1.98,-0.66,1.2,1.61,-0.41,0.13,0.37,-0.24,1.32,1.98,-0.66,,,,,,2,1,1,1.66,58.2,55.02,,,50.26,0.74,0.81,191,17,18,13,24.32,16.05,8.36,1,1,12,6,17,111.5,67.78,16.8,16.77,93.6,60.27,1,Independiente Santa Fe 2-1 Independiente Medellín,2026-03-23
Deportes Tolima,1.94,0.24,1.7,1.94,0.24,1.7,0.0,0.0,0.0,1.94,0.24,1.7,,,,,,1,1,0,-1.7,60.0,58.03,,,46.91,1.09,0.25,207,11,12,4,11.01,16.0,8.26,4,5,16,6,6,131.7,77.88,18.07,17.58,77.8,54.61,1,Boyacá Chicó 1-1 Deportes Tolima,2026-03-23
Boyacá Chicó,0.24,1.94,-1.7,0.24,1.94,-1.7,0.0,0.0,0.0,0.24,1.94,-1.7,,,,,,1,1,0,1.7,40.0,41.97,,,47.8,0.25,1.09,129,4,4,12,16.0,11.01,17.2,5,4,12,3,12,37.4,22.12,84.73,82.42,64.67,45.39,5,Boyacá Chicó 1-1 Deportes Tolima,2026-03-23
Deportivo Cali,0.62,0.98,-0.36,0.61,0.77,-0.16,0.0,0.21,-0.21,0.62,0.98,-0.36,,,,,,0,1,-1,-0.64,60.7,63.89,,,49.5,0.91,0.35,252,10,7,7,7.69,20.0,6.89,4,1,21,6,16,98.7,64.09,9.47,11.61,54.4,40.06,6,Alianza 1-0 Deportivo Cali,2026-03-22
Alianza,0.98,0.62,0.36,0.77,0.61,0.16,0.21,0.0,0.21,0.98,0.62,0.36,,,,,,1,0,1,0.64,39.3,36.11,,,46.86,0.35,0.91,124,10,7,7,20.0,7.69,12.45,1,4,15,2,13,55.3,35.91,72.07,88.39,81.4,59.94,3,Alianza 1-0 Deportivo Cali,2026-03-22
Inter Bogotá,0.48,1.09,-0.61,0.45,1.03,-0.58,0.03,0.06,-0.03,0.48,1.09,-0.61,,,,,,0,3,-3,-2.39,29.6,32.95,,,44.83,0.35,0.61,88,5,11,22,31.43,36.07,14.74,4,1,10,4,12,9.0,4.93,102.4,96.6,33.58,14.69,3,Atlético Nacional 3-0 Inter Bogotá,2026-03-21
Atlético Nacional,1.09,0.48,0.61,1.03,0.45,0.58,0.06,0.03,0.03,1.09,0.48,0.61,,,,,,3,0,3,2.39,70.4,67.05,,,49.25,0.61,0.35,244,16,22,11,36.07,31.43,6.58,1,4,13,6,8,173.5,95.07,3.6,3.4,194.97,85.31,0,Atlético Nacional 3-0 Inter Bogotá,2026-03-21
Millonarios,2.3,1.05,1.25,1.56,1.01,0.55,0.74,0.04,0.7,2.3,1.05,1.25,,,,,,4,1,3,1.75,31.7,27.27,,,46.82,1.1,0.58,126,13,18,18,16.36,31.03,38.55,0,4,16,4,9,25.7,12.57,153.0,98.58,104.17,66.55,0,Once Caldas 1-4 Millonarios,2026-03-21
Once Caldas,1.05,2.3,-1.25,1.01,1.56,-0.55,0.04,0.74,-0.7,1.05,2.3,-1.25,,,,,,1,4,-3,-1.75,68.3,72.73,,,56.29,0.58,1.1,418,6,18,18,31.03,16.36,13.65,4,0,17,4,2,178.8,87.43,2.2,1.42,52.37,33.45,0,Once Caldas 1-4 Millonarios,2026-03-21
América de Cali,0.42,0.54,-0.12,0.42,0.44,-0.02,0.0,0.1,-0.1,0.42,0.54,-0.12,,,,,,1,0,1,1.12,42.3,40.68,,,45.49,0.37,1.06,125,7,6,12,16.22,11.32,15.81,2,3,12,1,7,52.5,30.74,63.4,62.9,54.07,44.56,0,Águilas Doradas 0-1 América de Cali,2026-03-20
Águilas Doradas,0.54,0.42,0.12,0.44,0.42,0.02,0.1,0.0,0.1,0.54,0.42,0.12,,,,,,0,1,-1,-1.12,57.7,59.32,,,50.48,1.06,0.37,247,16,12,6,11.32,16.22,10.04,3,2,26,7,13,118.3,69.26,37.4,37.1,67.27,55.44,4,Águilas Doradas 0-1 América de Cali,2026-03-20
Junior,1.19,1.33,-0.14,0.41,1.18,-0.77,0.78,0.15,0.63,1.19,1.33,-0.14,,,,,,0,2,-2,-1.86,57.6,52.46,,,48.84,0.64,0.64,210,11,12,18,18.75,28.12,10.04,3,3,18,6,9,96.6,54.95,33.6,30.55,57.8,25.69,0,Independiente Medellín 2-0 Junior,2026-03-19
Independiente Medellín,1.33,1.19,0.14,1.18,0.41,0.77,0.15,0.78,-0.63,1.33,1.19,0.14,,,,,,2,0,2,1.86,42.4,47.54,,,48.86,0.64,0.64,154,20,18,12,28.12,18.75,9.16,3,3,16,6,16,79.2,45.05,76.4,69.45,167.17,74.31,4,Independiente Medellín 2-0 Junior,2026-03-19
Fortaleza,0.62,1.74,-1.12,0.56,0.98,-0.42,0.06,0.0,0.06,0.62,0.98,-0.36,,,,,,0,2,-2,-0.88,35.5,45.68,,,45.22,0.35,0.4,146,7,10,12,28.57,30.0,15.76,5,2,9,3,16,52.9,46.08,97.27,88.05,69.8,53.08,0,Deportes Tolima 2-0 Fortaleza,2026-03-19
Deportes Tolima,1.74,0.62,1.12,0.98,0.56,0.42,0.0,0.06,-0.06,0.98,0.62,0.36,,,,,,2,0,2,0.88,64.5,54.32,,,43.45,0.4,0.35,214,6,12,10,30.0,28.57,7.14,2,5,3,1,13,61.9,53.92,13.2,11.95,61.7,46.92,0,Deportes Tolima 2-0 Fortaleza,2026-03-19
Jaguares de Córdoba,0.4,0.88,-0.48,0.29,0.85,-0.56,0.11,0.03,0.08,0.4,0.88,-0.48,,,,,,0,1,-1,-0.52,63.5,68.11,,,48.04,0.61,0.56,280,11,14,8,22.95,14.29,9.67,2,1,18,6,8,131.3,76.78,4.47,4.34,72.6,44.09,0,Alianza 1-0 Jaguares de Córdoba,2026-03-19
Alianza,0.88,0.4,0.48,0.85,0.29,0.56,0.03,0.11,-0.08,0.88,0.4,0.48,,,,,,1,0,1,0.52,36.5,31.89,,,42.74,0.56,0.61,116,3,8,14,14.29,22.95,15.16,1,2,9,2,17,39.7,23.22,98.53,95.66,92.07,55.91,3,Alianza 1-0 Jaguares de Córdoba,2026-03-19
Independiente Santa Fe,1.57,0.48,1.09,1.45,0.48,0.97,0.11,0.0,0.11,1.57,0.48,1.09,,,,,,1,1,0,-1.09,51.8,46.44,,,46.88,0.59,1.11,151,9,9,13,15.25,11.71,11.85,1,2,17,9,6,62.3,39.28,20.0,29.44,50.4,32.89,1,Deportivo Cali 1-1 Independiente Santa Fe,2026-03-18
Deportivo Cali,0.48,1.57,-1.09,0.48,1.45,-0.97,0.0,0.11,-0.11,0.48,1.57,-1.09,,,,,,1,1,0,1.09,48.2,53.56,,,50.62,1.11,0.59,174,9,13,9,11.71,15.25,12.36,2,1,27,7,14,96.3,60.72,47.93,70.56,102.83,67.11,2,Deportivo Cali 1-1 Independiente Santa Fe,2026-03-18
Once Caldas,1.92,0.64,1.28,1.87,0.62,1.25,0.05,0.02,0.03,1.92,0.64,1.28,,,,,,1,1,0,-1.28,49.6,37.67,,,46.15,0.41,0.73,208,10,11,12,26.83,16.44,13.75,3,7,6,3,9,35.5,25.27,35.0,43.03,27.27,18.89,1,Atlético Bucaramanga 1-1 Once Caldas,2026-03-18
Atlético Bucaramanga,0.64,1.92,-1.28,0.62,1.87,-1.25,0.02,0.05,-0.03,0.64,1.92,-1.28,,,,,,1,1,0,1.28,50.4,62.33,,,53.01,0.73,0.41,263,10,12,11,16.44,26.83,13.1,7,3,26,8,8,105.0,74.73,46.33,56.97,117.1,81.11,0,Atlético Bucaramanga 1-1 Once Caldas,2026-03-18
Deportivo Pereira,1.46,2.48,-1.02,1.13,1.67,-0.54,0.33,0.05,0.28,1.46,1.72,-0.26,,,,,,2,2,0,1.02,38.0,26.26,,,40.65,0.29,1.51,120,12,9,25,31.03,16.56,26.27,1,9,11,4,8,13.7,6.44,96.6,85.43,25.93,18.98,0,Inter Bogotá 2-2 Deportivo Pereira,2026-03-18
Inter Bogotá,2.48,1.46,1.02,1.67,1.13,0.54,0.05,0.33,-0.28,1.72,1.46,0.26,,,,,,2,2,0,-1.02,62.0,73.74,,,56.34,1.51,0.29,399,16,25,9,16.56,31.03,12.33,9,1,46,11,5,199.1,93.56,16.47,14.57,110.7,81.02,1,Inter Bogotá 2-2 Deportivo Pereira,2026-03-18
Boyacá Chicó,0.11,3.21,-3.1,0.11,2.16,-2.05,0.0,0.29,-0.29,0.11,2.45,-2.34,,,,,,0,2,-2,1.1,32.6,37.82,,,49.07,0.21,1.65,110,6,2,17,9.52,10.3,12.76,2,2,9,2,13,16.0,8.59,113.93,95.9,48.5,23.57,0,Deportivo Pasto 2-0 Boyacá Chicó,2026-03-18
Deportivo Pasto,3.21,0.11,3.1,2.16,0.11,2.05,0.29,0.0,0.29,2.45,0.11,2.34,,,,,,2,0,2,-1.1,67.4,62.18,,,49.14,1.65,0.21,231,14,17,2,10.3,9.52,6.2,2,2,23,4,14,170.2,91.41,4.87,4.1,157.3,76.43,1,Deportivo Pasto 2-0 Boyacá Chicó,2026-03-18
Atlético Nacional,1.06,2.4,-1.34,0.3,2.29,-1.99,0.0,0.12,-0.12,0.3,2.4,-2.1,,,,,,0,3,-3,-1.66,50.8,38.61,,,47.02,0.25,1.05,150,3,8,20,32.0,19.05,11.5,1,3,8,3,8,55.9,24.88,17.67,25.81,29.97,10.39,0,Millonarios 3-0 Atlético Nacional,2026-03-17
Millonarios,2.4,1.06,1.34,2.29,0.3,1.99,0.12,0.0,0.12,2.4,0.3,2.1,,,,,,3,0,3,1.66,49.2,61.39,,,53.87,1.05,0.25,187,11,20,8,19.05,32.0,8.65,3,1,25,6,16,168.8,75.12,50.8,74.19,258.59,89.61,0,Millonarios 3-0 Atlético Nacional,2026-03-17
Cúcuta Deportivo,1.05,1.42,-0.37,0.98,1.36,-0.38,0.07,0.06,0.01,1.05,1.42,-0.37,,,,,,2,2,0,0.37,47.0,48.95,,,43.57,0.51,0.78,156,14,12,14,23.53,17.95,13.22,0,2,13,6,12,85.8,43.38,53.8,54.53,89.1,42.13,1,Llaneros 2-2 Cúcuta Deportivo,2026-03-17
Llaneros,1.42,1.05,0.37,1.36,0.98,0.38,0.06,0.07,-0.01,1.42,1.05,0.37,,,,,,2,2,0,-0.37,53.0,51.05,,,46.47,0.78,0.51,185,17,14,12,17.95,23.53,10.6,2,0,14,3,17,112.0,56.62,44.87,45.47,122.37,57.87,0,Llaneros 2-2 Cúcuta Deportivo,2026-03-17
Fortaleza,1.25,1.36,-0.11,0.44,1.34,-0.9,0.04,0.02,0.02,0.49,1.36,-0.87,,,,,,1,2,-1,-0.89,45.3,42.42,,,44.92,0.26,0.49,129,3,10,15,38.46,30.61,11.19,2,2,12,5,8,58.2,35.14,37.13,71.13,53.73,36.53,4,Junior 2-1 Fortaleza,2026-03-15
Junior,1.36,1.25,0.11,1.34,0.44,0.9,0.02,0.04,-0.02,1.36,0.49,0.87,,,,,,2,1,1,0.89,54.7,57.58,,,49.33,0.49,0.26,191,15,15,10,30.61,38.46,10.46,2,2,12,5,15,107.4,64.86,15.07,28.87,93.37,63.47,0,Junior 2-1 Fortaleza,2026-03-15
Independiente Medellín,1.14,1.32,-0.18,0.33,1.17,-0.84,0.06,0.15,-0.09,0.38,1.32,-0.94,,,,,,2,1,1,1.18,69.9,71.79,,,53.37,0.43,0.55,302,8,10,12,23.26,21.82,7.95,2,1,16,8,7,120.6,73.45,4.33,3.66,43.67,36.84,3,Jaguares de Córdoba 1-2 Independiente Medellín,2026-03-15
Jaguares de Córdoba,1.32,1.14,0.18,1.17,0.33,0.84,0.15,0.06,0.09,1.32,0.38,0.94,,,,,,1,2,-1,-1.18,30.1,28.21,,,45.63,0.55,0.43,88,15,12,10,21.82,23.26,15.79,1,2,11,5,14,43.6,26.55,114.13,96.34,74.87,63.16,4,Jaguares de Córdoba 1-2 Independiente Medellín,2026-03-15
Deportes Tolima,1.63,0.49,1.14,0.83,0.49,0.34,0.04,0.0,0.04,0.87,0.49,0.38,,,,,,1,1,0,-1.14,44.6,36.73,,,48.08,0.77,1.03,170,12,10,16,12.99,15.53,10.03,1,6,7,4,18,53.0,28.46,82.07,73.32,77.1,50.33,0,América de Cali 1-1 Deportes Tolima,2026-03-15
América de Cali,0.49,1.63,-1.14,0.49,0.83,-0.34,0.0,0.04,-0.04,0.49,0.87,-0.38,,,,,,1,1,0,1.14,55.4,63.27,,,51.9,1.03,0.77,250,16,16,10,15.53,12.99,6.39,6,1,31,3,15,133.2,71.54,29.87,26.68,76.1,49.67,0,América de Cali 1-1 Deportes Tolima,2026-03-15
Águilas Doradas,1.42,0.48,0.94,1.37,0.48,0.89,0.05,0.0,0.05,1.42,0.48,0.94,,,,,,1,0,1,0.06,44.7,59.21,,,49.36,1.18,0.39,182,16,14,7,11.86,17.95,14.3,8,5,8,1,12,139.9,78.73,97.6,81.61,206.87,90.36,2,Deportivo Pereira 0-1 Águilas Doradas,2026-03-15
Deportivo Pereira,0.48,1.42,-0.94,0.48,1.37,-0.89,0.0,0.05,-0.05,0.48,1.42,-0.94,,,,,,0,1,-1,-0.06,55.3,40.79,,,41.05,0.39,1.18,152,6,7,14,17.95,11.86,9.24,5,8,17,2,11,37.8,21.27,22.0,18.39,22.07,9.64,1,Deportivo Pereira 0-1 Águilas Doradas,2026-03-15
Alianza,0.25,1.13,-0.88,0.21,1.09,-0.88,0.04,0.05,-0.01,0.25,1.13,-0.88,,,,,,1,1,0,0.88,45.5,41.84,,,44.95,0.19,0.56,145,5,7,8,36.84,14.29,14.3,3,3,19,4,6,53.5,38.99,60.07,53.73,43.93,36.69,3,Independiente Santa Fe 1-1 Alianza,2026-03-14
Independiente Santa Fe,1.13,0.25,0.88,1.09,0.21,0.88,0.05,0.04,0.01,1.13,0.25,0.88,,,,,,1,1,0,-0.88,54.5,58.16,,,47.72,0.56,0.19,224,5,8,7,14.29,36.84,12.46,3,3,20,7,7,83.7,61.01,51.73,46.27,75.8,63.31,2,Independiente Santa Fe 1-1 Alianza,2026-03-14
Millonarios,2.43,1.36,1.07,2.23,1.02,1.21,0.21,0.34,-0.13,2.43,1.36,1.07,,,,,,1,2,-1,-2.07,53.3,61.15,,,53.03,1.16,0.7,189,25,22,9,18.97,12.86,8.72,0,1,22,7,13,136.1,80.2,34.33,53.31,127.63,75.52,1,Boyacá Chicó 2-1 Millonarios,2026-03-14
Boyacá Chicó,1.36,2.43,-1.07,1.02,2.23,-1.21,0.34,0.21,0.13,1.36,2.43,-1.07,,,,,,2,1,1,2.07,46.7,38.85,,,48.92,0.7,1.16,147,8,9,22,12.86,18.97,11.09,1,0,13,4,14,33.6,19.8,30.07,46.69,41.37,24.48,1,Boyacá Chicó 2-1 Millonarios,2026-03-14
Deportivo Cali,1.21,1.75,-0.54,0.83,1.22,-0.39,0.38,0.53,-0.15,1.21,1.75,-0.54,,,,,,2,0,2,2.54,35.0,39.71,,,46.05,0.68,0.64,103,8,9,9,13.24,14.06,16.08,3,0,11,4,16,37.7,29.64,93.33,91.81,101.77,66.37,1,Cúcuta Deportivo 0-2 Deportivo Cali,2026-03-14
Cúcuta Deportivo,1.75,1.21,0.54,1.22,0.83,0.39,0.53,0.38,0.15,1.75,1.21,0.54,,,,,,0,2,-2,-2.54,65.0,60.29,,,43.95,0.64,0.68,176,9,9,9,14.06,13.24,7.46,0,3,21,8,4,89.5,70.36,8.33,8.19,51.57,33.63,0,Cúcuta Deportivo 0-2 Deportivo Cali,2026-03-14
Atlético Bucaramanga,1.13,0.45,0.68,0.93,0.36,0.57,0.2,0.09,0.11,1.13,0.45,0.68,,,,,,0,0,0,-0.68,49.4,49.15,,,47.35,0.78,0.89,204,12,15,7,19.23,7.87,16.33,2,5,13,4,4,84.0,63.02,48.67,57.89,90.13,68.13,2,Inter Bogotá 0-0 Atlético Bucaramanga,2026-03-14
Inter Bogotá,0.45,1.13,-0.68,0.36,0.93,-0.57,0.09,0.2,-0.11,0.45,1.13,-0.68,,,,,,0,0,0,0.68,50.6,50.85,,,47.12,0.89,0.78,209,8,7,15,7.87,19.23,14.58,5,2,24,4,9,49.3,36.98,35.4,42.11,42.17,31.87,0,Inter Bogotá 0-0 Atlético Bucaramanga,2026-03-14
Llaneros,1.03,2.07,-1.04,1.0,1.23,-0.23,0.03,0.08,-0.05,1.03,1.31,-0.28,,,,,,0,2,-2,-0.96,44.9,59.53,,,50.28,0.6,0.75,188,11,18,10,30.0,13.33,13.27,1,7,27,5,10,109.7,75.29,103.67,86.63,157.17,77.16,0,Atlético Nacional 2-0 Llaneros,2026-03-13
Atlético Nacional,2.07,1.03,1.04,1.23,1.0,0.23,0.08,0.03,0.05,1.31,1.03,0.28,,,,,,2,0,2,0.96,55.1,40.47,,,41.45,0.75,0.6,152,12,10,18,13.33,30.0,10.63,7,1,13,5,8,36.0,24.71,16.0,13.37,46.53,22.84,0,Atlético Nacional 2-0 Llaneros,2026-03-13
Deportivo Pasto,2.77,1.29,1.48,1.89,0.49,1.4,0.12,0.05,0.07,2.01,0.53,1.48,,,,,,2,4,-2,-3.48,50.5,43.15,,,50.14,1.15,0.58,217,15,21,12,18.26,20.69,12.0,5,5,19,7,11,109.7,40.14,55.73,47.37,52.42,15.67,2,Once Caldas 4-2 Deportivo Pasto,2026-03-13
Once Caldas,1.29,2.77,-1.48,0.49,1.89,-1.4,0.05,0.12,-0.07,0.53,2.01,-1.48,,,,,,4,2,2,3.48,49.5,56.85,,,54.78,0.58,1.15,251,15,12,21,20.69,18.26,11.89,5,5,8,2,11,163.6,59.86,61.93,52.63,282.15,84.33,0,Once Caldas 4-2 Deportivo Pasto,2026-03-13
Atlético Nacional,2.11,0.42,1.69,2.07,0.4,1.67,0.04,0.02,0.02,2.11,0.42,1.69,,,,,,4,0,4,2.31,67.7,61.69,,,49.58,0.96,0.43,265,15,16,4,16.67,9.3,7.59,4,2,12,4,10,145.9,85.47,3.67,3.45,98.8,61.79,0,Junior 0-4 Atlético Nacional,2026-03-10
Junior,0.42,2.11,-1.69,0.4,2.07,-1.67,0.02,0.04,-0.02,0.42,2.11,-1.69,,,,,,0,4,-4,-2.31,32.3,38.31,,,45.6,0.43,0.96,102,6,4,16,9.3,16.67,15.32,2,4,13,3,12,24.8,14.53,102.67,96.55,61.1,38.21,0,Junior 0-4 Atlético Nacional,2026-03-10
Deportivo Pereira,0.13,1.33,-1.2,0.13,1.06,-0.93,0.0,0.27,-0.27,0.13,1.33,-1.2,,,,,,0,3,-3,-1.8,38.7,31.25,,,39.71,0.34,0.73,90,5,5,20,14.71,27.4,16.39,2,2,10,1,12,7.8,5.65,53.07,60.9,18.8,9.89,1,Atlético Bucaramanga 3-0 Deportivo Pereira,2026-03-10
Atlético Bucaramanga,1.33,0.13,1.2,1.06,0.13,0.93,0.27,0.0,0.27,1.33,0.13,1.2,,,,,,3,0,3,1.8,61.3,68.75,,,49.1,0.73,0.34,229,23,20,5,27.4,14.71,9.63,2,2,22,8,11,130.2,94.35,34.07,39.1,171.33,90.11,3,Atlético Bucaramanga 3-0 Deportivo Pereira,2026-03-10
América de Cali,0.74,0.73,0.01,0.65,0.6,0.05,0.09,0.13,-0.04,0.74,0.73,0.01,,,,,,0,2,-2,-2.01,67.0,69.55,,,51.53,0.79,0.14,276,15,14,10,17.72,71.43,9.17,4,3,29,5,12,178.6,88.07,17.4,14.4,89.73,61.02,0,Deportivo Pasto 2-0 América de Cali,2026-03-09
Deportivo Pasto,0.73,0.74,-0.01,0.6,0.65,-0.05,0.13,0.09,0.04,0.73,0.74,-0.01,,,,,,2,0,2,2.01,33.0,30.45,,,46.08,0.14,0.79,103,5,10,14,71.43,17.72,12.87,3,4,14,2,9,24.2,11.93,103.4,85.6,57.33,38.98,3,Deportivo Pasto 2-0 América de Cali,2026-03-09
Cúcuta Deportivo,0.2,2.3,-2.1,0.2,1.73,-1.53,0.0,0.57,-0.57,0.2,2.3,-2.1,,,,,,0,2,-2,0.1,47.8,48.09,,,45.88,0.34,0.93,160,2,4,21,11.76,22.58,12.35,1,2,10,1,14,24.3,15.86,40.47,39.78,15.3,8.6,0,Millonarios 2-0 Cúcuta Deportivo,2026-03-09
Millonarios,2.3,0.2,2.1,1.73,0.2,1.53,0.57,0.0,0.57,2.3,0.2,2.1,,,,,,2,0,2,-0.1,52.2,51.91,,,50.12,0.93,0.34,203,17,21,4,22.58,11.76,10.62,2,1,18,5,12,128.9,84.14,61.27,60.22,162.6,91.4,1,Millonarios 2-0 Cúcuta Deportivo,2026-03-09
Jaguares de Córdoba,1.47,1.56,-0.09,0.91,1.56,-0.65,0.56,0.0,0.56,1.47,1.56,-0.09,,,,,,0,2,-2,-1.91,50.7,49.81,,,47.22,0.62,1.04,139,17,15,12,24.19,11.54,5.38,3,3,25,7,15,71.8,47.77,35.8,51.14,60.37,38.99,2,Llaneros 2-0 Jaguares de Córdoba,2026-03-09
Llaneros,1.56,1.47,0.09,1.56,0.91,0.65,0.0,0.56,-0.56,1.56,1.47,0.09,,,,,,2,0,2,1.91,49.3,50.19,,,46.83,1.04,0.62,125,12,12,15,11.54,24.19,6.58,3,3,15,2,21,78.5,52.23,34.2,48.86,94.47,61.01,1,Llaneros 2-0 Jaguares de Córdoba,2026-03-09
Atlético Nacional,1.8,0.86,0.94,1.8,0.8,1.0,0.0,0.06,-0.06,1.8,0.86,0.94,,,,,,2,1,1,0.06,64.4,63.25,,,45.97,1.29,0.34,225,13,18,9,13.95,26.47,5.84,7,5,23,6,21,137.7,88.5,12.53,11.67,82.2,67.14,0,Águilas Doradas 1-2 Atlético Nacional,2026-03-07
Águilas Doradas,0.86,1.8,-0.94,0.8,1.8,-1.0,0.06,0.0,0.06,0.86,1.8,-0.94,,,,,,1,2,-1,-0.06,35.6,36.75,,,42.82,0.34,1.29,100,3,9,18,26.47,13.95,13.34,5,7,12,1,12,17.9,11.5,94.87,88.33,40.23,32.86,3,Águilas Doradas 1-2 Atlético Nacional,2026-03-07
Once Caldas,1.58,1.62,-0.04,0.82,1.36,-0.54,0.0,0.26,-0.26,0.82,1.62,-0.8,,,,,,2,0,2,2.04,41.3,34.44,,,42.88,0.48,1.6,118,8,13,16,27.08,10.0,14.15,2,7,6,2,9,47.7,28.49,70.73,69.89,78.87,48.1,1,Deportivo Cali 0-2 Once Caldas,2026-03-06
Deportivo Cali,1.62,1.58,0.04,1.36,0.82,0.54,0.26,0.0,0.26,1.62,0.82,0.8,,,,,,0,2,-2,-2.04,58.7,65.56,,,51.11,1.6,0.48,260,22,16,13,10.0,27.08,7.97,7,2,34,12,15,119.7,71.51,30.47,30.11,85.1,51.9,1,Deportivo Cali 0-2 Once Caldas,2026-03-06
Alianza,1.47,1.18,0.29,0.63,0.93,-0.3,0.09,0.24,-0.15,0.71,1.18,-0.47,,,,,,1,1,0,-0.29,34.4,31.54,,,43.66,0.44,0.86,107,13,11,18,25.0,20.93,11.29,8,0,16,4,12,40.2,21.04,69.53,85.15,63.07,32.95,3,Junior 1-1 Alianza,2026-03-05
Junior,1.18,1.47,-0.29,0.93,0.63,0.3,0.24,0.09,0.15,1.18,0.71,0.47,,,,,,1,1,0,0.29,65.6,68.46,,,50.44,0.86,0.44,247,18,18,11,20.93,25.0,8.87,0,8,30,12,10,150.9,78.96,12.13,14.85,128.37,67.05,1,Junior 1-1 Alianza,2026-03-05
Inter Bogotá,0.54,2.26,-1.72,0.54,0.96,-0.42,0.0,0.55,-0.55,0.54,1.5,-0.96,,,,,,1,1,0,1.72,46.7,44.29,,,47.1,0.48,0.95,159,6,6,8,12.5,8.42,10.52,3,3,17,3,13,43.1,35.5,43.13,65.42,48.23,44.73,1,Llaneros 1-1 Inter Bogotá,2026-03-05
Llaneros,2.26,0.54,1.72,0.96,0.54,0.42,0.55,0.0,0.55,1.5,0.54,0.96,,,,,,1,1,0,-1.72,53.3,55.71,,,46.69,0.95,0.48,173,20,8,6,8.42,12.5,9.68,3,3,19,7,12,78.3,64.5,22.8,34.58,59.6,55.27,1,Llaneros 1-1 Inter Bogotá,2026-03-05
Jaguares de Córdoba,1.34,1.42,-0.08,1.34,1.23,0.11,0.0,0.19,-0.19,1.34,1.42,-0.08,,,,,,1,2,-1,-0.92,39.0,45.08,,,43.75,0.63,0.64,122,9,12,10,19.05,15.62,14.19,3,3,11,3,14,88.5,49.11,93.4,86.75,131.47,70.72,2,Fortaleza 2-1 Jaguares de Córdoba,2026-03-04
Fortaleza,1.42,1.34,0.08,1.23,1.34,-0.11,0.19,0.0,0.19,1.42,1.34,0.08,,,,,,2,1,1,0.92,61.0,54.92,,,45.56,0.64,0.63,197,12,10,12,15.62,19.05,8.64,3,3,21,7,14,91.7,50.89,14.27,13.25,54.43,29.28,0,Fortaleza 2-1 Jaguares de Córdoba,2026-03-04
Atlético Nacional,0.95,1.26,-0.31,0.84,0.5,0.34,0.1,0.0,0.1,0.95,0.5,0.45,,,,,,0,1,-1,-0.69,37.2,36.49,,,46.64,0.63,0.87,135,15,11,12,17.46,13.79,14.18,6,2,13,4,9,67.3,31.9,90.33,82.37,92.77,44.38,1,Deportes Tolima 1-0 Atlético Nacional,2026-03-01
Deportes Tolima,1.26,0.95,0.31,0.5,0.84,-0.34,0.0,0.1,-0.1,0.5,0.95,-0.45,,,,,,1,0,1,0.69,62.8,63.51,,,48.23,0.87,0.63,232,19,12,11,13.79,17.46,11.19,2,6,12,6,13,143.7,68.1,19.33,17.63,116.27,55.62,0,Deportes Tolima 1-0 Atlético Nacional,2026-03-01
Fortaleza,0.67,0.78,-0.11,0.45,0.76,-0.31,0.22,0.02,0.2,0.67,0.78,-0.11,,,,,,1,1,0,0.11,56.4,52.15,,,44.75,0.67,0.61,172,15,13,13,19.4,21.31,9.0,2,5,12,5,10,51.4,50.39,17.6,24.74,40.2,30.56,3,Deportivo Cali 1-1 Fortaleza,2026-03-01
Deportivo Cali,0.78,0.67,0.11,0.76,0.45,0.31,0.02,0.22,-0.2,0.78,0.67,0.11,,,,,,1,1,0,-0.11,43.6,47.85,,,44.62,0.61,0.67,142,10,13,13,21.31,19.4,7.63,5,2,7,6,20,50.6,49.61,53.53,75.26,91.33,69.44,0,Deportivo Cali 1-1 Fortaleza,2026-03-01
Inter Bogotá,0.59,1.72,-1.13,0.55,1.72,-1.17,0.04,0.0,0.04,0.59,1.72,-1.13,,,,,,0,0,0,1.13,48.7,43.8,,,42.51,0.18,0.97,126,1,10,12,55.56,12.37,8.85,0,7,15,6,14,51.0,33.66,22.07,35.03,43.5,28.0,1,Águilas Doradas 0-0 Inter Bogotá,2026-03-01
Águilas Doradas,1.72,0.59,1.13,1.72,0.55,1.17,0.0,0.04,-0.04,1.72,0.59,1.13,,,,,,0,0,0,-1.13,51.3,56.2,,,47.51,0.97,0.18,163,19,12,10,12.37,55.56,7.97,7,0,15,4,13,100.5,66.34,40.93,64.97,111.87,72.0,1,Águilas Doradas 0-0 Inter Bogotá,2026-03-01
Cúcuta Deportivo,0.55,1.33,-0.78,0.14,1.33,-1.19,0.41,0.0,0.41,0.55,1.33,-0.78,,,,,,2,3,-1,-0.22,46.5,35.45,,,42.02,0.31,1.29,151,5,7,22,22.58,17.05,21.82,3,11,20,5,5,34.1,18.89,61.53,63.87,27.7,16.12,0,Deportivo Pasto 3-2 Cúcuta Deportivo,2026-03-01
Deportivo Pasto,1.33,0.55,0.78,1.33,0.14,1.19,0.0,0.41,-0.41,1.33,0.55,0.78,,,,,,3,2,1,0.22,53.5,64.55,,,49.21,1.29,0.31,253,18,22,7,17.05,22.58,11.61,11,3,25,6,7,146.4,81.11,34.8,36.13,144.13,83.88,7,Deportivo Pasto 3-2 Cúcuta Deportivo,2026-03-01
Atlético Bucaramanga,0.51,3.04,-2.53,0.51,1.41,-0.9,0.0,0.87,-0.87,0.51,2.28,-1.77,,,,,,2,1,1,3.53,41.4,41.98,,,44.16,0.73,0.62,134,9,6,23,8.22,37.1,13.0,8,4,9,2,9,33.5,16.78,53.27,63.36,44.27,27.55,1,Independiente Medellín 1-2 Atlético Bucaramanga,2026-02-28
Independiente Medellín,3.04,0.51,2.53,1.41,0.51,0.9,0.87,0.0,0.87,2.28,0.51,1.77,,,,,,1,2,-1,-3.53,58.6,58.02,,,49.96,0.62,0.73,216,20,23,6,37.1,8.22,12.05,4,8,21,12,10,166.2,83.22,30.8,36.64,116.4,72.45,3,Independiente Medellín 1-2 Atlético Bucaramanga,2026-02-28
Junior,1.14,1.45,-0.31,1.14,0.59,0.55,0.0,0.1,-0.1,1.14,0.69,0.45,,,,,,2,0,2,2.31,43.7,35.66,,,48.29,0.46,0.48,156,10,9,18,19.57,37.5,13.2,0,5,3,0,22,42.2,28.36,57.8,75.26,74.7,57.95,0,Jaguares de Córdoba 0-2 Junior,2026-02-28
Jaguares de Córdoba,1.45,1.14,0.31,0.59,1.14,-0.55,0.1,0.0,0.1,0.69,1.14,-0.45,,,,,,0,2,-2,-2.31,56.3,64.34,,,49.7,0.48,0.46,220,12,18,9,37.5,19.57,6.39,5,0,38,15,11,106.6,71.64,19.0,24.74,54.2,42.05,0,Jaguares de Córdoba 0-2 Junior,2026-02-28
América de Cali,2.56,0.53,2.03,1.66,0.37,1.29,0.14,0.16,-0.02,1.8,0.53,1.27,,,,,,3,0,3,0.97,56.9,58.18,,,49.03,1.07,0.69,241,12,18,10,16.82,14.49,7.97,3,3,12,5,20,111.9,73.33,32.8,24.99,112.9,71.06,0,Alianza 0-3 América de Cali,2026-02-28
Alianza,0.53,2.56,-2.03,0.37,1.66,-1.29,0.16,0.14,0.02,0.53,1.8,-1.27,,,,,,0,3,-3,-0.97,43.1,41.82,,,43.37,0.69,1.07,142,15,10,18,14.49,16.82,10.8,3,3,22,6,9,40.7,26.67,98.47,75.01,45.97,28.94,4,Alianza 0-3 América de Cali,2026-02-28
Boyacá Chicó,0.31,2.83,-2.52,0.31,1.78,-1.47,0.0,0.29,-0.29,0.31,2.07,-1.76,,,,,,0,3,-3,-0.48,37.5,18.91,,,38.67,0.29,0.95,94,8,13,20,44.83,21.05,13.58,2,4,5,1,5,3.8,1.29,37.87,65.59,0.63,0.18,0,Once Caldas 3-0 Boyacá Chicó,2026-02-27
Once Caldas,2.83,0.31,2.52,1.78,0.31,1.47,0.29,0.0,0.29,2.07,0.31,1.76,,,,,,3,0,3,0.48,62.5,81.09,,,60.7,0.95,0.29,346,23,20,13,21.05,44.83,9.0,4,2,24,7,16,290.5,98.71,19.87,34.41,341.67,99.82,0,Once Caldas 3-0 Boyacá Chicó,2026-02-27
Deportivo Pereira,1.0,2.17,-1.17,0.24,2.07,-1.83,0.0,0.1,-0.1,0.24,2.17,-1.93,,,,,,1,5,-4,-2.83,45.0,27.14,,,41.53,0.18,1.63,119,3,5,23,27.78,14.11,21.44,2,4,8,1,9,16.2,9.15,45.67,51.09,5.73,2.05,1,Millonarios 5-1 Deportivo Pereira,2026-02-26
Millonarios,2.17,1.0,1.17,2.07,0.24,1.83,0.1,0.0,0.1,2.17,0.24,1.93,,,,,,5,1,4,2.83,55.0,72.86,,,49.69,1.63,0.18,224,22,23,5,14.11,27.78,20.38,4,2,18,8,6,160.9,90.85,43.73,48.91,273.77,97.95,0,Millonarios 5-1 Deportivo Pereira,2026-02-26
Atlético Nacional,2.18,1.65,0.53,1.38,1.58,-0.2,0.04,0.07,-0.03,1.42,1.65,-0.23,,,,,,2,1,1,0.47,60.0,54.38,,,46.3,0.54,1.18,164,10,12,12,22.22,10.17,6.23,3,2,11,5,11,68.6,53.8,12.0,18.81,59.27,41.12,0,Independiente Santa Fe 1-2 Atlético Nacional,2026-02-25
Independiente Santa Fe,1.65,2.18,-0.53,1.58,1.38,0.2,0.07,0.04,0.03,1.65,1.42,0.23,,,,,,1,2,-1,-0.47,40.0,45.62,,,49.42,1.18,0.54,114,13,12,12,10.17,22.22,9.09,2,3,12,3,15,58.9,46.2,51.8,81.19,84.87,58.88,0,Independiente Santa Fe 1-2 Atlético Nacional,2026-02-25
Deportes Tolima,2.77,1.36,1.41,2.05,1.25,0.8,0.72,0.1,0.62,2.77,1.36,1.41,,,,,,2,3,-1,-2.41,62.5,65.97,,,49.9,1.38,0.6,257,24,22,10,15.94,16.67,13.68,1,4,22,13,8,201.1,80.47,19.27,21.41,163.93,73.5,1,Cúcuta Deportivo 3-2 Deportes Tolima,2026-02-23
Cúcuta Deportivo,1.36,2.77,-1.41,1.25,2.05,-0.8,0.1,0.72,-0.62,1.36,2.77,-1.41,,,,,,3,2,1,2.41,37.5,34.03,,,45.32,0.6,1.38,139,9,10,22,16.67,15.94,17.09,4,1,15,8,9,48.8,19.53,70.73,78.59,59.1,26.5,0,Cúcuta Deportivo 3-2 Deportes Tolima,2026-02-23
Jaguares de Córdoba,0.12,2.93,-2.81,0.12,2.09,-1.97,0.0,0.08,-0.08,0.12,2.17,-2.05,,,,,,0,3,-3,-0.19,36.3,24.83,,,40.34,0.22,0.84,83,4,3,20,13.64,23.81,16.45,2,5,5,0,10,3.1,1.29,71.47,79.29,6.53,2.32,0,América de Cali 3-0 Jaguares de Córdoba,2026-02-22
América de Cali,2.93,0.12,2.81,2.09,0.12,1.97,0.08,0.0,0.08,2.17,0.12,2.05,,,,,,3,0,3,0.19,63.7,75.17,,,54.18,0.84,0.22,284,18,20,3,23.81,13.64,8.0,5,2,20,8,16,236.7,98.71,18.67,20.71,274.81,97.68,1,América de Cali 3-0 Jaguares de Córdoba,2026-02-22
Águilas Doradas,0.96,0.31,0.65,0.9,0.23,0.67,0.06,0.08,-0.02,0.96,0.31,0.65,,,,,,1,0,1,0.35,45.0,37.9,,,44.22,0.38,0.54,116,7,11,11,28.95,20.37,15.36,3,1,14,5,12,62.9,47.29,56.07,67.01,77.07,58.22,0,Boyacá Chicó 0-1 Águilas Doradas,2026-02-22
Boyacá Chicó,0.31,0.96,-0.65,0.23,0.9,-0.67,0.08,0.06,0.02,0.31,0.96,-0.65,,,,,,0,1,-1,-0.35,55.0,62.1,,,47.07,0.54,0.38,180,4,11,11,20.37,28.95,10.78,1,3,16,3,14,70.1,52.71,27.6,32.99,55.3,41.78,1,Boyacá Chicó 0-1 Águilas Doradas,2026-02-22
Junior,1.59,1.13,0.46,0.83,0.88,-0.05,0.0,0.25,-0.25,0.83,1.13,-0.3,,,,,,1,2,-1,-1.46,55.7,60.12,,,52.34,0.5,0.8,243,7,11,12,22.0,15.0,14.0,2,5,10,1,4,118.3,65.54,26.4,26.04,86.87,49.63,0,Independiente Santa Fe 2-1 Junior,2026-02-22
Independiente Santa Fe,1.13,1.59,-0.46,0.88,0.83,0.05,0.25,0.0,0.25,1.13,0.83,0.3,,,,,,2,1,1,1.46,44.3,39.88,,,45.73,0.8,0.5,162,14,12,11,15.0,22.0,14.22,5,2,13,4,13,62.2,34.46,75.0,73.96,88.17,50.37,1,Independiente Santa Fe 2-1 Junior,2026-02-22
Millonarios,2.24,1.1,1.14,2.09,1.1,0.99,0.15,0.0,0.15,2.24,1.1,1.14,,,,,,2,3,-1,-2.14,49.5,56.06,,,50.25,1.53,0.61,195,18,19,13,12.42,21.31,9.41,2,1,18,2,10,109.9,70.0,53.13,58.95,115.57,75.44,1,Inter Bogotá 3-2 Millonarios,2026-02-21
Inter Bogotá,1.1,2.24,-1.14,1.1,2.09,-0.99,0.0,0.15,-0.15,1.1,2.24,-1.14,,,,,,3,2,1,2.14,50.5,43.94,,,46.12,0.61,1.53,170,7,13,19,21.31,12.42,11.23,1,2,19,5,12,47.1,30.0,37.0,41.05,37.63,24.56,0,Inter Bogotá 3-2 Millonarios,2026-02-21
Alianza,0.75,2.49,-1.74,0.63,2.49,-1.86,0.12,0.0,0.12,0.75,2.49,-1.74,,,,,,0,3,-3,-1.26,51.8,58.82,,,50.01,0.84,0.73,199,8,17,13,20.24,17.81,9.69,7,2,24,5,10,105.5,64.49,39.73,48.69,53.94,37.84,3,Atlético Nacional 3-0 Alianza,2026-02-21
Atlético Nacional,2.49,0.75,1.74,2.49,0.63,1.86,0.0,0.12,-0.12,2.49,0.75,1.74,,,,,,3,0,3,1.26,48.2,41.18,,,45.51,0.73,0.84,154,15,13,17,17.81,20.24,11.71,2,7,5,2,13,58.1,35.51,41.87,51.31,88.62,62.16,0,Atlético Nacional 3-0 Alianza,2026-02-21
Deportivo Cali,0.14,1.6,-1.46,0.14,1.52,-1.38,0.0,0.08,-0.08,0.14,1.6,-1.46,,,,,,0,0,0,1.46,39.3,31.03,,,47.04,0.25,1.63,133,4,4,19,16.0,11.66,11.3,5,6,7,2,9,15.9,7.17,75.87,69.86,31.83,15.12,0,Atlético Bucaramanga 0-0 Deportivo Cali,2026-02-21
Atlético Bucaramanga,1.6,0.14,1.46,1.52,0.14,1.38,0.08,0.0,0.08,1.6,0.14,1.46,,,,,,0,0,0,-1.46,60.7,68.97,,,52.3,1.63,0.25,258,23,19,4,11.66,16.0,6.95,6,5,23,5,16,205.9,92.83,32.73,30.14,178.7,84.88,1,Atlético Bucaramanga 0-0 Deportivo Cali,2026-02-21
Fortaleza,1.71,2.53,-0.82,0.95,2.5,-1.55,0.0,0.03,-0.03,0.95,2.53,-1.58,,,,,,2,4,-2,-1.18,42.0,36.46,,,48.39,0.56,0.84,164,7,9,14,16.07,16.67,11.86,1,3,9,1,11,28.5,18.3,67.67,86.24,40.23,28.39,1,Once Caldas 4-2 Fortaleza,2026-02-21
Once Caldas,2.53,1.71,0.82,2.5,0.95,1.55,0.03,0.0,0.03,2.53,0.95,1.58,,,,,,4,2,2,1.18,58.0,63.54,,,48.47,0.84,0.56,221,7,14,9,16.67,16.07,8.77,3,1,16,5,17,127.2,81.7,10.8,13.76,101.47,71.61,0,Once Caldas 4-2 Fortaleza,2026-02-21
Deportivo Pasto,2.89,1.42,1.47,2.66,1.42,1.24,0.23,0.0,0.23,2.89,1.42,1.47,,,,,,2,2,0,-1.47,58.3,72.63,,,51.0,1.71,0.31,252,31,22,11,12.87,35.48,7.92,4,1,27,6,10,188.7,81.9,18.4,24.8,148.67,77.94,4,Deportivo Pereira 2-2 Deportivo Pasto,2026-02-20
Deportivo Pereira,1.42,2.89,-1.47,1.42,2.66,-1.24,0.0,0.23,-0.23,1.42,2.89,-1.47,,,,,,2,2,0,1.47,41.7,27.37,,,43.05,0.31,1.71,118,5,11,22,35.48,12.87,11.22,1,4,9,1,17,41.7,18.1,55.8,75.2,42.07,22.06,2,Deportivo Pereira 2-2 Deportivo Pasto,2026-02-20
Independiente Medellín,1.12,2.83,-1.71,1.12,2.02,-0.9,0.0,0.05,-0.05,1.12,2.07,-0.95,,,,,,2,2,0,1.71,41.4,37.42,,,46.18,0.72,1.12,118,16,10,14,13.89,12.5,15.61,0,4,16,5,13,74.4,35.56,43.53,77.28,71.13,37.18,3,Llaneros 2-2 Independiente Medellín,2026-02-20
Llaneros,2.83,1.12,1.71,2.02,1.12,0.9,0.05,0.0,0.05,2.07,1.12,0.95,,,,,,2,2,0,-1.71,58.6,62.58,,,49.8,1.12,0.72,200,16,14,10,12.5,13.89,8.8,4,0,34,12,11,134.8,64.44,12.8,22.72,120.17,62.82,4,Llaneros 2-2 Independiente Medellín,2026-02-20
América de Cali,0.96,3.0,-2.04,0.96,1.39,-0.43,0.0,0.08,-0.08,0.96,1.48,-0.52,,,,,,1,2,-1,1.04,48.4,46.18,,,44.06,0.62,0.99,179,5,14,17,22.58,17.17,10.55,6,0,7,2,16,49.1,29.76,66.07,60.13,43.6,31.54,0,Junior 2-1 América de Cali,2026-02-18
Junior,3.0,0.96,2.04,1.39,0.96,0.43,0.08,0.0,0.08,1.48,0.96,0.52,,,,,,2,1,1,-1.04,51.6,53.82,,,50.03,0.99,0.62,212,10,17,14,17.17,22.58,11.41,0,6,16,4,12,115.9,70.24,43.8,39.87,94.63,68.46,0,Junior 2-1 América de Cali,2026-02-18
Independiente Santa Fe,3.22,1.17,2.05,1.81,1.17,0.64,1.42,0.0,1.42,3.22,1.17,2.05,,,,,,1,3,-2,-4.05,59.2,68.55,,,51.57,1.81,0.45,274,16,18,9,9.94,20.0,14.1,1,3,25,5,7,159.1,84.27,22.4,23.17,94.52,61.2,0,Jaguares de Córdoba 3-1 Independiente Santa Fe,2026-02-17
Jaguares de Córdoba,1.17,3.22,-2.05,1.17,1.81,-0.64,0.0,1.42,-1.42,1.17,3.22,-2.05,,,,,,3,1,2,4.05,40.8,31.45,,,39.61,0.45,1.81,88,7,9,18,20.0,9.94,18.55,3,1,9,1,12,29.7,15.73,74.27,76.83,59.93,38.8,0,Jaguares de Córdoba 3-1 Independiente Santa Fe,2026-02-17
Cúcuta Deportivo,1.17,1.91,-0.74,0.23,1.75,-1.52,0.18,0.16,0.02,0.41,1.91,-1.5,,,,,,1,1,0,0.74,45.6,36.23,,,42.16,0.07,1.18,117,2,10,14,142.86,11.86,11.0,3,2,10,4,17,36.8,21.75,40.53,57.08,44.43,25.48,0,Alianza 1-1 Cúcuta Deportivo,2026-02-17
Alianza,1.91,1.17,0.74,1.75,0.23,1.52,0.16,0.18,-0.02,1.91,0.41,1.5,,,,,,1,1,0,-0.74,54.4,63.77,,,50.2,1.18,0.07,210,18,14,10,11.86,142.86,8.3,2,3,44,7,12,132.4,78.25,30.47,42.92,129.97,74.52,5,Alianza 1-1 Cúcuta Deportivo,2026-02-17
Boyacá Chicó,0.77,2.04,-1.27,0.77,2.01,-1.24,0.0,0.03,-0.03,0.77,2.04,-1.27,,,,,,1,2,-1,0.27,36.1,31.18,,,43.87,0.37,0.69,124,4,7,16,18.92,23.19,17.38,4,1,8,3,15,20.0,11.94,97.87,93.62,51.0,35.34,0,Fortaleza 2-1 Boyacá Chicó,2026-02-15
Fortaleza,2.04,0.77,1.27,2.01,0.77,1.24,0.03,0.0,0.03,2.04,0.77,1.27,,,,,,2,1,1,-0.27,63.9,68.82,,,47.73,0.69,0.37,267,18,16,7,23.19,18.92,10.26,1,4,24,4,8,147.5,88.06,6.67,6.38,93.3,64.66,5,Fortaleza 2-1 Boyacá Chicó,2026-02-15
Atlético Nacional,1.59,0.9,0.69,1.36,0.84,0.52,0.23,0.06,0.17,1.59,0.9,0.69,,,,,,0,1,-1,-1.69,58.0,51.64,,,45.91,0.56,0.83,171,12,15,13,26.79,15.66,7.43,4,2,17,9,14,79.1,51.2,23.8,26.41,53.33,32.68,0,Deportivo Cali 1-0 Atlético Nacional,2026-02-15
Deportivo Cali,0.9,1.59,-0.69,0.84,1.36,-0.52,0.06,0.23,-0.17,0.9,1.59,-0.69,,,,,,1,0,1,1.69,42.0,48.36,,,49.31,0.83,0.56,148,14,13,15,15.66,26.79,14.0,2,4,12,5,13,75.4,48.8,66.33,73.59,109.87,67.32,1,Deportivo Cali 1-0 Atlético Nacional,2026-02-15
Once Caldas,0.71,2.78,-2.07,0.57,2.73,-2.16,0.14,0.05,0.09,0.71,2.78,-2.07,,,,,,1,2,-1,1.07,40.9,45.83,,,47.38,0.66,1.23,166,13,9,21,13.64,17.07,17.78,5,1,15,5,5,91.8,36.3,96.53,78.31,114.0,49.07,0,Deportes Tolima 2-1 Once Caldas,2026-02-15
Deportes Tolima,2.78,0.71,2.07,2.73,0.57,2.16,0.05,0.14,-0.09,2.78,0.71,2.07,,,,,,2,1,1,-1.07,59.1,54.17,,,51.39,1.23,0.66,292,10,21,9,17.07,13.64,12.32,1,5,16,6,9,161.1,63.7,26.73,21.69,118.3,50.93,0,Deportes Tolima 2-1 Once Caldas,2026-02-15
Inter Bogotá,0.77,1.6,-0.83,0.63,1.47,-0.84,0.14,0.12,0.02,0.77,1.6,-0.83,,,,,,1,1,0,0.83,39.3,37.5,,,46.52,0.4,0.9,142,8,13,12,32.5,13.33,20.94,2,6,13,5,9,58.7,32.32,74.6,73.14,93.37,58.31,0,Deportivo Pasto 1-1 Inter Bogotá,2026-02-14
Deportivo Pasto,1.6,0.77,0.83,1.47,0.63,0.84,0.12,0.14,-0.02,1.6,0.77,0.83,,,,,,1,1,0,-0.83,60.7,62.5,,,48.06,0.9,0.4,220,17,12,13,13.33,32.5,8.48,6,2,29,7,8,122.9,67.68,27.4,26.86,66.77,41.69,3,Deportivo Pasto 1-1 Inter Bogotá,2026-02-14
Deportivo Pereira,0.31,2.41,-2.1,0.31,2.09,-1.78,0.0,0.32,-0.32,0.31,2.41,-2.1,,,,,,1,1,0,2.1,42.2,35.69,,,41.44,0.26,1.09,132,1,9,23,34.62,21.1,20.7,7,3,9,0,9,38.4,17.89,66.47,66.69,45.9,27.68,1,Independiente Medellín 1-1 Deportivo Pereira,2026-02-14
Independiente Medellín,2.41,0.31,2.1,2.09,0.31,1.78,0.32,0.0,0.32,2.41,0.31,2.1,,,,,,1,1,0,-2.1,57.8,64.31,,,49.02,1.09,0.26,250,18,23,9,21.1,34.62,16.38,3,7,27,4,6,176.2,82.11,33.2,33.31,119.93,72.32,2,Independiente Medellín 1-1 Deportivo Pereira,2026-02-14
Llaneros,0.52,1.88,-1.36,0.52,1.44,-0.92,0.0,0.45,-0.45,0.52,1.88,-1.36,,,,,,1,2,-1,0.36,61.5,57.14,,,46.74,0.48,0.66,207,8,8,16,16.67,24.24,6.32,5,7,19,4,10,64.3,50.75,10.67,9.9,17.9,11.43,1,Millonarios 2-1 Llaneros,2026-02-14
Millonarios,1.88,0.52,1.36,1.44,0.52,0.92,0.45,0.0,0.45,1.88,0.52,1.36,,,,,,2,1,1,-0.36,38.5,42.86,,,45.69,0.66,0.48,123,8,16,8,24.24,16.67,12.9,7,5,18,7,17,62.4,49.25,97.07,90.1,138.67,88.57,0,Millonarios 2-1 Llaneros,2026-02-14
Independiente Santa Fe,0.94,2.24,-1.3,0.58,2.24,-1.66,0.36,0.0,0.36,0.94,2.24,-1.3,,,,,,0,1,-1,0.3,40.0,36.36,,,40.9,0.43,0.95,121,9,12,19,27.91,20.0,12.23,5,2,16,6,12,48.0,21.72,55.53,62.67,58.83,25.53,4,América de Cali 1-0 Independiente Santa Fe,2026-02-13
América de Cali,2.24,0.94,1.3,2.24,0.58,1.66,0.0,0.36,-0.36,2.24,0.94,1.3,,,,,,1,0,1,-0.3,60.0,63.64,,,49.66,0.95,0.43,255,11,19,12,20.0,27.91,10.11,2,5,17,1,12,173.0,78.28,33.07,37.33,171.57,74.47,0,América de Cali 1-0 Independiente Santa Fe,2026-02-13
Fortaleza,0.85,3.82,-2.97,0.84,2.23,-1.39,0.01,0.08,-0.07,0.85,2.3,-1.45,,,,,,1,4,-3,-0.03,45.8,36.94,,,40.07,0.28,1.11,123,6,10,17,35.71,15.32,16.05,3,6,9,2,11,13.3,9.62,38.07,40.33,10.68,4.53,1,Atlético Nacional 4-1 Fortaleza,2026-02-12
Atlético Nacional,3.82,0.85,2.97,2.23,0.84,1.39,0.08,0.01,0.07,2.3,0.85,1.45,,,,,,4,1,3,0.03,54.2,63.06,,,47.32,1.11,0.28,181,13,17,10,15.32,35.71,11.11,6,3,9,3,13,125.0,90.38,56.33,59.67,224.98,95.47,0,Atlético Nacional 4-1 Fortaleza,2026-02-12
Junior,1.08,2.24,-1.16,0.97,2.22,-1.25,0.11,0.02,0.09,1.08,2.24,-1.16,,,,,,1,2,-1,0.16,55.9,58.67,,,51.79,0.68,0.33,257,12,13,16,19.12,48.48,8.69,4,2,20,4,15,97.5,53.13,20.73,21.85,41.43,26.86,2,Once Caldas 2-1 Junior,2026-02-12
Once Caldas,2.24,1.08,1.16,2.22,0.97,1.25,0.02,0.11,-0.09,2.24,1.08,1.16,,,,,,2,1,1,-0.16,44.1,41.33,,,48.43,0.33,0.68,165,10,16,13,48.48,19.12,11.9,2,4,10,4,11,86.0,46.87,74.13,78.15,112.83,73.14,0,Once Caldas 2-1 Junior,2026-02-12
Jaguares de Córdoba,0.08,1.16,-1.08,0.08,1.03,-0.95,0.0,0.13,-0.13,0.08,1.16,-1.08,,,,,,0,5,-5,-3.92,43.5,32.47,,,42.98,0.15,0.95,119,2,4,13,26.67,13.68,15.9,0,6,5,1,9,17.4,10.39,54.8,68.33,0.57,0.19,0,Boyacá Chicó 5-0 Jaguares de Córdoba,2026-02-12
Boyacá Chicó,1.16,0.08,1.08,1.03,0.08,0.95,0.13,0.0,0.13,1.16,0.08,1.08,,,,,,5,0,5,3.92,56.5,67.53,,,53.51,0.95,0.15,264,16,13,4,13.68,26.67,8.0,6,0,13,4,21,150.1,89.61,25.4,31.67,301.89,99.81,0,Boyacá Chicó 5-0 Jaguares de Córdoba,2026-02-12
Deportivo Cali,1.57,1.52,0.05,1.46,1.35,0.11,0.11,0.18,-0.07,1.57,1.52,0.05,,,,,,2,3,-1,-1.05,55.7,60.44,,,45.92,0.79,0.64,189,13,24,11,30.38,17.19,9.3,3,2,11,5,12,105.8,79.19,20.4,24.94,95.8,64.04,0,Inter Bogotá 3-2 Deportivo Cali,2026-02-11
Inter Bogotá,1.52,1.57,-0.05,1.35,1.46,-0.11,0.18,0.11,0.07,1.52,1.57,-0.05,,,,,,3,2,1,1.05,44.3,39.56,,,45.17,0.64,0.79,139,10,11,24,17.19,30.38,13.59,2,3,7,2,13,27.8,20.81,61.4,75.06,53.8,35.96,0,Inter Bogotá 3-2 Deportivo Cali,2026-02-11
Águilas Doradas,0.16,1.03,-0.87,0.14,0.22,-0.08,0.02,0.05,-0.03,0.16,0.27,-0.11,,,,,,0,1,-1,-0.13,47.6,44.27,,,43.37,0.22,0.37,122,4,5,9,22.73,24.32,9.52,5,4,17,3,10,36.3,27.5,30.87,41.08,26.33,20.26,5,Millonarios 1-0 Águilas Doradas,2026-02-11
Millonarios,1.03,0.16,0.87,0.22,0.14,0.08,0.05,0.02,0.03,0.27,0.16,0.11,,,,,,1,0,1,0.13,52.4,55.73,,,50.67,0.37,0.22,198,5,9,5,24.32,22.73,8.24,4,5,21,6,13,95.7,72.5,44.27,58.92,103.63,79.74,2,Millonarios 1-0 Águilas Doradas,2026-02-11
Deportes Tolima,0.54,1.18,-0.64,0.54,1.18,-0.64,0.0,0.0,0.0,0.54,1.18,-0.64,,,,,,0,0,0,0.64,55.7,51.05,,,48.19,0.41,0.56,227,4,8,9,19.51,16.07,7.72,2,3,9,5,19,58.5,44.83,34.4,37.07,55.37,37.35,1,Atlético Bucaramanga 0-0 Deportes Tolima,2026-02-10
Atlético Bucaramanga,1.18,0.54,0.64,1.18,0.54,0.64,0.0,0.0,0.0,1.18,0.54,0.64,,,,,,0,0,0,-0.64,44.3,48.95,,,45.24,0.56,0.41,149,10,9,8,16.07,19.51,10.64,3,2,14,3,14,72.0,55.17,58.4,62.93,92.87,62.65,3,Atlético Bucaramanga 0-0 Deportes Tolima,2026-02-10
Deportivo Pasto,1.41,0.5,0.91,1.35,0.48,0.87,0.06,0.02,0.04,1.41,0.5,0.91,,,,,,1,0,1,0.09,34.0,40.35,,,45.36,0.5,0.68,105,5,10,7,20.0,10.29,9.65,4,3,11,5,23,48.1,29.65,107.0,90.83,97.47,80.59,4,Llaneros 0-1 Deportivo Pasto,2026-02-10
Llaneros,0.5,1.41,-0.91,0.48,1.35,-0.87,0.02,0.06,-0.04,0.5,1.41,-0.91,,,,,,0,1,-1,-0.09,66.0,59.65,,,47.03,0.68,0.5,225,11,7,10,10.29,20.0,5.49,3,4,26,5,11,114.1,70.35,10.8,9.17,23.47,19.41,1,Llaneros 0-1 Deportivo Pasto,2026-02-10
Independiente Medellín,2.27,1.26,1.01,2.07,0.5,1.57,0.19,0.0,0.19,2.27,0.5,1.77,,,,,,3,1,2,0.99,54.4,58.96,,,51.86,0.61,0.57,302,11,15,9,24.59,15.79,10.26,6,3,13,2,18,115.3,78.49,37.6,42.66,116.6,86.03,0,Cúcuta Deportivo 1-3 Independiente Medellín,2026-02-10
Cúcuta Deportivo,1.26,2.27,-1.01,0.5,2.07,-1.57,0.0,0.19,-0.19,0.5,2.27,-1.77,,,,,,1,3,-2,-0.99,45.6,41.04,,,42.28,0.57,0.61,142,10,9,15,15.79,24.59,13.68,3,6,17,4,8,31.6,21.51,50.53,57.34,18.93,13.97,1,Cúcuta Deportivo 1-3 Independiente Medellín,2026-02-10
Deportivo Pereira,0.63,0.44,0.19,0.63,0.36,0.27,0.0,0.07,-0.07,0.63,0.44,0.19,,,,,,0,1,-1,-1.19,52.2,55.47,,,48.39,0.59,0.34,242,13,11,5,18.64,14.71,16.33,1,5,16,3,13,89.1,57.23,59.67,63.79,80.23,63.59,4,Jaguares de Córdoba 1-0 Deportivo Pereira,2026-02-08
Jaguares de Córdoba,0.44,0.63,-0.19,0.36,0.63,-0.27,0.07,0.0,0.07,0.44,0.63,-0.19,,,,,,1,0,1,1.19,47.8,44.53,,,43.37,0.34,0.59,177,7,5,11,14.71,18.64,14.13,5,1,8,1,11,66.6,42.77,33.87,36.21,45.93,36.41,0,Jaguares de Córdoba 1-0 Deportivo Pereira,2026-02-08
Millonarios,0.47,1.13,-0.66,0.44,1.03,-0.59,0.03,0.1,-0.07,0.47,1.13,-0.66,,,,,,0,0,0,0.66,32.2,21.64,,,40.16,0.59,0.87,84,5,9,14,15.25,16.09,30.23,2,9,8,3,13,20.6,8.86,75.87,89.26,32.97,17.32,0,Deportivo Cali 0-0 Millonarios,2026-02-08
Deportivo Cali,1.13,0.47,0.66,1.03,0.44,0.59,0.1,0.03,0.07,1.13,0.47,0.66,,,,,,0,0,0,-0.66,67.8,78.36,,,53.72,0.87,0.59,346,14,14,9,16.09,15.25,7.18,9,2,31,9,6,211.8,91.14,9.13,10.74,157.43,82.68,4,Deportivo Cali 0-0 Millonarios,2026-02-08
Once Caldas,0.69,0.57,0.12,0.6,0.5,0.1,0.09,0.07,0.02,0.69,0.57,0.12,,,,,,1,1,0,-0.12,49.9,45.03,,,49.24,0.45,0.5,200,6,8,14,17.78,28.0,15.42,2,8,11,2,9,50.0,31.49,38.0,50.62,28.2,23.45,0,Alianza 1-1 Once Caldas,2026-02-08
Alianza,0.57,0.69,-0.12,0.5,0.6,-0.1,0.07,0.09,-0.02,0.57,0.69,-0.12,,,,,,1,1,0,0.12,50.1,54.97,,,49.15,0.5,0.45,204,8,14,8,28.0,17.78,9.65,8,2,30,8,14,108.8,68.51,37.07,49.38,92.07,76.55,0,Alianza 1-1 Once Caldas,2026-02-08
Boyacá Chicó,0.14,2.82,-2.68,0.14,1.96,-1.82,0.0,0.1,-0.1,0.14,2.06,-1.92,,,,,,0,3,-3,-0.32,38.7,18.99,,,36.71,0.15,1.6,93,3,5,20,33.33,12.5,19.32,1,7,3,1,10,10.8,4.52,61.6,66.96,11.2,3.72,0,Junior 3-0 Boyacá Chicó,2026-02-07
Junior,2.82,0.14,2.68,1.96,0.14,1.82,0.1,0.0,0.1,2.06,0.14,1.92,,,,,,3,0,3,0.32,61.3,81.01,,,55.38,1.6,0.15,339,23,20,5,12.5,33.33,7.83,7,1,10,8,17,228.4,95.48,30.4,33.04,290.03,96.28,0,Junior 3-0 Boyacá Chicó,2026-02-07
Independiente Santa Fe,1.43,1.27,0.16,1.43,1.27,0.16,0.0,0.0,0.0,1.43,1.27,0.16,,,,,,1,1,0,-0.16,44.6,41.6,,,44.5,0.6,0.56,137,4,7,13,11.67,23.21,14.5,4,2,13,1,12,36.5,28.14,54.73,69.16,49.13,38.19,0,Fortaleza 1-1 Independiente Santa Fe,2026-02-07
Fortaleza,1.27,1.43,-0.16,1.27,1.43,-0.16,0.0,0.0,0.0,1.27,1.43,-0.16,,,,,,1,1,0,0.16,55.4,58.4,,,47.25,0.56,0.6,192,10,13,7,23.21,11.67,9.39,2,4,14,3,15,93.2,71.86,24.4,30.84,79.5,61.81,1,Fortaleza 1-1 Independiente Santa Fe,2026-02-07
Llaneros,1.01,0.84,0.17,0.94,0.82,0.12,0.07,0.02,0.05,1.01,0.84,0.17,,,,,,1,0,1,0.83,36.1,29.59,,,40.31,0.46,1.13,103,7,7,13,15.22,11.5,19.64,0,6,9,4,9,18.0,11.19,94.6,91.08,62.63,44.16,2,Deportes Tolima 0-1 Llaneros,2026-02-07
Deportes Tolima,0.84,1.01,-0.17,0.82,0.94,-0.12,0.02,0.07,-0.05,0.84,1.01,-0.17,,,,,,0,1,-1,-0.83,63.9,70.41,,,49.47,1.13,0.46,286,15,13,7,11.5,15.22,9.82,6,0,19,6,9,142.8,88.81,9.27,8.92,79.2,55.84,6,Deportes Tolima 0-1 Llaneros,2026-02-07
Cúcuta Deportivo,1.42,2.79,-1.37,1.38,1.93,-0.55,0.04,0.86,-0.82,1.42,2.79,-1.37,,,,,,2,3,-1,0.37,56.8,50.52,,,47.01,0.66,1.48,186,11,14,22,21.21,14.86,10.92,1,1,19,3,13,61.6,35.46,19.53,20.95,34.0,21.37,0,Águilas Doradas 3-2 Cúcuta Deportivo,2026-02-07
Águilas Doradas,2.79,1.42,1.37,1.93,1.38,0.55,0.86,0.04,0.82,2.79,1.42,1.37,,,,,,3,2,1,-0.37,43.2,49.48,,,48.26,1.48,0.66,156,20,22,14,14.86,21.21,12.43,1,1,21,6,11,112.1,64.54,73.67,79.05,125.13,78.63,4,Águilas Doradas 3-2 Cúcuta Deportivo,2026-02-07
Inter Bogotá,0.95,1.63,-0.68,0.92,0.63,0.29,0.03,0.24,-0.21,0.95,0.87,0.08,,,,,,2,1,1,1.68,36.3,34.62,,,45.19,0.32,1.29,117,5,7,20,21.88,15.5,11.72,3,4,8,3,25,32.9,20.77,63.33,90.65,74.07,60.3,0,Independiente Medellín 1-2 Inter Bogotá,2026-02-06
Independiente Medellín,1.63,0.95,0.68,0.63,0.92,-0.29,0.24,0.03,0.21,0.87,0.95,-0.08,,,,,,1,2,-1,-1.68,63.7,65.38,,,50.93,1.29,0.32,260,19,20,7,15.5,21.88,5.0,4,3,26,9,12,125.5,79.23,6.53,9.35,48.77,39.7,4,Independiente Medellín 1-2 Inter Bogotá,2026-02-06
Atlético Bucaramanga,0.41,0.68,-0.27,0.36,0.68,-0.32,0.04,0.0,0.04,0.41,0.68,-0.27,,,,,,0,0,0,0.27,52.6,56.12,,,46.69,0.73,0.31,184,6,6,9,8.22,29.03,9.0,7,6,16,3,16,63.2,61.54,28.73,45.17,56.87,59.13,1,Deportivo Pasto 0-0 Atlético Bucaramanga,2026-02-06
Deportivo Pasto,0.68,0.41,0.27,0.68,0.36,0.32,0.0,0.04,-0.04,0.68,0.41,0.27,,,,,,0,0,0,-0.27,47.4,43.88,,,42.98,0.31,0.73,137,8,9,6,29.03,8.22,11.5,6,7,14,1,8,39.5,38.46,34.87,54.83,39.3,40.87,6,Deportivo Pasto 0-0 Atlético Bucaramanga,2026-02-06
América de Cali,0.48,2.24,-1.76,0.45,2.06,-1.61,0.02,0.17,-0.15,0.48,2.24,-1.76,,,,,,1,2,-1,0.76,51.8,37.5,,,44.39,0.15,0.72,161,6,5,24,33.33,33.33,11.27,3,1,7,1,12,36.2,19.84,60.2,47.8,36.97,18.43,1,Atlético Nacional 2-1 América de Cali,2026-02-04
Atlético Nacional,2.24,0.48,1.76,2.06,0.45,1.61,0.17,0.02,0.15,2.24,0.48,1.76,,,,,,2,1,1,-0.76,48.2,62.5,,,45.02,0.72,0.15,155,12,24,5,33.33,33.33,11.03,1,3,12,3,12,146.3,80.16,65.73,52.2,163.6,81.57,2,Atlético Nacional 2-1 América de Cali,2026-02-04
Junior,1.84,0.57,1.27,1.43,0.48,0.95,0.41,0.1,0.31,1.84,0.57,1.27,,,,,,3,2,1,-0.27,62.7,69.38,,,50.78,0.89,0.54,290,17,12,13,13.48,24.07,8.26,3,5,11,3,15,123.4,76.84,32.53,29.52,101.3,69.23,0,Deportivo Pereira 2-3 Junior,2026-02-02
Deportivo Pereira,0.57,1.84,-1.27,0.48,1.43,-0.95,0.1,0.41,-0.31,0.57,1.84,-1.27,,,,,,2,3,-1,0.27,37.3,30.62,,,39.66,0.54,0.89,84,7,13,12,24.07,13.48,13.84,5,3,9,1,12,37.2,23.16,77.67,70.48,45.03,30.77,2,Deportivo Pereira 2-3 Junior,2026-02-02
Deportes Tolima,0.14,0.65,-0.51,0.13,0.51,-0.38,0.01,0.14,-0.13,0.14,0.65,-0.51,,,,,,0,0,0,0.51,36.5,31.08,,,41.39,0.26,0.94,102,4,6,17,23.08,18.09,19.04,0,1,7,3,8,17.6,12.99,114.87,84.54,52.2,47.1,1,Inter Bogotá 0-0 Deportes Tolima,2026-02-02
Inter Bogotá,0.65,0.14,0.51,0.51,0.13,0.38,0.14,0.01,0.13,0.65,0.14,0.51,,,,,,0,0,0,-0.51,63.5,68.92,,,47.29,0.94,0.26,245,8,17,6,18.09,23.08,11.52,1,0,21,6,9,117.9,87.01,21.0,15.46,58.63,52.9,0,Inter Bogotá 0-0 Deportes Tolima,2026-02-02
Independiente Medellín,1.15,0.97,0.18,0.92,0.95,-0.03,0.23,0.01,0.22,1.15,0.97,0.18,,,,,,0,0,0,-0.18,49.1,52.36,,,50.94,0.5,0.5,119,6,12,12,24.0,24.0,8.25,2,1,9,5,13,51.7,55.0,23.4,53.03,63.03,55.29,2,Millonarios 0-0 Independiente Medellín,2026-02-02
Millonarios,0.97,1.15,-0.18,0.95,0.92,0.03,0.01,0.23,-0.22,0.97,1.15,-0.18,,,,,,0,0,0,0.18,50.9,47.64,,,49.11,0.5,0.5,115,10,12,12,24.0,24.0,7.08,1,2,13,3,10,42.3,45.0,20.73,46.97,50.97,44.71,1,Millonarios 0-0 Independiente Medellín,2026-02-02
Águilas Doradas,1.91,1.05,0.86,1.8,0.86,0.94,0.11,0.18,-0.07,1.91,1.05,0.86,,,,,,1,1,0,-0.86,61.9,59.15,,,50.57,1.32,0.32,283,15,11,13,8.33,40.62,16.44,0,2,16,5,10,121.8,60.06,37.0,23.39,43.17,32.52,3,Llaneros 1-1 Águilas Doradas,2026-02-01
Llaneros,1.05,1.91,-0.86,0.86,1.8,-0.94,0.18,0.11,0.07,1.05,1.91,-0.86,,,,,,1,1,0,0.86,38.1,40.85,,,45.77,0.32,1.32,136,11,13,11,40.62,8.33,25.69,2,0,11,6,4,81.0,39.94,121.2,76.61,89.57,67.48,0,Llaneros 1-1 Águilas Doradas,2026-02-01
Jaguares de Córdoba,0.6,2.05,-1.45,0.43,1.87,-1.44,0.17,0.18,-0.01,0.6,2.05,-1.45,,,,,,1,1,0,1.45,30.8,22.95,,,40.8,0.51,1.32,87,4,7,27,13.73,20.45,13.7,0,6,8,1,5,13.5,4.27,48.2,70.96,17.1,5.8,0,Once Caldas 1-1 Jaguares de Córdoba,2026-02-01
Once Caldas,2.05,0.6,1.45,1.87,0.43,1.44,0.18,0.17,0.01,2.05,0.6,1.45,,,,,,1,1,0,-1.45,69.2,77.05,,,58.27,1.32,0.51,366,27,27,7,20.45,13.73,7.52,6,0,28,16,15,302.6,95.73,19.73,29.04,277.73,94.2,0,Once Caldas 1-1 Jaguares de Córdoba,2026-02-01
Deportivo Pasto,0.86,1.48,-0.62,0.74,1.43,-0.69,0.12,0.05,0.07,0.86,1.48,-0.62,,,,,,0,3,-3,-2.38,52.3,36.62,,,39.69,0.35,1.22,114,8,6,15,17.14,12.3,8.97,4,10,6,1,8,36.3,25.44,39.87,42.62,16.07,7.08,1,Deportivo Cali 3-0 Deportivo Pasto,2026-02-01
Deportivo Cali,1.48,0.86,0.62,1.43,0.74,0.69,0.05,0.12,-0.07,1.48,0.86,0.62,,,,,,3,0,3,2.38,47.7,63.38,,,49.14,1.22,0.35,203,12,15,6,12.3,17.14,8.22,10,4,6,2,29,106.4,74.56,53.67,57.38,210.99,92.92,0,Deportivo Cali 3-0 Deportivo Pasto,2026-02-01
Alianza,0.28,1.25,-0.97,0.27,1.25,-0.98,0.01,0.0,0.01,0.28,1.25,-0.97,,,,,,0,5,-5,-4.03,47.9,51.09,,,41.79,0.59,0.49,147,3,11,7,18.64,14.29,13.97,4,7,13,3,11,61.9,46.72,44.27,56.65,41.95,20.51,2,Atlético Bucaramanga 5-0 Alianza,2026-02-01
Atlético Bucaramanga,1.25,0.28,0.97,1.25,0.27,0.98,0.0,0.01,-0.01,1.25,0.28,0.97,,,,,,5,0,5,4.03,52.1,48.91,,,46.18,0.49,0.59,203,9,7,11,14.29,18.64,10.41,7,4,6,1,18,70.6,53.28,33.87,43.35,162.6,79.49,1,Atlético Bucaramanga 5-0 Alianza,2026-02-01
Independiente Santa Fe,1.16,0.29,0.87,0.74,0.28,0.46,0.42,0.02,0.4,1.16,0.29,0.87,,,,,,1,0,1,0.13,44.9,45.45,,,47.84,0.68,0.74,179,15,17,7,25.0,9.46,8.73,2,3,22,9,16,76.0,53.86,65.07,68.64,92.5,66.66,1,Boyacá Chicó 0-1 Independiente Santa Fe,2026-01-31
Boyacá Chicó,0.29,1.16,-0.87,0.28,0.74,-0.46,0.02,0.42,-0.4,0.29,1.16,-0.87,,,,,,0,1,-1,-0.13,55.1,54.55,,,48.0,0.74,0.68,209,5,7,17,9.46,25.0,9.0,3,2,14,4,17,65.1,46.14,29.73,31.36,46.27,33.34,0,Boyacá Chicó 0-1 Independiente Santa Fe,2026-01-31
Fortaleza,1.33,0.58,0.75,1.19,0.07,1.12,0.14,0.5,-0.36,1.33,0.58,0.75,,,,,,1,1,0,-0.75,60.0,79.4,,,55.51,2.16,0.41,288,36,22,3,10.19,7.32,12.91,3,2,30,6,9,258.9,97.44,22.4,31.32,226.9,96.99,0,Cúcuta Deportivo 1-1 Fortaleza,2026-01-31
Cúcuta Deportivo,0.58,1.33,-0.75,0.07,1.19,-1.12,0.5,0.14,0.36,0.58,1.33,-0.75,,,,,,1,1,0,0.75,40.0,20.6,,,36.77,0.41,2.16,83,5,3,22,7.32,10.19,16.53,2,3,8,2,6,6.8,2.56,49.13,68.68,7.03,3.01,0,Cúcuta Deportivo 1-1 Fortaleza,2026-01-31
Once Caldas,0.66,1.32,-0.66,0.62,1.24,-0.62,0.04,0.08,-0.04,0.66,1.32,-0.66,,,,,,1,1,0,0.66,39.9,41.13,,,40.95,0.31,0.77,99,6,4,20,12.9,25.97,14.04,4,5,8,1,9,23.2,15.43,66.67,72.57,43.77,30.17,0,América de Cali 1-1 Once Caldas,2026-01-29
América de Cali,1.32,0.66,0.66,1.24,0.62,0.62,0.08,0.04,0.04,1.32,0.66,0.66,,,,,,1,1,0,-0.66,60.1,58.87,,,47.44,0.77,0.31,228,12,20,4,25.97,12.9,9.39,5,4,17,4,15,127.2,84.57,25.2,27.43,101.3,69.83,0,América de Cali 1-1 Once Caldas,2026-01-29
Inter Bogotá,2.55,0.91,1.64,2.48,0.83,1.65,0.07,0.09,-0.02,2.55,0.91,1.64,,,,,,3,2,1,-0.64,31.2,34.09,,,46.43,0.91,0.65,110,14,16,11,17.58,16.92,19.33,1,3,9,3,14,48.6,36.57,145.0,97.05,190.63,93.01,2,Jaguares de Córdoba 2-3 Inter Bogotá,2026-01-29
Jaguares de Córdoba,0.91,2.55,-1.64,0.83,2.48,-1.65,0.09,0.07,0.02,0.91,2.55,-1.64,,,,,,2,3,-1,0.64,68.8,65.91,,,44.26,0.65,0.91,211,14,11,16,16.92,17.58,6.68,3,1,23,6,13,84.3,63.43,4.4,2.95,14.33,6.99,0,Jaguares de Córdoba 2-3 Inter Bogotá,2026-01-29
Deportivo Cali,1.06,2.06,-1.0,0.37,1.48,-1.11,0.69,0.58,0.11,1.06,2.06,-1.0,,,,,,1,2,-1,0.0,47.9,51.94,,,51.48,0.67,1.2,180,11,11,17,16.42,14.17,12.33,1,6,19,7,13,90.6,50.28,54.87,66.91,87.5,59.37,1,Águilas Doradas 2-1 Deportivo Cali,2026-01-29
Águilas Doradas,2.06,1.06,1.0,1.48,0.37,1.11,0.58,0.69,-0.11,2.06,1.06,1.0,,,,,,2,1,1,0.0,52.1,48.06,,,47.5,1.2,0.67,168,18,17,11,14.17,16.42,8.96,6,1,25,8,10,89.6,49.72,27.13,33.09,59.87,40.63,3,Águilas Doradas 2-1 Deportivo Cali,2026-01-29
Millonarios,1.26,1.01,0.25,0.42,1.01,-0.59,0.08,0.0,0.08,0.5,1.01,-0.51,,,,,,1,2,-1,-1.25,31.8,27.61,,,45.85,0.6,1.74,114,6,13,17,21.67,9.77,19.86,1,8,13,4,9,42.5,15.3,130.8,93.21,51.57,27.13,0,Deportivo Pasto 2-1 Millonarios,2026-01-28
Deportivo Pasto,1.01,1.26,-0.25,1.01,0.42,0.59,0.0,0.08,-0.08,1.01,0.5,0.51,,,,,,2,1,1,1.25,68.2,72.39,,,53.7,1.74,0.6,362,13,17,13,9.77,21.67,6.91,8,1,25,2,9,235.2,84.7,9.53,6.79,138.5,72.87,2,Deportivo Pasto 2-1 Millonarios,2026-01-28
Deportivo Pereira,0.79,1.29,-0.5,0.79,1.08,-0.29,0.0,0.21,-0.21,0.79,1.29,-0.5,,,,,,2,2,0,0.5,28.8,20.47,,,43.06,0.09,1.29,73,2,7,19,77.78,14.73,17.5,1,2,7,1,10,7.2,3.03,115.2,96.06,18.97,15.79,0,Independiente Santa Fe 2-2 Deportivo Pereira,2026-01-28
Independiente Santa Fe,1.29,0.79,0.5,1.08,0.79,0.29,0.21,0.0,0.21,1.29,0.79,0.5,,,,,,2,2,0,-0.5,71.2,79.53,,,56.01,1.29,0.09,333,17,19,7,14.73,77.78,5.0,2,1,24,8,21,230.4,96.97,4.73,3.94,101.2,84.21,0,Independiente Santa Fe 2-2 Deportivo Pereira,2026-01-28
Boyacá Chicó,0.75,0.94,-0.19,0.75,0.87,-0.12,0.0,0.06,-0.06,0.75,0.94,-0.19,,,,,,1,1,0,0.19,30.3,24.73,,,40.75,0.19,1.11,90,2,5,14,26.32,12.61,11.68,4,4,2,0,15,6.5,3.5,121.13,90.13,51.47,30.72,1,Alianza 1-1 Boyacá Chicó,2026-01-28
Alianza,0.94,0.75,0.19,0.87,0.75,0.12,0.06,0.0,0.06,0.94,0.75,0.19,,,,,,1,1,0,-0.19,69.7,75.27,,,47.0,1.11,0.19,242,13,14,5,12.61,26.32,5.74,4,4,26,3,16,179.0,96.5,13.27,9.87,116.1,69.28,3,Alianza 1-1 Boyacá Chicó,2026-01-28
Deportes Tolima,0.68,1.16,-0.48,0.68,1.01,-0.33,0.0,0.16,-0.16,0.68,1.16,-0.48,,,,,,2,2,0,0.48,31.7,19.28,,,40.32,0.25,1.78,77,3,5,24,20.0,13.48,21.07,0,5,3,2,11,23.1,6.05,85.93,75.69,16.7,6.56,0,Independiente Medellín 2-2 Deportes Tolima,2026-01-27
Independiente Medellín,1.16,0.68,0.48,1.01,0.68,0.33,0.16,0.0,0.16,1.16,0.68,0.48,,,,,,2,2,0,-0.48,68.3,80.72,,,60.06,1.78,0.25,382,27,24,5,13.48,20.0,7.13,5,0,21,6,11,358.7,93.95,27.6,24.31,237.97,93.44,0,Independiente Medellín 2-2 Deportes Tolima,2026-01-27
Llaneros,1.63,2.78,-1.15,0.05,1.18,-1.13,0.06,0.07,-0.01,0.11,1.26,-1.15,,,,,,1,1,0,1.15,32.0,27.73,,,46.0,0.09,1.52,97,3,5,23,55.56,15.13,18.72,1,1,10,2,10,18.5,7.4,95.87,83.37,42.83,26.7,0,Fortaleza 1-1 Llaneros,2026-01-27
Fortaleza,2.78,1.63,1.15,1.18,0.05,1.13,0.07,0.06,0.01,1.26,0.11,1.15,,,,,,1,1,0,-1.15,68.0,72.27,,,54.62,1.52,0.09,296,22,23,5,15.13,55.56,9.15,1,1,33,11,10,231.5,92.6,19.13,16.63,117.6,73.3,2,Fortaleza 1-1 Llaneros,2026-01-27
Atlético Bucaramanga,0.7,1.13,-0.43,0.56,1.13,-0.57,0.14,0.0,0.14,0.7,1.13,-0.43,,,,,,2,2,0,0.43,51.8,59.9,,,46.83,0.48,0.51,186,15,10,10,20.83,19.61,8.45,5,5,18,6,18,99.1,69.3,29.33,46.76,102.47,68.18,2,Cúcuta Deportivo 2-2 Atlético Bucaramanga,2026-01-27
Cúcuta Deportivo,1.13,0.7,0.43,1.13,0.56,0.57,0.0,0.14,-0.14,1.13,0.7,0.43,,,,,,2,2,0,-0.43,48.2,40.1,,,42.08,0.51,0.48,126,2,10,10,19.61,20.83,9.11,5,5,11,0,15,43.9,30.7,33.4,53.24,47.83,31.82,0,Cúcuta Deportivo 2-2 Atlético Bucaramanga,2026-01-27
Independiente Santa Fe,0.94,1.36,-0.42,0.94,1.27,-0.33,0.0,0.09,-0.09,0.94,1.36,-0.42,,,,,,1,1,0,0.42,41.5,40.56,,,48.04,0.62,0.87,198,8,12,16,19.35,18.39,16.08,3,2,14,5,7,48.2,25.05,87.6,76.17,59.27,41.99,2,Once Caldas 1-1 Independiente Santa Fe,2026-01-25
Once Caldas,1.36,0.94,0.42,1.27,0.94,0.33,0.09,0.0,0.09,1.36,0.94,0.42,,,,,,1,1,0,-0.42,58.5,59.44,,,50.74,0.87,0.62,284,16,16,12,18.39,19.35,20.73,2,3,27,8,9,144.2,74.95,27.4,23.83,81.87,58.01,1,Once Caldas 1-1 Independiente Santa Fe,2026-01-25
Junior,2.07,2.64,-0.57,1.88,1.23,0.65,0.19,1.4,-1.21,2.07,2.64,-0.57,,,,,,2,1,1,1.57,44.6,39.87,,,49.52,0.65,1.14,176,8,15,17,23.08,14.91,13.25,2,1,10,4,9,66.1,33.4,57.6,66.98,75.37,51.19,0,Millonarios 1-2 Junior,2026-01-25
Millonarios,2.64,2.07,0.57,1.23,1.88,-0.65,1.4,0.19,1.21,2.64,2.07,0.57,,,,,,1,2,-1,-1.57,55.4,60.13,,,51.53,1.14,0.65,230,22,17,15,14.91,23.08,16.39,1,2,28,9,12,131.8,66.6,28.4,33.02,71.87,48.81,2,Millonarios 1-2 Junior,2026-01-25
Deportivo Pasto,1.57,2.0,-0.43,0.81,1.86,-1.05,0.0,0.14,-0.14,0.81,2.0,-1.19,,,,,,2,1,1,1.43,53.6,46.92,,,45.75,0.65,1.28,159,9,9,17,13.85,13.28,7.06,6,4,13,1,15,40.6,32.74,15.4,29.06,35.4,34.74,6,Águilas Doradas 1-2 Deportivo Pasto,2026-01-25
Águilas Doradas,2.0,1.57,0.43,1.86,0.81,1.05,0.14,0.0,0.14,2.0,0.81,1.19,,,,,,1,2,-1,-1.43,46.4,53.08,,,47.74,1.28,0.65,147,15,17,9,13.28,13.85,7.09,4,6,25,8,15,83.4,67.26,37.6,70.94,66.5,65.26,7,Águilas Doradas 1-2 Deportivo Pasto,2026-01-25
América de Cali,0.73,0.35,0.38,0.72,0.24,0.48,0.02,0.11,-0.09,0.73,0.35,0.38,,,,,,1,0,1,0.62,50.9,40.57,,,40.75,0.53,0.54,132,6,8,14,15.09,25.93,8.41,2,2,5,1,20,46.4,31.1,20.2,35.82,37.63,31.71,0,Boyacá Chicó 0-1 América de Cali,2026-01-24
Boyacá Chicó,0.35,0.73,-0.38,0.24,0.72,-0.48,0.11,0.02,0.09,0.35,0.73,-0.38,,,,,,0,1,-1,-0.62,49.1,59.43,,,45.14,0.54,0.53,163,7,14,8,25.93,15.09,8.06,2,2,24,5,20,102.8,68.9,36.2,64.18,81.03,68.29,2,Boyacá Chicó 0-1 América de Cali,2026-01-24
Independiente Medellín,0.63,1.27,-0.64,0.63,0.49,0.14,0.0,0.01,-0.01,0.63,0.51,0.12,,,,,,1,3,-2,-1.36,40.1,36.09,,,45.92,0.26,0.68,122,8,8,8,30.77,11.76,8.72,1,4,11,3,15,38.0,22.61,70.87,73.98,41.43,23.43,4,Deportivo Cali 3-1 Independiente Medellín,2026-01-24
Deportivo Cali,1.27,0.63,0.64,0.49,0.63,-0.14,0.01,0.0,0.01,0.51,0.63,-0.12,,,,,,3,1,2,1.36,59.9,63.91,,,51.4,0.68,0.26,221,12,8,8,11.76,30.77,6.21,4,1,22,3,19,130.1,77.39,24.93,26.02,135.4,76.57,0,Deportivo Cali 3-1 Independiente Medellín,2026-01-24
Atlético Bucaramanga,1.67,0.74,0.93,1.66,0.74,0.92,0.01,0.0,0.01,1.67,0.74,0.93,,,,,,1,1,0,-0.93,55.4,55.73,,,46.64,0.75,0.88,180,13,14,7,18.67,7.95,8.79,3,5,20,4,9,77.4,63.18,27.0,34.32,58.57,51.83,2,Llaneros 1-1 Atlético Bucaramanga,2026-01-24
Llaneros,0.74,1.67,-0.93,0.74,1.66,-0.92,0.0,0.01,-0.01,0.74,1.67,-0.93,,,,,,1,1,0,0.93,44.6,44.27,,,43.41,0.88,0.75,139,3,7,14,7.95,18.67,12.5,5,3,14,1,14,45.1,36.82,51.67,65.68,54.43,48.17,0,Llaneros 1-1 Atlético Bucaramanga,2026-01-24
Fortaleza,0.31,0.69,-0.38,0.3,0.54,-0.24,0.01,0.15,-0.14,0.31,0.69,-0.38,,,,,,0,0,0,0.38,61.5,71.12,,,50.2,0.68,0.56,297,6,9,10,13.24,17.86,9.09,6,2,18,5,12,103.0,74.15,19.93,17.98,70.7,48.66,0,Deportivo Pereira 0-0 Fortaleza,2026-01-24
Deportivo Pereira,0.69,0.31,0.38,0.54,0.3,0.24,0.15,0.01,0.14,0.69,0.31,0.38,,,,,,0,0,0,-0.38,38.5,28.88,,,38.78,0.56,0.68,103,9,10,9,17.86,13.24,22.55,2,6,12,4,8,35.9,25.85,90.93,82.02,74.6,51.34,1,Deportivo Pereira 0-0 Fortaleza,2026-01-24
Alianza,0.27,1.72,-1.45,0.27,0.86,-0.59,0.0,0.09,-0.09,0.27,0.96,-0.69,,,,,,0,2,-2,-0.55,39.5,27.1,,,40.05,0.41,1.14,114,2,6,15,14.63,13.16,16.52,0,6,8,2,12,22.4,10.73,99.4,59.88,13.33,6.77,1,Deportes Tolima 2-0 Alianza,2026-01-23
Deportes Tolima,1.72,0.27,1.45,0.86,0.27,0.59,0.09,0.0,0.09,0.96,0.27,0.69,,,,,,2,0,2,0.55,60.5,72.9,,,49.7,1.14,0.41,319,15,15,6,13.16,14.63,12.43,6,0,13,6,7,186.4,89.27,66.6,40.12,183.6,93.23,2,Deportes Tolima 2-0 Alianza,2026-01-23
Cúcuta Deportivo,0.44,1.64,-1.2,0.32,1.63,-1.31,0.12,0.01,0.11,0.44,1.64,-1.2,,,,,,1,2,-1,0.2,46.2,29.03,,,41.18,0.46,0.72,130,5,4,16,8.7,22.22,24.29,0,2,9,2,11,17.5,10.32,67.8,55.24,24.07,15.59,2,Inter Bogotá 2-1 Cúcuta Deportivo,2026-01-23
Inter Bogotá,1.64,0.44,1.2,1.63,0.32,1.31,0.01,0.12,-0.11,1.64,0.44,1.2,,,,,,2,1,1,-0.2,53.8,70.97,,,47.65,0.72,0.46,205,15,16,4,22.22,8.7,13.19,2,0,26,8,10,152.1,89.68,54.93,44.76,130.3,84.41,2,Inter Bogotá 2-1 Cúcuta Deportivo,2026-01-23
Once Caldas,2.52,1.02,1.5,1.67,0.26,1.41,0.1,0.0,0.1,1.76,0.26,1.5,,,,,,2,1,1,-0.5,63.9,78.45,,,53.31,1.6,0.22,293,13,17,6,10.62,27.27,6.76,4,1,25,13,12,250.0,89.96,8.93,9.11,187.3,79.59,0,Cúcuta Deportivo 1-2 Once Caldas,2026-01-19
Cúcuta Deportivo,1.02,2.52,-1.5,0.26,1.67,-1.41,0.0,0.1,-0.1,0.26,1.76,-1.5,,,,,,1,2,-1,0.5,36.1,21.55,,,38.87,0.22,1.6,90,4,6,17,27.27,10.62,13.65,1,4,6,2,17,27.9,10.04,89.07,90.89,48.03,20.41,0,Cúcuta Deportivo 1-2 Once Caldas,2026-01-19
Águilas Doradas,0.94,1.0,-0.06,0.94,0.92,0.02,0.0,0.08,-0.08,0.94,1.0,-0.06,,,,,,1,1,0,0.06,37.4,36.09,,,45.48,0.86,1.25,133,10,6,19,6.98,15.2,28.14,0,6,9,1,14,44.1,17.65,77.33,73.42,43.73,25.32,5,Independiente Santa Fe 1-1 Águilas Doradas,2026-01-18
Independiente Santa Fe,1.0,0.94,0.06,0.92,0.94,-0.02,0.08,0.0,0.08,1.0,0.94,0.06,,,,,,1,1,0,-0.06,62.6,63.91,,,54.37,1.25,0.86,318,15,19,6,15.2,6.98,7.22,6,0,27,5,8,205.7,82.35,28.0,26.58,129.0,74.68,1,Independiente Santa Fe 1-1 Águilas Doradas,2026-01-18
Deportes Tolima,1.18,1.05,0.13,1.18,0.85,0.33,0.0,0.2,-0.2,1.18,1.05,0.13,,,,,,2,0,2,1.87,33.6,17.38,,,40.85,0.35,0.79,83,6,8,21,22.86,26.58,13.7,4,9,5,1,13,12.4,4.76,111.07,90.64,56.03,53.38,0,Junior 0-2 Deportes Tolima,2026-01-18
Junior,1.05,1.18,-0.13,0.85,1.18,-0.33,0.2,0.0,0.2,1.05,1.18,-0.13,,,,,,0,2,-2,-1.87,66.4,82.62,,,54.96,0.79,0.35,357,20,21,8,26.58,22.86,6.79,9,4,22,12,11,248.2,95.24,11.47,9.36,48.93,46.62,0,Junior 0-2 Deportes Tolima,2026-01-18
Deportivo Cali,0.61,0.51,0.1,0.61,0.22,0.39,0.0,0.29,-0.29,0.61,0.51,0.1,,,,,,0,1,-1,-1.1,55.3,58.25,,,48.48,0.68,0.37,210,12,9,6,13.24,16.22,9.0,4,1,15,1,15,113.1,69.6,26.0,30.12,87.13,56.98,2,Jaguares de Córdoba 1-0 Deportivo Cali,2026-01-18
Jaguares de Córdoba,0.51,0.61,-0.1,0.22,0.61,-0.39,0.29,0.0,0.29,0.51,0.61,-0.1,,,,,,1,0,1,1.1,44.7,41.75,,,43.32,0.37,0.68,123,10,6,9,16.22,13.24,13.72,1,4,15,7,17,49.4,30.4,60.33,69.88,65.77,43.02,0,Jaguares de Córdoba 1-0 Deportivo Cali,2026-01-18
Independiente Medellín,1.61,1.3,0.31,1.41,0.48,0.93,0.2,0.07,0.13,1.61,0.54,1.07,,,,,,0,1,-1,-1.31,57.3,67.29,,,49.55,0.8,0.23,165,6,14,7,17.5,30.43,5.26,5,1,19,5,12,124.0,80.05,37.53,46.68,122.8,75.88,1,Deportivo Pasto 1-0 Independiente Medellín,2026-01-18
Deportivo Pasto,1.3,1.61,-0.31,0.48,1.41,-0.93,0.07,0.2,-0.13,0.54,1.61,-1.07,,,,,,1,0,1,1.31,42.7,32.71,,,42.06,0.23,0.8,95,10,7,14,30.43,17.5,7.23,1,5,8,4,20,30.9,19.95,42.87,53.32,39.03,24.12,2,Deportivo Pasto 1-0 Independiente Medellín,2026-01-18
Millonarios,0.57,2.44,-1.87,0.57,1.42,-0.85,0.0,1.02,-1.02,0.57,2.44,-1.87,,,,,,1,2,-1,0.87,42.1,33.33,,,45.95,0.84,0.98,162,11,10,18,11.9,18.37,11.51,5,4,9,2,12,54.1,21.86,103.2,78.62,47.68,20.1,2,Atlético Bucaramanga 2-1 Millonarios,2026-01-17
Atlético Bucaramanga,2.44,0.57,1.87,1.42,0.57,0.85,1.02,0.0,1.02,2.44,0.57,1.87,,,,,,2,1,1,-0.87,57.9,66.67,,,51.52,0.98,0.84,316,17,18,10,18.37,11.9,8.38,4,5,23,6,14,193.4,78.14,28.07,21.38,189.53,79.9,0,Atlético Bucaramanga 2-1 Millonarios,2026-01-17
Boyacá Chicó,1.24,3.85,-2.61,1.24,2.84,-1.6,0.0,1.01,-1.01,1.24,3.85,-2.61,,,,,,0,4,-4,-1.39,40.3,33.62,,,43.16,0.32,1.04,118,6,11,25,34.38,24.04,14.93,3,2,9,2,8,18.6,10.28,88.6,85.52,27.77,12.9,1,Atlético Nacional 4-0 Boyacá Chicó,2026-01-17
Atlético Nacional,3.85,1.24,2.61,2.84,1.24,1.6,1.01,0.0,1.01,3.85,1.24,2.61,,,,,,4,0,4,1.39,59.7,66.38,,,45.5,1.04,0.32,214,22,25,11,24.04,34.38,8.62,2,3,23,8,15,162.3,89.72,15.0,14.48,187.57,87.1,0,Atlético Nacional 4-0 Boyacá Chicó,2026-01-17
Inter Bogotá,0.44,1.41,-0.97,0.36,0.65,-0.29,0.08,0.0,0.08,0.44,0.65,-0.21,,,,,,0,3,-3,-2.03,43.9,51.89,,,41.21,0.67,0.43,139,8,9,11,13.43,25.58,13.97,1,1,11,3,16,80.8,52.5,90.53,70.84,57.84,39.26,1,América de Cali 3-0 Inter Bogotá,2026-01-17
América de Cali,1.41,0.44,0.97,0.65,0.36,0.29,0.0,0.08,-0.08,0.65,0.44,0.21,,,,,,3,0,3,2.03,56.1,48.11,,,41.42,0.43,0.67,173,8,11,9,25.58,13.43,10.85,1,1,3,1,19,73.1,47.5,37.27,29.16,89.49,60.74,0,América de Cali 3-0 Inter Bogotá,2026-01-17
Alianza,0.67,0.87,-0.2,0.63,0.86,-0.23,0.05,0.01,0.04,0.67,0.87,-0.2,,,,,,0,1,-1,-0.8,40.6,32.14,,,41.31,0.43,0.91,115,4,10,11,23.26,12.09,16.96,0,4,10,2,11,32.5,21.27,105.33,76.33,53.67,43.12,2,Fortaleza 1-0 Alianza,2026-01-16
Fortaleza,0.87,0.67,0.2,0.86,0.63,0.23,0.01,0.05,-0.04,0.87,0.67,0.2,,,,,,1,0,1,0.8,59.4,67.86,,,51.18,0.91,0.43,304,11,11,10,12.09,23.26,11.17,4,0,15,2,13,120.3,78.73,32.67,23.67,70.8,56.88,0,Fortaleza 1-0 Alianza,2026-01-16
Llaneros,1.76,0.51,1.25,0.62,0.51,0.11,0.38,0.0,0.38,1.0,0.51,0.49,,,,,,2,0,2,0.75,58.8,72.91,,,50.58,0.6,0.52,281,12,13,7,21.67,13.46,12.14,5,1,12,5,7,151.9,78.79,43.73,31.12,117.73,68.64,0,Deportivo Pereira 0-2 Llaneros,2026-01-16
Deportivo Pereira,0.51,1.76,-1.25,0.51,0.62,-0.11,0.0,0.38,-0.38,0.51,1.0,-0.49,,,,,,0,2,-2,-0.75,41.2,27.09,,,39.23,0.52,0.6,99,4,7,13,13.46,21.67,26.75,1,5,7,1,12,40.9,21.21,96.8,68.88,53.8,31.36,0,Deportivo Pereira 0-2 Llaneros,2026-01-16
