Team,xG,xGA,xGD,Open Play xG,Open Play xGA,Open Play xGD,Set Piece xG,Set Piece xGA,Set Piece xGD,npxG,npxGA,npxGD,xG within 5s of Crosses,xGA within 5s of Crosses,xG within 15s of Set Pieces,xGA within 15s of Set Pieces,xGD within 15s of Set Pieces,Goals,Goals Conceded,GD,GD-xGD,Possession,Field Tilt,Vertical Tendency,Opponent Vertical Tendency,Avg Pass Height,xT,xT Against,Passes in Opposition Half,Passes into Box,Shots,Shots Faced,Shots per 1.0 xT,Shots Faced per 1.0 xT Against,PPDA,High Recoveries,High Recoveries Against,Crosses,Corners,Fouls,On-Ball Pressure,On-Ball Pressure Share,Off-Ball Pressure,Off-Ball Pressure Share,Game Control,Game Control Share,Throw-Ins into the Box,Match,Date
Aldosivi,0.82,1.35,-0.53,0.77,0.78,-0.01,0.05,0.57,-0.52,0.82,1.35,-0.53,0.00,0.24,0.06,0.57,-0.51,1,1,0,0.53,29.50,27.25,22.8,23.4,43.86,0.31,0.89,111,3,8,15,25.81,16.85,14.94,5,8,11,2,16,17.3,6.99,116.33,98.92,41.0,24.43,2,Defensa y Justicia 1-1 Aldosivi,2026-07-23
Defensa y Justicia,1.35,0.82,0.53,0.78,0.77,0.01,0.57,0.05,0.52,1.35,0.82,0.53,0.24,0.00,0.57,0.06,0.51,1,1,0,-0.53,70.50,72.75,23.4,22.8,51.64,0.89,0.31,337,15,15,8,16.85,25.81,7.97,8,5,21,6,9,230.2,93.01,1.27,1.08,126.83,75.57,0,Defensa y Justicia 1-1 Aldosivi,2026-07-23
Argentinos Juniors,2.29,1.26,1.03,2.29,0.62,1.67,0.00,0.64,-0.64,2.29,1.26,1.03,0.18,0.66,0.17,0.67,-0.50,3,2,1,-0.03,54.50,47.51,14.0,27.1,45.09,0.56,0.9,201,11,13,11,23.21,12.22,8.58,2,4,11,2,14,101.2,58.94,24.07,20.35,50.57,39.24,1,Sarmiento 2-3 Argentinos Juniors,2026-07-23
Sarmiento,1.26,2.29,-1.03,0.62,2.29,-1.67,0.64,0.00,0.64,1.26,2.29,-1.03,0.66,0.18,0.67,0.17,0.50,2,3,-1,0.03,45.50,52.49,27.1,14.0,47.95,0.9,0.56,182,8,11,13,12.22,23.21,9.31,4,2,30,7,15,70.5,41.06,94.2,79.65,78.3,60.76,0,Sarmiento 2-3 Argentinos Juniors,2026-07-23
Rosario Central,1.82,1.85,-0.03,1.17,1.82,-0.65,0.64,0.04,0.60,1.82,1.85,-0.03,0.35,0.36,0.80,0.04,0.76,1,2,-1,-0.97,53.00,40.66,11.1,27.9,42.46,0.5,0.8,157,8,10,13,20.0,16.25,13.25,0,4,19,7,13,51.8,33.99,37.4,33.33,42.43,22.59,0,Belgrano 2-1 Rosario Central,2026-07-23
Belgrano,1.85,1.82,0.03,1.82,1.17,0.65,0.04,0.64,-0.60,1.85,1.82,0.03,0.36,0.35,0.04,0.80,-0.76,2,1,1,0.97,47.00,59.34,27.9,11.1,50.67,0.8,0.5,214,17,13,10,16.25,20.0,14.34,4,0,21,6,10,100.6,66.01,74.8,66.67,145.43,77.41,0,Belgrano 2-1 Rosario Central,2026-07-23
Belgrano,1.67,1.6,0.07,0.78,1.55,-0.77,0.13,0.05,0.08,0.91,1.6,-0.69,,,,,,3,2,1,0.93,38.3,50.66,,,50.12,0.47,1.08,145,8,13,8,27.66,7.41,9.48,7,5,20,4,11,84.2,57.12,97.27,82.38,134.33,78.83,0,River Plate 2-3 Belgrano,2026-05-24
River Plate,1.6,1.67,-0.07,1.55,0.78,0.77,0.05,0.13,-0.08,1.6,0.91,0.69,,,,,,2,3,-1,-0.93,61.7,49.34,,,41.27,1.08,0.47,145,9,8,13,7.41,27.66,7.55,5,7,14,6,7,63.2,42.88,20.8,17.62,36.07,21.17,0,River Plate 2-3 Belgrano,2026-05-24
Belgrano,1.05,3.03,-1.98,1.05,3.03,-1.98,0.0,0.0,0.0,1.05,3.03,-1.98,,,,,,1,1,0,1.98,44.0,48.94,,,50.81,1.16,1.25,255,16,9,18,7.76,14.4,8.33,7,7,17,3,22,75.3,38.05,96.33,70.49,60.83,40.97,1,Argentinos Juniors 1-1 Belgrano,2026-05-17
Argentinos Juniors,3.03,1.05,1.98,3.03,1.05,1.98,0.0,0.0,0.0,3.03,1.05,1.98,,,,,,1,1,0,-1.98,56.0,51.06,,,47.53,1.25,1.16,270,16,18,9,14.4,7.76,6.54,7,7,29,5,17,122.6,61.95,40.33,29.51,87.63,59.03,2,Argentinos Juniors 1-1 Belgrano,2026-05-17
Rosario Central,0.21,2.39,-2.18,0.21,0.87,-0.66,0.0,0.0,0.0,0.21,0.87,-0.66,,,,,,0,1,-1,1.18,46.1,39.19,,,44.85,0.24,0.39,134,7,7,11,29.17,28.21,7.78,3,7,10,1,19,62.4,33.93,54.27,60.93,46.33,33.26,0,River Plate 1-0 Rosario Central,2026-05-16
River Plate,2.39,0.21,2.18,0.87,0.21,0.66,0.0,0.0,0.0,0.87,0.21,0.66,,,,,,1,0,1,-1.18,53.9,60.81,,,52.32,0.39,0.24,236,8,11,7,28.21,29.17,6.93,7,3,23,6,17,121.5,66.07,34.8,39.07,92.97,66.74,0,River Plate 1-0 Rosario Central,2026-05-16
Gimnasia La Plata,0.96,1.45,-0.49,0.81,1.1,-0.29,0.15,0.36,-0.21,0.96,1.45,-0.49,,,,,,0,2,-2,-1.51,43.4,42.97,,,43.45,0.4,0.69,146,14,12,18,30.0,26.09,10.61,5,6,18,5,16,47.4,29.98,47.87,57.26,60.83,27.62,0,River Plate 2-0 Gimnasia La Plata,2026-05-13
River Plate,1.45,0.96,0.49,1.1,0.81,0.29,0.36,0.15,0.21,1.45,0.96,0.49,,,,,,2,0,2,1.51,56.6,57.03,,,47.75,0.69,0.4,207,16,18,12,26.09,30.0,7.14,6,5,14,7,21,110.7,70.02,35.73,42.74,159.37,72.38,0,River Plate 2-0 Gimnasia La Plata,2026-05-13
Racing Club,1.21,3.28,-2.07,1.04,2.37,-1.33,0.18,0.9,-0.72,1.21,3.28,-2.07,,,,,,1,2,-1,1.07,36.8,38.68,,,45.19,0.27,1.44,169,6,10,19,37.04,13.19,10.46,4,2,7,2,24,59.9,24.57,104.2,76.51,56.4,34.64,3,Rosario Central 1-1 Racing Club,2026-05-13
Rosario Central,3.28,1.21,2.07,2.37,1.04,1.33,0.9,0.18,0.72,3.28,1.21,2.07,,,,,,2,1,1,-1.07,63.2,61.32,,,47.87,1.44,0.27,290,24,19,10,13.19,37.04,8.29,2,4,35,3,12,183.9,75.43,32.0,23.49,106.4,65.36,0,Rosario Central 1-1 Racing Club,2026-05-13
Huracán,1.76,1.69,0.07,1.53,1.61,-0.08,0.23,0.09,0.14,1.76,1.69,0.07,,,,,,0,1,-1,-1.07,38.6,37.74,,,41.62,0.56,1.08,151,8,11,18,19.64,16.67,10.9,3,10,10,2,29,40.8,21.34,144.27,76.06,100.33,46.04,4,Argentinos Juniors 0-0 Huracán,2026-05-12
Argentinos Juniors,1.69,1.76,-0.07,1.61,1.53,0.08,0.09,0.23,-0.14,1.69,1.76,-0.07,,,,,,1,0,1,1.07,61.4,62.26,,,44.55,1.08,0.56,270,13,18,11,16.67,19.64,6.3,10,3,30,9,14,150.4,78.66,45.4,23.94,117.57,53.96,1,Argentinos Juniors 0-0 Huracán,2026-05-12
Unión,0.64,1.2,-0.56,0.45,1.0,-0.55,0.19,0.2,-0.01,0.64,1.2,-0.56,,,,,,0,2,-2,-1.44,46.6,48.34,,,46.25,0.83,0.4,169,10,12,17,14.46,42.5,20.71,1,7,24,7,8,63.3,40.22,62.0,64.72,76.17,45.96,4,Belgrano 2-0 Unión,2026-05-12
Belgrano,1.2,0.64,0.56,1.0,0.45,0.55,0.2,0.19,0.01,1.2,0.64,0.56,,,,,,2,0,2,1.44,53.4,51.66,,,50.37,0.4,0.83,225,5,17,12,42.5,14.46,12.2,7,1,21,4,4,94.1,59.78,33.8,35.28,89.57,54.04,0,Belgrano 2-0 Unión,2026-05-12
Gimnasia La Plata,0.97,1.81,-0.84,0.21,1.3,-1.09,0.0,0.51,-0.51,0.21,1.81,-1.6,,,,,,1,0,1,1.84,29.6,18.14,,,44.13,0.34,1.83,102,3,7,27,20.59,14.75,20.31,1,5,3,0,13,21.6,5.49,88.2,78.66,25.3,10.97,0,Vélez Sarsfield 0-1 Gimnasia La Plata,2026-05-10
Vélez Sarsfield,1.81,0.97,0.84,1.3,0.21,1.09,0.51,0.0,0.51,1.81,0.21,1.6,,,,,,0,1,-1,-1.84,70.4,81.86,,,58.35,1.83,0.34,405,31,27,7,14.75,20.59,7.0,5,1,57,17,9,371.8,94.51,23.93,21.34,205.43,89.03,0,Vélez Sarsfield 0-1 Gimnasia La Plata,2026-05-10
San Lorenzo,0.59,2.75,-2.16,0.59,2.49,-1.9,0.0,0.26,-0.26,0.59,2.75,-2.16,,,,,,2,2,0,2.16,27.9,24.1,,,45.1,0.31,1.5,123,4,5,30,16.13,20.0,17.42,6,4,5,2,13,4.7,1.54,189.87,93.59,51.07,28.79,1,River Plate 1-1 San Lorenzo,2026-05-10
River Plate,2.75,0.59,2.16,2.49,0.59,1.9,0.26,0.0,0.26,2.75,0.59,2.16,,,,,,2,2,0,-2.16,72.1,75.9,,,52.93,1.5,0.31,457,23,30,5,20.0,16.13,6.87,4,6,40,6,14,300.6,98.46,13.0,6.41,126.3,71.21,0,River Plate 1-1 San Lorenzo,2026-05-10
Racing Club,1.3,0.95,0.35,1.06,0.95,0.11,0.25,0.0,0.25,1.3,0.95,0.35,,,,,,1,0,1,0.65,51.6,50.93,,,44.77,0.68,0.62,163,6,8,13,11.76,20.97,11.21,7,2,21,4,18,67.7,48.08,26.6,36.94,52.23,40.69,1,Estudiantes 0-1 Racing Club,2026-05-10
Estudiantes,0.95,1.3,-0.35,0.95,1.06,-0.11,0.0,0.25,-0.25,0.95,1.3,-0.35,,,,,,0,1,-1,-0.65,48.4,49.07,,,45.83,0.62,0.68,171,11,13,8,20.97,11.76,14.5,2,7,16,1,1,73.1,51.92,45.4,63.06,76.13,59.31,4,Estudiantes 0-1 Racing Club,2026-05-10
Independiente,1.45,1.85,-0.4,1.45,1.7,-0.25,0.0,0.15,-0.15,1.45,1.85,-0.4,,,,,,1,3,-2,-1.6,38.9,47.6,,,50.52,0.63,0.81,155,7,6,14,9.52,17.28,10.15,7,4,19,3,14,69.8,36.09,97.33,95.42,106.83,60.4,1,Rosario Central 3-1 Independiente,2026-05-10
Rosario Central,1.85,1.45,0.4,1.7,1.45,0.25,0.15,0.0,0.15,1.85,1.45,0.4,,,,,,3,1,2,1.6,61.1,52.4,,,46.5,0.81,0.63,217,16,14,6,17.28,9.52,6.5,4,7,14,2,11,123.6,63.91,4.67,4.58,70.03,39.6,0,Rosario Central 3-1 Independiente,2026-05-10
Lanús,0.63,0.8,-0.17,0.62,0.71,-0.09,0.01,0.09,-0.08,0.63,0.8,-0.17,,,,,,0,2,-2,-1.83,50.9,57.03,,,46.12,0.28,0.54,186,9,9,16,32.14,29.63,9.66,5,5,13,2,16,75.4,54.17,35.6,41.01,57.57,42.16,1,Argentinos Juniors 2-0 Lanús,2026-05-09
Argentinos Juniors,0.8,0.63,0.17,0.71,0.62,0.09,0.09,0.01,0.08,0.8,0.63,0.17,,,,,,2,0,2,1.83,49.1,42.97,,,43.82,0.54,0.28,142,6,16,9,29.63,32.14,8.4,5,5,12,3,12,63.8,45.83,51.2,58.99,78.97,57.84,2,Argentinos Juniors 2-0 Lanús,2026-05-09
Unión,2.43,1.68,0.75,2.43,1.38,1.05,0.0,0.3,-0.3,2.43,1.68,0.75,,,,,,2,1,1,0.25,38.8,41.99,,,49.62,0.56,1.53,152,9,10,18,17.86,11.76,12.86,2,3,16,5,15,40.0,23.6,61.47,81.96,71.13,48.51,3,Independiente Rivadavia 1-2 Unión,2026-05-09
Independiente Rivadavia,1.68,2.43,-0.75,1.38,2.43,-1.05,0.3,0.0,0.3,1.68,2.43,-0.75,,,,,,1,2,-1,-0.25,61.2,58.01,,,50.02,1.53,0.56,231,27,18,10,11.76,17.86,9.42,3,2,29,5,6,129.5,76.4,13.53,18.04,75.5,51.49,6,Independiente Rivadavia 1-2 Unión,2026-05-09
Huracán,1.76,5.14,-3.38,0.24,4.71,-4.47,0.0,0.43,-0.43,0.24,5.14,-4.9,,,,,,3,2,1,4.38,31.8,21.36,,,43.02,0.3,2.45,151,5,8,36,26.67,14.69,17.48,3,6,4,1,15,15.8,3.95,127.67,98.61,51.93,23.39,6,Boca Juniors 1-1 Huracán,2026-05-09
Boca Juniors,5.14,1.76,3.38,4.71,0.24,4.47,0.43,0.0,0.43,5.14,0.24,4.9,,,,,,2,3,-1,-4.38,68.2,78.64,,,54.59,2.45,0.3,431,32,36,8,14.69,26.67,9.88,6,3,53,17,10,383.7,96.05,1.8,1.39,170.07,76.61,3,Boca Juniors 1-1 Huracán,2026-05-09
Belgrano,1.27,0.73,0.54,1.16,0.61,0.55,0.11,0.11,0.0,1.27,0.73,0.54,,,,,,1,0,1,0.46,44.9,51.48,,,51.18,0.76,0.54,151,22,14,16,18.42,29.63,6.43,3,2,11,3,20,86.8,61.56,45.73,68.6,107.2,72.53,2,Talleres de Córdoba 0-1 Belgrano,2026-05-09
Talleres de Córdoba,0.73,1.27,-0.54,0.61,1.16,-0.55,0.11,0.11,0.0,0.73,1.27,-0.54,,,,,,0,1,-1,-0.46,55.1,48.52,,,44.87,0.54,0.76,152,9,16,14,29.63,18.42,6.28,2,3,23,8,13,54.2,38.44,20.93,31.4,40.6,27.47,5,Talleres de Córdoba 0-1 Belgrano,2026-05-09
Instituto,3.55,1.32,2.23,3.27,1.32,1.95,0.28,0.0,0.28,3.55,1.32,2.23,,,,,,2,0,2,-0.23,57.1,63.32,,,51.48,1.91,0.65,269,31,22,9,11.52,13.85,10.5,4,2,40,8,15,179.8,91.64,16.2,23.82,176.93,96.76,0,Estudiantes Río Cuarto 0-2 Instituto,2026-05-04
Estudiantes Río Cuarto,1.32,3.55,-2.23,1.32,3.27,-1.95,0.0,0.28,-0.28,1.32,3.55,-2.23,,,,,,0,2,-2,0.23,42.9,36.68,,,44.45,0.65,1.91,148,9,9,22,13.85,11.52,18.0,2,4,19,3,6,16.4,8.36,51.8,76.18,5.93,3.24,3,Estudiantes Río Cuarto 0-2 Instituto,2026-05-04
Newell's Old Boys,1.57,1.35,0.22,1.57,0.89,0.68,0.0,0.46,-0.46,1.57,1.35,0.22,,,,,,1,1,0,-0.22,38.8,39.84,,,49.38,0.46,0.94,182,13,9,14,19.57,14.89,20.19,3,11,22,4,12,43.7,23.8,82.2,90.33,59.13,41.92,4,Vélez Sarsfield 1-1 Newell's Old Boys,2026-05-04
Vélez Sarsfield,1.35,1.57,-0.22,0.89,1.57,-0.68,0.46,0.0,0.46,1.35,1.57,-0.22,,,,,,1,1,0,0.22,61.2,60.16,,,50.45,0.94,0.46,302,13,14,9,14.89,19.57,6.95,11,3,36,7,10,139.9,76.2,8.8,9.67,81.93,58.08,0,Vélez Sarsfield 1-1 Newell's Old Boys,2026-05-04
Defensa y Justicia,0.71,0.69,0.02,0.56,0.69,-0.13,0.16,0.0,0.16,0.71,0.69,0.02,,,,,,1,2,-1,-1.02,59.3,69.89,,,51.1,1.12,0.13,223,16,11,8,9.82,61.54,8.42,5,5,29,7,12,129.9,86.66,9.8,14.89,91.1,77.86,1,Gimnasia Mendoza 2-1 Defensa y Justicia,2026-05-04
Gimnasia Mendoza,0.69,0.71,-0.02,0.69,0.56,0.13,0.0,0.16,-0.16,0.69,0.71,-0.02,,,,,,2,1,1,1.02,40.7,30.11,,,41.51,0.13,1.12,95,5,8,11,61.54,9.82,10.55,5,5,9,2,10,20.0,13.34,56.0,85.11,25.9,22.14,1,Gimnasia Mendoza 2-1 Defensa y Justicia,2026-05-04
Atlético Tucumán,0.86,2.34,-1.48,0.85,1.68,-0.83,0.01,0.66,-0.65,0.86,2.34,-1.48,,,,,,1,0,1,2.48,24.9,31.32,,,48.63,0.3,1.0,119,5,5,19,16.67,19.0,14.71,3,7,10,1,16,23.1,9.55,199.47,99.76,120.37,67.08,2,River Plate 0-1 Atlético Tucumán,2026-05-03
River Plate,2.34,0.86,1.48,1.68,0.85,0.83,0.66,0.01,0.65,2.34,0.86,1.48,,,,,,0,1,-1,-2.48,75.1,68.68,,,50.13,1.0,0.3,416,17,19,5,19.0,16.67,6.23,7,3,16,6,6,218.8,90.45,0.47,0.24,59.07,32.92,1,River Plate 0-1 Atlético Tucumán,2026-05-03
Tigre,1.61,1.73,-0.12,1.42,1.71,-0.29,0.19,0.02,0.17,1.61,1.73,-0.12,,,,,,1,1,0,0.12,57.1,64.03,,,49.57,0.59,0.72,194,12,17,15,28.81,20.83,6.02,9,3,33,11,17,80.9,58.92,36.2,35.31,67.0,44.19,4,Rosario Central 1-1 Tigre,2026-05-03
Rosario Central,1.73,1.61,0.12,1.71,1.42,0.29,0.02,0.19,-0.17,1.73,1.61,0.12,,,,,,1,1,0,-0.12,42.9,35.97,,,44.43,0.72,0.59,117,11,15,17,20.83,28.81,7.95,3,9,13,3,14,56.4,41.08,66.33,64.69,84.63,55.81,1,Rosario Central 1-1 Tigre,2026-05-03
Argentinos Juniors,1.09,1.91,-0.82,0.91,1.83,-0.92,0.17,0.08,0.09,1.09,1.91,-0.82,,,,,,0,2,-2,-1.18,64.6,70.99,,,49.63,1.1,0.61,293,17,14,12,12.73,19.67,7.36,4,2,37,11,17,139.8,81.85,23.13,22.52,82.9,56.38,1,Gimnasia La Plata 2-0 Argentinos Juniors,2026-05-03
Gimnasia La Plata,1.91,1.09,0.82,1.83,0.91,0.92,0.08,0.17,-0.09,1.91,1.09,0.82,,,,,,2,0,2,1.18,35.4,29.01,,,39.76,0.61,1.1,100,7,12,14,19.67,12.73,13.81,2,4,9,3,11,31.0,18.15,79.6,77.48,64.13,43.62,0,Gimnasia La Plata 2-0 Argentinos Juniors,2026-05-03
Huracán,0.25,0.95,-0.7,0.16,0.67,-0.51,0.08,0.28,-0.2,0.25,0.95,-0.7,,,,,,0,0,0,0.7,38.3,40.77,,,41.65,0.21,0.61,98,5,5,9,23.81,14.75,11.94,2,9,6,1,11,21.4,21.21,51.13,85.6,41.33,42.07,7,Racing Club 0-0 Huracán,2026-05-03
Racing Club,0.95,0.25,0.7,0.67,0.16,0.51,0.28,0.08,0.2,0.95,0.25,0.7,,,,,,0,0,0,-0.7,61.7,59.23,,,45.35,0.61,0.21,175,8,9,5,14.75,23.81,5.72,9,2,19,6,15,79.5,78.79,8.6,14.4,56.9,57.93,3,Racing Club 0-0 Huracán,2026-05-03
Sarmiento,0.83,2.47,-1.64,0.83,2.47,-1.64,0.0,0.0,0.0,0.83,2.47,-1.64,,,,,,0,4,-4,-2.36,49.1,33.33,,,39.18,0.39,0.52,100,7,6,13,15.38,25.0,12.3,6,15,10,2,8,36.8,25.24,22.6,29.1,26.87,15.49,2,Belgrano 4-0 Sarmiento,2026-05-03
Belgrano,2.47,0.83,1.64,2.47,0.83,1.64,0.0,0.0,0.0,2.47,0.83,1.64,,,,,,4,0,4,2.36,50.9,66.67,,,50.57,0.52,0.39,194,11,13,6,25.0,15.38,7.62,15,6,15,3,8,109.0,74.76,55.07,70.9,146.6,84.51,3,Belgrano 4-0 Sarmiento,2026-05-03
Independiente Rivadavia,1.16,2.61,-1.45,0.97,2.12,-1.15,0.19,0.49,-0.3,1.16,2.61,-1.45,,,,,,1,1,0,1.45,59.4,54.01,,,47.94,0.48,1.22,212,12,15,17,31.25,13.93,9.18,3,8,21,7,9,104.5,57.58,10.93,14.8,69.67,42.52,3,Aldosivi 1-1 Independiente Rivadavia,2026-05-03
Aldosivi,2.61,1.16,1.45,2.12,0.97,1.15,0.49,0.19,0.3,2.61,1.16,1.45,,,,,,1,1,0,-1.45,40.6,45.99,,,49.3,1.22,0.48,158,20,17,15,13.93,31.25,11.06,8,3,20,5,7,77.0,42.42,62.93,85.2,94.17,57.48,6,Aldosivi 1-1 Independiente Rivadavia,2026-05-03
Estudiantes,2.21,1.06,1.15,2.09,0.92,1.17,0.13,0.14,-0.01,2.21,1.06,1.15,,,,,,2,0,2,0.85,47.7,41.12,,,43.52,0.82,0.74,145,10,16,18,19.51,24.32,11.52,3,3,14,5,12,68.3,37.12,35.67,38.6,67.77,36.47,1,Platense 0-2 Estudiantes,2026-05-02
Platense,1.06,2.21,-1.15,0.92,2.09,-1.17,0.14,0.13,0.01,1.06,2.21,-1.15,,,,,,0,2,-2,-0.85,52.3,58.88,,,52.39,0.74,0.82,206,11,18,16,24.32,19.51,11.72,3,3,34,7,10,115.7,62.88,56.73,61.4,118.03,63.53,0,Platense 0-2 Estudiantes,2026-05-02
Independiente,2.13,3.26,-1.13,1.63,1.87,-0.24,0.49,1.39,-0.9,2.13,3.26,-1.13,,,,,,2,1,1,2.13,41.9,44.77,,,47.15,0.92,1.09,181,9,13,25,14.13,22.94,10.95,9,8,13,4,19,80.4,39.7,70.6,76.41,114.67,67.72,2,San Lorenzo 1-2 Independiente,2026-05-02
San Lorenzo,3.26,2.13,1.13,1.87,1.63,0.24,1.39,0.49,0.9,3.26,2.13,1.13,,,,,,1,2,-1,-2.13,58.1,55.23,,,46.83,1.09,0.92,228,18,25,13,22.94,14.13,6.58,8,9,28,7,13,122.1,60.3,21.8,23.59,54.67,32.28,1,San Lorenzo 1-2 Independiente,2026-05-02
Talleres de Córdoba,0.55,2.19,-1.64,0.55,2.02,-1.47,0.0,0.17,-0.17,0.55,2.19,-1.64,,,,,,1,1,0,1.64,38.6,25.08,,,42.3,0.34,1.19,94,6,7,25,20.59,21.01,14.59,0,7,5,0,13,14.9,6.52,63.0,69.44,28.53,17.08,1,Unión 1-1 Talleres de Córdoba,2026-05-02
Unión,2.19,0.55,1.64,2.02,0.55,1.47,0.17,0.0,0.17,2.19,0.55,1.64,,,,,,1,1,0,-1.64,61.4,74.92,,,56.93,1.19,0.34,303,20,25,7,21.01,20.59,6.7,7,0,42,8,14,213.7,93.48,27.73,30.56,138.47,82.92,2,Unión 1-1 Talleres de Córdoba,2026-05-02
Boca Juniors,1.65,1.38,0.27,1.65,1.38,0.27,0.0,0.0,0.0,1.65,1.38,0.27,,,,,,2,1,1,0.73,64.1,52.12,,,44.89,0.66,0.8,224,8,11,14,16.67,17.5,7.76,4,7,15,3,11,78.1,54.65,8.73,6.7,46.07,27.7,1,Central Córdoba SdE 1-2 Boca Juniors,2026-05-02
Central Córdoba SdE,1.38,1.65,-0.27,1.38,1.65,-0.27,0.0,0.0,0.0,1.38,1.65,-0.27,,,,,,1,2,-1,-0.73,35.9,47.88,,,45.85,0.8,0.66,142,11,14,11,17.5,16.67,12.12,7,4,17,3,16,64.8,45.35,121.53,93.3,120.27,72.3,6,Central Córdoba SdE 1-2 Boca Juniors,2026-05-02
Deportivo Riestra,0.18,1.22,-1.04,0.18,0.27,-0.09,0.0,0.94,-0.94,0.18,1.22,-1.04,,,,,,0,0,0,1.04,29.8,42.94,,,52.01,0.45,0.67,146,7,5,12,11.11,17.91,13.94,2,1,13,7,20,39.1,20.94,128.93,99.64,96.77,55.75,6,Lanús 0-0 Deportivo Riestra,2026-05-02
Lanús,1.22,0.18,1.04,0.27,0.18,0.09,0.94,0.0,0.94,1.22,0.18,1.04,,,,,,0,0,0,-1.04,70.2,57.06,,,46.75,0.67,0.45,274,10,12,5,17.91,11.11,4.33,1,2,20,4,15,147.6,79.06,0.47,0.36,76.8,44.25,3,Lanús 0-0 Deportivo Riestra,2026-05-02
Banfield,1.97,2.28,-0.31,1.91,1.43,0.48,0.06,0.85,-0.79,1.97,2.28,-0.31,,,,,,2,1,1,1.31,51.7,56.08,,,50.36,0.81,1.21,257,8,17,16,20.99,13.22,15.5,7,2,26,6,7,114.4,58.64,33.53,40.33,102.47,56.49,1,Barracas Central 1-2 Banfield,2026-05-02
Barracas Central,2.28,1.97,0.31,1.43,1.91,-0.48,0.85,0.06,0.79,2.28,1.97,0.31,,,,,,1,2,-1,-1.31,48.3,43.92,,,51.22,1.21,0.81,251,16,16,17,13.22,20.99,16.43,2,7,18,2,10,80.7,41.36,49.6,59.67,78.93,43.51,3,Barracas Central 1-2 Banfield,2026-05-02
Argentinos Juniors,0.94,0.69,0.25,0.92,0.63,0.29,0.02,0.05,-0.03,0.94,0.69,0.25,,,,,,2,1,1,0.75,53.2,47.24,,,45.14,0.53,0.68,176,9,5,11,9.43,16.18,8.15,7,6,14,5,11,76.3,46.61,37.33,29.85,39.8,30.5,0,Huracán 1-2 Argentinos Juniors,2026-04-27
Huracán,0.69,0.94,-0.25,0.63,0.92,-0.29,0.05,0.02,0.03,0.69,0.94,-0.25,,,,,,1,2,-1,-0.75,46.8,52.76,,,49.62,0.68,0.53,200,11,11,5,16.18,9.43,10.14,6,7,20,4,15,87.4,53.39,87.73,70.15,90.7,69.5,3,Huracán 1-2 Argentinos Juniors,2026-04-27
Unión,1.5,2.98,-1.48,1.31,2.04,-0.73,0.19,0.18,0.01,1.5,2.22,-0.72,,,,,,2,2,0,1.48,42.5,50.0,,,49.32,0.96,1.11,180,11,14,12,14.58,10.81,15.96,3,4,20,4,9,95.7,47.45,43.87,64.38,95.03,52.0,1,Vélez Sarsfield 2-2 Unión,2026-04-27
Vélez Sarsfield,2.98,1.5,1.48,2.04,1.31,0.73,0.18,0.19,-0.01,2.22,1.5,0.72,,,,,,2,2,0,-1.48,57.5,50.0,,,49.12,1.11,0.96,217,16,12,14,10.81,14.58,10.41,4,3,13,2,8,106.0,52.55,24.27,35.62,87.73,48.0,0,Vélez Sarsfield 2-2 Unión,2026-04-27
Banfield,1.63,1.61,0.02,1.58,1.61,-0.03,0.05,0.0,0.05,1.63,1.61,0.02,,,,,,1,1,0,-0.02,47.2,48.01,,,45.22,0.97,0.86,159,6,10,15,10.31,17.44,9.03,2,5,12,2,12,58.5,42.73,47.93,63.74,67.8,47.97,1,Atlético Tucumán 1-1 Banfield,2026-04-26
Atlético Tucumán,1.61,1.63,-0.02,1.61,1.58,0.03,0.0,0.05,-0.05,1.61,1.63,-0.02,,,,,,1,1,0,0.02,52.8,51.99,,,49.48,0.86,0.97,221,12,15,10,17.44,10.31,6.87,5,2,18,3,19,78.4,57.27,27.27,36.26,73.53,52.03,0,Atlético Tucumán 1-1 Banfield,2026-04-26
Gimnasia La Plata,1.19,0.69,0.5,0.6,0.69,-0.09,0.59,0.0,0.59,1.19,0.69,0.5,,,,,,1,0,1,0.5,55.0,57.1,,,50.25,0.89,0.54,232,16,7,7,7.87,12.96,8.61,8,6,23,6,9,80.9,74.29,35.2,45.83,99.2,75.09,1,Belgrano 0-1 Gimnasia La Plata,2026-04-26
Belgrano,0.69,1.19,-0.5,0.69,0.6,0.09,0.0,0.59,-0.59,0.69,1.19,-0.5,,,,,,0,1,-1,-0.5,45.0,42.9,,,46.28,0.54,0.89,173,6,7,7,12.96,7.87,10.31,6,8,13,3,16,28.0,25.71,41.6,54.17,32.9,24.91,0,Belgrano 0-1 Gimnasia La Plata,2026-04-26
Instituto,0.28,1.26,-0.98,0.2,1.05,-0.85,0.08,0.21,-0.13,0.28,1.26,-0.98,,,,,,1,1,0,0.98,46.3,42.65,,,45.74,0.44,0.87,157,6,7,12,15.91,13.79,13.46,3,3,14,3,11,63.6,37.92,53.67,61.83,64.17,37.95,0,Newell's Old Boys 1-1 Instituto,2026-04-26
Newell's Old Boys,1.26,0.28,0.98,1.05,0.2,0.85,0.21,0.08,0.13,1.26,0.28,0.98,,,,,,1,1,0,-0.98,53.7,57.35,,,48.55,0.87,0.44,201,10,12,7,13.79,15.91,10.89,3,3,24,4,10,104.1,62.08,33.13,38.17,104.9,62.05,1,Newell's Old Boys 1-1 Instituto,2026-04-26
Gimnasia Mendoza,0.94,4.72,-3.78,0.92,3.88,-2.96,0.02,0.84,-0.82,0.94,4.72,-3.78,,,,,,1,5,-4,-0.22,41.2,31.86,,,42.22,0.62,1.3,75,7,7,24,11.29,18.46,6.09,3,6,9,2,18,26.2,14.34,25.53,52.53,20.43,10.27,1,Independiente Rivadavia 5-1 Gimnasia Mendoza,2026-04-26
Independiente Rivadavia,4.72,0.94,3.78,3.88,0.92,2.96,0.84,0.02,0.82,4.72,0.94,3.78,,,,,,5,1,4,0.22,58.8,68.14,,,53.51,1.3,0.62,170,21,24,7,18.46,11.29,4.86,6,3,28,11,14,156.5,85.66,23.07,47.47,178.58,89.73,2,Independiente Rivadavia 5-1 Gimnasia Mendoza,2026-04-26
Aldosivi,0.56,3.34,-2.78,0.56,2.68,-2.12,0.0,0.66,-0.66,0.56,3.34,-2.78,,,,,,1,3,-2,0.78,28.8,27.07,,,44.57,0.54,1.38,95,5,5,23,9.26,16.67,17.89,5,5,8,1,16,14.5,7.34,115.67,97.04,40.17,25.82,1,River Plate 3-1 Aldosivi,2026-04-25
River Plate,3.34,0.56,2.78,2.68,0.56,2.12,0.66,0.0,0.66,3.34,0.56,2.78,,,,,,3,1,2,-0.78,71.2,72.93,,,52.37,1.38,0.54,330,14,23,5,16.67,9.26,5.61,5,5,23,8,12,183.0,92.66,3.53,2.96,115.43,74.18,0,River Plate 3-1 Aldosivi,2026-04-25
Tigre,0.57,1.3,-0.73,0.51,0.41,0.1,0.06,0.89,-0.83,0.57,1.3,-0.73,,,,,,0,1,-1,-0.27,52.7,59.55,,,49.99,0.69,0.33,215,9,15,10,21.74,30.3,8.73,8,3,20,6,15,87.1,66.69,32.07,48.39,76.03,57.99,2,Sarmiento 1-0 Tigre,2026-04-25
Sarmiento,1.3,0.57,0.73,0.41,0.51,-0.1,0.89,0.06,0.83,1.3,0.57,0.73,,,,,,1,0,1,0.27,47.3,40.45,,,43.78,0.33,0.69,140,7,10,15,30.3,21.74,12.58,3,8,15,3,11,43.5,33.31,34.2,51.61,55.07,42.01,0,Sarmiento 1-0 Tigre,2026-04-25
Talleres de Córdoba,0.53,1.0,-0.47,0.53,0.92,-0.39,0.0,0.08,-0.08,0.53,1.0,-0.47,,,,,,0,0,0,0.47,45.3,42.91,,,45.87,0.57,0.74,188,9,10,16,17.54,21.62,17.0,5,9,18,1,10,52.4,38.22,65.53,70.01,81.63,51.63,4,Estudiantes 0-0 Talleres de Córdoba,2026-04-25
Estudiantes,1.0,0.53,0.47,0.92,0.53,0.39,0.08,0.0,0.08,1.0,0.53,0.47,,,,,,0,0,0,-0.47,54.7,57.09,,,47.22,0.74,0.57,240,11,16,10,21.62,17.54,10.94,9,5,24,6,8,84.7,61.78,28.07,29.99,76.47,48.37,4,Estudiantes 0-0 Talleres de Córdoba,2026-04-25
Barracas Central,0.86,0.19,0.67,0.7,0.1,0.6,0.16,0.09,0.07,0.86,0.19,0.67,,,,,,1,1,0,-0.67,50.0,53.82,,,49.64,0.65,0.22,202,11,16,5,24.62,22.73,10.52,5,2,14,3,8,114.9,68.15,69.73,58.79,113.47,73.27,0,Racing Club 1-1 Barracas Central,2026-04-24
Racing Club,0.19,0.86,-0.67,0.1,0.7,-0.6,0.09,0.16,-0.07,0.19,0.86,-0.67,,,,,,1,1,0,0.67,50.0,46.18,,,46.58,0.22,0.65,173,4,5,16,22.73,24.62,10.97,2,5,13,2,11,53.7,31.85,48.87,41.21,41.4,26.73,1,Racing Club 1-1 Barracas Central,2026-04-24
San Lorenzo,0.84,1.6,-0.76,0.73,1.28,-0.55,0.11,0.32,-0.21,0.84,1.6,-0.76,,,,,,1,0,1,1.76,43.1,28.57,,,39.56,0.7,0.96,103,6,10,23,14.29,23.96,9.36,6,4,13,4,10,21.2,9.16,34.73,41.05,26.17,12.23,0,Platense 0-1 San Lorenzo,2026-04-24
Platense,1.6,0.84,0.76,1.28,0.73,0.55,0.32,0.11,0.21,1.6,0.84,0.76,,,,,,0,1,-1,-1.76,56.9,71.43,,,54.01,0.96,0.7,272,23,23,10,23.96,14.29,9.81,4,6,36,8,16,210.2,90.84,49.87,58.95,187.8,87.77,3,Platense 0-1 San Lorenzo,2026-04-24
Rosario Central,1.73,2.39,-0.66,1.64,2.39,-0.75,0.08,0.0,0.08,1.73,2.39,-0.66,,,,,,2,1,1,1.66,57.1,45.38,,,42.45,0.99,0.74,154,16,12,14,12.12,18.92,9.72,1,12,18,4,11,69.6,49.05,16.93,20.6,49.63,42.31,0,Estudiantes Río Cuarto 1-2 Rosario Central,2026-04-24
Estudiantes Río Cuarto,2.39,1.73,0.66,2.39,1.64,0.75,0.0,0.08,-0.08,2.39,1.73,0.66,,,,,,1,2,-1,-1.66,42.9,54.62,,,50.92,0.74,0.99,188,12,14,12,18.92,12.12,9.9,12,1,30,0,12,72.3,50.95,65.27,79.4,67.67,57.69,2,Estudiantes Río Cuarto 1-2 Rosario Central,2026-04-24
Central Córdoba SdE,0.85,1.73,-0.88,0.78,0.84,-0.06,0.07,0.13,-0.06,0.85,0.97,-0.12,,,,,,0,0,0,0.88,34.6,28.67,,,41.78,0.27,0.64,104,6,9,15,33.33,23.44,12.97,3,9,11,3,17,20.4,9.48,102.2,77.23,36.5,20.82,1,Lanús 0-0 Central Córdoba SdE,2026-04-24
Lanús,1.73,0.85,0.88,0.84,0.78,0.06,0.13,0.07,0.06,0.97,0.85,0.12,,,,,,0,0,0,-0.88,65.4,71.33,,,48.84,0.64,0.27,315,15,15,9,23.44,33.33,7.9,9,3,22,5,11,194.8,90.52,30.13,22.77,138.83,79.18,1,Lanús 0-0 Central Córdoba SdE,2026-04-24
Independiente,1.42,1.13,0.29,1.39,0.93,0.46,0.02,0.19,-0.17,1.42,1.13,0.29,,,,,,0,2,-2,-2.29,69.0,62.29,,,51.97,0.8,0.5,299,14,13,8,16.25,16.0,6.54,3,5,29,3,13,145.7,78.33,0.73,0.67,70.03,42.21,5,Deportivo Riestra 2-0 Independiente,2026-04-24
Deportivo Riestra,1.13,1.42,-0.29,0.93,1.39,-0.46,0.19,0.02,0.17,1.13,1.42,-0.29,,,,,,2,0,2,2.29,31.0,37.71,,,47.65,0.5,0.8,111,10,8,13,16.0,16.25,12.06,5,3,12,3,16,40.3,21.67,108.93,99.33,95.87,57.79,5,Deportivo Riestra 2-0 Independiente,2026-04-24
Boca Juniors,3.46,0.59,2.87,3.46,0.46,3.0,0.0,0.12,-0.12,3.46,0.59,2.87,,,,,,4,0,4,1.13,47.6,30.26,,,39.34,0.66,0.51,117,6,11,8,16.67,15.69,14.46,2,5,5,1,11,38.7,26.73,65.13,55.19,57.13,52.08,1,Defensa y Justicia 0-4 Boca Juniors,2026-04-23
Defensa y Justicia,0.59,3.46,-2.87,0.46,3.46,-3.0,0.12,0.0,0.12,0.59,3.46,-2.87,,,,,,0,4,-4,-1.13,52.4,69.74,,,48.32,0.51,0.66,210,8,8,11,15.69,16.67,13.96,5,2,14,4,5,106.1,73.27,52.87,44.81,52.57,47.92,0,Defensa y Justicia 0-4 Boca Juniors,2026-04-23
Huracán,0.25,1.31,-1.06,0.22,1.31,-1.09,0.02,0.0,0.02,0.25,1.31,-1.06,,,,,,1,1,0,1.06,62.4,62.23,,,50.29,0.28,0.75,275,8,5,9,17.86,12.0,6.69,7,0,19,3,14,108.7,77.75,4.6,3.54,36.5,30.37,1,Tigre 1-1 Huracán,2026-04-20
Tigre,1.31,0.25,1.06,1.31,0.22,1.09,0.0,0.02,-0.02,1.31,0.25,1.06,,,,,,1,1,0,-1.06,37.6,37.77,,,44.97,0.75,0.28,131,8,9,5,12.0,17.86,13.61,0,7,11,0,15,31.1,22.25,125.4,96.46,83.7,69.63,1,Tigre 1-1 Huracán,2026-04-20
Lanús,0.54,2.6,-2.06,0.45,2.38,-1.93,0.1,0.22,-0.12,0.54,2.6,-2.06,,,,,,0,1,-1,1.06,57.6,53.56,,,46.86,0.39,0.9,179,5,8,19,20.51,21.11,5.44,4,4,13,1,18,44.0,40.7,12.4,22.52,36.93,27.57,3,Gimnasia Mendoza 1-0 Lanús,2026-04-20
Gimnasia Mendoza,2.6,0.54,2.06,2.38,0.45,1.93,0.22,0.1,0.12,2.6,0.54,2.06,,,,,,1,0,1,-1.06,42.4,46.44,,,47.26,0.9,0.39,137,8,19,8,21.11,20.51,7.78,4,4,17,6,17,64.1,59.3,42.67,77.48,97.0,72.43,0,Gimnasia Mendoza 1-0 Lanús,2026-04-20
Vélez Sarsfield,0.69,0.71,-0.02,0.69,0.7,-0.01,0.0,0.01,-0.01,0.69,0.71,-0.02,,,,,,0,0,0,0.02,47.9,49.52,,,51.53,1.21,0.77,208,17,10,12,8.26,15.58,7.86,4,2,18,1,16,83.4,65.0,55.2,62.68,95.33,73.43,4,San Lorenzo 0-0 Vélez Sarsfield,2026-04-20
San Lorenzo,0.71,0.69,0.02,0.7,0.69,0.01,0.01,0.0,0.01,0.71,0.69,0.02,,,,,,0,0,0,-0.02,52.1,50.48,,,49.66,0.77,1.21,213,9,12,10,15.58,8.26,8.16,2,4,26,4,13,44.9,35.0,32.87,37.32,34.5,26.57,3,San Lorenzo 0-0 Vélez Sarsfield,2026-04-20
Independiente Rivadavia,1.57,2.72,-1.15,1.33,2.47,-1.14,0.24,0.25,-0.01,1.57,2.72,-1.15,,,,,,0,0,0,1.15,61.0,53.63,,,50.48,1.15,0.8,241,12,15,16,13.04,20.0,6.7,5,6,24,3,8,85.5,60.04,14.0,15.77,42.03,36.15,3,Banfield 0-0 Independiente Rivadavia,2026-04-20
Banfield,2.72,1.57,1.15,2.47,1.33,1.14,0.25,0.24,0.01,2.72,1.57,1.15,,,,,,0,0,0,-1.15,39.0,46.37,,,51.11,0.8,1.15,144,12,16,15,20.0,13.04,13.7,6,5,21,6,12,56.9,39.96,74.8,84.23,74.23,63.85,4,Banfield 0-0 Independiente Rivadavia,2026-04-20
Platense,1.8,0.9,0.9,1.67,0.34,1.33,0.12,0.56,-0.44,1.8,0.9,0.9,,,,,,3,4,-1,-1.9,71.4,70.62,,,53.64,0.99,0.3,340,14,19,10,19.19,33.33,7.29,4,5,38,7,7,198.3,79.9,3.33,3.45,121.03,58.23,0,Central Córdoba SdE 4-3 Platense,2026-04-20
Central Córdoba SdE,0.9,1.8,-0.9,0.34,1.67,-1.33,0.56,0.12,0.44,0.9,1.8,-0.9,,,,,,4,3,1,1.9,28.6,29.38,,,46.55,0.3,0.99,99,8,10,19,33.33,19.19,16.38,5,4,10,3,12,49.9,20.1,93.2,96.55,86.83,41.77,6,Central Córdoba SdE 4-3 Platense,2026-04-20
Belgrano,0.69,0.43,0.26,0.27,0.4,-0.13,0.42,0.03,0.39,0.69,0.43,0.26,,,,,,0,0,0,-0.26,66.6,65.52,,,53.01,0.68,0.35,356,11,11,12,16.18,34.29,8.7,9,5,14,4,7,168.5,89.2,11.13,7.65,86.57,58.37,0,Barracas Central 0-0 Belgrano,2026-04-20
Barracas Central,0.43,0.69,-0.26,0.4,0.27,0.13,0.03,0.42,-0.39,0.43,0.69,-0.26,,,,,,0,0,0,0.26,33.4,34.48,,,47.41,0.35,0.68,127,10,12,11,34.29,16.18,20.57,5,9,16,2,11,20.4,10.8,134.4,92.35,61.73,41.63,5,Barracas Central 0-0 Belgrano,2026-04-20
Deportivo Riestra,0.42,1.32,-0.9,0.37,1.12,-0.75,0.05,0.21,-0.16,0.42,1.32,-0.9,,,,,,0,2,-2,-1.1,30.9,48.99,,,51.6,0.4,0.84,148,9,9,15,22.5,17.86,15.55,4,2,22,7,13,49.2,26.8,122.4,95.62,64.1,31.03,7,Talleres de Córdoba 2-0 Deportivo Riestra,2026-04-19
Talleres de Córdoba,1.32,0.42,0.9,1.12,0.37,0.75,0.21,0.05,0.16,1.32,0.42,0.9,,,,,,2,0,2,1.1,69.1,51.01,,,46.39,0.84,0.4,238,11,15,9,17.86,22.5,8.5,2,4,16,4,10,134.4,73.2,5.6,4.38,142.47,68.97,2,Talleres de Córdoba 2-0 Deportivo Riestra,2026-04-19
Sarmiento,0.38,2.79,-2.41,0.36,2.79,-2.43,0.03,0.0,0.03,0.38,2.79,-2.41,,,,,,1,2,-1,1.41,35.8,32.07,,,42.42,0.25,0.91,114,5,5,22,20.0,24.18,11.08,4,3,10,3,11,34.7,15.98,85.6,83.05,45.07,25.07,0,Rosario Central 2-1 Sarmiento,2026-04-19
Rosario Central,2.79,0.38,2.41,2.79,0.36,2.43,0.0,0.03,-0.03,2.79,0.38,2.41,,,,,,2,1,1,-1.41,64.2,67.93,,,51.61,0.91,0.25,292,17,22,5,24.18,20.0,6.85,3,4,22,4,10,182.5,84.02,17.47,16.95,134.73,74.93,5,Rosario Central 2-1 Sarmiento,2026-04-19
Boca Juniors,1.94,0.76,1.18,1.18,0.73,0.45,0.0,0.03,-0.03,1.18,0.76,0.42,,,,,,1,0,1,-0.18,32.3,25.83,,,43.92,0.29,1.02,103,8,10,13,34.48,12.75,9.88,7,4,8,1,19,18.3,10.48,85.53,91.97,50.77,40.11,2,River Plate 0-1 Boca Juniors,2026-04-19
River Plate,0.76,1.94,-1.18,0.73,1.18,-0.45,0.03,0.0,0.03,0.76,1.18,-0.42,,,,,,0,1,-1,0.18,67.7,74.17,,,49.98,1.02,0.29,275,13,13,10,12.75,34.48,5.63,4,7,23,6,14,156.4,89.52,7.47,8.03,75.8,59.89,1,River Plate 0-1 Boca Juniors,2026-04-19
Racing Club,2.05,0.57,1.48,1.69,0.57,1.12,0.36,0.0,0.36,2.05,0.57,1.48,,,,,,1,1,0,-1.48,70.0,71.56,,,53.09,1.09,0.27,324,15,21,8,19.27,29.63,6.44,5,2,25,5,10,226.4,88.58,5.8,5.29,149.53,73.89,5,Aldosivi 1-1 Racing Club,2026-04-19
Aldosivi,0.57,2.05,-1.48,0.57,1.69,-1.12,0.0,0.36,-0.36,0.57,2.05,-1.48,,,,,,1,1,0,1.48,30.0,28.44,,,44.51,0.27,1.09,81,4,8,21,29.63,19.27,15.32,2,5,6,1,15,29.2,11.42,103.8,94.71,52.83,26.11,2,Aldosivi 1-1 Racing Club,2026-04-19
Atlético Tucumán,0.6,1.1,-0.5,0.6,0.85,-0.25,0.0,0.25,-0.25,0.6,1.1,-0.5,,,,,,0,1,-1,-0.5,30.9,32.1,,,46.35,0.82,1.16,98,9,4,14,4.88,12.07,15.07,5,6,9,2,12,19.2,10.7,139.73,97.17,60.27,45.67,0,Argentinos Juniors 1-0 Atlético Tucumán,2026-04-18
Argentinos Juniors,1.1,0.6,0.5,0.85,0.6,0.25,0.25,0.0,0.25,1.1,0.6,0.5,,,,,,1,0,1,0.5,69.1,67.9,,,49.02,1.16,0.82,292,14,14,4,12.07,4.88,7.17,6,5,25,7,5,160.2,89.3,4.07,2.83,71.7,54.33,2,Argentinos Juniors 1-0 Atlético Tucumán,2026-04-18
Defensa y Justicia,1.21,2.05,-0.84,0.25,1.23,-0.98,0.2,0.06,0.14,0.45,1.29,-0.84,,,,,,1,3,-2,-1.16,49.3,39.6,,,41.9,0.2,0.46,150,7,9,14,45.0,30.43,11.77,3,8,12,5,12,46.8,31.06,40.0,39.24,38.67,22.05,1,Independiente 3-1 Defensa y Justicia,2026-04-18
Independiente,2.05,1.21,0.84,1.23,0.25,0.98,0.06,0.2,-0.14,1.29,0.45,0.84,,,,,,3,1,2,1.16,50.7,60.4,,,48.78,0.46,0.2,219,12,14,9,30.43,45.0,10.74,8,3,13,6,7,103.9,68.94,61.93,60.76,136.7,77.95,2,Independiente 3-1 Defensa y Justicia,2026-04-18
Estudiantes,0.4,1.23,-0.83,0.4,0.96,-0.56,0.0,0.27,-0.27,0.4,1.23,-0.83,,,,,,1,0,1,1.83,42.2,39.87,,,48.03,0.13,1.31,142,2,4,17,30.77,12.98,10.34,1,4,11,2,17,30.1,16.92,44.4,65.75,26.63,20.41,1,Instituto 0-1 Estudiantes,2026-04-18
Instituto,1.23,0.4,0.83,0.96,0.4,0.56,0.27,0.0,0.27,1.23,0.4,0.83,,,,,,0,1,-1,-1.83,57.8,60.13,,,47.98,1.31,0.13,203,19,17,4,12.98,30.77,7.25,4,1,40,7,16,147.8,83.08,23.13,34.25,103.87,79.59,1,Instituto 0-1 Estudiantes,2026-04-18
Estudiantes Río Cuarto,1.33,1.7,-0.37,1.23,0.88,0.35,0.1,0.06,0.04,1.33,0.94,0.39,,,,,,0,1,-1,-0.63,54.2,44.59,,,48.48,0.88,0.91,202,11,14,14,15.91,15.38,9.54,2,10,29,4,13,63.1,35.63,35.67,42.73,48.07,24.9,3,Gimnasia La Plata 1-0 Estudiantes Río Cuarto,2026-04-18
Gimnasia La Plata,1.7,1.33,0.37,0.88,1.23,-0.35,0.06,0.1,-0.04,0.94,1.33,-0.39,,,,,,1,0,1,0.63,45.8,55.41,,,51.38,0.91,0.88,196,16,14,14,15.38,15.91,7.85,10,2,23,1,12,114.0,64.37,47.8,57.27,145.0,75.1,1,Gimnasia La Plata 1-0 Estudiantes Río Cuarto,2026-04-18
Newell's Old Boys,0.55,2.54,-1.99,0.46,1.66,-1.2,0.1,0.88,-0.78,0.55,2.54,-1.99,,,,,,3,2,1,2.99,28.1,20.19,,,44.79,0.53,2.23,76,8,6,28,11.32,12.56,13.96,3,4,12,4,14,20.3,7.36,94.8,98.0,26.3,9.76,2,Unión 2-3 Newell's Old Boys,2026-04-17
Unión,2.54,0.55,1.99,1.66,0.46,1.2,0.88,0.1,0.78,2.54,0.55,1.99,,,,,,2,3,-1,-2.99,71.9,79.81,,,54.52,2.23,0.53,331,33,28,6,12.56,11.32,5.0,4,3,58,15,8,255.7,92.64,1.93,2.0,243.2,90.24,2,Unión 2-3 Newell's Old Boys,2026-04-17
Central Córdoba SdE,1.23,3.63,-2.4,1.23,3.38,-2.15,0.01,0.25,-0.24,1.23,3.63,-2.4,,,,,,0,1,-1,1.4,43.7,44.26,,,46.95,0.88,0.96,159,10,11,21,12.5,21.88,10.15,6,9,20,4,10,33.1,20.04,34.47,54.77,32.0,15.9,3,Vélez Sarsfield 1-0 Central Córdoba SdE,2026-04-13
Vélez Sarsfield,3.63,1.23,2.4,3.38,1.23,2.15,0.25,0.01,0.24,3.63,1.23,2.4,,,,,,1,0,1,-1.4,56.3,55.74,,,51.44,0.96,0.88,218,14,21,11,21.88,12.5,6.26,9,6,16,4,8,132.1,79.96,28.47,45.23,169.2,84.1,0,Vélez Sarsfield 1-0 Central Córdoba SdE,2026-04-13
Banfield,0.61,1.4,-0.79,0.58,1.4,-0.82,0.02,0.0,0.02,0.61,1.4,-0.79,,,,,,0,1,-1,-0.21,34.4,40.26,,,48.82,0.53,0.8,146,4,12,18,22.64,22.5,11.12,7,2,19,1,10,35.2,19.17,101.0,96.49,63.03,44.38,2,Lanús 1-0 Banfield,2026-04-13
Lanús,1.4,0.61,0.79,1.4,0.58,0.82,0.0,0.02,-0.02,1.4,0.61,0.79,,,,,,1,0,1,0.21,65.6,59.74,,,49.5,0.8,0.53,293,10,18,12,22.5,22.64,6.78,2,7,23,5,19,148.4,80.83,3.67,3.51,79.0,55.62,1,Lanús 1-0 Banfield,2026-04-13
Talleres de Córdoba,0.68,1.19,-0.51,0.3,1.18,-0.88,0.38,0.02,0.36,0.68,1.19,-0.51,,,,,,2,1,1,1.51,47.9,41.92,,,46.51,0.46,0.93,200,7,8,17,17.39,18.28,13.39,1,7,11,2,12,40.2,22.52,58.93,55.01,45.4,36.39,2,Defensa y Justicia 1-2 Talleres de Córdoba,2026-04-13
Defensa y Justicia,1.19,0.68,0.51,1.18,0.3,0.88,0.02,0.38,-0.36,1.19,0.68,0.51,,,,,,1,2,-1,-1.51,52.1,58.08,,,52.07,0.93,0.46,272,13,17,8,18.28,17.39,14.27,7,1,36,6,7,138.3,77.48,48.2,44.99,79.37,63.61,1,Defensa y Justicia 1-2 Talleres de Córdoba,2026-04-13
Gimnasia La Plata,1.24,1.19,0.05,0.81,1.12,-0.31,0.43,0.07,0.36,1.24,1.19,0.05,,,,,,2,1,1,0.95,55.5,54.21,,,49.25,0.99,0.95,209,16,17,11,17.17,11.58,8.62,4,3,16,7,12,94.5,58.84,27.27,36.04,80.27,55.26,1,Sarmiento 1-2 Gimnasia La Plata,2026-04-13
Sarmiento,1.19,1.24,-0.05,1.12,0.81,0.31,0.07,0.43,-0.36,1.19,1.24,-0.05,,,,,,1,2,-1,-0.95,44.5,45.79,,,46.65,0.95,0.99,152,10,11,17,11.58,17.17,9.42,3,4,21,3,17,66.1,41.16,48.4,63.96,65.0,44.74,1,Sarmiento 1-2 Gimnasia La Plata,2026-04-13
River Plate,2.87,1.36,1.51,2.87,1.27,1.6,0.0,0.09,-0.09,2.87,1.36,1.51,,,,,,2,0,2,0.49,50.5,46.89,,,40.75,0.54,0.59,141,5,10,12,18.52,20.34,11.79,5,7,6,2,7,55.0,38.84,23.93,26.34,41.1,30.72,0,Racing Club 0-2 River Plate,2026-04-12
Racing Club,1.36,2.87,-1.51,1.27,2.87,-1.6,0.09,0.0,0.09,1.36,2.87,-1.51,,,,,,0,2,-2,-0.49,49.5,53.11,,,47.2,0.59,0.54,184,15,12,10,20.34,18.52,8.09,7,5,17,8,16,86.6,61.16,66.93,73.66,92.7,69.28,0,Racing Club 0-2 River Plate,2026-04-12
Rosario Central,1.01,2.24,-1.23,1.01,1.36,-0.35,0.0,0.12,-0.12,1.01,1.48,-0.47,,,,,,1,3,-2,-0.77,56.3,40.89,,,39.13,0.47,0.56,141,8,7,16,14.89,28.57,13.41,2,14,11,3,7,34.5,24.54,16.93,13.43,14.27,8.12,0,Huracán 3-1 Rosario Central,2026-04-12
Huracán,2.24,1.01,1.23,1.36,1.01,0.35,0.12,0.0,0.12,1.48,1.01,0.47,,,,,,3,1,2,0.77,43.7,59.11,,,51.41,0.56,0.47,213,17,16,7,28.57,14.89,9.53,14,2,23,10,14,106.1,75.46,109.13,86.57,161.57,91.88,3,Huracán 3-1 Rosario Central,2026-04-12
Tigre,1.15,0.6,0.55,1.15,0.58,0.57,0.0,0.02,-0.02,1.15,0.6,0.55,,,,,,0,0,0,-0.55,50.6,46.39,,,48.06,0.61,0.65,188,9,12,7,19.67,10.77,10.7,5,4,16,3,10,69.7,53.99,16.07,34.78,58.93,48.45,1,Atlético Tucumán 0-0 Tigre,2026-04-12
Atlético Tucumán,0.6,1.15,-0.55,0.58,1.15,-0.57,0.02,0.0,0.02,0.6,1.15,-0.55,,,,,,0,0,0,0.55,49.4,53.61,,,49.97,0.65,0.61,185,11,7,12,10.77,19.67,10.7,4,5,28,5,14,59.4,46.01,30.13,65.22,62.7,51.55,1,Atlético Tucumán 0-0 Tigre,2026-04-12
San Lorenzo,0.26,1.13,-0.87,0.26,1.05,-0.79,0.0,0.08,-0.08,0.26,1.13,-0.87,,,,,,0,0,0,0.87,55.9,44.65,,,48.03,0.4,0.51,186,6,4,11,10.0,21.57,6.1,5,6,18,1,22,45.8,33.38,9.27,12.21,39.87,21.82,2,Newell's Old Boys 0-0 San Lorenzo,2026-04-12
Newell's Old Boys,1.13,0.26,0.87,1.05,0.26,0.79,0.08,0.0,0.08,1.13,0.26,0.87,,,,,,0,0,0,-0.87,44.1,55.35,,,51.44,0.51,0.4,179,13,11,4,21.57,10.0,9.26,6,5,25,3,9,91.4,66.62,66.67,87.79,142.87,78.18,1,Newell's Old Boys 0-0 San Lorenzo,2026-04-12
Gimnasia Mendoza,1.28,1.11,0.17,0.96,1.06,-0.1,0.32,0.05,0.27,1.28,1.11,0.17,,,,,,1,1,0,-0.17,47.4,46.99,,,46.43,0.49,1.28,156,4,8,12,16.33,9.38,8.32,8,4,13,2,15,39.2,29.74,43.0,50.12,49.87,28.26,0,Platense 1-1 Gimnasia Mendoza,2026-04-12
Platense,1.11,1.28,-0.17,1.06,0.96,0.1,0.05,0.32,-0.27,1.11,1.28,-0.17,,,,,,1,1,0,0.17,52.6,53.01,,,44.49,1.28,0.49,167,16,12,8,9.38,16.33,7.66,4,8,20,5,12,92.6,70.26,42.8,49.88,126.57,71.74,1,Platense 1-1 Gimnasia Mendoza,2026-04-12
Barracas Central,0.62,1.71,-1.09,0.6,1.59,-0.99,0.02,0.11,-0.09,0.62,1.71,-1.09,,,,,,2,1,1,2.09,26.4,31.22,,,49.95,0.39,0.98,96,6,11,16,28.21,16.33,18.78,0,7,11,2,20,12.0,6.74,186.6,99.86,109.13,82.47,1,Estudiantes Río Cuarto 1-2 Barracas Central,2026-04-11
Estudiantes Río Cuarto,1.71,0.62,1.09,1.59,0.6,0.99,0.11,0.02,0.09,1.71,0.62,1.09,,,,,,1,2,-1,-2.09,73.6,68.78,,,55.59,0.98,0.39,388,13,16,11,16.33,28.21,4.46,7,0,33,6,12,166.0,93.26,0.27,0.14,23.2,17.53,0,Estudiantes Río Cuarto 1-2 Barracas Central,2026-04-11
Independiente,0.64,2.48,-1.84,0.6,1.65,-1.05,0.04,0.08,-0.04,0.64,1.72,-1.08,,,,,,1,1,0,1.84,39.7,48.7,,,49.79,0.6,1.11,211,7,8,12,13.33,10.81,17.1,1,8,15,3,17,62.5,39.28,114.4,95.49,138.03,80.41,1,Boca Juniors 1-1 Independiente,2026-04-11
Boca Juniors,2.48,0.64,1.84,1.65,0.6,1.05,0.08,0.04,0.04,1.72,0.64,1.08,,,,,,1,1,0,-1.84,60.3,51.3,,,48.22,1.11,0.6,277,14,12,8,10.81,13.33,7.39,8,1,23,3,7,96.6,60.72,5.4,4.51,33.63,19.59,2,Boca Juniors 1-1 Independiente,2026-04-11
Unión,1.13,1.66,-0.53,0.78,0.7,0.08,0.35,0.95,-0.6,1.13,1.66,-0.53,,,,,,1,2,-1,-0.47,37.4,50.8,,,49.96,0.65,0.59,151,10,12,12,18.46,20.34,13.64,5,3,14,6,14,53.7,45.16,99.4,92.32,128.8,77.32,1,Estudiantes 2-1 Unión,2026-04-11
Estudiantes,1.66,1.13,0.53,0.7,0.78,-0.08,0.95,0.35,0.6,1.66,1.13,0.53,,,,,,2,1,1,0.47,62.6,49.2,,,44.19,0.59,0.65,184,8,12,12,20.34,18.46,5.65,3,5,22,4,17,65.2,54.84,8.27,7.68,37.77,22.68,1,Estudiantes 2-1 Unión,2026-04-11
Argentinos Juniors,0.15,1.43,-1.28,0.13,1.29,-1.16,0.02,0.13,-0.11,0.15,1.43,-1.28,,,,,,1,3,-2,-0.72,53.9,47.47,,,41.96,0.47,1.13,151,9,7,11,14.89,9.73,7.64,5,4,18,4,17,38.3,34.91,23.0,31.03,9.07,5.58,0,Independiente Rivadavia 3-1 Argentinos Juniors,2026-04-11
Independiente Rivadavia,1.43,0.15,1.28,1.29,0.13,1.16,0.13,0.02,0.11,1.43,0.15,1.28,,,,,,3,1,2,0.72,46.1,52.53,,,46.14,1.13,0.47,154,15,11,7,9.73,14.89,8.88,4,5,19,5,13,71.4,65.09,51.13,68.97,153.33,94.42,3,Independiente Rivadavia 3-1 Argentinos Juniors,2026-04-11
Instituto,2.62,1.09,1.53,2.28,0.85,1.43,0.34,0.24,0.1,2.62,1.09,1.53,,,,,,1,0,1,-0.53,45.9,31.74,,,45.43,1.03,1.02,127,9,16,14,15.53,13.73,8.1,3,3,16,5,15,54.3,28.16,11.2,24.85,49.03,27.2,1,Deportivo Riestra 0-1 Instituto,2026-04-11
Deportivo Riestra,1.09,2.62,-1.53,0.85,2.28,-1.43,0.24,0.34,-0.1,1.09,2.62,-1.53,,,,,,0,1,-1,0.53,54.1,68.26,,,55.22,1.02,1.03,232,29,14,16,13.73,15.53,7.76,3,3,42,7,12,138.5,71.84,33.87,75.15,131.2,72.8,11,Deportivo Riestra 0-1 Instituto,2026-04-11
Aldosivi,1.52,0.78,0.74,1.52,0.78,0.74,0.0,0.0,0.0,1.52,0.78,0.74,,,,,,0,1,-1,-1.74,31.7,28.32,,,45.58,0.39,0.51,92,9,8,15,20.51,29.41,12.28,4,2,17,2,19,29.3,13.97,113.73,85.51,35.7,21.57,3,Belgrano 1-0 Aldosivi,2026-04-10
Belgrano,0.78,1.52,-0.74,0.78,1.52,-0.74,0.0,0.0,0.0,0.78,1.52,-0.74,,,,,,1,0,1,1.74,68.3,71.68,,,53.55,0.51,0.39,284,9,15,8,29.41,20.51,6.1,2,4,15,3,6,180.4,86.03,19.27,14.49,129.83,78.43,1,Belgrano 1-0 Aldosivi,2026-04-10
Defensa y Justicia,0.51,2.09,-1.58,0.51,1.01,-0.5,0.0,1.08,-1.08,0.51,2.09,-1.58,,,,,,0,2,-2,-0.42,60.4,56.58,,,48.23,0.42,0.57,248,8,9,14,21.43,24.56,9.9,5,9,17,5,7,79.9,56.35,6.47,5.81,23.07,15.64,0,Instituto 2-0 Defensa y Justicia,2026-04-06
Instituto,2.09,0.51,1.58,1.01,0.51,0.5,1.08,0.0,1.08,2.09,0.51,1.58,,,,,,2,0,2,0.42,39.6,43.42,,,46.24,0.57,0.42,141,11,14,9,24.56,21.43,12.79,9,5,17,5,13,61.9,43.65,104.93,94.19,124.4,84.36,0,Instituto 2-0 Defensa y Justicia,2026-04-06
Banfield,0.97,1.1,-0.13,0.97,0.63,0.34,0.0,0.46,-0.46,0.97,1.1,-0.13,,,,,,2,3,-1,-0.87,32.9,37.97,,,46.59,0.53,0.51,125,4,9,17,16.98,33.33,14.2,3,6,22,1,10,33.0,20.47,131.73,95.0,91.47,50.46,1,Argentinos Juniors 3-2 Banfield,2026-04-06
Argentinos Juniors,1.1,0.97,0.13,0.63,0.97,-0.34,0.46,0.0,0.46,1.1,0.97,0.13,,,,,,3,2,1,0.87,67.1,62.03,,,47.32,0.51,0.53,272,5,17,9,33.33,16.98,7.27,6,3,24,9,9,128.2,79.53,6.93,5.0,89.8,49.54,0,Argentinos Juniors 3-2 Banfield,2026-04-06
Newell's Old Boys,2.19,1.14,1.05,2.19,1.14,1.05,0.0,0.0,0.0,2.19,1.14,1.05,,,,,,3,1,2,0.95,61.6,67.97,,,47.56,0.6,0.46,250,11,13,6,21.67,13.04,7.69,6,4,12,2,10,160.1,89.29,14.4,11.76,115.47,72.74,0,Central Córdoba SdE 1-3 Newell's Old Boys,2026-04-05
Central Córdoba SdE,1.14,2.19,-1.05,1.14,2.19,-1.05,0.0,0.0,0.0,1.14,2.19,-1.05,,,,,,1,3,-2,-0.95,38.4,32.03,,,43.36,0.46,0.6,120,6,6,13,13.04,21.67,11.34,4,6,15,3,16,19.2,10.71,108.0,88.24,43.27,27.26,3,Central Córdoba SdE 1-3 Newell's Old Boys,2026-04-05
Belgrano,1.31,2.8,-1.49,1.23,2.63,-1.4,0.08,0.18,-0.1,1.31,2.8,-1.49,,,,,,0,3,-3,-1.51,34.0,37.5,,,51.03,0.59,0.68,135,9,9,20,15.25,29.41,16.19,1,9,15,1,10,51.6,27.77,129.47,99.59,69.3,40.22,0,River Plate 3-0 Belgrano,2026-04-05
River Plate,2.8,1.31,1.49,2.63,1.23,1.4,0.18,0.08,0.1,2.8,1.31,1.49,,,,,,3,0,3,1.51,66.0,62.5,,,48.1,0.68,0.59,253,12,20,9,29.41,15.25,4.74,9,1,16,8,15,134.2,72.23,0.53,0.41,103.0,59.78,0,River Plate 3-0 Belgrano,2026-04-05
Huracán,0.96,1.85,-0.89,0.93,1.79,-0.86,0.03,0.06,-0.03,0.96,1.85,-0.89,,,,,,3,0,3,3.89,33.8,40.58,,,45.49,0.37,1.76,134,7,10,25,27.03,14.2,14.82,7,4,14,5,19,21.7,12.65,112.07,92.97,101.93,62.28,3,Gimnasia La Plata 0-3 Huracán,2026-04-05
Gimnasia La Plata,1.85,0.96,0.89,1.79,0.93,0.86,0.06,0.03,0.03,1.85,0.96,0.89,,,,,,0,3,-3,-3.89,66.2,59.42,,,48.43,1.76,0.37,269,22,25,10,14.2,27.03,7.53,4,7,34,8,6,149.8,87.35,8.47,7.03,61.73,37.72,0,Gimnasia La Plata 0-3 Huracán,2026-04-05
Atlético Tucumán,2.19,2.81,-0.62,1.92,1.9,0.02,0.27,0.15,0.12,2.19,2.05,0.14,,,,,,1,2,-1,-0.38,33.2,42.28,,,48.44,0.45,0.83,114,7,17,18,37.78,21.69,12.36,4,2,17,6,12,51.9,32.91,96.13,91.96,83.93,59.85,0,Rosario Central 2-1 Atlético Tucumán,2026-04-04
Rosario Central,2.81,2.19,0.62,1.9,1.92,-0.02,0.15,0.27,-0.12,2.05,2.19,-0.14,,,,,,2,1,1,0.38,66.8,57.72,,,48.47,0.83,0.45,216,14,18,17,21.69,37.78,7.27,2,4,24,5,12,105.8,67.09,8.4,8.04,56.3,40.15,0,Rosario Central 2-1 Atlético Tucumán,2026-04-04
Racing Club,1.54,1.31,0.23,0.78,1.28,-0.5,0.0,0.03,-0.03,0.78,1.31,-0.53,,,,,,0,1,-1,-1.23,50.1,43.93,,,47.19,0.89,0.4,143,10,10,8,11.24,20.0,7.54,4,3,16,4,15,60.5,43.37,18.53,33.65,43.5,35.0,3,Independiente 1-0 Racing Club,2026-04-04
Independiente,1.31,1.54,-0.23,1.28,0.78,0.5,0.03,0.0,0.03,1.31,0.78,0.53,,,,,,1,0,1,1.23,49.9,56.07,,,51.18,0.4,0.89,170,11,8,10,20.0,11.24,9.64,3,4,18,6,9,79.0,56.63,36.53,66.35,80.8,65.0,8,Independiente 1-0 Racing Club,2026-04-04
Estudiantes Río Cuarto,1.66,0.79,0.87,1.0,0.56,0.44,0.66,0.23,0.43,1.66,0.79,0.87,,,,,,0,0,0,-0.87,65.7,56.86,,,47.76,1.19,0.4,233,13,11,10,9.24,25.0,5.43,3,5,23,9,11,110.5,72.89,9.93,8.49,68.57,41.61,1,Aldosivi 0-0 Estudiantes Río Cuarto,2026-04-04
Aldosivi,0.79,1.66,-0.87,0.56,1.0,-0.44,0.23,0.66,-0.43,0.79,1.66,-0.87,,,,,,0,0,0,0.87,34.3,43.14,,,49.36,0.4,1.19,124,7,10,11,25.0,9.24,10.91,5,3,19,5,16,41.1,27.11,107.0,91.51,96.23,58.39,3,Aldosivi 0-0 Estudiantes Río Cuarto,2026-04-04
Estudiantes,0.83,1.45,-0.62,0.83,1.39,-0.56,0.0,0.06,-0.06,0.83,1.45,-0.62,,,,,,0,1,-1,-0.38,56.3,55.27,,,48.78,0.65,0.59,227,12,13,10,20.0,16.95,8.36,1,9,12,3,15,125.5,65.03,15.67,23.74,93.03,49.53,2,San Lorenzo 1-0 Estudiantes,2026-04-03
San Lorenzo,1.45,0.83,0.62,1.39,0.83,0.56,0.06,0.0,0.06,1.45,0.83,0.62,,,,,,1,0,1,0.38,43.7,44.73,,,48.01,0.59,0.65,154,10,10,13,16.95,20.0,9.51,9,1,18,4,14,67.5,34.97,50.33,76.26,94.8,50.47,0,San Lorenzo 1-0 Estudiantes,2026-04-03
Deportivo Riestra,0.85,3.8,-2.95,0.85,2.94,-2.09,0.0,0.1,-0.1,0.85,3.04,-2.19,,,,,,0,2,-2,0.95,28.0,32.63,,,49.26,0.79,1.01,105,12,8,26,10.13,25.74,14.0,3,1,10,0,17,13.7,6.19,110.47,97.93,33.3,16.25,4,Unión 2-0 Deportivo Riestra,2026-04-03
Unión,3.8,0.85,2.95,2.94,0.85,2.09,0.1,0.0,0.1,3.04,0.85,2.19,,,,,,2,0,2,-0.95,72.0,67.37,,,52.95,1.01,0.79,294,10,26,8,25.74,10.13,6.04,1,3,36,9,10,207.7,93.81,2.33,2.07,171.57,83.75,0,Unión 2-0 Deportivo Riestra,2026-04-03
Vélez Sarsfield,2.21,1.27,0.94,2.21,1.21,1.0,0.0,0.06,-0.06,2.21,1.27,0.94,,,,,,2,3,-1,-1.94,55.6,57.63,,,48.51,0.75,0.83,239,7,11,17,14.67,20.48,10.44,3,5,11,0,12,90.1,56.92,43.67,49.81,104.63,71.27,0,Gimnasia Mendoza 3-2 Vélez Sarsfield,2026-04-03
Gimnasia Mendoza,1.27,2.21,-0.94,1.21,2.21,-1.0,0.06,0.0,0.06,1.27,2.21,-0.94,,,,,,3,2,1,1.94,44.4,42.37,,,44.27,0.83,0.75,161,13,17,11,20.48,14.67,10.12,5,3,19,4,12,68.2,43.08,44.0,50.19,42.17,28.73,0,Gimnasia Mendoza 3-2 Vélez Sarsfield,2026-04-03
Boca Juniors,1.21,0.8,0.41,1.04,0.68,0.36,0.17,0.12,0.05,1.21,0.8,0.41,,,,,,1,0,1,0.59,51.5,49.85,,,47.87,0.69,0.75,214,9,8,15,11.59,20.0,14.48,3,4,10,3,7,82.3,43.38,25.6,28.28,43.03,31.76,1,Talleres de Córdoba 0-1 Boca Juniors,2026-04-02
Talleres de Córdoba,0.8,1.21,-0.41,0.68,1.04,-0.36,0.12,0.17,-0.05,0.8,1.21,-0.41,,,,,,0,1,-1,-0.59,48.5,50.15,,,52.21,0.75,0.69,243,9,15,8,20.0,11.59,15.91,4,3,25,6,9,107.4,56.62,64.93,71.72,92.47,68.24,1,Talleres de Córdoba 0-1 Boca Juniors,2026-04-02
Independiente Rivadavia,1.0,1.47,-0.47,0.45,1.26,-0.81,0.55,0.21,0.34,1.0,1.47,-0.47,,,,,,2,0,2,2.47,50.7,50.84,,,47.23,0.79,0.81,176,13,13,18,16.46,22.22,8.59,3,6,15,5,16,81.5,52.85,30.67,38.59,81.0,60.03,2,Tigre 0-2 Independiente Rivadavia,2026-04-02
Tigre,1.47,1.0,0.47,1.26,0.45,0.81,0.21,0.55,-0.34,1.47,1.0,0.47,,,,,,0,2,-2,-2.47,49.3,49.16,,,48.97,0.81,0.79,180,10,18,13,22.22,16.46,6.91,6,3,28,2,14,72.7,47.15,48.8,61.41,53.93,39.97,3,Tigre 0-2 Independiente Rivadavia,2026-04-02
Sarmiento,0.97,1.52,-0.55,0.97,0.63,0.34,0.0,0.12,-0.12,0.97,0.76,0.21,,,,,,2,1,1,1.55,53.2,49.29,,,49.77,0.68,0.61,250,14,13,14,19.12,22.95,12.85,0,6,14,1,14,75.5,41.85,47.53,33.65,70.93,46.34,1,Barracas Central 1-2 Sarmiento,2026-04-02
Barracas Central,1.52,0.97,0.55,0.63,0.97,-0.34,0.12,0.0,0.12,0.76,0.97,-0.21,,,,,,1,2,-1,-1.55,46.8,50.71,,,51.42,0.61,0.68,251,14,14,13,22.95,19.12,12.18,6,0,20,5,12,104.9,58.15,93.73,66.35,82.13,53.66,3,Barracas Central 1-2 Sarmiento,2026-04-02
Platense,0.1,1.17,-1.07,0.1,1.17,-1.07,0.0,0.0,0.0,0.1,1.17,-1.07,,,,,,0,0,0,1.07,41.1,36.48,,,44.63,0.14,0.53,155,3,3,12,21.43,22.64,18.0,2,5,15,2,11,32.4,17.09,104.2,81.2,53.2,35.2,1,Lanús 0-0 Platense,2026-04-01
Lanús,1.17,0.1,1.07,1.17,0.1,1.07,0.0,0.0,0.0,1.17,0.1,1.07,,,,,,0,0,0,-1.07,58.9,63.52,,,50.15,0.53,0.14,314,5,12,3,22.64,21.43,13.58,5,2,24,1,6,157.2,82.91,24.13,18.8,97.93,64.8,2,Lanús 0-0 Platense,2026-04-01
Argentinos Juniors,0.69,0.72,-0.03,0.47,0.68,-0.21,0.22,0.04,0.18,0.69,0.72,-0.03,,,,,,2,0,2,2.03,73.6,62.66,,,41.41,0.68,0.33,219,9,5,11,7.35,33.33,6.26,4,8,11,6,11,86.7,64.65,4.27,2.25,27.57,16.42,1,Aldosivi 0-2 Argentinos Juniors,2026-03-31
Aldosivi,0.72,0.69,0.03,0.68,0.47,0.21,0.04,0.22,-0.18,0.72,0.69,0.03,,,,,,0,2,-2,-2.03,26.4,37.34,,,45.95,0.33,0.68,105,4,11,5,33.33,7.35,12.92,8,4,15,2,13,47.4,35.35,185.87,97.75,140.37,83.58,2,Aldosivi 0-2 Argentinos Juniors,2026-03-31
Lanús,0.79,3.4,-2.61,0.79,2.61,-1.82,0.0,0.03,-0.03,0.79,2.64,-1.85,,,,,,1,2,-1,1.61,38.2,44.89,,,49.86,1.02,1.03,196,12,11,16,10.78,15.53,16.33,6,5,14,1,14,65.3,29.95,120.2,76.04,72.6,36.14,0,Argentinos Juniors 2-1 Lanús,2026-03-26
Argentinos Juniors,3.4,0.79,2.61,2.61,0.79,1.82,0.03,0.0,0.03,2.64,0.79,1.85,,,,,,2,1,1,-1.61,61.8,55.11,,,47.36,1.03,1.02,269,20,16,11,15.53,10.78,6.7,5,6,22,7,10,152.7,70.05,37.87,23.96,128.27,63.86,2,Argentinos Juniors 2-1 Lanús,2026-03-26
San Lorenzo,0.72,1.32,-0.6,0.65,0.97,-0.32,0.07,0.35,-0.28,0.72,1.32,-0.6,,,,,,1,1,0,0.6,64.2,43.33,,,43.87,0.27,0.78,169,9,7,9,25.93,11.54,6.07,3,7,21,4,14,34.9,31.76,0.13,0.1,12.5,5.76,2,Deportivo Riestra 1-1 San Lorenzo,2026-03-25
Deportivo Riestra,1.32,0.72,0.6,0.97,0.65,0.32,0.35,0.07,0.28,1.32,0.72,0.6,,,,,,1,1,0,-0.6,35.8,56.67,,,53.72,0.78,0.27,146,11,9,7,11.54,25.93,10.43,7,3,19,2,14,75.0,68.24,133.6,99.9,204.57,94.24,4,Deportivo Riestra 1-1 San Lorenzo,2026-03-25
Barracas Central,0.89,0.88,0.01,0.8,0.85,-0.05,0.09,0.03,0.06,0.89,0.88,0.01,,,,,,0,0,0,-0.01,31.9,33.14,,,45.08,0.75,0.83,113,6,5,15,6.67,18.07,13.87,1,6,16,5,14,8.4,5.2,132.6,98.57,58.17,44.62,2,Huracán 0-0 Barracas Central,2026-03-23
Huracán,0.88,0.89,-0.01,0.85,0.8,0.05,0.03,0.09,-0.06,0.88,0.89,-0.01,,,,,,0,0,0,0.01,68.1,66.86,,,54.18,0.83,0.75,353,10,15,5,18.07,6.67,5.74,6,1,31,7,9,153.1,94.8,1.93,1.43,72.2,55.38,2,Huracán 0-0 Barracas Central,2026-03-23
Central Córdoba SdE,0.23,4.16,-3.93,0.23,3.81,-3.58,0.0,0.36,-0.36,0.23,4.16,-3.93,,,,,,0,5,-5,-1.07,45.1,30.5,,,41.04,0.14,1.27,120,0,4,23,28.57,18.11,13.62,2,1,15,4,13,6.5,3.29,39.33,55.04,4.07,1.86,3,Estudiantes 5-0 Central Córdoba SdE,2026-03-23
Estudiantes,4.16,0.23,3.93,3.81,0.23,3.58,0.36,0.0,0.36,4.16,0.23,3.93,,,,,,5,0,5,1.07,54.9,69.5,,,51.41,1.27,0.14,249,16,23,4,18.11,28.57,11.38,1,2,23,8,10,190.8,96.71,32.13,44.96,214.79,98.14,2,Estudiantes 5-0 Central Córdoba SdE,2026-03-23
Rosario Central,1.14,0.78,0.36,0.97,0.78,0.19,0.17,0.0,0.17,1.14,0.78,0.36,,,,,,0,2,-2,-2.36,70.7,59.47,,,48.05,0.73,0.26,240,15,13,8,17.81,30.77,6.0,3,4,20,3,10,135.4,88.09,0.87,0.65,41.3,29.2,2,Independiente Rivadavia 2-0 Rosario Central,2026-03-22
Independiente Rivadavia,0.78,1.14,-0.36,0.78,0.97,-0.19,0.0,0.17,-0.17,0.78,1.14,-0.36,,,,,,2,0,2,2.36,29.3,40.53,,,47.19,0.26,0.73,104,6,8,13,30.77,17.81,13.57,4,3,9,3,14,18.3,11.91,133.0,99.35,100.13,70.8,3,Independiente Rivadavia 2-0 Rosario Central,2026-03-22
Platense,0.6,2.37,-1.77,0.6,1.54,-0.94,0.0,0.07,-0.07,0.6,1.61,-1.01,,,,,,0,1,-1,0.77,31.3,39.08,,,45.89,0.2,0.7,98,5,9,22,45.0,31.43,11.44,3,9,8,3,14,32.1,17.82,106.47,97.86,75.27,46.38,0,Argentinos Juniors 1-0 Platense,2026-03-22
Argentinos Juniors,2.37,0.6,1.77,1.54,0.6,0.94,0.07,0.0,0.07,1.61,0.6,1.01,,,,,,1,0,1,-0.77,68.7,60.92,,,43.29,0.7,0.2,197,12,22,9,31.43,45.0,5.69,9,3,25,4,13,148.0,82.18,2.33,2.14,87.03,53.62,1,Argentinos Juniors 1-0 Platense,2026-03-22
Instituto,1.04,2.88,-1.84,0.69,2.77,-2.08,0.35,0.11,0.24,1.04,2.88,-1.84,,,,,,0,2,-2,-0.16,31.6,35.74,,,47.35,0.39,1.37,138,12,13,18,33.33,13.14,26.4,1,3,23,6,10,59.9,26.31,150.67,91.65,89.73,47.59,2,Boca Juniors 2-0 Instituto,2026-03-22
Boca Juniors,2.88,1.04,1.84,2.77,0.69,2.08,0.11,0.35,-0.24,2.88,1.04,1.84,,,,,,2,0,2,0.16,68.4,64.26,,,49.91,1.37,0.39,322,22,18,13,13.14,33.33,10.91,3,1,25,7,3,167.8,73.69,13.73,8.35,98.83,52.41,0,Boca Juniors 2-0 Instituto,2026-03-22
River Plate,2.43,0.49,1.94,1.19,0.42,0.77,0.48,0.07,0.41,1.67,0.49,1.18,,,,,,2,0,2,0.06,57.5,55.63,,,49.44,0.37,0.41,226,8,9,8,24.32,19.51,11.13,5,8,25,7,8,97.4,64.59,30.6,29.57,68.87,58.71,0,Estudiantes Río Cuarto 0-2 River Plate,2026-03-22
Estudiantes Río Cuarto,0.49,2.43,-1.94,0.42,1.19,-0.77,0.07,0.48,-0.41,0.49,1.67,-1.18,,,,,,0,2,-2,-0.06,42.5,44.37,,,51.39,0.41,0.37,167,10,8,9,19.51,24.32,16.62,8,5,24,5,7,53.4,35.41,72.87,70.43,48.43,41.29,1,Estudiantes Río Cuarto 0-2 River Plate,2026-03-22
Aldosivi,0.53,2.13,-1.6,0.52,1.34,-0.82,0.01,0.03,-0.02,0.53,1.37,-0.84,,,,,,0,2,-2,-0.4,57.7,55.96,,,51.22,0.74,0.36,212,18,13,9,17.57,25.0,8.24,6,3,34,7,8,101.3,65.23,43.87,41.31,87.97,53.17,0,Sarmiento 2-0 Aldosivi,2026-03-22
Sarmiento,2.13,0.53,1.6,1.34,0.52,0.82,0.03,0.01,0.02,1.37,0.53,0.84,,,,,,2,0,2,0.4,42.3,44.04,,,46.41,0.36,0.74,131,14,9,13,25.0,17.57,23.93,3,6,11,5,9,54.0,34.77,62.33,58.69,77.47,46.83,2,Sarmiento 2-0 Aldosivi,2026-03-22
Racing Club,1.35,2.54,-1.19,1.24,1.36,-0.12,0.11,0.42,-0.31,1.35,1.78,-0.43,,,,,,2,1,1,2.19,53.3,50.53,,,44.57,0.46,0.72,175,7,7,13,15.22,18.06,9.26,6,5,13,2,17,79.4,46.0,23.67,29.41,66.1,42.31,4,Belgrano 1-2 Racing Club,2026-03-21
Belgrano,2.54,1.35,1.19,1.36,1.24,0.12,0.42,0.11,0.31,1.78,1.35,0.43,,,,,,1,2,-1,-2.19,46.7,49.47,,,46.54,0.72,0.46,157,12,13,7,18.06,15.22,10.22,5,6,21,8,8,93.2,54.0,56.8,70.59,90.13,57.69,1,Belgrano 1-2 Racing Club,2026-03-21
Talleres de Córdoba,1.69,2.38,-0.69,1.45,2.37,-0.92,0.24,0.01,0.23,1.69,2.38,-0.69,,,,,,2,1,1,1.69,47.5,37.06,,,43.03,0.41,1.06,134,4,8,16,19.51,15.09,9.48,1,10,13,5,16,36.0,19.68,27.07,49.52,38.6,21.02,2,Independiente 1-2 Talleres de Córdoba,2026-03-21
Independiente,2.38,1.69,0.69,2.37,1.45,0.92,0.01,0.24,-0.23,2.38,1.69,0.69,,,,,,1,2,-1,-1.69,52.5,62.94,,,50.84,1.06,0.41,217,20,16,8,15.09,19.51,8.59,10,1,25,6,8,146.9,80.32,27.6,50.48,145.03,78.98,5,Independiente 1-2 Talleres de Córdoba,2026-03-21
Unión,1.31,2.09,-0.78,1.09,1.28,-0.19,0.21,0.81,-0.6,1.31,2.09,-0.78,,,,,,0,2,-2,-1.22,64.1,75.42,,,58.03,1.11,0.6,374,24,19,11,17.12,18.33,8.28,2,1,38,6,12,222.1,86.12,32.73,30.38,178.6,82.62,0,Defensa y Justicia 2-0 Unión,2026-03-21
Defensa y Justicia,2.09,1.31,0.78,1.28,1.09,0.19,0.81,0.21,0.6,2.09,1.31,0.78,,,,,,2,0,2,1.22,35.9,24.58,,,43.35,0.6,1.11,106,12,11,19,18.33,17.12,17.0,1,2,9,5,9,35.8,13.88,75.0,69.62,37.57,17.38,0,Defensa y Justicia 2-0 Unión,2026-03-21
Gimnasia Mendoza,1.32,1.33,-0.01,1.31,1.14,0.17,0.01,0.18,-0.17,1.32,1.33,-0.01,,,,,,0,1,-1,-0.99,41.9,34.17,,,42.36,0.58,0.93,106,6,10,15,17.24,16.13,11.21,3,6,12,5,15,28.4,16.05,56.13,85.92,41.6,26.6,1,Newell's Old Boys 1-0 Gimnasia Mendoza,2026-03-21
Newell's Old Boys,1.33,1.32,0.01,1.14,1.31,-0.17,0.18,0.01,0.17,1.33,1.32,0.01,,,,,,1,0,1,0.99,58.1,65.83,,,50.66,0.93,0.58,208,13,15,10,16.13,17.24,6.71,6,3,35,6,13,148.5,83.95,9.2,14.08,114.77,73.4,2,Newell's Old Boys 1-0 Gimnasia Mendoza,2026-03-21
Lanús,1.15,0.59,0.56,1.05,0.59,0.46,0.1,0.0,0.1,1.15,0.59,0.56,,,,,,1,0,1,0.44,41.9,47.68,,,50.8,0.75,0.43,191,8,17,10,22.67,23.26,12.83,6,5,21,2,18,109.5,52.72,74.4,86.58,154.53,70.4,4,Vélez Sarsfield 0-1 Lanús,2026-03-21
Vélez Sarsfield,0.59,1.15,-0.56,0.59,1.05,-0.46,0.0,0.1,-0.1,0.59,1.15,-0.56,,,,,,0,1,-1,-0.44,58.1,52.32,,,51.54,0.43,0.75,273,12,10,17,23.26,22.67,6.27,5,6,20,4,12,98.2,47.28,11.53,13.42,64.97,29.6,2,Vélez Sarsfield 0-1 Lanús,2026-03-21
Gimnasia La Plata,0.71,1.44,-0.73,0.69,0.96,-0.27,0.02,0.47,-0.45,0.71,1.44,-0.73,,,,,,0,1,-1,-0.27,62.7,52.73,,,47.08,0.68,0.52,230,15,10,16,14.71,30.77,5.84,4,5,27,4,14,88.5,47.43,8.47,5.96,32.2,13.85,0,Atlético Tucumán 1-0 Gimnasia La Plata,2026-03-20
Atlético Tucumán,1.44,0.71,0.73,0.96,0.69,0.27,0.47,0.02,0.45,1.44,0.71,0.73,,,,,,1,0,1,0.27,37.3,47.27,,,50.64,0.52,0.68,158,10,16,10,30.77,14.71,11.1,5,4,20,6,12,98.1,52.57,133.67,94.04,200.3,86.15,1,Atlético Tucumán 1-0 Gimnasia La Plata,2026-03-20
Tigre,2.21,1.1,1.11,2.18,0.98,1.2,0.03,0.12,-0.09,2.21,1.1,1.11,,,,,,0,1,-1,-2.11,71.8,71.72,,,53.82,1.61,0.36,340,19,23,12,14.29,33.33,5.71,4,6,35,7,12,223.9,90.25,1.07,0.85,117.53,68.33,2,Banfield 1-0 Tigre,2026-03-20
Banfield,1.1,2.21,-1.11,0.98,2.18,-1.2,0.12,0.03,0.09,1.1,2.21,-1.11,,,,,,1,0,1,2.11,28.2,28.28,,,48.04,0.36,1.61,87,7,12,23,33.33,14.29,12.27,6,4,16,3,14,24.2,9.75,124.8,99.15,54.47,31.67,0,Banfield 1-0 Tigre,2026-03-20
Estudiantes,1.15,1.2,-0.05,1.13,1.07,0.06,0.02,0.13,-0.11,1.15,1.2,-0.05,,,,,,2,1,1,1.05,57.4,61.23,,,47.04,0.81,0.68,206,12,10,13,12.35,19.12,5.84,7,3,19,3,17,90.2,63.52,15.07,19.78,61.8,50.83,1,Gimnasia Mendoza 1-2 Estudiantes,2026-03-17
Gimnasia Mendoza,1.2,1.15,0.05,1.07,1.13,-0.06,0.13,0.02,0.11,1.2,1.15,0.05,,,,,,1,2,-1,-1.05,42.6,38.77,,,47.66,0.68,0.81,158,12,13,10,19.12,12.35,10.35,3,7,21,4,10,51.8,36.48,61.13,80.22,59.77,49.17,4,Gimnasia Mendoza 1-2 Estudiantes,2026-03-17
Deportivo Riestra,0.98,0.31,0.67,0.85,0.31,0.54,0.13,0.0,0.13,0.98,0.31,0.67,,,,,,0,1,-1,-1.67,49.0,63.31,,,52.58,0.81,0.41,235,12,11,4,13.58,9.76,8.92,5,1,25,3,14,97.7,70.85,55.4,63.1,110.6,72.38,8,Central Córdoba SdE 1-0 Deportivo Riestra,2026-03-17
Central Córdoba SdE,0.31,0.98,-0.67,0.31,0.85,-0.54,0.0,0.13,-0.13,0.31,0.98,-0.67,,,,,,1,0,1,1.67,51.0,36.69,,,44.48,0.41,0.81,133,6,4,11,9.76,13.58,9.8,1,5,13,2,7,40.2,29.15,32.4,36.9,42.2,27.62,2,Central Córdoba SdE 1-0 Deportivo Riestra,2026-03-17
Newell's Old Boys,0.12,2.9,-2.78,0.12,1.98,-1.86,0.0,0.15,-0.15,0.12,2.14,-2.02,,,,,,0,5,-5,-2.22,36.8,36.29,,,38.37,0.38,1.07,88,5,5,14,13.16,13.08,22.09,4,0,8,0,7,12.2,8.47,109.27,75.74,4.26,1.63,0,Lanús 5-0 Newell's Old Boys,2026-03-17
Lanús,2.9,0.12,2.78,1.98,0.12,1.86,0.15,0.0,0.15,2.14,0.12,2.02,,,,,,5,0,5,2.22,63.2,63.71,,,46.18,1.07,0.38,269,16,14,5,13.08,13.16,13.64,0,4,16,7,12,131.9,91.53,35.0,24.26,257.32,98.37,2,Lanús 5-0 Newell's Old Boys,2026-03-17
Argentinos Juniors,1.21,1.06,0.15,0.93,1.06,-0.13,0.28,0.0,0.28,1.21,1.06,0.15,,,,,,1,1,0,-0.15,64.3,48.21,,,44.01,0.52,0.73,215,10,8,6,15.38,8.22,9.76,2,7,15,2,16,93.6,66.24,2.8,1.91,24.03,17.19,0,Tigre 1-1 Argentinos Juniors,2026-03-15
Tigre,1.06,1.21,-0.15,1.06,0.93,0.13,0.0,0.28,-0.28,1.06,1.21,-0.15,,,,,,1,1,0,0.15,35.7,51.79,,,49.67,0.73,0.52,160,5,6,8,8.22,15.38,13.86,7,2,20,1,15,47.7,33.76,143.47,98.09,115.8,82.81,4,Tigre 1-1 Argentinos Juniors,2026-03-15
Boca Juniors,1.93,1.02,0.91,1.83,0.94,0.89,0.1,0.08,0.02,1.93,1.02,0.91,,,,,,1,1,0,-0.91,59.7,41.69,,,46.74,1.23,0.73,253,18,16,14,13.01,19.18,11.33,5,5,15,4,8,84.1,43.49,16.2,13.51,40.27,20.41,0,Unión 1-1 Boca Juniors,2026-03-15
Unión,1.02,1.93,-0.91,0.94,1.83,-0.89,0.08,0.1,-0.02,1.02,1.93,-0.91,,,,,,1,1,0,0.91,40.3,58.31,,,54.34,0.73,1.23,237,10,14,16,19.18,13.01,15.97,5,5,28,5,7,109.3,56.51,103.73,86.49,157.0,79.59,2,Unión 1-1 Boca Juniors,2026-03-15
Sarmiento,0.21,4.14,-3.93,0.21,3.71,-3.5,0.0,0.43,-0.43,0.21,4.14,-3.93,,,,,,0,2,-2,1.93,22.1,19.53,,,42.72,0.07,1.46,71,2,2,34,28.57,23.29,16.44,2,2,5,2,15,0.0,0.0,178.07,99.33,15.43,6.53,0,River Plate 2-0 Sarmiento,2026-03-15
River Plate,4.14,0.21,3.93,3.71,0.21,3.5,0.43,0.0,0.43,4.14,0.21,3.93,,,,,,2,0,2,-1.93,77.9,80.47,,,53.04,1.46,0.07,428,17,34,2,23.29,28.57,5.38,2,2,14,10,11,299.1,100.0,1.2,0.67,220.7,93.47,0,River Plate 2-0 Sarmiento,2026-03-15
Talleres de Córdoba,0.67,0.92,-0.25,0.67,0.92,-0.25,0.0,0.0,0.0,0.67,0.92,-0.25,,,,,,0,0,0,0.25,52.4,44.67,,,45.36,0.4,0.89,134,8,11,8,27.5,8.99,6.15,1,4,16,3,16,35.0,36.57,17.33,34.16,29.57,29.31,2,Belgrano 0-0 Talleres de Córdoba,2026-03-15
Belgrano,0.92,0.67,0.25,0.92,0.67,0.25,0.0,0.0,0.0,0.92,0.67,0.25,,,,,,0,0,0,-0.25,47.6,55.33,,,50.4,0.89,0.4,154,11,8,11,8.99,27.5,7.14,4,1,19,1,17,60.7,63.43,33.4,65.84,71.33,70.69,1,Belgrano 0-0 Talleres de Córdoba,2026-03-15
Independiente Rivadavia,1.13,0.52,0.61,0.95,0.45,0.5,0.18,0.08,0.1,1.13,0.52,0.61,,,,,,3,2,1,0.39,51.2,47.74,,,47.68,0.68,0.37,183,8,14,9,20.59,24.32,9.9,4,3,12,2,11,75.3,57.83,51.8,50.42,74.4,55.59,3,Gimnasia La Plata 2-3 Independiente Rivadavia,2026-03-15
Gimnasia La Plata,0.52,1.13,-0.61,0.45,0.95,-0.5,0.08,0.18,-0.1,0.52,1.13,-0.61,,,,,,2,3,-1,-0.39,48.8,52.26,,,50.08,0.37,0.68,206,8,9,14,24.32,20.59,10.72,3,4,20,4,12,54.9,42.17,50.93,49.58,59.43,44.41,0,Gimnasia La Plata 2-3 Independiente Rivadavia,2026-03-15
Banfield,1.01,1.92,-0.91,1.01,1.76,-0.75,0.0,0.16,-0.16,1.01,1.92,-0.91,,,,,,1,2,-1,-0.09,29.3,30.6,,,44.44,0.6,1.39,109,6,7,22,11.67,15.83,16.55,5,3,8,0,12,8.6,4.25,165.87,97.65,75.03,62.52,1,Rosario Central 2-1 Banfield,2026-03-14
Rosario Central,1.92,1.01,0.91,1.76,1.01,0.75,0.16,0.0,0.16,1.92,1.01,0.91,,,,,,2,1,1,0.09,70.7,69.4,,,48.67,1.39,0.6,311,18,22,7,15.83,11.67,7.25,3,5,25,6,10,193.7,95.75,4.0,2.35,44.97,37.47,1,Rosario Central 2-1 Banfield,2026-03-14
Vélez Sarsfield,0.86,0.94,-0.08,0.7,0.93,-0.23,0.16,0.02,0.14,0.86,0.94,-0.08,,,,,,2,0,2,2.08,48.6,47.08,,,46.93,0.3,0.55,183,6,14,14,46.67,25.45,7.7,3,3,14,7,9,69.0,43.37,35.33,55.96,82.4,64.85,2,Platense 0-2 Vélez Sarsfield,2026-03-14
Platense,0.94,0.86,0.08,0.93,0.7,0.23,0.02,0.16,-0.14,0.94,0.86,0.08,,,,,,0,2,-2,-2.08,51.4,52.92,,,51.12,0.55,0.3,225,12,14,14,25.45,46.67,9.74,3,3,23,4,11,90.1,56.63,27.8,44.04,44.67,35.15,1,Platense 0-2 Vélez Sarsfield,2026-03-14
Independiente,0.82,1.68,-0.86,0.63,1.68,-1.05,0.2,0.0,0.2,0.82,1.68,-0.86,,,,,,1,2,-1,-0.14,64.5,65.25,,,52.59,0.62,0.43,252,10,12,11,19.35,25.58,5.71,3,0,29,8,12,110.3,77.79,10.33,14.14,73.1,54.96,4,Instituto 2-1 Independiente,2026-03-16
Instituto,1.68,0.82,0.86,1.68,0.63,1.05,0.0,0.2,-0.2,1.68,0.82,0.86,,,,,,2,1,1,0.14,35.5,34.75,,,48.56,0.43,0.62,109,7,11,12,25.58,19.35,10.65,0,3,15,3,20,31.5,22.21,62.73,85.86,59.9,45.04,1,Instituto 2-1 Independiente,2026-03-16
Estudiantes Río Cuarto,0.1,3.65,-3.55,0.1,3.64,-3.54,0.0,0.01,-0.01,0.1,3.65,-3.55,,,,,,0,2,-2,1.55,44.3,33.45,,,44.29,0.25,1.96,144,0,3,21,12.0,10.71,15.08,2,6,7,1,12,13.6,6.74,59.73,67.17,16.4,8.41,0,Racing Club 2-0 Estudiantes Río Cuarto,2026-03-16
Racing Club,3.65,0.1,3.55,3.64,0.1,3.54,0.01,0.0,0.01,3.65,0.1,3.55,,,,,,2,0,2,-1.55,55.7,66.55,,,49.67,1.96,0.25,249,22,21,3,10.71,12.0,9.03,6,2,23,3,12,188.1,93.26,29.2,32.83,178.67,91.59,6,Racing Club 2-0 Estudiantes Río Cuarto,2026-03-16
Defensa y Justicia,2.41,2.39,0.02,1.51,1.36,0.15,0.14,0.27,-0.13,1.65,1.63,0.02,,,,,,5,2,3,2.98,46.7,36.84,,,44.19,0.54,0.68,164,10,11,17,20.37,25.0,20.18,0,9,15,2,7,38.4,24.26,36.47,38.85,51.0,44.03,1,San Lorenzo 2-5 Defensa y Justicia,2026-03-16
San Lorenzo,2.39,2.41,-0.02,1.36,1.51,-0.15,0.27,0.14,0.13,1.63,1.65,-0.02,,,,,,2,5,-3,-2.98,53.3,63.16,,,54.23,0.68,0.54,279,15,17,11,25.0,20.37,12.14,9,0,39,9,5,119.9,75.74,57.4,61.15,64.83,55.97,0,San Lorenzo 2-5 Defensa y Justicia,2026-03-16
Atlético Tucumán,0.49,0.39,0.1,0.43,0.38,0.05,0.07,0.01,0.06,0.49,0.39,0.1,,,,,,1,2,-1,-1.1,55.3,58.56,,,53.12,0.58,0.37,266,10,14,9,24.14,24.32,10.06,3,1,28,3,14,130.3,87.69,11.93,15.08,79.93,55.61,0,Barracas Central 2-1 Atlético Tucumán,2026-03-16
Barracas Central,0.39,0.49,-0.1,0.38,0.43,-0.05,0.01,0.07,-0.06,0.39,0.49,-0.1,,,,,,2,1,1,1.1,44.7,41.44,,,47.45,0.37,0.58,168,5,9,14,24.32,24.14,12.15,1,3,12,1,8,18.3,12.31,67.2,84.92,63.81,44.39,2,Barracas Central 2-1 Atlético Tucumán,2026-03-16
Huracán,1.11,0.59,0.52,0.9,0.58,0.32,0.2,0.01,0.19,1.11,0.59,0.52,,,,,,0,0,0,-0.52,58.7,44.84,,,42.82,0.67,0.7,152,13,13,12,19.4,17.14,7.94,3,3,14,4,12,71.2,52.9,12.93,13.54,45.53,29.77,1,Aldosivi 0-0 Huracán,2026-03-16
Aldosivi,0.59,1.11,-0.52,0.58,0.9,-0.32,0.01,0.2,-0.19,0.59,1.11,-0.52,,,,,,0,0,0,0.52,41.3,55.16,,,45.74,0.7,0.67,138,13,12,13,17.14,19.4,11.19,3,3,25,4,17,63.4,47.1,82.6,86.46,107.4,70.23,2,Aldosivi 0-0 Huracán,2026-03-16
Lanús,1.25,0.93,0.32,1.25,0.47,0.78,0.0,0.46,-0.46,1.25,0.93,0.32,,,,,,1,0,1,0.68,42.9,48.24,,,48.24,0.46,0.25,192,13,7,17,15.22,68.0,15.23,5,5,13,5,13,100.7,44.9,76.2,70.73,125.37,55.65,1,Estudiantes 0-1 Lanús,2026-03-13
Estudiantes,0.93,1.25,-0.32,0.47,1.25,-0.78,0.46,0.0,0.46,0.93,1.25,-0.32,,,,,,0,1,-1,-0.68,57.1,51.76,,,47.57,0.25,0.46,223,11,17,7,68.0,15.22,10.83,5,5,24,7,7,123.6,55.1,31.53,29.27,99.9,44.35,2,Estudiantes 0-1 Lanús,2026-03-13
River Plate,2.85,1.85,1.0,1.33,0.91,0.42,0.0,0.18,-0.18,1.33,1.09,0.24,,,,,,2,1,1,0.0,59.2,48.72,,,42.61,0.78,0.89,156,5,10,14,12.82,15.73,8.41,6,4,13,4,10,69.2,45.53,28.87,20.37,37.67,23.94,0,Huracán 1-2 River Plate,2026-03-12
Huracán,1.85,2.85,-1.0,0.91,1.33,-0.42,0.18,0.0,0.18,1.09,1.33,-0.24,,,,,,1,2,-1,0.0,40.8,51.28,,,45.89,0.89,0.78,134,13,14,10,15.73,12.82,17.42,4,6,15,4,11,82.8,54.47,112.87,79.63,119.67,76.06,6,Huracán 1-2 River Plate,2026-03-12
Belgrano,1.03,1.12,-0.09,1.03,0.86,0.17,0.0,0.26,-0.26,1.03,1.12,-0.09,,,,,,1,0,1,1.09,46.4,39.4,,,46.29,0.35,0.79,164,9,8,17,22.86,21.52,11.85,6,9,13,2,10,25.8,15.88,35.0,56.45,28.9,20.32,4,Estudiantes Río Cuarto 0-1 Belgrano,2026-03-12
Estudiantes Río Cuarto,1.12,1.03,0.09,0.86,1.03,-0.17,0.26,0.0,0.26,1.12,1.03,0.09,,,,,,0,1,-1,-1.09,53.6,60.6,,,49.54,0.79,0.35,232,17,17,8,21.52,22.86,13.21,9,6,42,8,4,136.7,84.12,27.0,43.55,113.3,79.68,4,Estudiantes Río Cuarto 0-1 Belgrano,2026-03-12
Instituto,1.49,1.03,0.46,1.41,0.96,0.45,0.08,0.07,0.01,1.49,1.03,0.46,,,,,,0,2,-2,-2.46,59.2,63.91,,,48.44,1.09,0.16,229,15,17,5,15.6,31.25,6.44,8,4,34,8,18,119.8,83.48,22.27,25.52,93.6,65.58,1,Talleres de Córdoba 2-0 Instituto,2026-03-12
Talleres de Córdoba,1.03,1.49,-0.46,0.96,1.41,-0.45,0.07,0.08,-0.01,1.03,1.49,-0.46,,,,,,2,0,2,2.46,40.8,36.09,,,43.72,0.16,1.09,109,3,5,17,31.25,15.6,10.42,4,8,11,1,10,23.7,16.52,65.0,74.48,49.13,34.42,2,Talleres de Córdoba 2-0 Instituto,2026-03-12
Central Córdoba SdE,1.69,1.17,0.52,0.91,1.17,-0.26,0.02,0.0,0.02,0.93,1.17,-0.24,,,,,,1,1,0,-0.52,43.3,36.36,,,46.91,0.74,0.64,152,6,8,11,10.81,17.19,10.94,3,4,14,2,10,58.4,28.74,56.0,64.52,54.97,32.12,0,Defensa y Justicia 1-1 Central Córdoba SdE,2026-03-12
Defensa y Justicia,1.17,1.69,-0.52,1.17,0.91,0.26,0.0,0.02,-0.02,1.17,0.93,0.24,,,,,,1,1,0,0.52,56.7,63.64,,,50.08,0.64,0.74,236,12,11,8,17.19,10.81,9.0,4,3,20,5,14,144.8,71.26,30.8,35.48,116.17,67.88,0,Defensa y Justicia 1-1 Central Córdoba SdE,2026-03-12
Gimnasia Mendoza,0.33,1.54,-1.21,0.33,1.48,-1.15,0.0,0.06,-0.06,0.33,1.54,-1.21,,,,,,0,0,0,1.21,44.2,36.03,,,41.48,0.39,1.2,95,3,7,14,17.95,11.67,7.27,1,12,9,2,13,20.8,16.84,18.67,49.73,30.37,21.26,4,Deportivo Riestra 0-0 Gimnasia Mendoza,2026-03-12
Deportivo Riestra,1.54,0.33,1.21,1.48,0.33,1.15,0.06,0.0,0.06,1.54,0.33,1.21,,,,,,0,0,0,-1.21,55.8,63.97,,,49.64,1.2,0.39,188,28,14,7,11.67,17.95,4.25,12,1,21,7,20,102.7,83.16,18.87,50.27,112.47,78.74,9,Deportivo Riestra 0-0 Gimnasia Mendoza,2026-03-12
Aldosivi,0.42,1.94,-1.52,0.09,0.29,-0.2,0.33,0.89,-0.56,0.42,1.18,-0.76,,,,,,1,1,0,1.52,37.2,31.25,,,43.18,0.18,0.57,105,4,7,17,38.89,29.82,12.43,0,4,18,5,18,12.9,7.33,63.47,81.85,22.2,17.24,1,Atlético Tucumán 1-1 Aldosivi,2026-03-11
Atlético Tucumán,1.94,0.42,1.52,0.29,0.09,0.2,0.89,0.33,0.56,1.18,0.42,0.76,,,,,,1,1,0,-1.52,62.8,68.75,,,52.2,0.57,0.18,257,18,17,7,29.82,38.89,8.24,4,0,38,11,10,163.2,92.67,14.07,18.15,106.6,82.76,1,Atlético Tucumán 1-1 Aldosivi,2026-03-11
Barracas Central,1.17,2.12,-0.95,1.17,2.12,-0.95,0.0,0.0,0.0,1.17,2.12,-0.95,,,,,,2,1,1,1.95,27.7,25.08,,,41.46,0.34,1.41,74,6,8,22,23.53,15.6,17.2,0,1,3,1,11,7.0,3.29,135.73,99.51,64.17,57.06,0,Independiente Rivadavia 1-2 Barracas Central,2026-03-11
Independiente Rivadavia,2.12,1.17,0.95,2.12,1.17,0.95,0.0,0.0,0.0,2.12,1.17,0.95,,,,,,1,2,-1,-1.95,72.3,74.92,,,53.34,1.41,0.34,357,18,22,8,15.6,23.53,7.62,1,0,32,6,9,206.0,96.71,0.67,0.49,48.3,42.94,1,Independiente Rivadavia 1-2 Barracas Central,2026-03-11
San Lorenzo,0.67,1.01,-0.34,0.49,1.01,-0.52,0.17,0.0,0.17,0.67,1.01,-0.34,,,,,,1,1,0,0.34,31.5,43.21,,,53.4,0.48,1.01,138,2,4,11,8.33,10.89,14.69,4,2,13,2,14,23.4,19.18,123.47,96.61,75.6,69.19,1,Boca Juniors 1-1 San Lorenzo,2026-03-11
Boca Juniors,1.01,0.67,0.34,1.01,0.49,0.52,0.0,0.17,-0.17,1.01,0.67,0.34,,,,,,1,1,0,-0.34,68.5,56.79,,,45.17,1.01,0.48,220,14,11,4,10.89,8.33,7.04,2,4,18,1,8,98.6,80.82,4.33,3.39,33.67,30.81,0,Boca Juniors 1-1 San Lorenzo,2026-03-11
Gimnasia La Plata,1.76,1.92,-0.16,1.6,1.69,-0.09,0.15,0.22,-0.07,1.76,1.92,-0.16,,,,,,2,1,1,1.16,45.2,40.4,,,46.49,0.54,1.34,161,7,13,18,24.07,13.43,13.71,4,3,11,3,6,39.6,25.92,48.0,70.25,81.5,54.58,0,Banfield 1-2 Gimnasia La Plata,2026-03-11
Banfield,1.92,1.76,0.16,1.69,1.6,0.09,0.22,0.15,0.07,1.92,1.76,0.16,,,,,,1,2,-1,-1.16,54.8,59.6,,,50.88,1.34,0.54,221,20,18,13,13.43,24.07,12.28,3,4,38,8,12,113.2,74.08,20.33,29.75,67.83,45.42,3,Banfield 1-2 Gimnasia La Plata,2026-03-11
Rosario Central,1.6,0.76,0.84,1.29,0.75,0.54,0.31,0.01,0.3,1.6,0.76,0.84,,,,,,0,0,0,-0.84,42.0,32.53,,,42.36,0.52,0.73,131,10,11,12,21.15,16.44,14.71,3,9,16,5,12,53.5,34.36,68.07,79.15,74.77,50.49,0,Argentinos Juniors 0-0 Rosario Central,2026-03-11
Argentinos Juniors,0.76,1.6,-0.84,0.75,1.29,-0.54,0.01,0.31,-0.3,0.76,1.6,-0.84,,,,,,0,0,0,0.84,58.0,67.47,,,46.21,0.73,0.52,229,11,12,11,16.44,21.15,9.54,9,3,20,5,11,102.2,65.64,17.93,20.85,73.33,49.51,4,Argentinos Juniors 0-0 Rosario Central,2026-03-11
Platense,3.03,0.61,2.42,2.32,0.61,1.71,0.7,0.0,0.7,3.03,0.61,2.42,,,,,,1,1,0,-2.42,63.9,63.87,,,50.52,1.41,0.46,241,17,19,6,13.48,13.04,6.71,7,3,27,6,14,158.4,83.37,11.33,15.75,116.13,68.22,0,Newell's Old Boys 1-1 Platense,2026-03-10
Newell's Old Boys,0.61,3.03,-2.42,0.61,2.32,-1.71,0.0,0.7,-0.7,0.61,3.03,-2.42,,,,,,1,1,0,2.42,36.1,36.13,,,43.84,0.46,1.41,107,9,6,19,13.04,13.48,8.89,3,7,15,5,17,31.6,16.63,60.6,84.25,54.1,31.78,0,Newell's Old Boys 1-1 Platense,2026-03-10
Racing Club,0.48,0.31,0.17,0.47,0.23,0.24,0.01,0.08,-0.07,0.48,0.31,0.17,,,,,,0,0,0,-0.17,49.1,45.59,,,45.49,0.5,0.14,151,7,9,8,18.0,57.14,11.3,2,4,19,4,14,50.2,44.54,41.53,58.28,68.4,49.82,3,Sarmiento 0-0 Racing Club,2026-03-10
Sarmiento,0.31,0.48,-0.17,0.23,0.47,-0.24,0.08,0.01,0.07,0.31,0.48,-0.17,,,,,,0,0,0,0.17,50.9,54.41,,,48.55,0.14,0.5,183,5,8,9,57.14,18.0,8.56,4,2,18,3,8,62.5,55.46,29.73,41.72,68.9,50.18,2,Sarmiento 0-0 Racing Club,2026-03-10
Vélez Sarsfield,1.26,1.29,-0.03,0.5,0.97,-0.47,0.0,0.32,-0.32,0.5,1.29,-0.79,,,,,,1,1,0,0.03,58.2,46.43,,,48.38,0.53,0.71,222,11,9,16,16.98,22.54,7.72,0,6,19,3,12,59.2,37.07,20.87,23.19,32.03,18.45,0,Tigre 1-1 Vélez Sarsfield,2026-03-10
Tigre,1.29,1.26,0.03,0.97,0.5,0.47,0.32,0.0,0.32,1.29,0.5,0.79,,,,,,1,1,0,-0.03,41.8,53.57,,,52.14,0.71,0.53,191,13,16,9,22.54,16.98,9.95,6,0,25,4,16,100.5,62.93,69.13,76.81,141.6,81.55,4,Tigre 1-1 Vélez Sarsfield,2026-03-10
Unión,3.11,1.76,1.35,2.21,0.92,1.29,0.14,0.08,0.06,2.35,1.0,1.35,,,,,,4,4,0,-1.35,42.9,34.56,,,43.16,0.3,0.76,112,10,9,13,30.0,17.11,10.53,3,11,10,3,10,37.8,25.08,58.67,76.59,85.67,61.41,1,Independiente 4-4 Unión,2026-03-10
Independiente,1.76,3.11,-1.35,0.92,2.21,-1.29,0.08,0.14,-0.06,1.0,2.35,-1.35,,,,,,4,4,0,1.35,57.1,65.44,,,51.44,0.76,0.3,227,16,13,9,17.11,30.0,7.32,11,3,25,7,12,112.9,74.92,17.93,23.41,53.83,38.59,4,Independiente 4-4 Unión,2026-03-10
Boca Juniors,1.1,0.5,0.6,1.1,0.34,0.76,0.0,0.16,-0.16,1.1,0.5,0.6,,,,,,3,0,3,2.4,51.3,44.68,,,44.5,0.48,0.55,206,6,11,9,22.92,16.36,12.12,3,2,10,1,8,72.8,42.95,36.67,35.53,82.53,68.36,0,Lanús 0-3 Boca Juniors,2026-03-04
Lanús,0.5,1.1,-0.6,0.34,1.1,-0.76,0.16,0.0,0.16,0.5,1.1,-0.6,,,,,,0,3,-3,-2.4,48.7,55.32,,,48.82,0.55,0.48,256,9,9,11,16.36,22.92,20.52,2,3,19,8,9,96.7,57.05,66.53,64.47,38.2,31.64,1,Lanús 0-3 Boca Juniors,2026-03-04
Racing Club,1.76,1.23,0.53,1.65,1.19,0.46,0.12,0.05,0.07,1.76,1.23,0.53,,,,,,3,0,3,2.47,52.2,48.28,,,42.59,0.52,0.63,129,11,11,14,21.15,22.22,9.61,2,4,18,6,15,75.6,53.28,33.73,42.41,86.53,59.95,0,Atlético Tucumán 0-3 Racing Club,2026-03-03
Atlético Tucumán,1.23,1.76,-0.53,1.19,1.65,-0.46,0.05,0.12,-0.07,1.23,1.76,-0.53,,,,,,0,3,-3,-2.47,47.8,51.72,,,46.35,0.63,0.52,156,13,14,11,22.22,21.15,9.47,4,2,19,7,9,66.3,46.72,45.8,57.59,57.8,40.05,0,Atlético Tucumán 0-3 Racing Club,2026-03-03
Belgrano,1.02,2.27,-1.25,0.26,1.86,-1.6,0.0,0.4,-0.4,0.26,2.27,-2.01,,,,,,1,3,-2,-0.75,49.4,54.33,,,47.85,0.46,0.56,192,6,9,20,19.57,35.71,13.68,0,5,12,3,11,54.9,44.6,61.8,69.28,43.31,28.11,0,Huracán 3-1 Belgrano,2026-03-03
Huracán,2.27,1.02,1.25,1.86,0.26,1.6,0.4,0.0,0.4,2.27,0.26,2.01,,,,,,3,1,2,0.75,50.6,45.67,,,43.58,0.56,0.46,153,13,20,9,35.71,19.57,9.26,5,0,10,3,12,68.2,55.4,27.4,30.72,110.78,71.89,2,Huracán 3-1 Belgrano,2026-03-03
Estudiantes Río Cuarto,0.91,1.8,-0.89,0.78,0.64,0.14,0.12,0.4,-0.28,0.91,1.04,-0.13,,,,,,0,1,-1,-0.11,46.7,44.55,,,47.77,0.8,0.37,154,17,10,12,12.5,32.43,7.97,2,8,21,8,12,58.5,40.51,27.73,52.07,57.1,32.01,4,Sarmiento 1-0 Estudiantes Río Cuarto,2026-03-03
Sarmiento,1.8,0.91,0.89,0.64,0.78,-0.14,0.4,0.12,0.28,1.04,0.91,0.13,,,,,,1,0,1,0.11,53.3,55.45,,,49.76,0.37,0.8,203,6,12,10,32.43,12.5,6.79,8,2,20,6,17,85.9,59.49,25.53,47.93,121.3,67.99,1,Sarmiento 1-0 Estudiantes Río Cuarto,2026-03-03
River Plate,0.68,0.82,-0.14,0.68,0.8,-0.12,0.0,0.01,-0.01,0.68,0.82,-0.14,,,,,,1,1,0,0.14,70.1,51.71,,,46.47,0.44,0.35,260,6,12,10,27.27,28.57,8.04,5,6,11,2,10,85.5,63.62,2.13,1.51,23.93,15.69,0,Independiente Rivadavia 1-1 River Plate,2026-03-02
Independiente Rivadavia,0.82,0.68,0.14,0.8,0.68,0.12,0.01,0.0,0.01,0.82,0.68,0.14,,,,,,1,1,0,-0.14,29.9,48.29,,,50.31,0.35,0.44,137,11,10,12,28.57,27.27,15.17,6,5,18,2,13,48.9,36.38,138.87,98.49,128.57,84.31,5,Independiente Rivadavia 1-1 River Plate,2026-03-02
Aldosivi,0.51,1.15,-0.64,0.43,0.91,-0.48,0.08,0.24,-0.16,0.51,1.15,-0.64,,,,,,0,2,-2,-1.36,65.5,61.46,,,51.33,0.47,0.99,272,15,14,14,29.79,14.14,5.08,6,1,28,4,7,115.3,66.8,6.0,6.54,68.9,37.16,2,Banfield 2-0 Aldosivi,2026-03-02
Banfield,1.15,0.51,0.64,0.91,0.43,0.48,0.24,0.08,0.16,1.15,0.51,0.64,,,,,,2,0,2,1.36,34.5,38.54,,,49.82,0.99,0.47,130,19,14,14,14.14,29.79,12.38,1,6,17,5,14,57.3,33.2,85.8,93.46,116.5,62.84,2,Banfield 2-0 Aldosivi,2026-03-02
Platense,0.87,1.82,-0.95,0.5,0.95,-0.45,0.37,0.87,-0.5,0.87,1.82,-0.95,,,,,,0,0,0,0.95,58.3,49.7,,,49.81,0.54,0.75,219,11,7,7,12.96,9.33,7.67,6,4,24,4,12,75.7,52.5,6.87,7.89,38.87,27.02,0,Deportivo Riestra 0-0 Platense,2026-03-02
Deportivo Riestra,1.82,0.87,0.95,0.95,0.5,0.45,0.87,0.37,0.5,1.82,0.87,0.95,,,,,,0,0,0,-0.95,41.7,50.3,,,48.12,0.75,0.54,148,14,7,7,9.33,12.96,10.21,4,6,18,6,14,68.5,47.5,80.2,92.11,105.0,72.98,5,Deportivo Riestra 0-0 Platense,2026-03-02
Vélez Sarsfield,0.96,0.83,0.13,0.44,0.72,-0.28,0.53,0.11,0.42,0.96,0.83,0.13,,,,,,1,0,1,0.87,44.0,45.23,,,50.47,0.34,0.55,177,4,8,13,23.53,23.64,9.67,6,5,18,4,16,44.5,29.47,66.47,78.94,59.87,51.88,0,Estudiantes 0-1 Vélez Sarsfield,2026-03-02
Estudiantes,0.83,0.96,-0.13,0.72,0.44,0.28,0.11,0.53,-0.42,0.83,0.96,-0.13,,,,,,0,1,-1,-0.87,56.0,54.77,,,50.39,0.55,0.34,236,16,13,8,23.64,23.53,6.95,5,6,30,9,13,106.5,70.53,17.73,21.06,55.53,48.12,1,Estudiantes 0-1 Vélez Sarsfield,2026-03-02
Gimnasia La Plata,0.86,1.88,-1.02,0.82,1.32,-0.5,0.04,0.56,-0.52,0.86,1.88,-1.02,,,,,,2,2,0,1.02,47.1,39.55,,,44.27,0.38,0.72,136,5,5,21,13.16,29.17,10.59,4,8,11,2,18,38.8,23.11,30.87,44.44,41.17,24.9,0,Tigre 2-2 Gimnasia La Plata,2026-03-01
Tigre,1.88,0.86,1.02,1.32,0.82,0.5,0.56,0.04,0.52,1.88,0.86,1.02,,,,,,2,2,0,-1.02,52.9,60.45,,,49.44,0.72,0.38,199,14,21,5,29.17,13.16,6.46,8,4,35,9,9,129.1,76.89,38.6,55.56,124.2,75.1,1,Tigre 2-2 Gimnasia La Plata,2026-03-01
Lanús,0.56,0.46,0.1,0.49,0.44,0.05,0.07,0.02,0.05,0.56,0.46,0.1,,,,,,1,1,0,-0.1,55.3,48.84,,,43.18,0.36,0.51,203,6,10,12,27.78,23.53,11.03,6,9,15,5,10,75.2,46.13,35.2,27.7,41.57,26.66,2,Defensa y Justicia 1-1 Lanús,2026-03-01
Defensa y Justicia,0.46,0.56,-0.1,0.44,0.49,-0.05,0.02,0.07,-0.05,0.46,0.56,-0.1,,,,,,1,1,0,0.1,44.7,51.16,,,50.05,0.51,0.36,232,11,12,10,23.53,27.78,14.12,9,6,21,4,8,87.8,53.87,91.87,72.3,114.33,73.34,0,Defensa y Justicia 1-1 Lanús,2026-03-01
Barracas Central,0.48,2.52,-2.04,0.48,2.21,-1.73,0.0,0.31,-0.31,0.48,2.52,-2.04,,,,,,1,1,0,2.04,27.9,30.12,,,47.94,0.13,1.3,115,1,13,19,100.0,14.62,18.3,2,8,2,1,8,7.3,3.16,122.07,99.67,53.0,43.61,4,Argentinos Juniors 1-1 Barracas Central,2026-03-01
Argentinos Juniors,2.52,0.48,2.04,2.21,0.48,1.73,0.31,0.0,0.31,2.52,0.48,2.04,,,,,,1,1,0,-2.04,72.1,69.88,,,56.5,1.3,0.13,422,16,19,13,14.62,100.0,7.0,8,2,28,7,8,223.5,96.84,0.4,0.33,68.53,56.39,1,Argentinos Juniors 1-1 Barracas Central,2026-03-01
Unión,1.15,1.25,-0.1,1.03,1.23,-0.2,0.12,0.02,0.1,1.15,1.25,-0.1,,,,,,2,1,1,1.1,37.4,48.93,,,50.46,0.93,0.54,167,10,7,8,7.53,14.81,14.32,2,6,11,2,13,54.7,40.25,91.87,85.11,107.73,78.54,4,Instituto 1-2 Unión,2026-03-01
Instituto,1.25,1.15,0.1,1.23,1.03,0.2,0.02,0.12,-0.1,1.25,1.15,0.1,,,,,,1,2,-1,-1.1,62.6,51.07,,,46.92,0.54,0.93,220,9,8,7,14.81,7.53,7.31,6,2,22,5,14,81.2,59.75,16.07,14.89,29.43,21.46,3,Instituto 1-2 Unión,2026-03-01
Rosario Central,1.85,0.94,0.91,0.79,0.92,-0.13,1.05,0.02,1.03,1.85,0.94,0.91,,,,,,2,0,2,1.09,61.9,61.92,,,52.41,0.65,0.51,240,14,11,7,16.92,13.73,6.25,2,9,32,8,7,135.9,86.07,18.33,24.27,132.07,75.86,0,Newell's Old Boys 0-2 Rosario Central,2026-03-01
Newell's Old Boys,0.94,1.85,-0.91,0.92,0.79,0.13,0.02,1.05,-1.03,0.94,1.85,-0.91,,,,,,0,2,-2,-1.09,38.1,38.08,,,48.73,0.51,0.65,132,10,7,11,13.73,16.92,8.89,9,2,19,1,24,22.0,13.93,57.2,75.73,42.03,24.14,3,Newell's Old Boys 0-2 Rosario Central,2026-03-01
San Lorenzo,0.7,1.77,-1.07,0.59,1.41,-0.82,0.1,0.36,-0.26,0.7,1.77,-1.07,,,,,,0,0,0,1.07,43.2,42.98,,,45.55,0.26,0.93,130,4,11,15,42.31,16.13,12.52,4,1,16,6,10,38.2,30.2,42.8,67.58,52.47,39.52,1,Talleres de Córdoba 0-0 San Lorenzo,2026-02-28
Talleres de Córdoba,1.77,0.7,1.07,1.41,0.59,0.82,0.36,0.1,0.26,1.77,0.7,1.07,,,,,,0,0,0,-1.07,56.8,57.02,,,47.99,0.93,0.26,197,15,15,11,16.13,42.31,8.33,1,4,30,12,12,88.3,69.8,20.53,32.42,80.3,60.48,1,Talleres de Córdoba 0-0 San Lorenzo,2026-02-28
Central Córdoba SdE,0.28,1.66,-1.38,0.28,1.47,-1.19,0.0,0.19,-0.19,0.28,1.66,-1.38,,,,,,0,2,-2,-0.62,27.2,14.05,,,41.75,0.25,2.01,70,4,7,28,28.0,13.93,15.56,2,6,8,2,15,1.3,0.39,93.2,96.81,8.43,3.25,0,Independiente 2-0 Central Córdoba SdE,2026-02-28
Independiente,1.66,0.28,1.38,1.47,0.28,1.19,0.19,0.0,0.19,1.66,0.28,1.38,,,,,,2,0,2,0.62,72.8,85.95,,,56.43,2.01,0.25,384,31,28,7,13.93,28.0,5.94,6,2,51,11,7,332.8,99.61,3.07,3.19,250.9,96.75,7,Independiente 2-0 Central Córdoba SdE,2026-02-28
Gimnasia Mendoza,0.25,1.38,-1.13,0.15,1.11,-0.96,0.1,0.27,-0.17,0.25,1.38,-1.13,,,,,,1,1,0,1.13,29.7,29.78,,,44.33,0.31,1.98,106,3,6,18,19.35,9.09,14.31,1,9,11,3,17,12.0,5.78,134.47,99.61,57.8,41.03,2,Boca Juniors 1-1 Gimnasia Mendoza,2026-02-28
Boca Juniors,1.38,0.25,1.13,1.11,0.15,0.96,0.27,0.1,0.17,1.38,0.25,1.13,,,,,,1,1,0,-1.13,70.3,70.22,,,48.71,1.98,0.31,298,24,18,6,9.09,19.35,4.89,9,1,42,9,11,195.7,94.22,0.53,0.39,83.07,58.97,1,Boca Juniors 1-1 Gimnasia Mendoza,2026-02-28
Banfield,0.58,2.48,-1.9,0.54,2.3,-1.76,0.04,0.19,-0.15,0.58,2.48,-1.9,,,,,,1,3,-2,-0.1,35.7,44.32,,,47.51,0.63,0.82,143,5,6,25,9.52,30.49,11.78,4,8,13,3,13,23.4,14.57,112.93,94.16,47.93,28.98,4,River Plate 3-1 Banfield,2026-02-26
River Plate,2.48,0.58,1.9,2.3,0.54,1.76,0.19,0.04,0.15,2.48,0.58,1.9,,,,,,3,1,2,0.1,64.3,55.68,,,46.12,0.82,0.63,247,16,25,6,30.49,9.52,5.64,8,4,6,6,15,137.2,85.43,7.0,5.84,117.47,71.02,0,River Plate 3-1 Banfield,2026-02-26
Huracán,0.99,2.32,-1.33,0.94,1.63,-0.69,0.05,0.69,-0.64,0.99,2.32,-1.33,,,,,,0,2,-2,-0.67,64.0,52.67,,,41.81,0.74,0.94,166,7,10,18,13.51,19.15,7.36,2,2,24,5,10,72.5,41.81,1.0,0.75,44.13,16.14,2,Estudiantes Río Cuarto 2-0 Huracán,2026-02-26
Estudiantes Río Cuarto,2.32,0.99,1.33,1.63,0.94,0.69,0.69,0.05,0.64,2.32,0.99,1.33,,,,,,2,0,2,0.67,36.0,47.33,,,51.4,0.94,0.74,151,11,18,10,19.15,13.51,13.61,2,2,18,6,13,100.9,58.19,132.13,99.25,229.37,83.86,0,Estudiantes Río Cuarto 2-0 Huracán,2026-02-26
Independiente Rivadavia,1.52,0.37,1.15,1.36,0.26,1.1,0.16,0.11,0.05,1.52,0.37,1.15,,,,,,1,1,0,-1.15,47.8,51.55,,,48.61,0.35,0.39,187,4,9,13,25.71,33.33,15.12,3,2,16,2,11,57.4,42.55,72.67,57.04,46.33,54.3,3,Racing Club 1-1 Independiente Rivadavia,2026-02-26
Racing Club,0.37,1.52,-1.15,0.26,1.36,-1.1,0.11,0.16,-0.05,0.37,1.52,-1.15,,,,,,1,1,0,1.15,52.2,48.45,,,45.9,0.39,0.35,169,8,13,9,33.33,25.71,13.62,2,3,17,7,9,77.5,57.45,54.73,42.96,39.0,45.7,4,Racing Club 1-1 Independiente Rivadavia,2026-02-26
Unión,1.75,1.73,0.02,1.75,1.47,0.28,0.0,0.26,-0.26,1.75,1.73,0.02,,,,,,3,1,2,1.98,37.8,44.07,,,46.92,0.83,0.95,129,12,16,14,19.28,14.74,9.27,8,6,8,2,17,46.1,32.93,98.33,92.3,141.87,83.65,1,Sarmiento 1-3 Unión,2026-02-26
Sarmiento,1.73,1.75,-0.02,1.47,1.75,-0.28,0.26,0.0,0.26,1.73,1.75,-0.02,,,,,,1,3,-2,-1.98,62.2,55.93,,,45.57,0.95,0.83,197,14,14,16,14.74,19.28,6.0,6,8,22,7,14,93.9,67.07,8.2,7.7,27.73,16.35,5,Sarmiento 1-3 Unión,2026-02-26
Estudiantes,3.65,1.04,2.61,3.64,0.86,2.78,0.01,0.18,-0.17,3.65,1.04,2.61,,,,,,2,0,2,-0.61,62.0,56.86,,,47.05,1.03,0.7,211,10,17,14,16.5,20.0,9.81,6,2,20,3,12,90.1,67.34,20.13,15.1,54.2,40.82,2,Newell's Old Boys 0-2 Estudiantes,2026-02-25
Newell's Old Boys,1.04,3.65,-2.61,0.86,3.64,-2.78,0.18,0.01,0.17,1.04,3.65,-2.61,,,,,,0,2,-2,0.61,38.0,43.14,,,47.06,0.7,1.03,128,12,14,17,20.0,16.5,14.17,2,6,27,2,11,43.7,32.66,113.2,84.9,78.57,59.18,2,Newell's Old Boys 0-2 Estudiantes,2026-02-25
Deportivo Riestra,0.95,0.69,0.26,0.94,0.66,0.28,0.01,0.03,-0.02,0.95,0.69,0.26,,,,,,0,0,0,-0.26,29.8,31.75,,,45.62,0.48,0.92,111,2,10,12,20.83,13.04,10.71,4,7,11,3,18,26.4,12.76,124.0,98.05,61.47,39.53,5,Vélez Sarsfield 0-0 Deportivo Riestra,2026-02-25
Vélez Sarsfield,0.69,0.95,-0.26,0.66,0.94,-0.28,0.03,0.01,0.02,0.69,0.95,-0.26,,,,,,0,0,0,0.26,70.2,68.25,,,53.44,0.92,0.48,372,11,12,10,13.04,20.83,5.09,7,4,28,4,11,180.5,87.24,2.47,1.95,94.03,60.47,1,Vélez Sarsfield 0-0 Deportivo Riestra,2026-02-25
Rosario Central,1.65,1.26,0.39,1.43,1.26,0.17,0.22,0.0,0.22,1.65,1.26,0.39,,,,,,2,1,1,0.61,54.6,45.42,,,45.03,0.58,0.82,192,13,9,13,15.52,15.85,7.56,5,9,16,3,20,61.2,44.54,33.73,24.5,29.5,20.03,1,Gimnasia La Plata 1-2 Rosario Central,2026-02-25
Gimnasia La Plata,1.26,1.65,-0.39,1.26,1.43,-0.17,0.0,0.22,-0.22,1.26,1.65,-0.39,,,,,,1,2,-1,-0.61,45.4,54.58,,,49.63,0.82,0.58,208,11,13,9,15.85,15.52,8.15,9,5,25,6,14,76.2,55.46,103.93,75.5,117.8,79.97,2,Gimnasia La Plata 1-2 Rosario Central,2026-02-25
Tigre,1.1,1.34,-0.24,1.04,1.34,-0.3,0.06,0.0,0.06,1.1,1.34,-0.24,,,,,,1,2,-1,-0.76,46.4,47.38,,,51.4,0.79,0.74,203,9,15,11,18.99,14.86,9.56,4,2,19,2,11,87.4,53.62,32.53,49.34,79.93,51.83,1,Barracas Central 2-1 Tigre,2026-02-25
Barracas Central,1.34,1.1,0.24,1.34,1.04,0.3,0.0,0.06,-0.06,1.34,1.1,0.24,,,,,,2,1,1,0.76,53.6,52.62,,,49.81,0.74,0.79,211,12,11,15,14.86,18.99,7.32,2,4,15,0,18,75.6,46.38,33.4,50.66,74.3,48.17,6,Barracas Central 2-1 Tigre,2026-02-25
Independiente,0.67,0.17,0.5,0.66,0.17,0.49,0.01,0.0,0.01,0.67,0.17,0.5,,,,,,1,1,0,-0.5,52.7,46.62,,,44.87,0.55,0.44,184,9,9,6,16.36,13.64,10.1,1,4,17,4,11,69.6,56.36,13.2,18.38,34.17,31.63,1,Gimnasia Mendoza 1-1 Independiente,2026-02-24
Gimnasia Mendoza,0.17,0.67,-0.5,0.17,0.66,-0.49,0.0,0.01,-0.01,0.17,0.67,-0.5,,,,,,1,1,0,0.5,47.3,53.38,,,46.45,0.44,0.55,171,6,6,9,13.64,16.36,11.09,4,1,25,5,12,53.9,43.64,58.6,81.62,73.87,68.37,5,Gimnasia Mendoza 1-1 Independiente,2026-02-24
Atlético Tucumán,1.39,1.91,-0.52,0.51,1.91,-1.4,0.12,0.0,0.12,0.63,1.91,-1.28,,,,,,1,3,-2,-1.48,50.5,54.23,,,47.79,0.62,0.79,182,6,11,11,17.74,13.92,8.22,4,3,20,5,14,62.5,48.49,30.93,37.81,40.32,26.3,0,Belgrano 3-1 Atlético Tucumán,2026-02-24
Belgrano,1.91,1.39,0.52,1.91,0.51,1.4,0.0,0.12,-0.12,1.91,0.63,1.28,,,,,,3,1,2,1.48,49.5,45.77,,,46.55,0.79,0.62,172,8,11,11,13.92,17.74,10.19,3,4,8,0,12,66.4,51.51,50.87,62.19,112.97,73.7,0,Belgrano 3-1 Atlético Tucumán,2026-02-24
Talleres de Córdoba,0.51,0.32,0.19,0.46,0.32,0.14,0.06,0.0,0.06,0.51,0.32,0.19,,,,,,0,2,-2,-2.19,62.9,65.98,,,49.73,0.7,0.36,272,9,10,9,14.29,25.0,7.62,5,3,23,2,8,89.6,73.99,13.6,12.81,50.57,36.81,3,Central Córdoba SdE 2-0 Talleres de Córdoba,2026-02-24
Central Córdoba SdE,0.32,0.51,-0.19,0.32,0.46,-0.14,0.0,0.06,-0.06,0.32,0.51,-0.19,,,,,,2,0,2,2.19,37.1,34.02,,,41.98,0.36,0.7,114,6,9,10,25.0,14.29,11.62,3,5,7,1,11,31.5,26.01,92.53,87.19,86.8,63.19,1,Central Córdoba SdE 2-0 Talleres de Córdoba,2026-02-24
Instituto,1.51,0.59,0.92,1.41,0.59,0.82,0.11,0.0,0.11,1.51,0.59,0.92,,,,,,1,1,0,-0.92,42.7,42.81,,,44.94,0.59,0.51,146,10,15,11,25.42,21.57,12.63,4,6,24,6,10,70.0,41.94,58.67,84.05,104.63,67.01,0,San Lorenzo 1-1 Instituto,2026-02-24
San Lorenzo,0.59,1.51,-0.92,0.59,1.41,-0.82,0.0,0.11,-0.11,0.59,1.51,-0.92,,,,,,1,1,0,0.92,57.3,57.19,,,49.51,0.51,0.59,235,12,11,15,21.57,25.42,9.0,6,4,16,0,6,96.9,58.06,11.13,15.95,51.5,32.99,1,San Lorenzo 1-1 Instituto,2026-02-24
Defensa y Justicia,0.76,0.42,0.34,0.76,0.42,0.34,0.0,0.0,0.0,0.76,0.42,0.34,,,,,,0,0,0,-0.34,53.1,44.97,,,45.74,0.48,0.57,176,8,9,10,18.75,17.54,13.57,1,3,13,3,7,71.4,43.67,18.53,24.34,58.53,33.1,0,Platense 0-0 Defensa y Justicia,2026-02-24
Platense,0.42,0.76,-0.34,0.42,0.76,-0.34,0.0,0.0,0.0,0.42,0.76,-0.34,,,,,,0,0,0,0.34,46.9,55.03,,,52.52,0.57,0.48,223,11,10,9,17.54,18.75,15.95,3,1,26,5,7,92.1,56.33,57.6,75.66,118.3,66.9,0,Platense 0-0 Defensa y Justicia,2026-02-24
Aldosivi,1.28,2.38,-1.1,1.21,2.38,-1.17,0.08,0.0,0.08,1.28,2.38,-1.1,,,,,,0,1,-1,0.1,53.6,43.11,,,44.97,0.91,1.25,178,13,12,20,13.19,16.0,9.1,8,2,16,4,9,49.2,26.81,18.8,21.74,25.8,13.08,3,Unión 1-0 Aldosivi,2026-02-22
Unión,2.38,1.28,1.1,2.38,1.21,1.17,0.0,0.08,-0.08,2.38,1.28,1.1,,,,,,1,0,1,-0.1,46.4,56.89,,,52.69,1.25,0.91,206,21,20,12,16.0,13.19,12.33,2,8,25,1,14,134.3,73.19,67.67,78.26,171.47,86.92,3,Unión 1-0 Aldosivi,2026-02-22
River Plate,0.58,0.78,-0.2,0.4,0.65,-0.25,0.18,0.13,0.05,0.58,0.78,-0.2,,,,,,0,1,-1,-0.8,62.7,55.18,,,47.35,0.74,0.33,298,9,12,9,16.22,27.27,7.86,9,4,15,7,14,123.0,69.22,5.67,4.16,59.8,28.79,0,Vélez Sarsfield 1-0 River Plate,2026-02-22
Vélez Sarsfield,0.78,0.58,0.2,0.65,0.4,0.25,0.13,0.18,-0.05,0.78,0.58,0.2,,,,,,1,0,1,0.8,37.3,44.82,,,46.4,0.33,0.74,158,5,9,12,27.27,16.22,14.14,4,9,14,5,9,54.7,30.78,130.6,95.84,147.93,71.21,0,Vélez Sarsfield 1-0 River Plate,2026-02-22
Estudiantes Río Cuarto,0.52,1.13,-0.61,0.38,1.13,-0.75,0.15,0.0,0.15,0.52,1.13,-0.61,,,,,,0,2,-2,-1.39,50.6,52.07,,,48.53,0.44,0.38,201,12,9,8,20.45,21.05,9.06,4,4,20,6,13,68.7,49.89,47.4,64.29,85.53,44.13,6,San Lorenzo 2-0 Estudiantes Río Cuarto,2026-02-22
San Lorenzo,1.13,0.52,0.61,1.13,0.38,0.75,0.0,0.15,-0.15,1.13,0.52,0.61,,,,,,2,0,2,1.39,49.4,47.93,,,46.14,0.38,0.44,166,7,8,9,21.05,20.45,9.84,4,4,15,3,13,69.0,50.11,26.33,35.71,108.3,55.87,1,San Lorenzo 2-0 Estudiantes Río Cuarto,2026-02-22
Tigre,1.49,0.41,1.08,1.26,0.37,0.89,0.23,0.04,0.19,1.49,0.41,1.08,,,,,,0,0,0,-1.08,60.6,60.76,,,49.45,1.11,0.51,272,12,16,14,14.41,27.45,5.67,3,2,20,6,10,120.1,66.24,4.6,5.76,82.0,46.64,1,Central Córdoba SdE 0-0 Tigre,2026-02-21
Central Córdoba SdE,0.41,1.49,-1.08,0.37,1.26,-0.89,0.04,0.23,-0.19,0.41,1.49,-1.08,,,,,,0,0,0,1.08,39.4,39.24,,,46.87,0.51,1.11,148,11,14,16,27.45,14.41,11.28,2,3,16,4,19,61.2,33.76,75.33,94.24,93.83,53.36,1,Central Córdoba SdE 0-0 Tigre,2026-02-21
Newell's Old Boys,0.6,2.24,-1.64,0.56,2.21,-1.65,0.04,0.03,0.01,0.6,2.24,-1.64,,,,,,0,3,-3,-1.36,47.1,56.82,,,53.07,0.97,0.93,155,16,10,17,10.31,18.28,5.51,11,7,14,2,18,86.5,51.52,20.4,48.34,90.08,43.8,7,Banfield 3-0 Newell's Old Boys,2026-02-21
Banfield,2.24,0.6,1.64,2.21,0.56,1.65,0.03,0.04,-0.01,2.24,0.6,1.64,,,,,,3,0,3,1.36,52.9,43.18,,,46.04,0.93,0.97,117,15,17,10,18.28,10.31,3.98,7,11,16,4,15,81.4,48.48,21.8,51.66,115.6,56.2,1,Banfield 3-0 Newell's Old Boys,2026-02-21
Huracán,0.5,0.59,-0.09,0.5,0.53,-0.03,0.0,0.06,-0.06,0.5,0.59,-0.09,,,,,,0,0,0,0.09,49.4,42.67,,,47.13,0.41,0.79,139,10,7,9,17.07,11.39,9.95,2,4,11,3,10,45.9,40.33,21.87,34.6,42.3,33.55,6,Deportivo Riestra 0-0 Huracán,2026-02-21
Deportivo Riestra,0.59,0.5,0.09,0.53,0.5,0.03,0.06,0.0,0.06,0.59,0.5,0.09,,,,,,0,0,0,-0.09,50.6,57.33,,,51.51,0.79,0.41,171,13,9,7,11.39,17.07,5.75,4,2,17,8,21,67.9,59.67,41.33,65.4,83.77,66.45,9,Deportivo Riestra 0-0 Huracán,2026-02-21
Independiente,1.53,1.36,0.17,1.19,1.34,-0.15,0.34,0.03,0.31,1.53,1.36,0.17,,,,,,2,3,-1,-1.17,60.6,50.58,,,50.33,1.07,1.2,229,15,17,18,15.89,15.0,7.08,2,8,26,9,6,98.6,51.3,5.47,7.96,77.3,36.1,3,Independiente Rivadavia 3-2 Independiente,2026-02-21
Independiente Rivadavia,1.36,1.53,-0.17,1.34,1.19,0.15,0.03,0.34,-0.31,1.36,1.53,-0.17,,,,,,3,2,1,1.17,39.4,49.42,,,55.5,1.2,1.07,157,23,18,17,15.0,15.89,11.54,8,2,20,3,11,93.6,48.7,63.27,92.04,136.8,63.9,4,Independiente Rivadavia 3-2 Independiente,2026-02-21
Barracas Central,0.86,2.18,-1.32,0.86,2.15,-1.29,0.0,0.03,-0.03,0.86,2.18,-1.32,,,,,,0,1,-1,0.32,35.2,26.54,,,42.86,0.46,1.48,113,10,6,13,13.04,8.78,10.56,1,5,7,1,16,9.9,4.24,103.13,93.08,23.8,14.19,2,Platense 1-0 Barracas Central,2026-02-21
Platense,2.18,0.86,1.32,2.15,0.86,1.29,0.03,0.0,0.03,2.18,0.86,1.32,,,,,,1,0,1,-0.32,64.8,73.46,,,57.07,1.48,0.46,367,13,13,6,8.78,13.04,7.91,5,1,31,4,16,223.4,95.76,7.67,6.92,143.93,85.81,0,Platense 1-0 Barracas Central,2026-02-21
Gimnasia La Plata,0.83,2.1,-1.27,0.65,2.04,-1.39,0.18,0.05,0.13,0.83,2.1,-1.27,,,,,,1,0,1,2.27,41.7,33.21,,,42.15,0.55,1.2,116,11,9,25,16.36,20.83,12.16,3,3,15,4,16,17.8,9.98,77.4,83.29,51.63,35.56,2,Gimnasia Mendoza 0-1 Gimnasia La Plata,2026-02-20
Gimnasia Mendoza,2.1,0.83,1.27,2.04,0.65,1.39,0.05,0.18,-0.13,2.1,0.83,1.27,,,,,,0,1,-1,-2.27,58.3,66.79,,,49.72,1.2,0.55,238,15,25,9,20.83,16.36,8.68,3,3,41,7,10,160.6,90.02,15.53,16.71,93.57,64.44,0,Gimnasia Mendoza 0-1 Gimnasia La Plata,2026-02-20
Talleres de Córdoba,0.38,0.96,-0.58,0.38,0.67,-0.29,0.0,0.29,-0.29,0.38,0.96,-0.58,,,,,,1,0,1,1.58,32.3,33.33,,,46.41,0.39,0.7,133,3,8,14,20.51,20.0,11.41,8,4,8,2,18,34.2,19.57,103.27,96.03,88.5,61.33,5,Rosario Central 0-1 Talleres de Córdoba,2026-02-20
Rosario Central,0.96,0.38,0.58,0.67,0.38,0.29,0.29,0.0,0.29,0.96,0.38,0.58,,,,,,0,1,-1,-1.58,67.7,66.67,,,49.94,0.7,0.39,278,13,14,8,20.0,20.51,6.52,4,8,42,12,9,140.6,80.43,4.27,3.97,55.8,38.67,1,Rosario Central 0-1 Talleres de Córdoba,2026-02-20
Atlético Tucumán,1.58,2.11,-0.53,1.53,1.2,0.33,0.05,0.15,-0.1,1.58,1.35,0.23,,,,,,1,2,-1,-0.47,35.9,40.44,,,48.64,0.54,0.73,117,10,7,15,12.96,20.55,13.88,1,6,8,2,14,29.3,23.98,62.2,98.22,50.53,45.81,0,Instituto 2-1 Atlético Tucumán,2026-02-20
Instituto,2.11,1.58,0.53,1.2,1.53,-0.33,0.15,0.05,0.1,1.35,1.58,-0.23,,,,,,2,1,1,0.47,64.1,59.56,,,49.43,0.73,0.54,213,13,15,7,20.55,12.96,5.53,6,1,17,4,9,92.9,76.02,1.13,1.78,59.77,54.19,2,Instituto 2-1 Atlético Tucumán,2026-02-20
Racing Club,0.7,0.27,0.43,0.62,0.14,0.48,0.08,0.13,-0.05,0.7,0.27,0.43,,,,,,0,0,0,-0.43,52.5,53.94,,,46.69,0.3,0.37,171,9,7,4,23.33,10.81,8.31,3,9,18,3,15,76.4,63.35,21.53,28.38,52.8,49.72,5,Boca Juniors 0-0 Racing Club,2026-02-20
Boca Juniors,0.27,0.7,-0.43,0.14,0.62,-0.48,0.13,0.08,0.05,0.27,0.7,-0.43,,,,,,0,0,0,0.43,47.5,46.06,,,48.16,0.37,0.3,168,13,4,7,10.81,23.33,6.77,9,3,21,8,12,44.2,36.65,54.33,71.62,53.4,50.28,3,Boca Juniors 0-0 Racing Club,2026-02-20
Sarmiento,0.79,0.67,0.12,0.43,0.53,-0.1,0.37,0.14,0.23,0.79,0.67,0.12,,,,,,0,1,-1,-1.12,57.4,54.69,,,47.0,0.49,0.36,195,14,12,12,24.49,33.33,10.42,5,3,24,4,8,67.9,56.16,25.13,22.57,51.27,31.47,4,Estudiantes 1-0 Sarmiento,2026-02-20
Estudiantes,0.67,0.79,-0.12,0.53,0.43,0.1,0.14,0.37,-0.23,0.67,0.79,-0.12,,,,,,1,0,1,1.12,42.6,45.31,,,46.13,0.36,0.49,130,8,12,12,33.33,24.49,10.36,3,5,21,4,14,53.0,43.84,86.2,77.43,111.63,68.53,1,Estudiantes 1-0 Sarmiento,2026-02-20
Belgrano,0.55,1.27,-0.72,0.45,0.44,0.01,0.1,0.08,0.02,0.55,0.51,0.04,,,,,,1,1,0,0.72,43.3,37.83,,,43.31,0.46,0.54,144,12,12,11,26.09,20.37,13.63,4,5,10,3,9,46.5,32.47,65.6,73.11,71.03,54.93,1,Defensa y Justicia 1-1 Belgrano,2026-02-20
Defensa y Justicia,1.27,0.55,0.72,0.44,0.45,-0.01,0.08,0.1,-0.02,0.51,0.55,-0.04,,,,,,1,1,0,-0.72,56.7,62.17,,,52.29,0.54,0.46,275,6,11,12,20.37,26.09,11.36,5,4,22,5,7,96.7,67.53,24.13,26.89,58.27,45.07,0,Defensa y Justicia 1-1 Belgrano,2026-02-20
Newell's Old Boys,1.24,1.86,-0.62,0.48,1.86,-1.38,0.0,0.0,0.0,0.48,1.86,-1.38,,,,,,1,1,0,0.62,49.8,40.84,,,42.0,0.43,1.56,114,8,7,16,16.28,10.26,9.04,0,3,16,4,6,29.1,19.04,15.27,31.46,23.37,13.37,6,Deportivo Riestra 1-1 Newell's Old Boys,2026-02-16
Deportivo Riestra,1.86,1.24,0.62,1.86,0.48,1.38,0.0,0.0,0.0,1.86,0.48,1.38,,,,,,1,1,0,-0.62,50.2,59.16,,,48.17,1.56,0.43,154,27,16,7,10.26,16.28,7.0,3,0,17,4,17,123.7,80.96,33.27,68.54,151.47,86.63,8,Deportivo Riestra 1-1 Newell's Old Boys,2026-02-16
Barracas Central,0.04,3.01,-2.97,0.04,3.01,-2.97,0.0,0.0,0.0,0.04,3.01,-2.97,,,,,,0,2,-2,0.97,34.5,28.67,,,45.81,0.22,1.84,132,1,3,18,13.64,9.78,12.82,8,12,6,0,16,3.2,1.6,117.6,95.82,18.53,13.33,4,Rosario Central 2-0 Barracas Central,2026-02-15
Rosario Central,3.01,0.04,2.97,3.01,0.04,2.97,0.0,0.0,0.0,3.01,0.04,2.97,,,,,,2,0,2,-0.97,65.5,71.33,,,51.41,1.84,0.22,323,20,18,3,9.78,13.64,5.32,12,8,29,3,11,196.7,98.4,5.13,4.18,120.5,86.67,1,Rosario Central 2-0 Barracas Central,2026-02-15
Central Córdoba SdE,0.68,3.08,-2.4,0.62,2.17,-1.55,0.06,0.15,-0.09,0.68,2.32,-1.64,,,,,,0,2,-2,0.4,53.7,39.59,,,41.8,0.49,0.94,112,5,8,11,16.33,11.7,5.66,2,4,16,5,18,42.8,26.5,9.73,14.01,21.5,9.33,2,Instituto 2-0 Central Córdoba SdE,2026-02-15
Instituto,3.08,0.68,2.4,2.17,0.62,1.55,0.15,0.06,0.09,2.32,0.68,1.64,,,,,,2,0,2,-0.4,46.3,60.41,,,51.77,0.94,0.49,153,13,11,8,11.7,16.33,6.76,4,2,20,3,22,118.7,73.5,59.73,85.99,209.0,90.67,2,Instituto 2-0 Central Córdoba SdE,2026-02-15
Platense,0.84,0.92,-0.08,0.81,0.92,-0.11,0.03,0.0,0.03,0.84,0.92,-0.08,,,,,,0,0,0,0.08,38.1,47.08,,,46.47,0.46,0.99,146,7,14,10,30.43,10.1,17.14,4,7,17,2,12,56.3,45.44,111.0,95.58,105.2,90.82,0,Boca Juniors 0-0 Platense,2026-02-15
Boca Juniors,0.92,0.84,0.08,0.92,0.81,0.11,0.0,0.03,-0.03,0.92,0.84,0.08,,,,,,0,0,0,-0.08,61.9,52.92,,,44.98,0.99,0.46,224,8,10,14,10.1,30.43,7.66,7,4,11,1,6,67.6,54.56,5.13,4.42,10.63,9.18,0,Boca Juniors 0-0 Platense,2026-02-15
Estudiantes,2.1,0.64,1.46,1.68,0.6,1.08,0.42,0.03,0.39,2.1,0.64,1.46,,,,,,0,0,0,-1.46,59.0,57.53,,,49.93,1.0,0.36,236,17,14,11,14.0,30.56,6.8,10,1,21,6,13,109.8,79.85,13.33,19.92,77.0,68.65,0,Gimnasia La Plata 0-0 Estudiantes,2026-02-15
Gimnasia La Plata,0.64,2.1,-1.46,0.6,1.68,-1.08,0.03,0.42,-0.39,0.64,2.1,-1.46,,,,,,0,0,0,1.46,41.0,42.47,,,43.98,0.36,1.0,125,4,11,14,30.56,14.0,13.55,1,10,20,4,14,27.7,20.15,53.6,80.08,35.17,31.35,0,Gimnasia La Plata 0-0 Estudiantes,2026-02-15
Estudiantes Río Cuarto,0.37,3.51,-3.14,0.37,2.73,-2.36,0.0,0.02,-0.02,0.37,2.75,-2.38,,,,,,0,4,-4,-0.86,52.1,40.16,,,46.55,0.32,1.18,127,8,5,18,15.62,15.25,6.0,6,2,12,2,11,7.2,5.48,16.33,29.09,7.7,3.53,4,Atlético Tucumán 4-0 Estudiantes Río Cuarto,2026-02-14
Atlético Tucumán,3.51,0.37,3.14,2.73,0.37,2.36,0.02,0.0,0.02,2.75,0.37,2.38,,,,,,4,0,4,0.86,47.9,59.84,,,52.31,1.18,0.32,164,15,18,5,15.25,15.62,7.03,2,6,15,7,13,124.1,94.52,39.8,70.91,210.63,96.47,0,Atlético Tucumán 4-0 Estudiantes Río Cuarto,2026-02-14
Belgrano,1.23,1.47,-0.24,0.35,1.29,-0.94,0.88,0.18,0.7,1.23,1.47,-0.24,,,,,,1,0,1,1.24,51.0,45.82,,,48.9,0.71,0.85,181,11,11,15,15.49,17.65,8.71,4,5,19,5,12,83.9,53.47,37.2,42.37,85.13,59.8,0,Independiente Rivadavia 0-1 Belgrano,2026-02-14
Independiente Rivadavia,1.47,1.23,0.24,1.29,0.35,0.94,0.18,0.88,-0.7,1.47,1.23,0.24,,,,,,0,1,-1,-1.24,49.0,54.18,,,50.41,0.85,0.71,208,13,15,11,17.65,15.49,9.9,5,4,36,8,14,73.0,46.53,50.6,57.63,57.23,40.2,5,Independiente Rivadavia 0-1 Belgrano,2026-02-14
Sarmiento,0.08,1.39,-1.31,0.08,1.39,-1.31,0.0,0.0,0.0,0.08,1.39,-1.31,,,,,,0,1,-1,0.31,45.8,34.08,,,44.74,0.4,0.4,120,3,3,8,7.5,20.0,9.28,2,5,5,2,23,22.4,18.78,34.6,59.45,29.67,22.56,2,Huracán 1-0 Sarmiento,2026-02-14
Huracán,1.39,0.08,1.31,1.39,0.08,1.31,0.0,0.0,0.0,1.39,0.08,1.31,,,,,,1,0,1,-0.31,54.2,65.92,,,48.74,0.4,0.4,173,6,8,3,20.0,7.5,7.16,5,2,24,6,10,96.9,81.22,23.6,40.55,101.87,77.44,6,Huracán 1-0 Sarmiento,2026-02-14
Gimnasia Mendoza,1.32,0.94,0.38,1.32,0.87,0.45,0.0,0.07,-0.07,1.32,0.94,0.38,,,,,,1,2,-1,-1.38,37.2,32.95,,,46.22,0.26,0.41,128,6,8,12,30.77,29.27,12.54,3,6,17,2,13,29.0,22.15,88.67,86.7,59.77,45.32,4,Talleres de Córdoba 2-1 Gimnasia Mendoza,2026-02-14
Talleres de Córdoba,0.94,1.32,-0.38,0.87,1.32,-0.45,0.07,0.0,0.07,0.94,1.32,-0.38,,,,,,2,1,1,1.38,62.8,67.05,,,47.92,0.41,0.26,246,4,12,8,29.27,30.77,6.51,6,3,21,4,12,101.9,77.85,13.6,13.3,72.1,54.68,3,Talleres de Córdoba 2-1 Gimnasia Mendoza,2026-02-14
Racing Club,1.88,1.19,0.69,0.85,1.16,-0.31,0.27,0.03,0.24,1.12,1.19,-0.07,,,,,,2,0,2,1.31,56.5,40.96,,,44.31,0.43,0.76,161,4,11,11,25.58,14.47,9.0,0,2,9,3,14,44.4,40.77,17.27,15.54,45.9,32.17,2,Banfield 0-2 Racing Club,2026-02-14
Banfield,1.19,1.88,-0.69,1.16,0.85,0.31,0.03,0.27,-0.24,1.19,1.12,0.07,,,,,,0,2,-2,-1.31,43.5,59.04,,,53.43,0.76,0.43,190,12,11,11,14.47,25.58,12.27,2,0,25,8,7,64.5,59.23,93.87,84.46,96.8,67.83,7,Banfield 0-2 Racing Club,2026-02-14
San Lorenzo,1.14,3.89,-2.75,1.07,3.85,-2.78,0.06,0.04,0.02,1.14,3.89,-2.75,,,,,,0,0,0,2.75,45.8,36.84,,,45.91,0.49,1.09,129,8,5,23,10.2,21.1,7.82,7,3,12,1,14,25.1,12.71,28.93,53.32,21.5,11.52,2,Unión 0-0 San Lorenzo,2026-02-13
Unión,3.89,1.14,2.75,3.85,1.07,2.78,0.04,0.06,-0.02,3.89,1.14,2.75,,,,,,0,0,0,-2.75,54.2,63.16,,,53.41,1.09,0.49,222,19,23,5,21.1,10.2,7.97,3,7,26,6,10,172.4,87.29,25.33,46.68,165.2,88.48,3,Unión 0-0 San Lorenzo,2026-02-13
Vélez Sarsfield,1.3,0.51,0.79,1.09,0.41,0.68,0.21,0.09,0.12,1.3,0.51,0.79,,,,,,1,1,0,-0.79,65.9,69.79,,,52.86,0.92,0.38,339,14,12,6,13.04,15.79,8.7,5,7,26,1,10,158.6,88.41,11.93,15.32,113.67,74.03,4,Defensa y Justicia 1-1 Vélez Sarsfield,2026-02-13
Defensa y Justicia,0.51,1.3,-0.79,0.41,1.09,-0.68,0.09,0.21,-0.12,0.51,1.3,-0.79,,,,,,1,1,0,0.79,34.1,30.21,,,44.16,0.38,0.92,121,6,6,12,15.79,13.04,16.07,7,5,17,5,14,20.8,11.59,65.93,84.68,39.87,25.97,2,Defensa y Justicia 1-1 Vélez Sarsfield,2026-02-13
Lanús,0.22,1.7,-1.48,0.22,1.66,-1.44,0.0,0.04,-0.04,0.22,1.7,-1.48,,,,,,0,2,-2,-0.52,49.8,37.37,,,43.43,0.47,0.89,151,5,5,17,10.64,19.1,8.11,3,2,12,1,14,16.8,9.4,29.0,29.39,8.37,3.66,2,Independiente 2-0 Lanús,2026-02-13
Independiente,1.7,0.22,1.48,1.66,0.22,1.44,0.04,0.0,0.04,1.7,0.22,1.48,,,,,,2,0,2,0.52,50.2,62.63,,,53.42,0.89,0.47,223,18,17,5,19.1,10.64,9.47,2,3,25,7,18,161.9,90.6,69.67,70.61,220.5,96.34,5,Independiente 2-0 Lanús,2026-02-13
River Plate,1.77,0.6,1.17,1.77,0.51,1.26,0.0,0.1,-0.1,1.77,0.6,1.17,,,,,,0,1,-1,-2.17,51.7,44.36,,,44.76,0.99,0.45,174,14,9,14,9.09,31.11,9.54,5,2,9,1,17,44.4,38.64,46.67,54.78,48.7,34.92,0,Argentinos Juniors 1-0 River Plate,2026-02-12
Argentinos Juniors,0.6,1.77,-1.17,0.51,1.77,-1.26,0.1,0.0,0.1,0.6,1.77,-1.17,,,,,,1,0,1,2.17,48.3,55.64,,,45.38,0.45,0.99,186,9,14,9,31.11,9.09,9.63,2,5,14,1,9,70.5,61.36,38.53,45.22,90.77,65.08,0,Argentinos Juniors 1-0 River Plate,2026-02-12
Aldosivi,0.77,1.54,-0.77,0.67,1.25,-0.58,0.1,0.3,-0.2,0.77,1.54,-0.77,,,,,,0,1,-1,-0.23,55.6,51.35,,,47.48,0.91,0.56,187,10,10,14,10.99,25.0,9.04,2,5,33,4,17,73.3,48.0,20.0,24.71,59.27,30.79,3,Tigre 1-0 Aldosivi,2026-02-12
Tigre,1.54,0.77,0.77,1.25,0.67,0.58,0.3,0.1,0.2,1.54,0.77,0.77,,,,,,1,0,1,0.23,44.4,48.65,,,47.71,0.56,0.91,148,8,14,10,25.0,10.99,9.38,5,2,16,7,9,79.4,52.0,60.93,75.29,133.2,69.21,0,Tigre 1-0 Aldosivi,2026-02-12
Independiente Rivadavia,0.91,0.97,-0.06,0.73,0.93,-0.2,0.19,0.03,0.16,0.91,0.97,-0.06,,,,,,1,0,1,1.06,52.0,52.78,,,49.4,0.75,0.77,198,13,16,12,21.33,15.58,10.69,2,7,20,4,9,120.6,64.35,64.47,72.32,133.47,73.04,2,Estudiantes Río Cuarto 0-1 Independiente Rivadavia,2026-02-09
Estudiantes Río Cuarto,0.97,0.91,0.06,0.93,0.73,0.2,0.03,0.19,-0.16,0.97,0.91,0.06,,,,,,0,1,-1,-1.06,48.0,47.22,,,44.95,0.77,0.75,149,12,12,16,15.58,21.33,9.34,7,2,17,3,12,66.8,35.65,24.67,27.68,49.27,26.96,2,Estudiantes Río Cuarto 0-1 Independiente Rivadavia,2026-02-09
Deportivo Riestra,0.33,2.16,-1.83,0.3,2.11,-1.81,0.03,0.06,-0.03,0.33,2.16,-1.83,,,,,,0,1,-1,0.83,28.1,37.58,,,45.68,0.39,0.76,90,9,8,19,20.51,25.0,14.35,5,3,14,5,22,15.4,9.75,155.87,99.74,80.6,57.6,4,Estudiantes 1-0 Deportivo Riestra,2026-02-09
Estudiantes,2.16,0.33,1.83,2.11,0.3,1.81,0.06,0.03,0.03,2.16,0.33,1.83,,,,,,1,0,1,-0.83,71.9,62.42,,,48.82,0.76,0.39,272,12,19,8,25.0,20.51,6.56,3,5,30,4,7,142.6,90.25,0.4,0.26,59.33,42.4,1,Estudiantes 1-0 Deportivo Riestra,2026-02-09
Talleres de Córdoba,0.83,1.6,-0.77,0.67,1.6,-0.93,0.16,0.0,0.16,0.83,1.6,-0.77,,,,,,1,1,0,0.77,54.8,54.8,,,49.39,0.65,0.98,312,10,12,9,18.46,9.18,11.69,5,4,15,3,12,142.2,62.45,43.93,42.88,116.57,61.66,3,Lanús 1-1 Talleres de Córdoba,2026-02-09
Lanús,1.6,0.83,0.77,1.6,0.67,0.93,0.0,0.16,-0.16,1.6,0.83,0.77,,,,,,1,1,0,-0.77,45.2,45.2,,,47.46,0.98,0.65,224,10,9,12,9.18,18.46,15.28,4,5,15,0,12,85.5,37.55,58.53,57.12,72.47,38.34,2,Lanús 1-1 Talleres de Córdoba,2026-02-09
Gimnasia La Plata,0.56,1.26,-0.7,0.32,0.63,-0.31,0.24,0.63,-0.39,0.56,1.26,-0.7,,,,,,0,2,-2,-1.3,64.4,64.27,,,53.81,0.79,0.34,340,11,11,13,13.92,38.24,7.14,5,1,39,7,10,131.5,72.53,18.13,11.96,47.07,29.56,0,Barracas Central 2-0 Gimnasia La Plata,2026-02-09
Barracas Central,1.26,0.56,0.7,0.63,0.32,0.31,0.63,0.24,0.39,1.26,0.56,0.7,,,,,,2,0,2,1.3,35.6,35.73,,,48.13,0.34,0.79,138,7,13,11,38.24,13.92,17.83,1,5,9,2,17,49.8,27.47,133.47,88.04,112.17,70.44,4,Barracas Central 2-0 Gimnasia La Plata,2026-02-09
Boca Juniors,0.38,2.71,-2.33,0.32,2.67,-2.35,0.07,0.04,0.03,0.38,2.71,-2.33,,,,,,1,2,-1,1.33,49.9,46.52,,,44.13,0.46,1.02,204,4,9,15,19.57,14.71,13.0,6,6,21,7,10,50.8,32.54,37.2,34.61,39.77,19.73,0,Vélez Sarsfield 2-1 Boca Juniors,2026-02-08
Vélez Sarsfield,2.71,0.38,2.33,2.67,0.32,2.35,0.04,0.07,-0.03,2.71,0.38,2.33,,,,,,2,1,1,-1.33,50.1,53.48,,,47.94,1.02,0.46,244,10,15,9,14.71,19.57,11.66,6,6,19,2,11,105.3,67.46,70.27,65.39,161.77,80.27,0,Vélez Sarsfield 2-1 Boca Juniors,2026-02-08
Instituto,1.83,0.95,0.88,0.98,0.9,0.08,0.09,0.05,0.04,1.07,0.95,0.12,,,,,,0,1,-1,-1.88,53.5,52.13,,,46.62,0.7,1.18,204,13,11,12,15.71,10.17,13.95,1,3,25,7,8,100.5,56.21,28.13,37.18,85.9,50.09,2,Gimnasia Mendoza 1-0 Instituto,2026-02-08
Gimnasia Mendoza,0.95,1.83,-0.88,0.9,0.98,-0.08,0.05,0.09,-0.04,0.95,1.07,-0.12,,,,,,1,0,1,1.88,46.5,47.87,,,47.03,1.18,0.7,169,12,12,11,10.17,15.71,11.68,3,1,23,4,12,78.3,43.79,47.53,62.82,85.6,49.91,3,Gimnasia Mendoza 1-0 Instituto,2026-02-08
San Lorenzo,0.31,0.89,-0.58,0.19,0.89,-0.7,0.11,0.0,0.11,0.31,0.89,-0.58,,,,,,0,1,-1,-0.42,52.2,40.38,,,43.08,0.42,0.52,132,7,5,8,11.9,15.38,7.35,2,8,9,2,22,32.1,30.17,28.53,37.31,31.63,23.44,2,Huracán 1-0 San Lorenzo,2026-02-08
Huracán,0.89,0.31,0.58,0.89,0.19,0.7,0.0,0.11,-0.11,0.89,0.31,0.58,,,,,,1,0,1,0.42,47.8,59.62,,,49.94,0.52,0.42,156,6,8,5,15.38,11.9,7.09,8,2,20,1,17,74.3,69.83,47.93,62.69,103.33,76.56,1,Huracán 1-0 San Lorenzo,2026-02-08
Atlético Tucumán,1.04,1.39,-0.35,0.23,1.2,-0.97,0.81,0.19,0.62,1.04,1.39,-0.35,,,,,,1,2,-1,-0.65,50.8,57.93,,,49.84,0.64,0.72,170,9,5,11,7.81,15.28,5.96,7,3,19,4,14,53.6,44.97,24.8,43.92,38.2,25.55,0,Sarmiento 2-1 Atlético Tucumán,2026-02-08
Sarmiento,1.39,1.04,0.35,1.2,0.23,0.97,0.19,0.81,-0.62,1.39,1.04,0.35,,,,,,2,1,1,0.65,49.2,42.07,,,47.57,0.72,0.64,148,17,11,5,15.28,7.81,6.92,3,7,15,3,18,65.6,55.03,31.67,56.08,111.3,74.45,4,Sarmiento 2-1 Atlético Tucumán,2026-02-08
Independiente,1.73,0.22,1.51,1.73,0.22,1.51,0.0,0.0,0.0,1.73,0.22,1.51,,,,,,1,0,1,-0.51,50.4,49.63,,,45.6,0.65,0.26,153,6,10,5,15.38,19.23,9.68,3,2,9,1,9,68.3,65.86,22.53,43.33,67.63,64.35,9,Platense 0-1 Independiente,2026-02-08
Platense,0.22,1.73,-1.51,0.22,1.73,-1.51,0.0,0.0,0.0,0.22,1.73,-1.51,,,,,,0,1,-1,0.51,49.6,50.37,,,46.99,0.26,0.65,155,5,5,10,19.23,15.38,9.76,2,3,15,4,12,35.4,34.14,29.47,56.67,37.47,35.65,0,Platense 0-1 Independiente,2026-02-08
Banfield,0.88,1.91,-1.03,0.88,1.36,-0.48,0.0,0.54,-0.54,0.88,1.91,-1.03,,,,,,0,1,-1,0.03,37.4,32.66,,,45.52,0.4,0.67,133,3,6,16,15.0,23.88,15.93,0,5,15,1,9,30.9,16.7,71.13,69.6,44.07,23.2,0,Belgrano 1-0 Banfield,2026-02-07
Belgrano,1.91,0.88,1.03,1.36,0.88,0.48,0.54,0.0,0.54,1.91,0.88,1.03,,,,,,1,0,1,-0.03,62.6,67.34,,,51.92,0.67,0.4,326,19,16,6,23.88,15.0,9.68,5,0,26,11,16,154.1,83.3,31.07,30.4,145.9,76.8,3,Belgrano 1-0 Banfield,2026-02-07
Defensa y Justicia,1.51,2.36,-0.85,1.51,1.74,-0.23,0.0,0.62,-0.62,1.51,2.36,-0.85,,,,,,3,2,1,1.85,41.9,29.6,,,41.63,0.46,1.06,75,6,4,23,8.7,21.7,6.1,4,2,10,1,14,7.4,4.27,43.27,61.58,30.57,22.38,1,Newell's Old Boys 2-3 Defensa y Justicia,2026-02-07
Newell's Old Boys,2.36,1.51,0.85,1.74,1.51,0.23,0.62,0.0,0.62,2.36,1.51,0.85,,,,,,2,3,-1,-1.85,58.1,70.4,,,52.55,1.06,0.46,191,21,23,4,21.7,8.7,5.89,2,4,31,7,18,166.1,95.73,27.0,38.42,106.0,77.62,4,Newell's Old Boys 2-3 Defensa y Justicia,2026-02-07
Tigre,2.27,0.71,1.56,2.27,0.48,1.79,0.0,0.23,-0.23,2.27,0.71,1.56,,,,,,4,1,3,1.44,29.1,21.82,,,38.94,0.61,0.62,75,3,11,17,18.03,27.42,14.35,1,6,9,2,13,4.2,2.28,100.73,94.62,107.37,82.31,0,River Plate 1-4 Tigre,2026-02-07
River Plate,0.71,2.27,-1.56,0.48,2.27,-1.79,0.23,0.0,0.23,0.71,2.27,-1.56,,,,,,1,4,-3,-1.44,70.9,78.18,,,53.23,0.62,0.61,360,9,17,11,27.42,18.03,6.43,6,1,35,7,9,179.9,97.72,5.73,5.38,23.07,17.69,1,River Plate 1-4 Tigre,2026-02-07
Argentinos Juniors,1.58,1.62,-0.04,0.5,1.59,-1.09,1.08,0.03,1.05,1.58,1.62,-0.04,,,,,,1,2,-1,-0.96,51.1,40.07,,,46.28,0.52,0.95,141,9,12,14,23.08,14.74,6.94,3,3,25,7,14,63.8,37.27,16.4,23.1,42.53,20.92,2,Racing Club 2-1 Argentinos Juniors,2026-02-07
Racing Club,1.62,1.58,0.04,1.59,0.5,1.09,0.03,1.08,-1.05,1.62,1.58,0.04,,,,,,2,1,1,0.96,48.9,59.93,,,54.59,0.95,0.52,183,16,14,12,14.74,23.08,5.91,3,3,19,4,16,107.4,62.73,54.6,76.9,160.77,79.08,2,Racing Club 2-1 Argentinos Juniors,2026-02-07
Rosario Central,0.69,1.06,-0.37,0.39,1.05,-0.66,0.3,0.01,0.29,0.69,1.06,-0.37,,,,,,1,1,0,0.37,61.1,51.55,,,46.87,0.38,1.04,238,9,10,15,26.32,14.42,9.85,3,8,14,4,10,113.4,57.1,24.93,19.32,62.8,42.81,1,Aldosivi 1-1 Rosario Central,2026-02-07
Aldosivi,1.06,0.69,0.37,1.05,0.39,0.66,0.01,0.3,-0.29,1.06,0.69,0.37,,,,,,1,1,0,-0.37,38.9,48.45,,,47.84,1.04,0.38,159,9,15,10,14.42,26.32,9.26,8,3,27,7,20,85.2,42.9,104.13,80.68,83.9,57.19,3,Aldosivi 1-1 Rosario Central,2026-02-07
Unión,0.95,0.58,0.37,0.75,0.58,0.17,0.21,0.0,0.21,0.95,0.58,0.37,,,,,,0,1,-1,-1.37,51.0,48.19,,,46.27,0.76,0.51,192,11,16,9,21.05,17.65,10.82,4,4,12,2,16,82.8,57.94,66.67,52.17,87.0,58.68,2,Central Córdoba SdE 1-0 Unión,2026-02-06
Central Córdoba SdE,0.58,0.95,-0.37,0.58,0.75,-0.17,0.0,0.21,-0.21,0.58,0.95,-0.37,,,,,,1,0,1,1.37,49.0,51.81,,,47.56,0.51,0.76,182,8,9,16,17.65,21.05,10.18,4,4,21,3,11,60.1,42.06,61.13,47.83,61.27,41.32,4,Central Córdoba SdE 1-0 Unión,2026-02-06
Sarmiento,2.01,3.01,-1.0,1.94,2.16,-0.22,0.06,0.85,-0.79,2.01,3.01,-1.0,,,,,,1,2,-1,0.0,59.1,46.6,,,48.56,0.72,0.5,224,10,16,19,22.22,38.0,10.52,1,6,14,1,10,51.9,32.34,11.2,12.55,27.57,12.28,7,Independiente Rivadavia 2-1 Sarmiento,2026-02-03
Independiente Rivadavia,3.01,2.01,1.0,2.16,1.94,0.22,0.85,0.06,0.79,3.01,2.01,1.0,,,,,,2,1,1,0.0,40.9,53.4,,,50.11,0.5,0.72,159,15,19,16,38.0,22.22,11.22,6,1,15,4,10,108.6,67.66,78.07,87.45,196.87,87.72,2,Independiente Rivadavia 2-1 Sarmiento,2026-02-03
Lanús,1.81,1.48,0.33,1.81,0.66,1.15,0.0,0.06,-0.06,1.81,0.72,1.09,,,,,,2,2,0,-0.33,50.6,44.51,,,50.11,0.44,0.65,210,7,12,11,27.27,16.92,11.88,2,5,14,3,14,81.6,49.64,30.73,30.96,54.37,37.18,0,Instituto 2-2 Lanús,2026-02-03
Instituto,1.48,1.81,-0.33,0.66,1.81,-1.15,0.06,0.0,0.06,0.72,1.81,-1.09,,,,,,2,2,0,0.33,49.4,55.49,,,49.4,0.65,0.44,197,15,11,12,16.92,27.27,7.71,5,2,25,3,14,82.8,50.36,68.53,69.04,91.87,62.82,2,Instituto 2-2 Lanús,2026-02-03
Estudiantes Río Cuarto,2.18,1.74,0.44,2.18,1.74,0.44,0.0,0.0,0.0,2.18,1.74,0.44,,,,,,1,2,-1,-1.44,43.4,46.04,,,51.35,0.79,1.25,159,12,15,14,18.99,11.2,10.39,5,4,18,2,13,62.3,43.44,48.4,89.3,93.37,64.24,4,Banfield 2-1 Estudiantes Río Cuarto,2026-02-03
Banfield,1.74,2.18,-0.44,1.74,2.18,-0.44,0.0,0.0,0.0,1.74,2.18,-0.44,,,,,,2,1,1,1.44,56.6,53.96,,,48.95,1.25,0.79,181,17,14,15,11.2,18.99,7.06,4,5,28,4,7,81.1,56.56,5.8,10.7,51.97,35.76,3,Banfield 2-1 Estudiantes Río Cuarto,2026-02-03
Belgrano,1.09,2.12,-1.03,1.09,2.04,-0.95,0.0,0.08,-0.08,1.09,2.12,-1.03,,,,,,0,0,0,1.03,39.9,40.46,,,46.66,0.72,1.25,179,11,12,17,16.67,13.6,17.86,6,6,19,1,6,39.5,21.74,110.6,93.63,78.57,50.12,0,Argentinos Juniors 0-0 Belgrano,2026-02-02
Argentinos Juniors,2.12,1.09,1.03,2.04,1.09,0.95,0.08,0.0,0.08,2.12,1.09,1.03,,,,,,0,0,0,-1.03,60.1,59.54,,,47.71,1.25,0.72,275,21,17,12,13.6,16.67,12.85,6,6,26,5,7,142.2,78.26,7.53,6.37,78.2,49.88,1,Argentinos Juniors 0-0 Belgrano,2026-02-02
Gimnasia Mendoza,0.15,2.9,-2.75,0.15,1.92,-1.77,0.0,0.21,-0.21,0.15,2.14,-1.99,,,,,,0,4,-4,-1.25,42.0,35.42,,,45.59,0.29,1.08,153,1,4,18,13.79,16.67,17.33,1,7,13,1,9,18.2,10.34,50.33,59.26,8.63,4.97,0,Unión 4-0 Gimnasia Mendoza,2026-02-02
Unión,2.9,0.15,2.75,1.92,0.15,1.77,0.21,0.0,0.21,2.14,0.15,1.99,,,,,,4,0,4,1.25,58.0,64.58,,,50.16,1.08,0.29,251,14,18,4,16.67,13.79,9.0,7,1,16,3,13,157.8,89.66,34.6,40.74,165.1,95.03,0,Unión 4-0 Gimnasia Mendoza,2026-02-02
Racing Club,0.97,1.95,-0.98,0.86,1.86,-1.0,0.11,0.08,0.03,0.97,1.95,-0.98,,,,,,1,3,-2,-1.02,66.6,66.53,,,48.89,0.61,0.34,217,10,12,12,19.67,35.29,7.19,2,3,29,7,13,102.6,72.66,8.33,8.16,53.33,39.21,1,Tigre 3-1 Racing Club,2026-02-02
Tigre,1.95,0.97,0.98,1.86,0.86,1.0,0.08,0.11,-0.03,1.95,0.97,0.98,,,,,,3,1,2,1.02,33.4,33.47,,,43.96,0.34,0.61,92,8,12,12,35.29,19.67,12.59,3,2,18,5,10,38.6,27.34,93.8,91.84,82.67,60.79,0,Tigre 3-1 Racing Club,2026-02-02
Estudiantes,0.65,1.78,-1.13,0.65,1.0,-0.35,0.0,0.01,-0.01,0.65,1.02,-0.37,,,,,,0,0,0,1.13,37.4,36.18,,,45.83,0.27,0.81,128,6,9,14,33.33,17.28,14.92,5,5,9,0,8,37.1,16.94,81.07,75.58,42.2,24.21,1,Defensa y Justicia 0-0 Estudiantes,2026-02-02
Defensa y Justicia,1.78,0.65,1.13,1.0,0.65,0.35,0.01,0.0,0.01,1.02,0.65,0.37,,,,,,0,0,0,-1.13,62.6,63.82,,,51.54,0.81,0.27,278,14,14,9,17.28,33.33,11.45,5,5,23,3,8,181.9,83.06,26.2,24.42,132.13,75.79,1,Defensa y Justicia 0-0 Estudiantes,2026-02-02
Aldosivi,1.96,2.5,-0.54,1.02,1.74,-0.72,0.18,0.0,0.18,1.2,1.74,-0.54,,,,,,1,3,-2,-1.46,50.6,51.93,,,45.13,0.94,0.88,151,14,13,14,13.83,15.91,8.0,4,2,25,3,17,61.9,50.9,31.4,48.16,68.87,46.21,8,Gimnasia La Plata 3-1 Aldosivi,2026-02-02
Gimnasia La Plata,2.5,1.96,0.54,1.74,1.02,0.72,0.0,0.18,-0.18,1.74,1.2,0.54,,,,,,3,1,2,1.46,49.4,48.07,,,45.77,0.88,0.94,154,8,14,13,15.91,13.83,9.35,2,4,14,1,13,59.7,49.1,33.8,51.84,80.17,53.79,0,Gimnasia La Plata 3-1 Aldosivi,2026-02-02
River Plate,2.28,1.21,1.07,1.0,1.14,-0.14,1.27,0.08,1.19,2.28,1.21,1.07,,,,,,0,0,0,-1.07,65.7,61.74,,,50.93,0.52,0.52,306,9,17,9,32.69,17.31,6.53,7,4,14,3,16,159.8,72.57,12.8,11.46,91.03,53.95,1,Rosario Central 0-0 River Plate,2026-02-01
Rosario Central,1.21,2.28,-1.07,1.14,1.0,0.14,0.08,1.27,-1.19,1.21,2.28,-1.07,,,,,,0,0,0,1.07,34.3,38.26,,,47.3,0.52,0.52,128,12,9,17,17.31,32.69,12.72,4,7,17,6,10,60.4,27.43,98.87,88.54,77.7,46.05,1,Rosario Central 0-0 River Plate,2026-02-01
Newell's Old Boys,0.23,1.71,-1.48,0.2,0.95,-0.75,0.03,0.0,0.03,0.23,0.95,-0.72,,,,,,0,2,-2,-0.52,40.2,58.46,,,52.16,0.32,0.51,152,10,6,8,18.75,15.69,8.74,11,1,16,1,23,76.5,60.19,67.87,80.86,82.87,58.94,2,Boca Juniors 2-0 Newell's Old Boys,2026-02-01
Boca Juniors,1.71,0.23,1.48,0.95,0.2,0.75,0.0,0.03,-0.03,0.95,0.23,0.72,,,,,,2,0,2,0.52,59.8,41.54,,,41.88,0.51,0.32,136,10,8,6,15.69,18.75,6.39,1,11,18,2,15,50.6,39.81,16.07,19.14,57.73,41.06,0,Boca Juniors 2-0 Newell's Old Boys,2026-02-01
Deportivo Riestra,1.54,1.01,0.53,1.54,0.25,1.29,0.0,0.0,0.0,1.54,0.25,1.29,,,,,,1,1,0,-0.53,36.0,51.06,,,50.99,0.55,0.4,153,7,9,11,16.36,27.5,11.59,6,3,12,2,19,93.7,50.27,90.2,88.54,133.3,84.6,3,Barracas Central 1-1 Deportivo Riestra,2026-02-01
Barracas Central,1.01,1.54,-0.53,0.25,1.54,-1.29,0.0,0.0,0.0,0.25,1.54,-1.29,,,,,,1,1,0,0.53,64.0,48.94,,,48.43,0.4,0.55,239,7,11,9,27.5,16.36,6.87,3,6,15,0,8,92.7,49.73,11.67,11.46,24.27,15.4,6,Barracas Central 1-1 Deportivo Riestra,2026-02-01
Huracán,1.21,1.56,-0.35,0.39,0.8,-0.41,0.06,0.0,0.06,0.45,0.8,-0.35,,,,,,1,1,0,0.35,53.2,43.37,,,44.23,0.43,0.76,159,12,9,12,20.93,15.79,6.31,3,11,15,5,15,52.9,32.63,29.6,35.1,60.97,29.19,4,Atlético Tucumán 1-1 Huracán,2026-01-31
Atlético Tucumán,1.56,1.21,0.35,0.8,0.39,0.41,0.0,0.06,-0.06,0.8,0.45,0.35,,,,,,1,1,0,-0.35,46.8,56.63,,,53.18,0.76,0.43,182,15,12,9,15.79,20.93,7.4,11,3,26,6,9,109.2,67.37,54.73,64.9,147.9,70.81,1,Atlético Tucumán 1-1 Huracán,2026-01-31
Platense,1.08,0.87,0.21,0.28,0.6,-0.32,0.03,0.27,-0.24,0.32,0.87,-0.55,,,,,,2,1,1,0.79,40.1,32.5,,,45.04,0.26,0.88,140,3,6,13,23.08,14.77,14.54,1,7,12,2,10,27.0,17.09,72.6,70.35,38.1,43.1,2,Talleres de Córdoba 1-2 Platense,2026-01-31
Talleres de Córdoba,0.87,1.08,-0.21,0.6,0.28,0.32,0.27,0.03,0.24,0.87,0.32,0.55,,,,,,1,2,-1,-0.79,59.9,67.5,,,48.89,0.88,0.26,243,18,13,6,14.77,23.08,6.56,7,1,24,6,13,131.0,82.91,30.6,29.65,50.3,56.9,4,Talleres de Córdoba 1-2 Platense,2026-01-31
Vélez Sarsfield,1.97,0.82,1.15,1.62,0.82,0.8,0.35,0.0,0.35,1.97,0.82,1.15,,,,,,1,1,0,-1.15,45.5,38.92,,,48.6,0.78,0.92,152,13,12,14,15.38,15.22,9.79,4,1,15,6,14,63.2,34.59,42.33,73.67,96.73,64.46,1,Independiente 1-1 Vélez Sarsfield,2026-01-31
Independiente,0.82,1.97,-1.15,0.82,1.62,-0.8,0.0,0.35,-0.35,0.82,1.97,-1.15,,,,,,1,1,0,1.15,54.5,61.08,,,49.85,0.92,0.78,198,19,14,12,15.22,15.38,8.19,1,4,22,3,9,119.5,65.41,15.13,26.33,53.33,35.54,6,Independiente 1-1 Vélez Sarsfield,2026-01-31
Central Córdoba SdE,0.38,1.69,-1.31,0.32,1.41,-1.09,0.06,0.28,-0.22,0.38,1.69,-1.31,,,,,,0,1,-1,0.31,47.2,48.52,,,45.91,0.33,0.56,135,6,8,11,24.24,19.64,7.14,8,6,21,4,17,43.7,40.2,44.2,54.35,44.43,39.46,1,San Lorenzo 1-0 Central Córdoba SdE,2026-01-31
San Lorenzo,1.69,0.38,1.31,1.41,0.32,1.09,0.28,0.06,0.22,1.69,0.38,1.31,,,,,,1,0,1,-0.31,52.8,51.48,,,47.39,0.56,0.33,163,12,11,8,19.64,24.24,6.58,6,8,18,7,12,65.0,59.8,37.13,45.65,68.17,60.54,1,San Lorenzo 1-0 Central Córdoba SdE,2026-01-31
Argentinos Juniors,2.09,0.57,1.52,1.19,0.57,0.62,0.14,0.0,0.14,1.33,0.57,0.76,,,,,,0,0,0,-1.52,72.6,62.21,,,47.0,0.78,0.53,298,16,13,7,16.67,13.21,6.12,4,8,28,6,13,149.9,83.05,1.27,0.74,66.07,36.28,0,Estudiantes Río Cuarto 0-0 Argentinos Juniors,2026-01-29
Estudiantes Río Cuarto,0.57,2.09,-1.52,0.57,1.19,-0.62,0.0,0.14,-0.14,0.57,1.33,-0.76,,,,,,0,0,0,1.52,27.4,37.79,,,48.93,0.53,0.78,130,9,7,13,13.21,16.67,12.5,8,4,17,1,18,30.6,16.95,170.53,99.26,116.03,63.72,3,Estudiantes Río Cuarto 0-0 Argentinos Juniors,2026-01-29
Banfield,0.7,2.86,-2.16,0.48,1.76,-1.28,0.21,0.34,-0.13,0.7,2.1,-1.4,,,,,,0,1,-1,1.16,40.2,46.38,,,48.95,0.62,0.47,138,10,9,23,14.52,48.94,10.81,2,1,14,2,18,54.1,30.99,54.8,78.43,58.53,34.28,6,Sarmiento 1-0 Banfield,2026-01-29
Sarmiento,2.86,0.7,2.16,1.76,0.48,1.28,0.34,0.21,0.13,2.1,0.7,1.4,,,,,,1,0,1,-1.16,59.8,53.62,,,50.24,0.47,0.62,211,10,23,9,48.94,14.52,6.44,1,2,18,9,14,120.5,69.01,15.07,21.57,112.2,65.72,2,Sarmiento 1-0 Banfield,2026-01-29
Tigre,0.75,0.86,-0.11,0.75,0.73,0.02,0.0,0.13,-0.13,0.75,0.86,-0.11,,,,,,1,1,0,0.11,39.9,33.61,,,46.67,0.17,1.2,150,1,6,12,35.29,10.0,15.12,4,8,11,1,8,12.8,6.52,58.33,86.8,26.57,16.99,1,Belgrano 1-1 Tigre,2026-01-29
Belgrano,0.86,0.75,0.11,0.73,0.75,-0.02,0.13,0.0,0.13,0.86,0.75,0.11,,,,,,1,1,0,-0.11,60.1,66.39,,,53.81,1.2,0.17,306,16,12,6,10.0,35.29,10.69,8,4,40,7,6,183.5,93.48,8.87,13.2,129.8,83.01,0,Belgrano 1-1 Tigre,2026-01-29
Unión,1.42,2.44,-1.02,1.19,2.39,-1.2,0.23,0.05,0.18,1.42,2.44,-1.02,,,,,,1,2,-1,0.02,40.8,46.78,,,50.38,0.79,0.55,195,14,15,15,18.99,27.27,17.88,2,10,21,7,9,77.8,40.61,109.6,94.0,103.17,54.68,1,Lanús 2-1 Unión,2026-01-29
Lanús,2.44,1.42,1.02,2.39,1.19,1.2,0.05,0.23,-0.18,2.44,1.42,1.02,,,,,,2,1,1,-0.02,59.2,53.22,,,48.49,0.55,0.79,253,9,15,15,27.27,18.99,8.43,10,2,12,5,7,113.8,59.39,7.0,6.0,85.5,45.32,1,Lanús 2-1 Unión,2026-01-29
Defensa y Justicia,0.76,0.63,0.13,0.72,0.6,0.12,0.04,0.03,0.01,0.76,0.63,0.13,,,,,,1,0,1,0.87,46.3,32.79,,,41.46,0.32,1.08,109,6,5,12,15.62,11.11,10.92,3,7,10,3,10,36.3,23.83,41.67,51.4,33.97,30.97,0,Deportivo Riestra 0-1 Defensa y Justicia,2026-01-29
Deportivo Riestra,0.63,0.76,-0.13,0.6,0.72,-0.12,0.03,0.04,-0.01,0.63,0.76,-0.13,,,,,,0,1,-1,-0.87,53.7,67.21,,,52.84,1.08,0.32,231,16,12,5,11.11,15.62,6.63,7,3,24,4,19,116.0,76.17,39.4,48.6,75.7,69.03,10,Deportivo Riestra 0-1 Defensa y Justicia,2026-01-29
Boca Juniors,1.56,1.55,0.01,1.37,0.73,0.64,0.19,0.82,-0.63,1.56,1.55,0.01,,,,,,1,2,-1,-1.01,66.3,66.89,,,51.31,0.96,0.69,272,16,10,12,10.42,17.39,6.52,6,1,30,7,8,123.6,61.99,6.87,5.35,72.97,28.72,2,Estudiantes 2-1 Boca Juniors,2026-01-28
Estudiantes,1.55,1.56,-0.01,0.73,1.37,-0.64,0.82,0.19,0.63,1.55,1.56,-0.01,,,,,,2,1,1,1.01,33.7,33.11,,,48.01,0.69,0.96,121,10,12,10,17.39,10.42,15.79,1,6,15,5,15,75.8,38.01,121.47,94.65,181.1,71.28,1,Estudiantes 2-1 Boca Juniors,2026-01-28
Gimnasia La Plata,0.34,1.46,-1.12,0.21,1.46,-1.25,0.13,0.0,0.13,0.34,1.46,-1.12,,,,,,0,2,-2,-0.88,29.3,25.25,,,41.9,0.24,1.06,91,3,3,17,12.5,16.04,17.9,2,3,12,4,11,1.2,0.55,139.73,96.68,15.43,7.76,0,River Plate 2-0 Gimnasia La Plata,2026-01-28
River Plate,1.46,0.34,1.12,1.46,0.21,1.25,0.0,0.13,-0.13,1.46,0.34,1.12,,,,,,2,0,2,0.88,70.7,74.75,,,49.93,1.06,0.24,335,20,17,3,16.04,12.5,7.06,3,2,16,6,12,218.8,99.45,4.8,3.32,183.4,92.24,1,River Plate 2-0 Gimnasia La Plata,2026-01-28
Rosario Central,1.06,1.73,-0.67,1.06,1.73,-0.67,0.0,0.0,0.0,1.06,1.73,-0.67,,,,,,2,1,1,1.67,29.5,25.63,,,44.41,0.37,1.43,82,5,6,21,16.22,14.69,12.83,5,5,7,2,11,9.3,4.62,107.27,96.47,45.97,44.54,1,Racing Club 1-2 Rosario Central,2026-01-28
Racing Club,1.73,1.06,0.67,1.73,1.06,0.67,0.0,0.0,0.0,1.73,1.06,0.67,,,,,,1,2,-1,-1.67,70.5,74.37,,,54.25,1.43,0.37,319,18,21,6,14.69,16.22,5.51,5,5,21,1,16,192.0,95.38,3.93,3.53,57.23,55.46,6,Racing Club 1-2 Rosario Central,2026-01-28
Barracas Central,0.45,1.12,-0.67,0.45,1.04,-0.59,0.0,0.08,-0.08,0.45,1.12,-0.67,,,,,,0,0,0,0.67,42.3,50.69,,,49.71,0.45,0.48,161,8,9,8,20.0,16.67,9.5,8,5,11,1,5,60.5,42.4,74.67,83.15,96.17,62.25,7,Aldosivi 0-0 Barracas Central,2026-01-28
Aldosivi,1.12,0.45,0.67,1.04,0.45,0.59,0.08,0.0,0.08,1.12,0.45,0.67,,,,,,0,0,0,-0.67,57.7,49.31,,,47.6,0.48,0.45,211,8,8,9,16.67,20.0,8.06,5,8,26,3,16,82.2,57.6,15.13,16.85,58.33,37.75,2,Aldosivi 0-0 Barracas Central,2026-01-28
Independiente,0.26,0.75,-0.49,0.25,0.69,-0.44,0.01,0.06,-0.05,0.26,0.75,-0.49,,,,,,1,1,0,0.49,50.3,47.37,,,48.25,0.17,0.38,129,5,6,13,35.29,34.21,5.44,5,7,10,3,19,35.8,30.34,26.0,50.13,33.2,35.44,6,Newell's Old Boys 1-1 Independiente,2026-01-27
Newell's Old Boys,0.75,0.26,0.49,0.69,0.25,0.44,0.06,0.01,0.05,0.75,0.26,0.49,,,,,,1,1,0,-0.49,49.7,52.63,,,50.8,0.38,0.17,139,11,13,6,34.21,35.29,5.53,7,5,27,6,13,82.2,69.66,25.87,49.87,60.47,64.56,3,Newell's Old Boys 1-1 Independiente,2026-01-27
Central Córdoba SdE,0.22,1.14,-0.92,0.22,1.07,-0.85,0.0,0.07,-0.07,0.22,1.14,-0.92,,,,,,0,0,0,0.92,36.6,32.22,,,42.33,0.17,1.63,103,4,3,20,17.65,12.27,11.06,1,3,10,2,14,7.1,4.33,56.07,81.26,23.3,15.22,0,Atlético Tucumán 0-0 Central Córdoba SdE,2026-01-27
Atlético Tucumán,1.14,0.22,0.92,1.07,0.22,0.85,0.07,0.0,0.07,1.14,0.22,0.92,,,,,,0,0,0,-0.92,63.4,67.78,,,49.48,1.63,0.17,236,21,20,3,12.27,17.65,9.0,3,1,30,5,17,156.7,95.67,12.93,18.74,129.77,84.78,0,Atlético Tucumán 0-0 Central Córdoba SdE,2026-01-27
Independiente Rivadavia,1.19,1.52,-0.33,0.67,1.43,-0.76,0.52,0.09,0.43,1.19,1.52,-0.33,,,,,,2,1,1,1.33,39.3,48.4,,,48.4,0.39,1.0,133,4,8,9,20.51,9.0,10.64,7,9,8,5,14,50.9,43.54,92.93,96.0,104.33,81.13,2,Huracán 1-2 Independiente Rivadavia,2026-01-27
Huracán,1.52,1.19,0.33,1.43,0.67,0.76,0.09,0.52,-0.43,1.52,1.19,0.33,,,,,,1,2,-1,-1.33,60.7,51.6,,,44.76,1.0,0.39,175,10,9,8,9.0,20.51,5.31,9,7,13,2,14,66.0,56.46,3.87,4.0,24.27,18.87,1,Huracán 1-2 Independiente Rivadavia,2026-01-27
San Lorenzo,1.01,0.54,0.47,0.93,0.52,0.41,0.09,0.02,0.07,1.01,0.54,0.47,,,,,,1,0,1,0.53,41.6,49.63,,,47.9,0.47,0.33,137,8,9,13,19.15,39.39,10.52,3,6,15,4,12,49.8,41.43,55.4,85.06,76.3,65.36,1,Gimnasia Mendoza 0-1 San Lorenzo,2026-01-27
Gimnasia Mendoza,0.54,1.01,-0.47,0.52,0.93,-0.41,0.02,0.09,-0.07,0.54,1.01,-0.47,,,,,,0,1,-1,-0.53,58.4,50.37,,,47.73,0.33,0.47,169,6,13,9,39.39,19.15,5.87,6,3,18,4,11,70.4,58.57,9.73,14.94,40.43,34.64,0,Gimnasia Mendoza 0-1 San Lorenzo,2026-01-27
Talleres de Córdoba,1.48,1.08,0.4,0.96,1.08,-0.12,0.53,0.0,0.53,1.48,1.08,0.4,,,,,,1,2,-1,-1.4,46.4,44.65,,,46.1,0.7,0.59,141,17,21,10,30.0,16.95,8.77,4,3,18,7,11,88.5,51.01,32.53,55.27,83.3,56.74,2,Vélez Sarsfield 2-1 Talleres de Córdoba,2026-01-27
Vélez Sarsfield,1.08,1.48,-0.4,1.08,0.96,0.12,0.0,0.53,-0.53,1.08,1.48,-0.4,,,,,,2,1,1,1.4,53.6,55.35,,,49.2,0.59,0.7,187,8,10,21,16.95,30.0,10.38,3,4,19,6,8,85.0,48.99,26.33,44.73,63.5,43.26,1,Vélez Sarsfield 2-1 Talleres de Córdoba,2026-01-27
Instituto,1.38,1.54,-0.16,1.33,1.54,-0.21,0.05,0.0,0.05,1.38,1.54,-0.16,,,,,,1,2,-1,-0.84,54.8,48.2,,,45.7,1.12,0.76,174,14,10,10,8.93,13.16,10.69,2,2,13,2,13,57.9,46.58,24.47,33.34,40.87,29.26,6,Platense 2-1 Instituto,2026-01-26
Platense,1.54,1.38,0.16,1.54,1.33,0.21,0.0,0.05,-0.05,1.54,1.38,0.16,,,,,,2,1,1,0.84,45.2,51.8,,,49.01,0.76,1.12,178,8,10,10,13.16,8.93,11.52,2,2,13,3,12,66.4,53.42,48.93,66.66,98.83,70.74,0,Platense 2-1 Instituto,2026-01-26
Sarmiento,0.11,2.82,-2.71,0.11,2.57,-2.46,0.0,0.25,-0.25,0.11,2.82,-2.71,,,,,,0,1,-1,1.71,31.3,33.91,,,45.93,0.2,1.09,102,6,2,24,10.0,22.02,10.66,1,12,10,2,21,14.7,7.19,105.47,97.78,47.9,28.54,6,Argentinos Juniors 1-0 Sarmiento,2026-01-25
Argentinos Juniors,2.82,0.11,2.71,2.57,0.11,2.46,0.25,0.0,0.25,2.82,0.11,2.71,,,,,,1,0,1,-1.71,68.7,66.09,,,46.49,1.09,0.2,201,15,24,2,22.02,10.0,4.21,12,1,28,9,8,189.8,92.81,2.4,2.22,119.93,71.46,0,Argentinos Juniors 1-0 Sarmiento,2026-01-25
Estudiantes Río Cuarto,0.49,1.15,-0.66,0.38,1.14,-0.76,0.11,0.01,0.1,0.49,1.15,-0.66,,,,,,0,2,-2,-1.34,49.2,55.36,,,52.2,0.36,0.47,220,9,9,11,25.0,23.4,11.43,3,2,23,6,9,77.9,47.67,52.6,50.35,43.13,38.24,6,Tigre 2-0 Estudiantes Río Cuarto,2026-01-25
Tigre,1.15,0.49,0.66,1.14,0.38,0.76,0.01,0.11,-0.1,1.15,0.49,0.66,,,,,,2,0,2,1.34,50.8,44.64,,,47.25,0.47,0.36,167,7,11,9,23.4,25.0,10.39,2,3,16,3,16,85.5,52.33,51.87,49.65,69.67,61.76,0,Tigre 2-0 Estudiantes Río Cuarto,2026-01-25
Deportivo Riestra,0.15,1.61,-1.46,0.1,1.11,-1.01,0.05,0.5,-0.45,0.15,1.61,-1.46,,,,,,0,1,-1,0.46,22.0,27.18,,,48.58,0.27,0.71,86,3,6,19,22.22,26.76,13.37,1,7,4,1,19,25.0,9.68,143.13,98.3,47.53,28.81,7,Boca Juniors 1-0 Deportivo Riestra,2026-01-25
Boca Juniors,1.61,0.15,1.46,1.11,0.1,1.01,0.5,0.05,0.45,1.61,0.15,1.46,,,,,,1,0,1,-0.46,78.0,72.82,,,50.59,0.71,0.27,307,12,19,6,26.76,22.22,4.77,7,1,33,12,9,233.2,90.32,2.47,1.7,117.47,71.19,0,Boca Juniors 1-0 Deportivo Riestra,2026-01-25
Belgrano,1.08,2.66,-1.58,0.98,1.59,-0.61,0.1,0.31,-0.21,1.08,1.9,-0.82,,,,,,2,1,1,2.58,49.3,40.36,,,45.04,0.66,0.59,165,14,14,18,21.21,30.51,10.77,5,3,12,3,11,72.9,37.69,66.73,52.41,74.0,34.46,1,Rosario Central 1-2 Belgrano,2026-01-24
Rosario Central,2.66,1.08,1.58,1.59,0.98,0.61,0.31,0.1,0.21,1.9,1.08,0.82,,,,,,1,2,-1,-2.58,50.7,59.64,,,47.85,0.59,0.66,191,11,18,14,30.51,21.21,11.19,3,5,22,4,6,120.5,62.31,60.6,47.59,140.73,65.54,0,Rosario Central 1-2 Belgrano,2026-01-24
Racing Club,1.49,2.48,-0.99,1.27,1.51,-0.24,0.21,0.97,-0.76,1.49,2.48,-0.99,,,,,,1,2,-1,-0.01,73.8,67.44,,,48.63,0.75,0.67,286,17,13,7,17.33,10.45,5.29,4,2,19,5,15,130.5,75.52,1.0,0.67,31.27,19.66,4,Gimnasia La Plata 2-1 Racing Club,2026-01-24
Gimnasia La Plata,2.48,1.49,0.99,1.51,1.27,0.24,0.97,0.21,0.76,2.48,1.49,0.99,,,,,,2,1,1,0.01,26.2,32.56,,,46.23,0.67,0.75,85,9,7,13,10.45,17.33,16.7,2,4,9,3,13,42.3,24.48,148.47,99.33,127.77,80.34,0,Gimnasia La Plata 2-1 Racing Club,2026-01-24
River Plate,2.83,0.54,2.29,2.78,0.45,2.33,0.06,0.1,-0.04,2.83,0.54,2.29,,,,,,1,0,1,-1.29,66.7,66.77,,,51.74,1.26,0.22,285,13,20,11,15.87,50.0,5.53,6,1,23,6,9,191.9,89.93,15.0,13.98,143.57,79.2,0,Barracas Central 0-1 River Plate,2026-01-24
Barracas Central,0.54,2.83,-2.29,0.45,2.78,-2.33,0.1,0.06,0.04,0.54,2.83,-2.29,,,,,,0,1,-1,1.29,33.3,33.23,,,45.68,0.22,1.26,111,7,11,20,50.0,15.87,15.75,1,6,17,6,15,21.5,10.07,92.33,86.02,37.7,20.8,3,Barracas Central 0-1 River Plate,2026-01-24
Atlético Tucumán,1.33,1.61,-0.28,0.5,1.58,-1.08,0.07,0.02,0.05,0.57,1.61,-1.04,,,,,,1,2,-1,-0.72,57.4,64.49,,,49.09,0.52,0.19,159,7,14,11,26.92,57.89,7.23,4,4,15,3,11,107.7,72.77,12.13,32.56,102.8,65.39,1,Independiente Rivadavia 2-1 Atlético Tucumán,2026-01-23
Independiente Rivadavia,1.61,1.33,0.28,1.58,0.5,1.08,0.02,0.07,-0.05,1.61,0.57,1.04,,,,,,2,1,1,0.72,42.6,35.51,,,43.57,0.19,0.52,97,6,11,14,57.89,26.92,7.66,4,4,13,1,13,40.3,27.23,25.13,67.44,54.4,34.61,1,Independiente Rivadavia 2-1 Atlético Tucumán,2026-01-23
Newell's Old Boys,0.87,2.86,-1.99,0.26,1.41,-1.15,0.61,1.45,-0.84,0.87,2.86,-1.99,,,,,,1,2,-1,0.99,29.4,37.67,,,44.1,0.39,0.72,91,9,10,17,25.64,23.61,18.38,0,5,22,4,10,32.5,23.45,128.73,98.07,95.03,60.3,1,Talleres de Córdoba 2-1 Newell's Old Boys,2026-01-23
Talleres de Córdoba,2.86,0.87,1.99,1.41,0.26,1.15,1.45,0.61,0.84,2.86,0.87,1.99,,,,,,2,1,1,-0.99,70.6,62.33,,,44.97,0.72,0.39,218,11,17,10,23.61,25.64,6.93,5,0,23,11,10,106.1,76.55,2.53,1.93,62.57,39.7,1,Talleres de Córdoba 2-1 Newell's Old Boys,2026-01-23
Estudiantes,1.55,0.7,0.85,1.44,0.52,0.92,0.12,0.18,-0.06,1.55,0.7,0.85,,,,,,1,1,0,-0.85,58.5,45.42,,,46.82,0.99,0.79,209,10,11,13,11.11,16.46,7.74,6,5,17,5,10,70.2,51.17,13.8,12.19,34.87,22.84,0,Independiente 1-1 Estudiantes,2026-01-23
Independiente,0.7,1.55,-0.85,0.52,1.44,-0.92,0.18,0.12,0.06,0.7,1.55,-0.85,,,,,,1,1,0,0.85,41.5,54.58,,,52.21,0.79,0.99,194,13,13,11,16.46,11.11,13.76,5,6,23,10,9,67.0,48.83,99.4,87.81,117.77,77.16,8,Independiente 1-1 Estudiantes,2026-01-23
Lanús,1.96,2.79,-0.83,1.81,1.89,-0.08,0.15,0.14,0.01,1.96,2.03,-0.07,,,,,,3,2,1,1.83,41.3,34.76,,,46.73,0.36,0.67,140,7,13,17,36.11,25.37,7.8,7,9,11,8,20,48.1,25.24,55.67,72.92,73.33,53.7,0,San Lorenzo 2-3 Lanús,2026-01-23
San Lorenzo,2.79,1.96,0.83,1.89,1.81,0.08,0.14,0.15,-0.01,2.03,1.96,0.07,,,,,,2,3,-1,-1.83,58.7,65.24,,,51.79,0.67,0.36,256,13,17,13,25.37,36.11,6.44,9,7,34,6,14,142.5,74.76,20.67,27.08,63.23,46.3,0,San Lorenzo 2-3 Lanús,2026-01-23
Gimnasia Mendoza,0.73,1.37,-0.64,0.5,0.45,0.05,0.24,0.92,-0.68,0.73,1.37,-0.64,,,,,,1,0,1,1.64,31.5,39.29,,,45.77,0.65,0.69,117,8,11,16,16.92,23.19,18.77,4,8,8,2,10,38.7,23.31,113.47,95.08,103.87,70.12,0,Central Córdoba SdE 0-1 Gimnasia Mendoza,2026-01-22
Central Córdoba SdE,1.37,0.73,0.64,0.45,0.5,-0.05,0.92,0.24,0.68,1.37,0.73,0.64,,,,,,0,1,-1,-1.64,68.5,60.71,,,47.68,0.69,0.65,257,16,16,11,23.19,16.92,7.32,8,4,42,14,9,127.3,76.69,5.87,4.92,44.27,29.88,3,Central Córdoba SdE 0-1 Gimnasia Mendoza,2026-01-22
Vélez Sarsfield,0.57,0.38,0.19,0.57,0.29,0.28,0.0,0.09,-0.09,0.57,0.38,0.19,,,,,,1,0,1,0.81,52.4,43.46,,,47.06,0.7,0.52,175,7,7,13,10.0,25.0,8.94,2,2,10,2,16,23.8,20.48,27.6,32.99,21.57,15.55,2,Instituto 0-1 Vélez Sarsfield,2026-01-22
Instituto,0.38,0.57,-0.19,0.29,0.57,-0.28,0.09,0.0,0.09,0.38,0.57,-0.19,,,,,,0,1,-1,-0.81,47.6,56.54,,,50.17,0.52,0.7,188,10,13,7,25.0,10.0,8.21,2,2,24,4,10,92.4,79.52,56.07,67.01,117.13,84.45,5,Instituto 0-1 Vélez Sarsfield,2026-01-22
Huracán,1.45,1.16,0.29,1.45,1.01,0.44,0.0,0.15,-0.15,1.45,1.16,0.29,,,,,,1,1,0,-0.29,60.4,53.93,,,46.66,0.47,0.72,215,8,11,14,23.4,19.44,6.76,4,10,16,2,14,67.8,53.47,10.47,12.13,27.77,22.92,1,Banfield 1-1 Huracán,2026-01-22
Banfield,1.16,1.45,-0.29,1.01,1.45,-0.44,0.15,0.0,0.15,1.16,1.45,-0.29,,,,,,1,1,0,0.29,39.6,46.07,,,47.28,0.72,0.47,123,8,14,11,19.44,23.4,10.31,10,4,18,4,8,59.0,46.53,75.87,87.87,93.37,77.08,2,Banfield 1-1 Huracán,2026-01-22
Platense,0.91,0.69,0.22,0.69,0.67,0.02,0.22,0.02,0.2,0.91,0.69,0.22,,,,,,0,0,0,-0.22,47.9,47.13,,,47.14,0.52,0.91,184,5,12,19,23.08,20.88,12.03,5,4,13,4,7,56.0,30.75,44.87,62.26,53.17,33.49,1,Unión 0-0 Platense,2026-01-22
Unión,0.69,0.91,-0.22,0.67,0.69,-0.02,0.02,0.22,-0.2,0.69,0.91,-0.22,,,,,,0,0,0,0.22,52.1,52.87,,,48.85,0.91,0.52,235,10,19,12,20.88,23.08,10.53,4,5,21,3,11,126.1,69.25,27.2,37.74,105.6,66.51,1,Unión 0-0 Platense,2026-01-22
Defensa y Justicia,0.67,0.42,0.25,0.49,0.3,0.19,0.18,0.12,0.06,0.67,0.42,0.25,,,,,,0,0,0,-0.25,54.4,50.87,,,48.21,0.52,0.3,157,9,10,9,19.23,30.0,6.1,2,4,20,4,6,79.8,55.53,19.8,31.2,54.5,46.59,1,Aldosivi 0-0 Defensa y Justicia,2026-01-22
Aldosivi,0.42,0.67,-0.25,0.3,0.49,-0.19,0.12,0.18,-0.06,0.42,0.67,-0.25,,,,,,0,0,0,0.25,45.6,49.13,,,49.52,0.3,0.52,154,9,9,10,30.0,19.23,9.33,4,2,15,4,18,63.9,44.47,43.67,68.8,62.47,53.41,5,Aldosivi 0-0 Defensa y Justicia,2026-01-22
