Team,xG,xGA,xGD,Open Play xG,Open Play xGA,Open Play xGD,Set Piece xG,Set Piece xGA,Set Piece xGD,npxG,npxGA,npxGD,xG within 5s of Crosses,xGA within 5s of Crosses,xG within 15s of Set Pieces,xGA within 15s of Set Pieces,xGD within 15s of Set Pieces,Goals,Goals Conceded,GD,GD-xGD,Possession,Field Tilt,Vertical Tendency,Opponent Vertical Tendency,Avg Pass Height,xT,xT Against,Passes in Opposition Half,Passes into Box,Shots,Shots Faced,Shots per 1.0 xT,Shots Faced per 1.0 xT Against,PPDA,High Recoveries,High Recoveries Against,Crosses,Corners,Fouls,On-Ball Pressure,On-Ball Pressure Share,Off-Ball Pressure,Off-Ball Pressure Share,Game Control,Game Control Share,Throw-Ins into the Box,Match,Date
Cincinnati II,1.04,1.47,-0.43,0.80,1.47,-0.67,0.24,0.00,0.24,1.04,1.47,-0.43,0.53,0.17,0.24,0.17,0.07,1,3,-2,-1.57,48.70,49.81,16.5,18.6,46.46,0.49,0.53,201,9,10,9,20.41,16.98,21.48,1,5,15,6,9,71.4,49.24,86.93,65.86,38.66,18.85,0,Toronto II 3-1 Cincinnati II,2026-07-17
Toronto II,1.47,1.04,0.43,1.47,0.80,0.67,0.00,0.24,-0.24,1.47,1.04,0.43,0.17,0.53,0.17,0.24,-0.07,3,1,2,1.57,51.30,50.19,18.6,16.5,41.82,0.53,0.49,175,7,9,10,16.98,20.41,18.91,5,1,16,7,8,73.6,50.76,45.07,34.14,166.42,81.15,0,Toronto II 3-1 Cincinnati II,2026-07-17
Columbus Crew II,1.14,1.89,-0.75,1.12,1.72,-0.6,0.02,0.17,-0.15,1.14,1.89,-0.75,0.37,0.49,0.05,0.63,-0.58,2,2,0,0.75,48.3,30.85,10.7,13.9,40.6,0.2,0.85,139,4,10,22,50.0,25.88,12.16,5,10,4,2,12,53.4,20.2,31.73,28.88,34.77,10.98,0,New England II 2-2 Columbus Crew II,2026-07-15
New England II,1.89,1.14,0.75,1.72,1.12,0.6,0.17,0.02,0.15,1.89,1.14,0.75,0.49,0.37,0.63,0.05,0.58,2,2,0,-0.75,51.7,69.15,13.9,10.7,54.17,0.85,0.2,259,28,22,10,25.88,50.0,11.18,10,5,36,9,7,210.9,79.8,78.13,71.12,281.83,89.02,1,New England II 2-2 Columbus Crew II,2026-07-15
Minnesota United II,2.86,2.18,0.68,1.26,1.93,-0.67,0.83,0.25,0.58,2.1,2.18,-0.08,0.98,0.75,0.85,0.21,0.64,3,2,1,0.32,37.8,33.68,18.6,18.9,40.24,0.66,1.32,118,12,13,16,19.7,12.12,16.29,3,6,11,3,16,70.1,30.11,89.53,86.87,94.63,50.19,1,Austin II 2-3 Minnesota United II,2026-07-12
Austin II,2.18,2.86,-0.68,1.93,1.26,0.67,0.25,0.83,-0.58,2.18,2.1,0.08,0.75,0.98,0.21,0.85,-0.64,2,3,-1,-0.32,62.2,66.32,18.9,18.6,45.62,1.32,0.66,237,11,16,13,12.12,19.7,9.25,6,3,28,5,10,162.7,69.89,13.53,13.13,93.93,49.81,0,Austin II 2-3 Minnesota United II,2026-07-12
Tacoma Defiance,1.04,0.93,0.11,0.95,0.86,0.09,0.08,0.06,0.02,1.04,0.93,0.11,0.0,0.23,0.33,0.1,0.23,1,0,1,0.89,36.9,33.44,20.5,22.4,41.56,0.52,0.66,130,16,13,13,25.0,19.7,15.11,5,6,9,4,13,53.6,27.83,139.73,82.78,145.1,55.8,1,San Jose Earthquakes II 0-1 Tacoma Defiance,2026-07-12
San Jose Earthquakes II,0.93,1.04,-0.11,0.86,0.95,-0.09,0.06,0.08,-0.02,0.93,1.04,-0.11,0.23,0.0,0.1,0.33,-0.23,0,1,-1,-0.89,63.1,66.56,22.4,20.5,45.07,0.66,0.52,281,12,13,13,19.7,25.0,10.21,6,5,15,4,13,139.0,72.17,29.07,17.22,114.93,44.2,2,San Jose Earthquakes II 0-1 Tacoma Defiance,2026-07-12
Toronto II,1.44,2.41,-0.97,1.21,2.33,-1.12,0.23,0.08,0.15,1.44,2.41,-0.97,0.56,0.37,0.79,0.52,0.27,2,3,-1,-0.03,55.2,48.34,12.4,27.4,39.68,0.38,0.85,170,6,9,11,23.68,12.94,12.17,3,7,7,3,13,69.7,36.13,24.13,17.7,54.6,20.98,0,Connecticut United 3-2 Toronto II,2026-07-12
Connecticut United,2.41,1.44,0.97,2.33,1.21,1.12,0.08,0.23,-0.15,2.41,1.44,0.97,0.37,0.56,0.52,0.79,-0.27,3,2,1,0.03,44.8,51.66,27.4,12.4,46.91,0.85,0.38,196,12,11,9,12.94,23.68,13.53,7,3,13,2,16,123.2,63.87,112.2,82.3,205.67,79.02,0,Connecticut United 3-2 Toronto II,2026-07-12
Orlando City B,2.63,1.74,0.89,2.56,1.74,0.82,0.07,0.0,0.07,2.63,1.74,0.89,0.57,0.49,0.56,0.1,0.46,2,1,1,0.11,57.1,54.58,12.9,21.6,41.73,0.77,0.74,170,11,12,11,15.58,14.86,12.18,3,10,7,2,8,106.0,60.19,30.93,24.47,82.53,50.08,0,Cincinnati II 1-2 Orlando City B,2026-07-12
Cincinnati II,1.74,2.63,-0.89,1.74,2.56,-0.82,0.0,0.07,-0.07,1.74,2.63,-0.89,0.49,0.57,0.1,0.56,-0.46,1,2,-1,-0.11,42.9,45.42,21.6,12.9,43.71,0.74,0.77,161,6,11,12,14.86,15.58,12.27,10,3,11,2,13,70.1,39.81,95.47,75.53,82.27,49.92,0,Cincinnati II 1-2 Orlando City B,2026-07-12
Chattanooga,1.68,1.28,0.4,1.28,0.49,0.79,0.4,0.03,0.37,1.68,0.52,1.16,0.64,0.24,0.87,0.02,0.85,1,1,0,-0.4,49.8,54.35,21.1,26.0,45.53,0.4,0.48,172,12,16,8,40.0,16.67,7.52,3,3,17,7,20,98.2,63.81,42.93,58.33,100.03,74.76,1,Carolina Core 1-1 Chattanooga,2026-07-12
Carolina Core,1.28,1.68,-0.4,0.49,1.28,-0.79,0.03,0.4,-0.37,0.52,1.68,-1.16,0.24,0.64,0.02,0.87,-0.85,1,1,0,0.4,50.2,45.65,26.0,21.1,46.32,0.48,0.4,155,9,8,16,16.67,40.0,9.97,3,3,19,3,15,55.7,36.19,30.67,41.67,33.77,25.24,0,Carolina Core 1-1 Chattanooga,2026-07-12
New York RB II,0.6,2.72,-2.12,0.55,2.39,-1.84,0.05,0.32,-0.27,0.6,2.72,-2.12,0.25,0.0,0.09,0.35,-0.26,0,3,-3,-0.88,55.3,75.49,25.0,16.0,52.84,0.92,0.66,307,25,10,12,10.87,18.18,8.34,18,3,23,11,14,185.7,78.06,79.47,80.22,131.92,58.89,4,Chicago Fire II 3-0 New York RB II,2026-07-12
Chicago Fire II,2.72,0.6,2.12,2.39,0.55,1.84,0.32,0.05,0.27,2.72,0.6,2.12,0.0,0.25,0.35,0.09,0.26,3,0,3,0.88,44.7,24.51,16.0,25.0,35.38,0.66,0.92,108,6,12,10,18.18,10.87,13.31,3,18,2,2,8,52.2,21.94,19.6,19.78,92.09,41.11,0,Chicago Fire II 3-0 New York RB II,2026-07-12
Huntsville City,0.65,0.93,-0.28,0.53,0.89,-0.36,0.12,0.05,0.07,0.65,0.93,-0.28,0.37,0.49,0.12,0.31,-0.19,0,0,0,0.28,49.7,46.1,16.7,21.8,43.33,0.52,1.34,169,11,9,9,17.31,6.72,10.45,4,6,14,4,13,44.8,38.42,59.73,56.96,42.27,43.6,0,Philadelphia Union II 0-0 Huntsville City,2026-07-12
Philadelphia Union II,0.93,0.65,0.28,0.89,0.53,0.36,0.05,0.12,-0.07,0.93,0.65,0.28,0.49,0.37,0.31,0.12,0.19,0,0,0,-0.28,50.3,53.9,21.8,16.7,48.77,1.34,0.52,228,12,9,9,6.72,17.31,10.89,6,4,16,2,15,71.8,61.58,45.13,43.04,54.67,56.4,0,Philadelphia Union II 0-0 Huntsville City,2026-07-12
Portland Timbers II,0.79,0.63,0.16,0.77,0.63,0.14,0.02,0.0,0.02,0.79,0.63,0.16,0.21,0.11,0.35,0.0,0.35,0,0,0,-0.16,41.7,51.5,22.2,17.2,40.43,0.24,0.4,135,9,8,7,33.33,17.5,21.0,1,8,9,1,7,56.7,44.86,77.0,66.96,100.1,57.46,3,Los Angeles II 0-0 Portland Timbers II,2026-07-11
Los Angeles II,0.63,0.79,-0.16,0.63,0.77,-0.14,0.0,0.02,-0.02,0.63,0.79,-0.16,0.11,0.21,0.0,0.35,-0.35,0,0,0,0.16,58.3,48.5,17.2,22.2,43.33,0.4,0.24,197,11,7,8,17.5,33.33,9.17,8,1,11,1,12,69.7,55.14,38.0,33.04,74.1,42.54,0,Los Angeles II 0-0 Portland Timbers II,2026-07-11
Vancouver Whitecaps II,1.14,2.25,-1.11,1.13,1.97,-0.84,0.01,0.28,-0.27,1.14,2.25,-1.11,0.4,0.0,0.33,0.35,-0.02,1,2,-1,0.11,45.0,46.27,24.0,14.1,40.13,0.68,0.81,143,10,14,20,20.59,24.69,14.04,4,9,10,3,9,48.5,31.21,74.0,71.57,82.43,47.74,0,Real Monarchs 2-1 Vancouver Whitecaps II,2026-07-11
Real Monarchs,2.25,1.14,1.11,1.97,1.13,0.84,0.28,0.01,0.27,2.25,1.14,1.11,0.0,0.4,0.35,0.33,0.02,2,1,1,-0.11,55.0,53.73,14.1,24.0,44.47,0.81,0.68,187,9,20,14,24.69,20.59,9.43,9,4,8,2,15,106.9,68.79,29.4,28.43,90.23,52.26,0,Real Monarchs 2-1 Vancouver Whitecaps II,2026-07-11
North Texas,1.34,1.53,-0.19,1.24,0.9,0.34,0.1,0.63,-0.53,1.34,1.53,-0.19,0.52,0.0,0.24,0.11,0.13,0,1,-1,-0.81,48.5,51.06,16.2,20.4,45.9,0.7,0.37,175,15,15,14,21.43,37.84,9.73,5,5,13,5,20,114.6,51.41,85.6,66.19,151.6,59.26,0,Colorado Rapids II 1-0 North Texas,2026-07-11
Colorado Rapids II,1.53,1.34,0.19,0.9,1.24,-0.34,0.63,0.1,0.53,1.53,1.34,0.19,0.0,0.52,0.11,0.24,-0.13,1,0,1,0.81,51.5,48.94,20.4,16.2,42.25,0.37,0.7,163,7,14,15,37.84,21.43,12.88,5,5,7,5,11,108.3,48.59,43.73,33.81,104.23,40.74,1,Colorado Rapids II 1-0 North Texas,2026-07-11
St. Louis City II,2.13,1.85,0.28,2.09,1.43,0.66,0.04,0.42,-0.38,2.13,1.85,0.28,1.12,0.26,0.21,0.42,-0.21,1,2,-1,-1.28,59.5,65.9,19.4,12.7,46.83,0.56,0.48,244,9,12,12,21.43,25.0,7.88,4,9,25,4,18,129.1,66.72,50.6,32.03,105.2,44.67,2,Houston Dynamo II 2-1 St. Louis City II,2026-07-11
Houston Dynamo II,1.85,2.13,-0.28,1.43,2.09,-0.66,0.42,0.04,0.38,1.85,2.13,-0.28,0.26,1.12,0.42,0.21,0.21,2,1,1,1.28,40.5,34.1,12.7,19.4,41.88,0.48,0.56,125,9,12,12,25.0,21.43,10.62,9,4,8,4,15,64.4,33.28,107.4,67.97,130.3,55.33,1,Houston Dynamo II 2-1 St. Louis City II,2026-07-11
New York City II,1.44,1.23,0.21,0.55,0.51,0.04,0.12,0.72,-0.6,0.68,1.23,-0.55,0.07,0.77,0.12,0.87,-0.75,3,0,3,2.79,62.0,63.16,17.9,17.6,47.41,0.38,0.61,285,5,11,9,28.95,14.75,7.74,8,4,9,5,17,154.2,69.58,12.47,9.33,125.93,67.88,0,Crown Legacy 0-3 New York City II,2026-07-11
Crown Legacy,1.23,1.44,-0.21,0.51,0.55,-0.04,0.72,0.12,0.6,1.23,0.68,0.55,0.77,0.07,0.87,0.12,0.75,0,3,-3,-2.79,38.0,36.84,17.6,17.9,42.13,0.61,0.38,140,8,9,11,14.75,28.95,18.19,4,8,18,9,10,67.4,30.42,121.13,90.67,59.6,32.12,0,Crown Legacy 0-3 New York City II,2026-07-11
Inter Miami II,0.71,4.49,-3.78,0.47,3.16,-2.69,0.24,1.33,-1.09,0.71,4.49,-3.78,0.17,1.35,0.22,1.19,-0.97,1,4,-3,0.78,53.8,34.36,21.9,24.4,35.62,0.5,1.34,91,12,13,26,26.0,19.4,8.65,2,12,10,4,11,63.4,24.89,13.6,12.33,31.63,9.75,0,Atlanta United II 4-1 Inter Miami II,2026-07-11
Atlanta United II,4.49,0.71,3.78,3.16,0.47,2.69,1.33,0.24,1.09,4.49,0.71,3.78,1.35,0.17,1.19,0.22,0.97,4,1,3,-0.78,46.2,65.64,24.4,21.9,50.46,1.34,0.5,181,26,26,13,19.4,26.0,9.17,12,2,22,11,16,191.3,75.11,96.73,87.67,292.67,90.25,2,Atlanta United II 4-1 Inter Miami II,2026-07-11
Sporting KC II,0.71,3.47,-2.76,0.67,3.19,-2.52,0.04,0.28,-0.24,0.71,3.47,-2.76,0.41,0.87,0.04,1.0,-0.96,1,6,-5,-2.24,48.8,42.46,16.5,16.2,43.56,0.32,1.26,203,7,6,18,18.75,14.29,17.19,6,3,15,3,10,50.5,26.06,69.07,63.21,39.46,13.47,0,San Jose Earthquakes II 6-1 Sporting KC II,2026-07-07
San Jose Earthquakes II,3.47,0.71,2.76,3.19,0.67,2.52,0.28,0.04,0.24,3.47,0.71,2.76,0.87,0.41,1.0,0.04,0.96,6,1,5,2.24,51.2,57.54,16.2,16.5,44.49,1.26,0.32,221,24,18,6,14.29,18.75,12.29,3,6,25,5,14,143.3,73.94,40.2,36.79,253.41,86.53,0,San Jose Earthquakes II 6-1 Sporting KC II,2026-07-07
Ventura County,1.88,1.52,0.36,1.57,1.51,0.06,0.31,0.01,0.3,1.88,1.52,0.36,0.71,0.2,0.42,0.01,0.41,2,3,-1,-1.36,59.3,65.87,29.6,19.8,44.36,1.5,0.18,219,20,18,10,12.0,55.56,8.95,6,6,32,13,10,135.6,78.07,17.13,21.92,110.03,64.13,0,Vancouver Whitecaps II 3-2 Ventura County,2026-07-07
Vancouver Whitecaps II,1.52,1.88,-0.36,1.51,1.57,-0.06,0.01,0.31,-0.3,1.52,1.88,-0.36,0.2,0.71,0.01,0.42,-0.41,3,2,1,1.36,40.7,34.13,19.8,29.6,43.07,0.18,1.5,145,5,10,18,55.56,12.0,13.24,6,6,10,3,16,38.1,21.93,61.0,78.08,61.53,35.87,1,Vancouver Whitecaps II 3-2 Ventura County,2026-07-07
Portland Timbers II,1.31,0.23,1.08,0.48,0.21,0.27,0.07,0.03,0.04,0.55,0.23,0.32,0.09,0.0,0.17,0.06,0.11,2,0,2,0.92,46.0,45.8,18.3,19.0,43.8,0.47,0.51,164,11,11,5,23.4,9.8,10.69,8,6,8,4,14,69.9,51.74,65.47,51.69,102.33,57.14,1,Tacoma Defiance 0-2 Portland Timbers II,2026-07-05
Tacoma Defiance,0.23,1.31,-1.08,0.21,0.48,-0.27,0.03,0.07,-0.04,0.23,0.55,-0.32,0.0,0.09,0.06,0.17,-0.11,0,2,-2,-0.92,54.0,54.2,19.0,18.3,46.16,0.51,0.47,218,11,5,11,9.8,23.4,10.54,6,8,19,5,14,65.2,48.26,61.2,48.31,76.77,42.86,1,Tacoma Defiance 0-2 Portland Timbers II,2026-07-05
Real Monarchs,0.68,3.92,-3.24,0.58,2.43,-1.85,0.1,1.48,-1.38,0.68,3.92,-3.24,0.41,0.66,0.29,1.55,-1.26,2,2,0,3.24,44.1,26.36,14.7,15.9,34.82,0.36,1.03,84,5,6,27,16.67,26.21,15.96,1,12,7,3,14,25.8,11.96,33.87,37.69,26.27,11.83,1,Los Angeles II 2-2 Real Monarchs,2026-07-05
Los Angeles II,3.92,0.68,3.24,2.43,0.58,1.85,1.48,0.1,1.38,3.92,0.68,3.24,0.66,0.41,1.55,0.29,1.26,2,2,0,-3.24,55.9,73.64,15.9,14.7,50.94,1.03,0.36,264,13,27,6,26.21,16.67,7.87,12,1,27,8,15,189.9,88.04,56.0,62.31,195.7,88.17,1,Los Angeles II 2-2 Real Monarchs,2026-07-05
Colorado Rapids II,1.93,1.65,0.28,1.17,1.65,-0.48,0.0,0.01,-0.01,1.17,1.65,-0.48,0.41,0.17,0.14,0.83,-0.69,2,3,-1,-1.28,64.5,66.19,18.9,22.0,48.36,0.48,0.25,286,8,15,8,31.25,32.0,6.87,7,12,24,9,19,173.4,72.07,15.27,10.08,84.83,38.89,1,Austin II 3-2 Colorado Rapids II,2026-07-05
Austin II,1.65,1.93,-0.28,1.65,1.17,0.48,0.01,0.0,0.01,1.65,1.17,0.48,0.17,0.41,0.83,0.14,0.69,3,2,1,1.28,35.5,33.81,22.0,18.9,39.79,0.25,0.48,109,12,8,15,32.0,31.25,11.85,12,7,9,2,13,67.2,27.93,136.27,89.92,133.3,61.11,1,Austin II 3-2 Colorado Rapids II,2026-07-05
Chicago Fire II,1.06,1.97,-0.91,1.06,1.4,-0.34,0.0,0.57,-0.57,1.06,1.97,-0.91,0.19,0.0,0.05,0.59,-0.54,2,2,0,0.91,45.7,62.59,21.6,15.8,50.63,0.51,0.21,254,8,12,12,23.53,57.14,16.47,6,3,19,5,14,148.6,67.51,125.73,70.87,195.8,82.82,0,Huntsville City 2-2 Chicago Fire II,2026-07-05
Huntsville City,1.97,1.06,0.91,1.4,1.06,0.34,0.57,0.0,0.57,1.97,1.06,0.91,0.0,0.19,0.59,0.05,0.54,2,2,0,-0.91,54.3,37.41,15.8,21.6,42.16,0.21,0.51,185,8,12,12,57.14,23.53,14.48,3,6,8,3,5,71.5,32.49,51.67,29.13,40.63,17.18,0,Huntsville City 2-2 Chicago Fire II,2026-07-05
Orlando City B,1.66,2.2,-0.54,1.58,2.04,-0.46,0.08,0.17,-0.09,1.66,2.2,-0.54,0.11,0.33,0.14,0.34,-0.2,1,1,0,0.54,49.1,41.97,21.2,12.5,41.13,0.53,0.72,173,10,11,10,20.75,13.89,17.17,5,7,10,5,13,72.2,40.36,31.6,32.87,69.3,33.64,0,Crown Legacy 1-1 Orlando City B,2026-07-05
Crown Legacy,2.2,1.66,0.54,2.04,1.58,0.46,0.17,0.08,0.09,2.2,1.66,0.54,0.33,0.11,0.34,0.14,0.2,1,1,0,-0.54,50.9,58.03,12.5,21.2,46.85,0.72,0.53,232,16,10,11,13.89,20.75,17.04,7,5,16,3,7,106.7,59.64,64.53,67.13,136.73,66.36,0,Crown Legacy 1-1 Orlando City B,2026-07-05
Carolina Core,2.33,2.21,0.12,2.32,2.21,0.11,0.02,0.0,0.02,2.33,2.21,0.12,0.91,0.5,0.45,0.4,0.05,1,3,-2,-2.12,59.7,53.85,22.1,23.0,43.99,1.2,0.8,212,18,17,15,14.17,18.75,7.56,6,9,17,5,14,105.9,56.0,16.47,13.38,44.23,19.53,0,Connecticut United 3-1 Carolina Core,2026-07-05
Connecticut United,2.21,2.33,-0.12,2.21,2.32,-0.11,0.0,0.02,-0.02,2.21,2.33,-0.12,0.5,0.91,0.4,0.45,-0.05,3,1,2,2.12,40.3,46.15,23.0,22.1,46.88,0.8,1.2,182,17,15,17,18.75,14.17,8.38,9,6,8,2,22,83.2,44.0,106.67,86.62,182.2,80.47,2,Connecticut United 3-1 Carolina Core,2026-07-05
New York RB II,1.52,1.9,-0.38,1.49,1.11,0.38,0.03,0.03,0.0,1.52,1.14,0.38,0.17,0.42,0.03,0.72,-0.69,2,2,0,0.38,59.9,54.55,20.0,14.5,45.47,1.08,0.31,208,15,12,12,11.11,38.71,9.03,1,2,13,4,16,95.8,63.57,24.8,22.09,90.6,52.81,0,Cincinnati II 2-2 New York RB II,2026-07-05
Cincinnati II,1.9,1.52,0.38,1.11,1.49,-0.38,0.03,0.03,0.0,1.14,1.52,-0.38,0.42,0.17,0.72,0.03,0.69,2,2,0,-0.38,40.1,45.45,14.5,20.0,43.75,0.31,1.08,131,12,12,12,38.71,11.11,13.76,2,1,19,6,12,54.9,36.43,87.47,77.91,80.97,47.19,3,Cincinnati II 2-2 New York RB II,2026-07-05
Minnesota United II,0.21,3.29,-3.08,0.21,2.53,-2.32,0.0,0.0,0.0,0.21,2.53,-2.32,0.0,0.45,0.0,0.32,-0.32,0,4,-4,-0.92,47.5,34.94,27.7,19.6,38.38,0.2,0.98,116,1,3,22,15.0,22.45,14.52,2,13,12,2,6,24.5,11.06,36.93,41.94,17.23,5.6,1,Houston Dynamo II 4-0 Minnesota United II,2026-07-05
Houston Dynamo II,3.29,0.21,3.08,2.53,0.21,2.32,0.0,0.0,0.0,2.53,0.21,2.32,0.45,0.0,0.32,0.0,0.32,4,0,4,0.92,52.5,65.06,19.6,27.7,50.42,0.98,0.2,204,20,22,3,22.45,15.0,8.97,13,2,17,4,17,197.0,88.94,51.13,58.06,290.32,94.4,2,Houston Dynamo II 4-0 Minnesota United II,2026-07-05
Philadelphia Union II,1.68,3.7,-2.02,1.68,2.58,-0.9,0.0,1.12,-1.12,1.68,3.7,-2.02,0.0,0.67,0.0,1.94,-1.94,4,0,4,6.02,31.1,16.54,27.7,23.5,34.95,0.09,2.45,44,1,5,32,55.56,13.06,12.03,1,9,1,0,16,4.4,1.52,62.8,81.21,42.13,25.24,0,New England II 0-4 Philadelphia Union II,2026-07-05
New England II,3.7,1.68,2.02,2.58,1.68,0.9,1.12,0.0,1.12,3.7,1.68,2.02,0.67,0.0,1.94,0.0,1.94,0,4,-4,-6.02,68.9,83.46,23.5,27.7,53.04,2.45,0.09,283,37,32,5,13.06,55.56,5.97,9,1,40,11,12,284.6,98.48,14.53,18.79,124.77,74.76,0,New England II 0-4 Philadelphia Union II,2026-07-05
St. Louis City II,0.44,1.6,-1.16,0.44,1.1,-0.66,0.0,0.49,-0.49,0.44,1.6,-1.16,0.2,0.63,0.0,0.49,-0.49,0,3,-3,-1.84,49.7,51.94,14.6,9.6,48.72,0.45,0.48,238,6,7,10,15.56,20.83,12.12,5,6,13,1,14,103.5,51.52,71.93,50.65,75.87,45.49,2,North Texas 3-0 St. Louis City II,2026-07-04
North Texas,1.6,0.44,1.16,1.1,0.44,0.66,0.49,0.0,0.49,1.6,0.44,1.16,0.63,0.2,0.49,0.0,0.49,3,0,3,1.84,50.3,48.06,9.6,14.6,45.38,0.48,0.45,202,6,10,7,20.83,15.56,9.95,6,5,11,5,15,97.4,48.48,70.07,49.35,90.93,54.51,0,North Texas 3-0 St. Louis City II,2026-07-04
Inter Miami II,1.44,0.8,0.64,0.68,0.43,0.25,0.77,0.37,0.4,1.44,0.8,0.64,0.3,0.0,0.91,0.37,0.54,0,1,-1,-1.64,56.7,55.18,27.2,10.2,46.95,0.44,0.37,177,16,14,10,31.82,27.03,9.96,6,5,19,6,8,127.2,63.63,37.87,37.0,116.5,54.93,2,Chattanooga 1-0 Inter Miami II,2026-07-04
Chattanooga,0.8,1.44,-0.64,0.43,0.68,-0.25,0.37,0.77,-0.4,0.8,1.44,-0.64,0.0,0.3,0.37,0.91,-0.54,1,0,1,1.64,43.3,44.82,10.2,27.2,43.78,0.37,0.44,133,7,10,14,27.03,31.82,13.42,5,6,15,3,11,72.7,36.37,64.47,63.0,95.6,45.07,3,Chattanooga 1-0 Inter Miami II,2026-07-04
Toronto II,1.69,0.92,0.77,0.65,0.67,-0.02,1.04,0.25,0.79,1.69,0.92,0.77,1.42,0.03,1.12,0.2,0.92,0,1,-1,-1.77,46.1,41.35,17.7,20.2,38.6,0.58,0.48,129,4,7,14,12.07,29.17,14.48,3,12,9,2,9,79.0,40.49,51.2,49.01,75.57,36.21,0,Atlanta United II 1-0 Toronto II,2026-07-04
Atlanta United II,0.92,1.69,-0.77,0.67,0.65,0.02,0.25,1.04,-0.79,0.92,1.69,-0.77,0.03,1.42,0.2,1.12,-0.92,1,0,1,1.77,53.9,58.65,20.2,17.7,43.57,0.48,0.58,185,12,14,7,29.17,12.07,9.41,12,3,18,10,14,116.1,59.51,53.27,50.99,133.13,63.79,1,Atlanta United II 1-0 Toronto II,2026-07-04
Houston Dynamo II,0.84,2.19,-1.35,0.7,1.31,-0.61,0.14,0.12,0.02,0.84,1.43,-0.59,0.23,0.13,0.26,0.12,0.14,1,3,-2,-0.65,54.7,59.12,9.9,24.3,45.79,0.43,0.47,209,6,12,16,27.91,34.04,10.12,6,7,19,9,10,107.4,61.16,27.13,25.09,81.97,41.52,2,Los Angeles II 3-1 Houston Dynamo II,2026-06-28
Los Angeles II,2.19,0.84,1.35,1.31,0.7,0.61,0.12,0.14,-0.02,1.43,0.84,0.59,0.13,0.23,0.12,0.26,-0.14,3,1,2,0.65,45.3,40.88,24.3,9.9,43.95,0.47,0.43,140,12,16,12,34.04,27.91,11.09,7,6,11,1,13,68.2,38.84,81.0,74.91,115.43,58.48,1,Los Angeles II 3-1 Houston Dynamo II,2026-06-28
Columbus Crew II,3.17,2.17,1.0,2.68,2.17,0.51,0.49,0.0,0.49,3.17,2.17,1.0,0.31,0.0,0.64,0.24,0.4,2,2,0,-1.0,47.5,63.11,17.4,16.0,45.51,0.89,0.31,204,21,24,11,26.97,35.48,12.5,17,4,7,4,12,193.1,83.38,114.4,65.57,258.23,84.38,0,Orlando City B 2-2 Columbus Crew II,2026-06-28
Orlando City B,2.17,3.17,-1.0,2.17,2.68,-0.51,0.0,0.49,-0.49,2.17,3.17,-1.0,0.0,0.31,0.24,0.64,-0.4,2,2,0,1.0,52.5,36.89,16.0,17.4,41.57,0.31,0.89,170,7,11,24,35.48,26.97,13.29,4,17,7,1,9,38.5,16.62,60.07,34.43,47.8,15.62,0,Orlando City B 2-2 Columbus Crew II,2026-06-28
Tacoma Defiance,2.84,1.21,1.63,1.58,1.21,0.37,0.5,0.0,0.5,2.08,1.21,0.87,1.02,0.2,0.7,0.26,0.44,2,2,0,-1.63,50.1,54.15,28.7,18.4,48.14,0.84,0.3,194,15,15,11,17.86,36.67,10.32,13,5,16,5,15,94.4,63.96,91.8,78.24,142.23,79.9,1,Minnesota United II 2-2 Tacoma Defiance,2026-06-28
Minnesota United II,1.21,2.84,-1.63,1.21,1.58,-0.37,0.0,0.5,-0.5,1.21,2.08,-0.87,0.2,1.02,0.26,0.7,-0.44,2,2,0,1.63,49.9,45.85,18.4,28.7,39.02,0.3,0.84,144,8,11,15,36.67,17.86,12.13,5,13,19,4,8,53.2,36.04,25.53,21.76,35.77,20.1,0,Minnesota United II 2-2 Tacoma Defiance,2026-06-28
Philadelphia Union II,0.29,3.31,-3.02,0.29,3.22,-2.93,0.0,0.09,-0.09,0.29,3.31,-3.02,0.19,0.04,0.09,0.13,-0.04,0,5,-5,-1.98,36.7,25.64,24.6,13.6,38.8,0.22,1.55,93,4,4,16,18.18,10.32,14.0,3,13,7,0,13,15.4,7.67,111.6,87.14,30.17,11.72,2,New York RB II 5-0 Philadelphia Union II,2026-06-28
New York RB II,3.31,0.29,3.02,3.22,0.29,2.93,0.09,0.0,0.09,3.31,0.29,3.02,0.04,0.19,0.13,0.09,0.04,5,0,5,1.98,63.3,74.36,13.6,24.6,47.93,1.55,0.22,272,21,16,4,10.32,18.18,6.51,13,3,17,7,18,185.5,92.33,16.47,12.86,227.32,88.28,1,New York RB II 5-0 Philadelphia Union II,2026-06-28
Inter Miami II,0.66,1.13,-0.47,0.66,0.65,0.01,0.01,0.48,-0.47,0.66,1.13,-0.47,0.0,0.0,0.01,0.6,-0.59,0,1,-1,-0.53,64.3,48.07,27.5,21.2,37.6,0.51,0.23,124,6,5,10,9.8,43.48,6.82,2,4,10,3,14,61.8,42.36,5.93,4.68,35.07,16.2,0,Cincinnati II 1-0 Inter Miami II,2026-06-28
Cincinnati II,1.13,0.66,0.47,0.65,0.66,-0.01,0.48,0.01,0.47,1.13,0.66,0.47,0.0,0.0,0.6,0.01,0.59,1,0,1,0.53,35.7,51.93,21.2,27.5,49.99,0.23,0.51,132,5,10,5,43.48,9.8,12.94,4,2,15,2,16,84.1,57.64,120.73,95.32,181.47,83.8,4,Cincinnati II 1-0 Inter Miami II,2026-06-28
Huntsville City,0.6,2.38,-1.78,0.6,1.83,-1.23,0.0,0.56,-0.56,0.6,2.38,-1.78,0.22,0.34,0.0,0.56,-0.56,0,1,-1,0.78,40.7,38.7,24.7,22.2,46.33,0.45,0.97,166,6,5,21,11.11,21.65,13.59,3,5,7,1,11,67.0,24.78,61.2,67.25,52.3,20.83,0,Carolina Core 1-0 Huntsville City,2026-06-28
Carolina Core,2.38,0.6,1.78,1.83,0.6,1.23,0.56,0.0,0.56,2.38,0.6,1.78,0.34,0.22,0.56,0.0,0.56,1,0,1,-0.78,59.3,61.3,22.2,24.7,52.11,0.97,0.45,299,15,21,5,21.65,11.11,8.56,5,3,27,13,12,203.4,75.22,29.8,32.75,198.8,79.17,1,Carolina Core 1-0 Huntsville City,2026-06-28
New England II,2.97,0.26,2.71,2.97,0.26,2.71,0.0,0.0,0.0,2.97,0.26,2.71,1.22,0.0,0.82,0.04,0.78,3,1,2,-0.71,57.4,59.63,18.5,15.7,50.51,1.47,0.36,265,17,12,4,8.16,11.11,11.36,6,7,18,2,11,176.1,81.72,36.6,33.17,153.63,72.6,0,Toronto II 1-3 New England II,2026-06-28
Toronto II,0.26,2.97,-2.71,0.26,2.97,-2.71,0.0,0.0,0.0,0.26,2.97,-2.71,0.0,1.22,0.04,0.82,-0.78,1,3,-2,0.71,42.6,40.37,15.7,18.5,45.99,0.36,1.47,166,2,4,12,11.11,8.16,14.03,7,6,7,1,8,39.4,18.28,73.73,66.83,57.97,27.4,0,Toronto II 1-3 New England II,2026-06-28
Real Monarchs,0.78,2.03,-1.25,0.78,1.9,-1.12,0.0,0.13,-0.13,0.78,2.03,-1.25,0.0,0.69,0.01,0.6,-0.59,1,3,-2,-0.75,43.1,41.7,10.4,20.0,42.0,0.29,0.46,142,8,8,12,27.59,26.09,10.38,9,2,9,3,19,54.3,30.4,88.93,76.36,65.57,45.15,1,Ventura County 3-1 Real Monarchs,2026-06-27
Ventura County,2.03,0.78,1.25,1.9,0.78,1.12,0.13,0.0,0.13,2.03,0.78,1.25,0.69,0.0,0.6,0.01,0.59,3,1,2,0.75,56.9,58.3,20.0,10.4,41.3,0.46,0.29,174,15,12,8,26.09,27.59,7.95,2,9,25,8,12,124.3,69.6,27.53,23.64,79.67,54.85,5,Ventura County 3-1 Real Monarchs,2026-06-27
Vancouver Whitecaps II,1.16,0.61,0.55,1.13,0.61,0.52,0.03,0.0,0.03,1.16,0.61,0.55,1.03,0.08,0.74,0.0,0.74,0,1,-1,-1.55,52.7,62.21,13.3,21.4,46.34,0.3,0.24,231,12,9,8,30.0,33.33,10.29,6,3,23,4,15,119.4,66.41,84.2,65.24,135.1,77.43,0,Colorado Rapids II 1-0 Vancouver Whitecaps II,2026-06-27
Colorado Rapids II,0.61,1.16,-0.55,0.61,1.13,-0.52,0.0,0.03,-0.03,0.61,1.16,-0.55,0.08,1.03,0.0,0.74,-0.74,1,0,1,1.55,47.3,37.79,21.4,13.3,36.71,0.24,0.3,116,5,8,9,33.33,30.0,12.67,3,6,5,2,20,60.4,33.59,44.87,34.76,39.37,22.57,0,Colorado Rapids II 1-0 Vancouver Whitecaps II,2026-06-27
Crown Legacy,1.47,3.96,-2.49,1.16,3.05,-1.89,0.31,0.15,0.16,1.47,3.2,-1.73,0.4,0.83,0.41,0.73,-0.32,3,3,0,2.49,39.2,22.29,14.8,16.0,37.54,0.59,1.81,94,8,8,25,13.56,13.81,25.0,2,13,6,3,7,17.0,5.82,49.87,48.7,29.83,9.79,1,Atlanta United II 3-3 Crown Legacy,2026-06-27
Atlanta United II,3.96,1.47,2.49,3.05,1.16,1.89,0.15,0.31,-0.16,3.2,1.47,1.73,0.83,0.4,0.73,0.41,0.32,3,3,0,-2.49,60.8,77.71,16.0,14.8,54.84,1.81,0.59,304,27,25,8,13.81,13.56,8.46,13,2,33,8,10,275.0,94.18,52.53,51.3,275.0,90.21,6,Atlanta United II 3-3 Crown Legacy,2026-06-27
Chicago Fire II,0.42,2.12,-1.7,0.4,1.9,-1.5,0.02,0.21,-0.19,0.42,2.12,-1.7,0.12,1.21,0.14,0.41,-0.27,2,2,0,1.7,47.7,41.94,17.3,19.4,44.97,0.27,1.13,202,7,7,18,25.93,15.93,24.72,2,6,10,5,6,64.7,27.78,65.53,51.06,38.43,22.46,1,Chattanooga 2-2 Chicago Fire II,2026-06-27
Chattanooga,2.12,0.42,1.7,1.9,0.4,1.5,0.21,0.02,0.19,2.12,0.42,1.7,1.21,0.12,0.41,0.14,0.27,2,2,0,-1.7,52.3,58.06,19.4,17.3,45.79,1.13,0.27,215,15,18,7,15.93,25.93,20.24,6,2,16,6,6,168.2,72.22,62.8,48.94,132.7,77.54,4,Chattanooga 2-2 Chicago Fire II,2026-06-27
San Jose Earthquakes II,2.67,1.29,1.38,2.67,1.27,1.4,0.0,0.02,-0.02,2.67,1.29,1.38,1.26,0.29,1.11,0.12,0.99,3,2,1,-0.38,41.9,35.02,23.5,12.9,40.26,0.17,0.92,128,6,11,13,64.71,14.13,15.22,5,3,13,4,12,33.9,19.32,53.2,59.55,54.1,30.24,1,Portland Timbers II 2-3 San Jose Earthquakes II,2026-06-27
Portland Timbers II,1.29,2.67,-1.38,1.27,2.67,-1.4,0.02,0.0,0.02,1.29,2.67,-1.38,0.29,1.26,0.12,1.11,-0.99,2,3,-1,0.38,58.1,64.98,12.9,23.5,49.28,0.92,0.17,281,15,13,11,14.13,64.71,11.61,3,5,32,8,10,141.6,80.68,36.13,40.45,124.83,69.76,1,Portland Timbers II 2-3 San Jose Earthquakes II,2026-06-27
New York City II,3.6,2.07,1.53,3.53,1.94,1.59,0.07,0.13,-0.06,3.6,2.07,1.53,0.71,0.85,0.08,1.39,-1.31,4,1,3,1.47,57.0,43.34,13.7,30.4,39.48,0.95,1.22,170,13,14,12,14.74,9.84,13.82,1,6,8,2,12,126.0,52.92,49.07,23.64,120.27,44.69,0,Connecticut United 1-4 New York City II,2026-06-26
Connecticut United,2.07,3.6,-1.53,1.94,3.53,-1.59,0.13,0.07,0.06,2.07,3.6,-1.53,0.85,0.71,1.39,0.08,1.31,1,4,-3,-1.47,43.0,56.66,30.4,13.7,48.54,1.22,0.95,207,18,12,14,9.84,14.74,15.57,6,1,26,8,13,112.1,47.08,158.53,76.36,148.83,55.31,3,Connecticut United 1-4 New York City II,2026-06-26
Minnesota United II,0.42,2.31,-1.89,0.42,1.5,-1.08,0.0,0.05,-0.05,0.42,1.55,-1.13,0.05,0.38,0.0,0.15,-0.15,0,1,-1,0.89,46.0,44.75,22.5,23.0,42.82,0.53,0.7,172,5,7,18,13.21,25.71,16.68,5,7,14,1,8,41.8,24.2,80.33,73.29,72.9,36.66,1,Los Angeles II 1-0 Minnesota United II,2026-06-24
Los Angeles II,2.31,0.42,1.89,1.5,0.42,1.08,0.05,0.0,0.05,1.55,0.42,1.13,0.38,0.05,0.15,0.0,0.15,1,0,1,-0.89,54.0,55.25,23.0,22.5,45.17,0.7,0.53,225,15,18,7,25.71,13.21,9.48,7,5,15,5,18,130.9,75.8,29.27,26.71,125.93,63.34,0,Los Angeles II 1-0 Minnesota United II,2026-06-24
Real Monarchs,1.07,2.75,-1.68,1.07,2.69,-1.62,0.0,0.06,-0.06,1.07,2.75,-1.68,0.0,0.86,0.04,0.76,-0.72,0,1,-1,0.68,60.8,60.69,20.2,26.3,46.13,0.55,0.76,249,8,13,13,23.64,17.11,6.08,8,5,20,2,19,81.1,55.43,24.2,16.77,31.03,19.9,0,Tacoma Defiance 1-0 Real Monarchs,2026-06-21
Tacoma Defiance,2.75,1.07,1.68,2.69,1.07,1.62,0.06,0.0,0.06,2.75,1.07,1.68,0.86,0.0,0.76,0.04,0.72,1,0,1,-0.68,39.2,39.31,26.3,20.2,42.62,0.76,0.55,130,10,13,13,17.11,23.64,10.29,5,8,12,4,24,65.2,44.57,120.07,83.23,124.9,80.1,0,Tacoma Defiance 1-0 Real Monarchs,2026-06-21
Sporting KC II,1.39,1.81,-0.42,1.29,1.05,0.24,0.1,0.0,0.1,1.39,1.05,0.34,0.41,0.09,0.1,0.14,-0.04,1,2,-1,-0.58,53.5,47.54,17.9,13.6,42.48,0.26,0.2,191,7,9,9,34.62,45.0,9.19,3,3,14,3,11,55.6,38.45,56.2,41.02,56.97,24.86,0,Austin II 2-1 Sporting KC II,2026-06-21
Austin II,1.81,1.39,0.42,1.05,1.29,-0.24,0.0,0.1,-0.1,1.05,1.39,-0.34,0.09,0.41,0.14,0.1,0.04,2,1,1,0.58,46.5,52.46,13.6,17.9,42.06,0.2,0.26,153,9,9,9,45.0,34.62,11.38,3,3,7,0,19,89.0,61.55,80.8,58.98,172.17,75.14,0,Austin II 2-1 Sporting KC II,2026-06-21
Philadelphia Union II,1.36,2.95,-1.59,1.3,2.79,-1.49,0.06,0.15,-0.09,1.36,2.95,-1.59,0.48,0.89,0.12,0.13,-0.01,2,1,1,2.59,31.9,36.4,29.0,18.4,43.05,0.81,0.87,101,7,17,28,20.99,32.18,15.8,7,5,9,5,10,57.4,24.3,163.4,96.76,161.87,65.48,0,Orlando City B 1-2 Philadelphia Union II,2026-06-21
Orlando City B,2.95,1.36,1.59,2.79,1.3,1.49,0.15,0.06,0.09,2.95,1.36,1.59,0.89,0.48,0.13,0.12,0.01,1,2,-1,-2.59,68.1,63.6,18.4,29.0,43.7,0.87,0.81,229,19,28,17,32.18,20.99,9.83,5,7,16,7,10,178.8,75.7,5.47,3.24,85.33,34.52,0,Orlando City B 1-2 Philadelphia Union II,2026-06-21
Toronto II,1.91,3.47,-1.56,1.78,3.06,-1.28,0.12,0.41,-0.29,1.91,3.47,-1.56,0.76,0.67,0.31,0.51,-0.2,0,5,-5,-3.44,50.4,42.63,17.0,21.6,40.86,0.45,1.32,176,13,13,20,28.89,15.15,11.3,5,13,16,6,12,54.8,26.03,52.93,43.65,50.3,14.0,0,New York RB II 5-0 Toronto II,2026-06-21
New York RB II,3.47,1.91,1.56,3.06,1.78,1.28,0.41,0.12,0.29,3.47,1.91,1.56,0.67,0.76,0.51,0.31,0.2,5,0,5,3.44,49.6,57.37,21.6,17.0,49.1,1.32,0.45,239,17,20,13,15.15,28.89,9.26,13,5,8,5,20,155.7,73.97,68.33,56.35,309.07,86.0,2,New York RB II 5-0 Toronto II,2026-06-21
Chattanooga,1.49,1.19,0.3,1.49,0.34,1.15,0.0,0.09,-0.09,1.49,0.43,1.06,0.74,0.09,0.0,0.05,-0.05,1,1,0,-0.3,41.2,50.33,13.8,16.8,45.41,0.6,0.42,171,9,10,7,16.67,16.67,15.97,5,7,16,3,9,101.7,56.13,131.73,85.58,187.4,81.99,2,New York City II 1-1 Chattanooga,2026-06-21
New York City II,1.19,1.49,-0.3,0.34,1.49,-1.15,0.09,0.0,0.09,0.43,1.49,-1.06,0.09,0.74,0.05,0.0,0.05,1,1,0,0.3,58.8,49.67,16.8,13.8,42.04,0.42,0.6,197,8,7,10,16.67,16.67,11.18,7,5,15,5,11,79.5,43.87,22.2,14.42,41.17,18.01,1,New York City II 1-1 Chattanooga,2026-06-21
Atlanta United II,1.54,3.04,-1.5,1.23,3.04,-1.81,0.31,0.0,0.31,1.54,3.04,-1.5,0.49,0.65,0.38,0.84,-0.46,2,3,-1,0.5,56.2,65.43,26.5,17.6,42.52,1.02,1.43,178,15,15,10,14.71,6.99,10.06,9,5,21,5,11,123.1,68.16,27.07,29.64,71.43,46.2,3,Columbus Crew II 3-2 Atlanta United II,2026-06-21
Columbus Crew II,3.04,1.54,1.5,3.04,1.23,1.81,0.0,0.31,-0.31,3.04,1.54,1.5,0.65,0.49,0.84,0.38,0.46,3,2,1,-0.5,43.8,34.57,17.6,26.5,39.48,1.43,1.02,124,8,10,15,6.99,14.71,14.5,5,9,5,2,12,57.5,31.84,64.27,70.36,83.17,53.8,0,Columbus Crew II 3-2 Atlanta United II,2026-06-21
Chicago Fire II,1.27,1.88,-0.61,1.19,0.96,0.23,0.08,0.16,-0.08,1.27,1.12,0.15,0.0,0.33,0.08,0.24,-0.16,2,1,1,1.61,61.5,42.8,14.4,25.3,41.61,0.29,1.06,157,11,11,14,37.93,13.21,8.3,2,8,6,5,9,44.8,33.66,19.73,15.41,36.4,20.76,0,New England II 1-2 Chicago Fire II,2026-06-21
New England II,1.88,1.27,0.61,0.96,1.19,-0.23,0.16,0.08,0.08,1.12,1.27,-0.15,0.33,0.0,0.24,0.08,0.16,1,2,-1,-1.61,38.5,57.2,25.3,14.4,50.65,1.06,0.29,159,14,14,11,13.21,37.93,12.74,8,2,26,8,14,88.3,66.34,108.27,84.59,138.93,79.24,2,New England II 1-2 Chicago Fire II,2026-06-21
Portland Timbers II,1.96,1.28,0.68,1.81,1.26,0.55,0.16,0.01,0.15,1.96,1.28,0.68,0.8,0.89,0.88,0.7,0.18,2,0,2,1.32,42.2,43.72,13.7,15.7,43.45,0.26,0.36,151,8,8,8,30.77,22.22,14.6,5,4,16,5,9,66.1,33.67,74.87,80.68,114.93,57.54,0,Colorado Rapids II 0-2 Portland Timbers II,2026-06-20
Colorado Rapids II,1.28,1.96,-0.68,1.26,1.81,-0.55,0.01,0.16,-0.15,1.28,1.96,-0.68,0.89,0.8,0.7,0.88,-0.18,0,2,-2,-1.32,57.8,56.28,15.7,13.7,44.85,0.36,0.26,208,8,8,8,22.22,30.77,9.76,4,5,15,5,17,130.2,66.33,17.93,19.32,84.8,42.46,0,Colorado Rapids II 0-2 Portland Timbers II,2026-06-20
St. Louis City II,1.85,3.87,-2.02,1.85,3.87,-2.02,0.0,0.0,0.0,1.85,3.87,-2.02,0.35,0.6,0.35,0.64,-0.29,2,5,-3,-0.98,59.0,62.83,23.4,21.2,46.72,0.82,0.81,280,13,20,14,24.39,17.28,10.62,4,8,17,3,13,156.9,73.08,29.67,23.2,88.89,36.25,0,Minnesota United II 5-2 St. Louis City II,2026-06-20
Minnesota United II,3.87,1.85,2.02,3.87,1.85,2.02,0.0,0.0,0.0,3.87,1.85,2.02,0.6,0.35,0.64,0.35,0.29,5,2,3,0.98,41.0,37.17,21.2,23.4,44.08,0.81,0.82,172,11,14,20,17.28,24.39,12.57,8,4,9,1,10,57.8,26.92,98.2,76.8,156.35,63.75,0,Minnesota United II 5-2 St. Louis City II,2026-06-20
Carolina Core,0.64,2.19,-1.55,0.64,1.47,-0.83,0.0,0.72,-0.72,0.64,2.19,-1.55,0.04,0.7,0.09,0.62,-0.53,0,0,0,1.55,56.5,53.66,16.2,23.9,50.02,0.53,0.49,227,11,11,10,20.75,20.41,7.0,5,7,17,4,9,91.7,62.51,37.87,53.79,94.73,64.25,2,Inter Miami II 0-0 Carolina Core,2026-06-20
Inter Miami II,2.19,0.64,1.55,1.47,0.64,0.83,0.72,0.0,0.72,2.19,0.64,1.55,0.7,0.04,0.62,0.09,0.53,0,0,0,-1.55,43.5,46.34,23.9,16.2,47.1,0.49,0.53,158,13,10,11,20.41,20.75,9.05,7,5,17,5,16,55.0,37.49,32.53,46.21,52.7,35.75,2,Inter Miami II 0-0 Carolina Core,2026-06-20
Cincinnati II,0.84,4.48,-3.64,0.84,4.48,-3.64,0.0,0.0,0.0,0.84,4.48,-3.64,0.17,0.07,0.0,1.49,-1.49,0,4,-4,-0.36,48.2,43.67,22.6,19.7,37.41,0.78,1.42,129,14,11,19,14.1,13.38,16.19,2,8,13,6,15,62.2,34.94,39.33,45.42,19.42,7.11,1,Connecticut United 4-0 Cincinnati II,2026-06-18
Connecticut United,4.48,0.84,3.64,4.48,0.84,3.64,0.0,0.0,0.0,4.48,0.84,3.64,0.07,0.17,1.49,0.0,1.49,4,0,4,0.36,51.8,56.33,19.7,22.6,42.91,1.42,0.78,185,15,19,11,13.38,14.1,11.28,8,2,8,2,10,115.8,65.06,47.27,54.58,253.71,92.89,0,Connecticut United 4-0 Cincinnati II,2026-06-18
Houston Dynamo II,0.92,1.79,-0.87,0.79,1.64,-0.85,0.13,0.16,-0.03,0.92,1.79,-0.87,0.36,0.67,0.54,0.17,0.37,1,2,-1,-0.13,52.8,51.48,26.2,21.0,49.79,0.4,0.92,247,9,12,13,30.0,14.13,8.97,11,7,22,4,12,81.6,51.39,61.47,59.07,102.33,52.4,3,Tacoma Defiance 2-1 Houston Dynamo II,2026-06-17
Tacoma Defiance,1.79,0.92,0.87,1.64,0.79,0.85,0.16,0.13,0.03,1.79,0.92,0.87,0.67,0.36,0.17,0.54,-0.37,2,1,1,0.13,47.2,48.52,21.0,26.2,48.64,0.92,0.4,204,22,13,12,14.13,30.0,10.19,7,11,18,4,15,77.2,48.61,42.6,40.93,92.97,47.6,1,Tacoma Defiance 2-1 Houston Dynamo II,2026-06-17
San Jose Earthquakes II,1.18,1.97,-0.79,0.47,1.86,-1.39,0.71,0.1,0.61,1.18,1.97,-0.79,0.15,0.16,0.71,0.12,0.59,2,3,-1,-0.21,53.8,54.95,24.8,24.3,42.44,0.53,0.76,215,17,15,14,28.3,18.42,15.04,3,3,21,6,7,126.0,57.4,43.8,30.47,45.07,26.41,2,Vancouver Whitecaps II 3-2 San Jose Earthquakes II,2026-06-17
Vancouver Whitecaps II,1.97,1.18,0.79,1.86,0.47,1.39,0.1,0.71,-0.61,1.97,1.18,0.79,0.16,0.15,0.12,0.71,-0.59,3,2,1,0.21,46.2,45.05,24.3,24.8,44.26,0.76,0.53,200,13,14,15,18.42,28.3,20.7,3,3,12,3,10,93.5,42.6,99.93,69.53,125.57,73.59,0,Vancouver Whitecaps II 3-2 San Jose Earthquakes II,2026-06-17
Carolina Core,2.16,1.06,1.1,1.82,0.3,1.52,0.34,0.0,0.34,2.16,0.3,1.86,0.56,0.0,1.56,0.05,1.51,2,3,-1,-2.1,53.2,55.92,16.2,24.8,52.81,0.86,0.2,270,16,14,7,16.28,35.0,7.18,10,5,28,4,19,188.6,65.37,53.4,46.19,148.63,50.89,0,New York City II 3-2 Carolina Core,2026-06-17
New York City II,1.06,2.16,-1.1,0.3,1.82,-1.52,0.0,0.34,-0.34,0.3,2.16,-1.86,0.0,0.56,0.05,1.56,-1.51,3,2,1,2.1,46.8,44.08,24.8,16.2,48.47,0.2,0.86,212,8,7,14,35.0,16.28,10.09,5,10,11,7,16,99.9,34.63,62.2,53.81,143.43,49.11,0,New York City II 3-2 Carolina Core,2026-06-17
Columbus Crew II,3.34,0.29,3.05,2.52,0.22,2.3,0.07,0.07,0.0,2.58,0.29,2.29,1.01,0.0,1.11,0.1,1.01,1,0,1,-2.05,68.5,65.31,22.8,27.0,48.76,0.89,0.12,266,17,17,6,19.1,50.0,6.74,6,5,9,3,16,209.4,92.41,3.67,2.78,125.27,69.79,0,Cincinnati II 0-1 Columbus Crew II,2026-06-14
Cincinnati II,0.29,3.34,-3.05,0.22,2.52,-2.3,0.07,0.07,0.0,0.29,2.58,-2.29,0.0,1.01,0.1,1.11,-1.01,0,1,-1,2.05,31.5,34.69,27.0,22.8,43.54,0.12,0.89,107,4,6,17,50.0,19.1,11.73,5,6,16,6,17,17.2,7.59,128.13,97.22,54.23,30.21,4,Cincinnati II 0-1 Columbus Crew II,2026-06-14
Inter Miami II,1.4,1.46,-0.06,1.4,1.46,-0.06,0.0,0.0,0.0,1.4,1.46,-0.06,0.42,0.28,0.53,0.44,0.09,1,3,-2,-1.94,52.3,44.52,14.8,22.0,38.85,0.56,0.87,149,7,7,15,12.5,17.24,20.65,3,6,11,2,11,50.6,31.63,33.87,34.37,21.1,11.96,3,Chicago Fire II 3-1 Inter Miami II,2026-06-14
Chicago Fire II,1.46,1.4,0.06,1.46,1.4,0.06,0.0,0.0,0.0,1.46,1.4,0.06,0.28,0.42,0.44,0.53,-0.09,3,1,2,1.94,47.7,55.48,22.0,14.8,48.64,0.87,0.56,222,13,15,7,17.24,12.5,11.97,6,3,9,3,10,109.4,68.38,64.67,65.63,155.27,88.04,1,Chicago Fire II 3-1 Inter Miami II,2026-06-14
New York RB II,0.62,0.92,-0.3,0.54,0.88,-0.34,0.08,0.04,0.04,0.62,0.92,-0.3,0.01,0.0,0.1,0.08,0.02,1,2,-1,-0.7,53.6,55.63,25.7,21.3,44.11,1.02,0.34,187,17,10,6,9.8,17.65,7.38,13,4,14,7,16,97.0,63.36,38.47,38.01,66.97,44.83,5,New England II 2-1 New York RB II,2026-06-14
New England II,0.92,0.62,0.3,0.88,0.54,0.34,0.04,0.08,-0.04,0.92,0.62,0.3,0.0,0.01,0.08,0.1,-0.02,2,1,1,0.7,46.4,44.37,21.3,25.7,44.39,0.34,1.02,179,9,6,10,17.65,9.8,10.28,4,13,10,5,12,56.1,36.64,62.73,61.99,82.43,55.17,1,New England II 2-1 New York RB II,2026-06-14
Connecticut United,3.11,0.94,2.17,1.1,0.87,0.23,0.48,0.08,0.4,1.59,0.94,0.65,0.0,0.06,0.62,0.17,0.45,4,2,2,-0.17,39.7,45.12,24.4,17.1,44.21,0.63,0.5,165,17,15,14,23.81,28.0,17.43,5,6,17,6,9,94.2,53.01,130.27,90.21,187.8,85.45,0,Toronto II 2-4 Connecticut United,2026-06-14
Toronto II,0.94,3.11,-2.17,0.87,1.1,-0.23,0.08,0.48,-0.4,0.94,1.59,-0.65,0.06,0.0,0.17,0.62,-0.45,2,4,-2,0.17,60.3,54.88,17.1,24.4,42.97,0.5,0.63,222,12,14,15,28.0,23.81,10.75,6,5,21,9,12,83.5,46.99,14.13,9.79,31.97,14.55,0,Toronto II 2-4 Connecticut United,2026-06-14
New York City II,0.95,1.38,-0.43,0.69,0.92,-0.23,0.27,0.46,-0.19,0.95,1.38,-0.43,0.0,0.64,0.27,0.9,-0.63,1,0,1,1.43,61.6,62.85,15.8,20.0,48.03,0.55,0.67,272,12,15,12,27.27,17.91,8.93,1,7,15,8,11,183.1,67.79,28.87,20.42,151.93,52.13,0,Philadelphia Union II 0-1 New York City II,2026-06-14
Philadelphia Union II,1.38,0.95,0.43,0.92,0.69,0.23,0.46,0.27,0.19,1.38,0.95,0.43,0.64,0.0,0.9,0.27,0.63,0,1,-1,-1.43,38.4,37.15,20.0,15.8,46.12,0.67,0.55,154,11,12,15,17.91,27.27,10.87,7,1,16,7,18,87.0,32.21,112.53,79.58,139.5,47.87,0,Philadelphia Union II 0-1 New York City II,2026-06-14
Austin II,0.76,3.14,-2.38,0.76,2.05,-1.29,0.0,1.1,-1.1,0.76,3.14,-2.38,0.14,0.99,0.0,1.9,-1.9,3,1,2,4.38,42.4,27.0,20.8,23.3,38.19,0.2,1.42,102,6,6,21,30.0,14.79,10.86,4,7,7,0,20,33.0,13.68,59.93,54.25,77.97,37.07,0,Minnesota United II 1-3 Austin II,2026-06-14
Minnesota United II,3.14,0.76,2.38,2.05,0.76,1.29,1.1,0.0,1.1,3.14,0.76,2.38,0.99,0.14,1.9,0.0,1.9,1,3,-2,-4.38,57.6,73.0,23.3,20.8,48.51,1.42,0.2,265,17,21,6,14.79,30.0,7.93,7,4,18,8,14,208.2,86.32,50.53,45.75,132.37,62.93,9,Minnesota United II 1-3 Austin II,2026-06-14
Colorado Rapids II,2.11,3.72,-1.61,2.11,3.7,-1.59,0.0,0.02,-0.02,2.11,3.72,-1.61,,,,,,1,1,0,1.61,52.7,52.06,,,45.11,1.06,0.76,211,12,10,14,9.43,18.42,10.72,6,7,9,1,14,95.5,46.31,54.8,41.92,81.37,33.48,2,Ventura County 1-1 Colorado Rapids II,2026-06-13
Ventura County,3.72,2.11,1.61,3.7,2.11,1.59,0.02,0.0,0.02,3.72,2.11,1.61,,,,,,1,1,0,-1.61,47.3,47.94,,,43.28,0.76,1.06,185,12,14,10,18.42,9.43,10.79,7,6,9,2,15,110.7,53.69,75.93,58.08,161.7,66.52,3,Ventura County 1-1 Colorado Rapids II,2026-06-13
Orlando City B,1.42,2.0,-0.58,1.35,1.77,-0.42,0.07,0.23,-0.16,1.42,2.0,-0.58,,,,,,2,1,1,1.58,64.2,55.51,,,43.29,0.3,0.5,223,7,13,12,43.33,24.0,9.32,5,2,7,3,8,107.6,57.94,7.13,4.3,35.8,19.48,0,Huntsville City 1-2 Orlando City B,2026-06-13
Huntsville City,2.0,1.42,0.58,1.77,1.35,0.42,0.23,0.07,0.16,2.0,1.42,0.58,,,,,,1,2,-1,-1.58,35.8,44.49,,,45.79,0.5,0.3,140,13,12,13,24.0,43.33,18.74,2,5,13,4,19,78.1,42.06,158.6,95.7,147.97,80.52,1,Huntsville City 1-2 Orlando City B,2026-06-13
Crown Legacy,2.09,1.72,0.37,1.91,1.39,0.52,0.18,0.33,-0.15,2.09,1.72,0.37,,,,,,0,2,-2,-2.37,55.8,54.68,,,46.5,0.98,0.93,173,16,18,11,18.37,11.83,6.47,2,5,18,4,16,115.3,61.86,22.8,31.67,84.9,40.28,1,Carolina Core 2-0 Crown Legacy,2026-06-13
Carolina Core,1.72,2.09,-0.37,1.39,1.91,-0.52,0.33,0.18,0.15,1.72,2.09,-0.37,,,,,,2,0,2,2.37,44.2,45.32,,,46.25,0.93,0.98,140,12,11,18,11.83,18.37,7.45,5,2,19,5,15,71.1,38.14,49.2,68.33,125.87,59.72,0,Carolina Core 2-0 Crown Legacy,2026-06-13
Chattanooga,2.13,4.49,-2.36,1.95,4.05,-2.1,0.18,0.43,-0.25,2.13,4.49,-2.36,,,,,,4,4,0,2.36,41.8,46.24,,,47.5,0.73,1.42,156,8,10,27,13.7,19.01,11.91,3,1,15,2,15,37.6,21.22,71.8,72.53,93.2,65.82,1,Atlanta United II 4-4 Chattanooga,2026-06-13
Atlanta United II,4.49,2.13,2.36,4.05,1.95,2.1,0.43,0.18,0.25,4.49,2.13,2.36,,,,,,4,4,0,-2.36,58.2,53.76,,,46.19,1.42,0.73,206,17,27,10,19.01,13.7,9.4,1,3,16,8,13,139.6,78.78,27.2,27.47,48.4,34.18,3,Atlanta United II 4-4 Chattanooga,2026-06-13
Portland Timbers II,1.87,2.83,-0.96,1.84,2.22,-0.38,0.04,0.61,-0.57,1.87,2.83,-0.96,,,,,,1,4,-3,-2.04,42.9,48.64,,,41.63,0.55,0.77,116,8,10,14,18.18,18.18,10.18,9,5,9,4,11,64.2,38.7,86.6,90.71,92.9,47.81,1,Real Monarchs 4-1 Portland Timbers II,2026-06-13
Real Monarchs,2.83,1.87,0.96,2.22,1.84,0.38,0.61,0.04,0.57,2.83,1.87,0.96,,,,,,4,1,3,2.04,57.1,51.36,,,40.36,0.77,0.55,139,16,14,10,18.18,18.18,7.0,5,9,10,2,18,101.7,61.3,8.87,9.29,101.4,52.19,3,Real Monarchs 4-1 Portland Timbers II,2026-06-13
North Texas,1.05,2.38,-1.33,0.85,2.21,-1.36,0.2,0.16,0.04,1.05,2.38,-1.33,,,,,,1,1,0,1.33,51.8,40.73,,,40.71,0.28,0.8,144,7,8,14,28.57,17.5,9.78,5,6,13,5,15,50.1,27.13,51.67,46.97,42.33,27.61,0,Vancouver Whitecaps II 1-1 North Texas,2026-06-10
Vancouver Whitecaps II,2.38,1.05,1.33,2.21,0.85,1.36,0.16,0.2,-0.04,2.38,1.05,1.33,,,,,,1,1,0,-1.33,48.2,59.27,,,46.54,0.8,0.28,199,12,14,8,17.5,28.57,10.46,6,5,23,5,18,134.6,72.87,58.33,53.03,111.0,72.39,0,Vancouver Whitecaps II 1-1 North Texas,2026-06-10
Sporting KC II,2.43,2.98,-0.55,1.45,2.6,-1.15,0.98,0.37,0.61,2.43,2.98,-0.55,,,,,,3,4,-1,-0.45,50.4,29.75,,,37.41,0.36,0.7,115,8,15,16,41.67,22.86,10.58,1,8,10,3,18,52.3,25.96,33.0,26.9,21.9,7.18,0,Minnesota United II 4-3 Sporting KC II,2026-06-08
Minnesota United II,2.98,2.43,0.55,2.6,1.45,1.15,0.37,0.98,-0.61,2.98,2.43,0.55,,,,,,4,3,1,0.45,49.6,70.25,,,49.35,0.7,0.36,236,18,16,15,22.86,41.67,8.31,8,1,13,4,13,149.2,74.04,89.67,73.1,282.94,92.82,9,Minnesota United II 4-3 Sporting KC II,2026-06-08
Connecticut United,1.99,2.74,-0.75,1.88,2.74,-0.86,0.11,0.0,0.11,1.99,2.74,-0.75,,,,,,1,2,-1,-0.25,38.0,49.16,,,47.83,0.98,1.18,169,12,15,10,15.31,8.47,13.89,6,4,19,6,12,65.2,43.15,173.67,90.42,164.57,80.33,1,Columbus Crew II 2-1 Connecticut United,2026-06-08
Columbus Crew II,2.74,1.99,0.75,2.74,1.88,0.86,0.0,0.11,-0.11,2.74,1.99,0.75,,,,,,2,1,1,0.25,62.0,50.84,,,41.21,1.18,0.98,206,13,10,15,8.47,15.31,8.78,4,6,9,3,14,85.9,56.85,18.4,9.58,40.3,19.67,0,Columbus Crew II 2-1 Connecticut United,2026-06-08
Los Angeles II,0.45,1.04,-0.59,0.43,1.04,-0.61,0.02,0.0,0.02,0.45,1.04,-0.59,,,,,,0,2,-2,-1.41,46.6,42.27,,,45.3,0.42,0.41,200,5,11,10,26.19,24.39,11.18,5,8,12,3,20,69.0,37.42,57.87,70.75,74.9,36.46,0,Austin II 2-0 Los Angeles II,2026-06-07
Austin II,1.04,0.45,0.59,1.04,0.43,0.61,0.0,0.02,-0.02,1.04,0.45,0.59,,,,,,2,0,2,1.41,53.4,57.73,,,46.51,0.41,0.42,240,9,10,11,24.39,26.19,11.06,8,5,11,1,11,115.4,62.58,23.93,29.25,130.53,63.54,0,Austin II 2-0 Los Angeles II,2026-06-07
Real Monarchs,1.28,1.76,-0.48,0.87,1.44,-0.57,0.41,0.31,0.1,1.28,1.76,-0.48,,,,,,0,3,-3,-2.52,52.7,59.06,,,42.94,0.7,0.54,173,15,13,11,18.57,20.37,8.76,8,10,22,8,17,96.5,61.08,72.67,56.83,98.32,42.02,8,San Jose Earthquakes II 3-0 Real Monarchs,2026-06-07
San Jose Earthquakes II,1.76,1.28,0.48,1.44,0.87,0.57,0.31,0.41,-0.1,1.76,1.28,0.48,,,,,,3,0,3,2.52,47.3,40.94,,,40.03,0.54,0.7,149,12,11,13,20.37,18.57,9.55,10,8,10,2,12,61.5,38.92,55.2,43.17,135.67,57.98,0,San Jose Earthquakes II 3-0 Real Monarchs,2026-06-07
Carolina Core,1.17,2.14,-0.97,1.13,1.22,-0.09,0.04,0.16,-0.12,1.17,1.38,-0.21,,,,,,2,3,-1,-0.03,23.2,30.15,,,50.7,0.34,0.49,107,6,7,17,20.59,34.69,22.33,10,6,8,2,11,27.5,10.91,225.53,98.6,157.03,69.17,1,Orlando City B 3-2 Carolina Core,2026-06-07
Orlando City B,2.14,1.17,0.97,1.22,1.13,0.09,0.16,0.04,0.12,1.38,1.17,0.21,,,,,,3,2,1,0.03,76.8,69.85,,,48.01,0.49,0.34,325,14,17,7,34.69,20.59,4.69,6,10,16,6,8,224.5,89.09,3.2,1.4,70.0,30.83,0,Orlando City B 3-2 Carolina Core,2026-06-07
New England II,2.41,0.26,2.15,2.03,0.14,1.89,0.38,0.12,0.26,2.41,0.26,2.15,,,,,,1,0,1,-1.15,67.4,68.25,,,51.49,0.97,0.25,251,13,18,6,18.56,24.0,5.87,4,6,25,7,11,182.2,88.88,7.13,7.16,118.97,72.63,0,Cincinnati II 0-1 New England II,2026-06-07
Cincinnati II,0.26,2.41,-2.15,0.14,2.03,-1.89,0.12,0.38,-0.26,0.26,2.41,-2.15,,,,,,0,1,-1,1.15,32.6,31.75,,,44.26,0.25,0.97,89,7,6,18,24.0,18.56,11.77,6,4,16,7,16,22.8,11.12,92.4,92.84,44.83,27.37,1,Cincinnati II 0-1 New England II,2026-06-07
Houston Dynamo II,4.27,2.38,1.89,3.48,1.54,1.94,0.78,0.84,-0.06,4.27,2.38,1.89,,,,,,1,3,-2,-3.89,50.1,67.91,,,52.79,1.3,1.38,291,23,21,14,16.15,10.14,10.85,9,6,26,6,10,176.2,80.13,75.0,65.26,193.83,71.21,2,Ventura County 3-1 Houston Dynamo II,2026-06-06
Ventura County,2.38,4.27,-1.89,1.54,3.48,-1.94,0.84,0.78,0.06,2.38,4.27,-1.89,,,,,,3,1,2,3.89,49.9,32.09,,,39.11,1.38,1.3,161,9,14,21,10.14,16.15,10.22,6,9,12,4,11,43.7,19.87,39.93,34.74,78.37,28.79,1,Ventura County 3-1 Houston Dynamo II,2026-06-06
St. Louis City II,1.56,3.29,-1.73,1.4,3.24,-1.84,0.16,0.05,0.11,1.56,3.29,-1.73,,,,,,1,1,0,1.73,51.7,45.64,,,45.08,0.65,1.24,190,16,14,21,21.54,16.94,15.23,2,5,18,9,10,62.4,32.95,47.47,45.41,50.2,28.43,1,Colorado Rapids II 1-1 St. Louis City II,2026-06-06
Colorado Rapids II,3.29,1.56,1.73,3.24,1.4,1.84,0.05,0.16,-0.11,3.29,1.56,1.73,,,,,,1,1,0,-1.73,48.3,54.36,,,47.18,1.24,0.65,200,16,21,14,16.94,21.54,14.22,5,2,20,4,11,127.0,67.05,57.07,54.59,126.4,71.57,1,Colorado Rapids II 1-1 St. Louis City II,2026-06-06
New York RB II,2.12,5.52,-3.4,2.06,4.63,-2.57,0.06,0.14,-0.08,2.12,4.76,-2.64,,,,,,0,4,-4,-0.6,57.9,58.14,,,48.07,1.07,1.62,227,17,15,20,14.02,12.35,8.09,5,4,14,4,17,128.1,51.76,27.13,33.33,78.53,24.2,2,Chattanooga 4-0 New York RB II,2026-06-06
Chattanooga,5.52,2.12,3.4,4.63,2.06,2.57,0.14,0.06,0.08,4.76,2.12,2.64,,,,,,4,0,4,0.6,42.1,41.86,,,40.67,1.62,1.07,108,17,20,15,12.35,14.02,10.46,4,5,10,7,13,119.4,48.24,54.27,66.67,245.99,75.8,2,Chattanooga 4-0 New York RB II,2026-06-06
Chicago Fire II,1.34,3.23,-1.89,1.09,2.54,-1.45,0.25,0.69,-0.44,1.34,3.23,-1.89,,,,,,0,3,-3,-1.11,48.8,45.34,,,42.48,0.32,0.37,152,6,12,17,37.5,45.95,7.69,6,6,9,5,21,65.8,35.84,27.93,35.12,56.87,29.09,1,Atlanta United II 3-0 Chicago Fire II,2026-06-06
Atlanta United II,3.23,1.34,1.89,2.54,1.09,1.45,0.69,0.25,0.44,3.23,1.34,1.89,,,,,,3,0,3,1.11,51.2,54.66,,,45.76,0.37,0.32,163,13,17,12,45.95,37.5,7.95,6,6,16,5,15,117.8,64.16,51.6,64.88,138.63,70.91,3,Atlanta United II 3-0 Chicago Fire II,2026-06-06
Portland Timbers II,2.71,0.78,1.93,2.71,0.51,2.2,0.0,0.27,-0.27,2.71,0.78,1.93,,,,,,1,0,1,-0.93,45.4,46.88,,,42.05,1.1,0.47,143,12,15,8,13.64,17.02,10.42,4,5,8,3,13,60.5,53.78,62.13,66.48,90.97,69.16,0,Vancouver Whitecaps II 0-1 Portland Timbers II,2026-06-05
Vancouver Whitecaps II,0.78,2.71,-1.93,0.51,2.71,-2.2,0.27,0.0,0.27,0.78,2.71,-1.93,,,,,,0,1,-1,0.93,54.6,53.12,,,41.75,0.47,1.1,170,7,8,15,17.02,13.64,8.45,5,4,21,7,17,52.0,46.22,31.33,33.52,40.57,30.84,0,Vancouver Whitecaps II 0-1 Portland Timbers II,2026-06-05
Huntsville City,2.08,0.79,1.29,1.82,0.79,1.03,0.26,0.0,0.26,2.08,0.79,1.29,,,,,,1,2,-1,-2.29,50.5,61.15,,,49.41,0.85,0.25,257,19,15,9,17.65,36.0,13.9,9,8,16,6,10,179.5,69.22,113.53,69.88,176.4,64.55,0,Toronto II 2-1 Huntsville City,2026-06-05
Toronto II,0.79,2.08,-1.29,0.79,1.82,-1.03,0.0,0.26,-0.26,0.79,2.08,-1.29,,,,,,2,1,1,2.29,49.5,38.85,,,38.78,0.25,0.85,151,11,9,15,36.0,17.65,15.96,8,9,9,3,9,79.8,30.78,48.93,30.12,96.87,35.45,0,Toronto II 2-1 Huntsville City,2026-06-05
Philadelphia Union II,1.4,1.4,0.0,1.4,1.39,0.01,0.0,0.0,0.0,1.4,1.4,0.0,,,,,,0,1,-1,-1.0,47.0,39.57,,,42.23,0.45,0.51,138,6,13,11,28.89,21.57,8.72,5,4,8,1,18,61.6,33.59,66.47,59.42,59.97,29.87,1,Crown Legacy 1-0 Philadelphia Union II,2026-06-05
Crown Legacy,1.4,1.4,0.0,1.39,1.4,-0.01,0.0,0.0,0.0,1.4,1.4,0.0,,,,,,1,0,1,1.0,53.0,60.43,,,44.13,0.51,0.45,169,12,11,13,21.57,28.89,7.52,4,5,12,6,17,121.8,66.41,45.4,40.58,140.8,70.13,0,Crown Legacy 1-0 Philadelphia Union II,2026-06-05
Chattanooga,3.28,3.14,0.14,3.13,2.11,1.02,0.15,0.27,-0.12,3.28,2.38,0.9,,,,,,2,5,-3,-3.14,44.3,47.83,,,45.32,0.87,0.61,159,19,19,20,21.84,32.79,10.3,6,5,20,7,13,114.6,51.05,74.07,72.38,121.69,48.01,3,Orlando City B 5-2 Chattanooga,2026-05-31
Orlando City B,3.14,3.28,-0.14,2.11,3.13,-1.02,0.27,0.15,0.12,2.38,3.28,-0.9,,,,,,5,2,3,3.14,55.7,52.17,,,44.15,0.61,0.87,181,12,20,19,32.79,21.84,9.42,5,6,13,6,13,109.9,48.95,28.27,27.62,131.8,51.99,0,Orlando City B 5-2 Chattanooga,2026-05-31
Tacoma Defiance,1.02,1.09,-0.07,0.52,1.09,-0.57,0.5,0.0,0.5,1.02,1.09,-0.07,,,,,,0,1,-1,-0.93,47.5,45.67,,,44.6,0.45,0.42,178,13,10,12,22.22,28.57,10.97,7,4,15,7,16,62.9,39.19,60.53,41.42,37.83,21.29,2,Portland Timbers II 1-0 Tacoma Defiance,2026-05-31
Portland Timbers II,1.09,1.02,0.07,1.09,0.52,0.57,0.0,0.5,-0.5,1.09,1.02,0.07,,,,,,1,0,1,0.93,52.5,54.33,,,47.06,0.42,0.45,210,11,12,10,28.57,22.22,11.59,4,7,14,6,12,97.6,60.81,85.6,58.58,139.9,78.71,1,Portland Timbers II 1-0 Tacoma Defiance,2026-05-31
Vancouver Whitecaps II,0.55,3.05,-2.5,0.52,3.05,-2.53,0.03,0.0,0.03,0.55,3.05,-2.5,,,,,,1,2,-1,1.5,48.9,54.7,,,44.7,0.51,0.46,207,11,8,12,15.69,26.09,11.47,6,3,10,1,17,65.5,49.7,62.2,62.96,84.0,49.74,0,Ventura County 2-1 Vancouver Whitecaps II,2026-05-30
Ventura County,3.05,0.55,2.5,3.05,0.52,2.53,0.0,0.03,-0.03,3.05,0.55,2.5,,,,,,2,1,1,-1.5,51.1,45.3,,,41.23,0.46,0.51,163,10,12,8,26.09,15.69,11.28,3,6,13,2,13,66.3,50.3,36.6,37.04,84.87,50.26,1,Ventura County 2-1 Vancouver Whitecaps II,2026-05-30
Connecticut United,3.11,1.08,2.03,2.53,1.07,1.46,0.59,0.01,0.58,3.11,1.08,2.03,,,,,,2,2,0,-2.03,31.0,33.33,,,38.91,0.74,0.84,85,16,12,16,16.22,19.05,16.63,5,4,8,4,18,38.0,19.19,154.33,96.58,140.13,65.51,1,Huntsville City 2-2 Connecticut United,2026-05-30
Huntsville City,1.08,3.11,-2.03,1.07,2.53,-1.46,0.01,0.59,-0.58,1.08,3.11,-2.03,,,,,,2,2,0,2.03,69.0,66.67,,,48.45,0.84,0.74,332,17,16,12,19.05,16.22,8.9,4,5,12,4,13,160.0,80.81,5.47,3.42,73.77,34.49,2,Huntsville City 2-2 Connecticut United,2026-05-30
Columbus Crew II,3.15,1.9,1.25,1.39,1.07,0.32,1.0,0.07,0.93,2.39,1.14,1.25,,,,,,3,2,1,-0.25,57.1,63.99,,,49.98,1.57,0.62,268,21,22,8,14.01,12.9,8.03,3,6,26,15,19,180.2,83.5,30.27,26.57,134.13,59.4,2,New York City II 2-3 Columbus Crew II,2026-05-30
New York City II,1.9,3.15,-1.25,1.07,1.39,-0.32,0.07,1.0,-0.93,1.14,2.39,-1.25,,,,,,2,3,-1,0.25,42.9,36.01,,,42.79,0.62,1.57,145,8,8,22,12.9,14.01,8.6,6,3,20,3,15,35.6,16.5,83.67,73.43,91.67,40.6,1,New York City II 2-3 Columbus Crew II,2026-05-30
New York RB II,2.98,1.55,1.43,2.98,1.55,1.43,0.01,0.0,0.01,2.98,1.55,1.43,,,,,,1,1,0,-1.43,65.8,70.15,,,51.85,1.02,0.43,321,26,15,8,14.71,18.6,7.44,6,4,11,5,10,195.1,89.74,9.8,8.15,122.6,74.72,2,Carolina Core 1-1 New York RB II,2026-05-30
Carolina Core,1.55,2.98,-1.43,1.55,2.98,-1.43,0.0,0.01,-0.01,1.55,2.98,-1.43,,,,,,1,1,0,1.43,34.2,29.85,,,44.71,0.43,1.02,115,10,8,15,18.6,14.71,19.43,4,6,13,3,10,22.3,10.26,110.47,91.85,41.47,25.28,1,Carolina Core 1-1 New York RB II,2026-05-30
North Texas,1.21,2.79,-1.58,1.21,2.64,-1.43,0.0,0.15,-0.15,1.21,2.79,-1.58,,,,,,0,2,-2,-0.42,46.8,36.33,,,40.58,0.43,1.24,160,5,7,21,16.28,16.94,13.86,0,8,4,1,12,60.8,23.3,48.67,38.67,49.03,19.27,0,St. Louis City II 2-0 North Texas,2026-05-30
St. Louis City II,2.79,1.21,1.58,2.64,1.21,1.43,0.15,0.0,0.15,2.79,1.21,1.58,,,,,,2,0,2,0.42,53.2,63.67,,,48.89,1.24,0.43,249,18,21,7,16.94,16.28,14.21,8,0,20,10,7,200.2,76.7,77.2,61.33,205.47,80.73,1,St. Louis City II 2-0 North Texas,2026-05-30
Sporting KC II,2.66,4.11,-1.45,2.65,3.06,-0.41,0.01,0.28,-0.27,2.66,3.35,-0.69,,,,,,3,1,2,3.45,33.0,39.52,,,51.95,0.8,2.06,137,10,15,25,18.75,12.14,14.1,5,3,10,4,11,39.7,20.11,149.8,95.54,132.03,65.54,0,Real Monarchs 1-3 Sporting KC II,2026-05-29
Real Monarchs,4.11,2.66,1.45,3.06,2.65,0.41,0.28,0.01,0.27,3.35,2.66,0.69,,,,,,1,3,-2,-3.45,67.0,60.48,,,46.28,2.06,0.8,242,33,25,15,12.14,18.75,5.0,3,5,23,7,13,157.7,79.89,7.0,4.46,69.43,34.46,6,Real Monarchs 1-3 Sporting KC II,2026-05-29
Philadelphia Union II,0.49,1.97,-1.48,0.21,1.97,-1.76,0.28,0.0,0.28,0.49,1.97,-1.48,,,,,,1,2,-1,0.48,41.4,47.08,,,44.03,0.72,0.79,161,10,6,16,8.33,20.25,12.63,9,9,15,4,13,55.6,31.25,106.8,84.09,91.1,46.31,3,Toronto II 2-1 Philadelphia Union II,2026-05-29
Toronto II,1.97,0.49,1.48,1.97,0.21,1.76,0.0,0.28,-0.28,1.97,0.49,1.48,,,,,,2,1,1,-0.48,58.6,52.92,,,42.16,0.79,0.72,215,12,16,6,20.25,8.33,8.85,9,9,5,4,8,122.3,68.75,20.2,15.91,105.6,53.69,0,Toronto II 2-1 Philadelphia Union II,2026-05-29
Toronto II,1.36,3.78,-2.42,1.32,2.52,-1.2,0.04,1.26,-1.22,1.36,3.78,-2.42,,,,,,2,2,0,2.42,34.3,42.86,,,44.1,0.49,1.41,130,8,9,18,18.37,12.77,38.5,2,6,8,2,7,69.1,31.27,131.47,97.62,144.77,73.61,0,Columbus Crew II 2-2 Toronto II,2026-05-24
Columbus Crew II,3.78,1.36,2.42,2.52,1.32,1.2,1.26,0.04,1.22,3.78,1.36,2.42,,,,,,2,2,0,-2.42,65.7,57.14,,,48.15,1.41,0.49,319,19,18,9,12.77,18.37,10.44,6,2,25,10,13,151.9,68.73,3.2,2.38,51.9,26.39,1,Columbus Crew II 2-2 Toronto II,2026-05-24
Real Monarchs,1.74,1.5,0.24,1.51,1.47,0.04,0.23,0.03,0.2,1.74,1.5,0.24,,,,,,3,1,2,1.76,44.4,35.14,,,38.98,1.06,1.04,121,13,12,13,11.32,12.5,9.45,5,9,16,4,15,54.0,27.54,50.13,38.84,125.13,56.22,4,Vancouver Whitecaps II 1-3 Real Monarchs,2026-05-24
Vancouver Whitecaps II,1.5,1.74,-0.24,1.47,1.51,-0.04,0.03,0.23,-0.2,1.5,1.74,-0.24,,,,,,1,3,-2,-1.76,55.6,64.86,,,51.47,1.04,1.06,271,13,13,12,12.5,11.32,7.63,9,5,19,6,13,142.1,72.46,78.93,61.16,97.43,43.78,0,Vancouver Whitecaps II 1-3 Real Monarchs,2026-05-24
Connecticut United,2.69,1.22,1.47,1.72,1.16,0.56,0.22,0.07,0.15,1.93,1.22,0.71,,,,,,3,1,2,0.53,29.0,34.26,,,42.1,0.56,0.78,109,7,12,12,21.43,15.38,13.6,9,7,8,3,15,51.7,29.48,178.53,99.04,186.67,85.65,0,New York RB II 1-3 Connecticut United,2026-05-24
New York RB II,1.22,2.69,-1.47,1.16,1.72,-0.56,0.07,0.22,-0.15,1.22,1.93,-0.71,,,,,,1,3,-2,-0.53,71.0,65.74,,,46.82,0.78,0.56,336,12,12,12,15.38,21.43,7.68,7,9,16,3,12,123.7,70.52,1.73,0.96,31.27,14.35,1,New York RB II 1-3 Connecticut United,2026-05-24
Inter Miami II,3.26,0.74,2.52,2.78,0.68,2.1,0.48,0.06,0.42,3.26,0.74,2.52,,,,,,1,4,-3,-5.52,53.3,49.16,,,46.98,1.19,0.47,186,22,14,14,11.76,29.79,8.25,8,2,14,9,20,110.9,51.65,42.73,38.29,78.37,37.27,2,Orlando City B 4-1 Inter Miami II,2026-05-24
Orlando City B,0.74,3.26,-2.52,0.68,2.78,-2.1,0.06,0.48,-0.42,0.74,3.26,-2.52,,,,,,4,1,3,5.52,46.7,50.84,,,46.82,0.47,1.19,179,13,14,14,29.79,11.76,12.41,2,8,16,4,7,103.8,48.35,68.87,61.71,131.9,62.73,3,Orlando City B 4-1 Inter Miami II,2026-05-24
St. Louis City II,1.71,2.61,-0.9,1.65,1.68,-0.03,0.06,0.93,-0.87,1.71,2.61,-0.9,,,,,,1,1,0,0.9,45.4,47.57,,,47.39,0.47,0.42,192,10,14,15,29.79,35.71,9.97,3,8,16,8,17,97.2,44.88,68.73,63.56,92.83,58.01,0,Los Angeles II 1-1 St. Louis City II,2026-05-24
Los Angeles II,2.61,1.71,0.9,1.68,1.65,0.03,0.93,0.06,0.87,2.61,1.71,0.9,,,,,,1,1,0,-0.9,54.6,52.43,,,49.65,0.42,0.47,256,9,15,14,35.71,29.79,6.58,8,3,16,7,16,119.4,55.12,39.4,36.44,67.2,41.99,0,Los Angeles II 1-1 St. Louis City II,2026-05-24
Houston Dynamo II,2.14,2.15,-0.01,2.14,2.08,0.06,0.0,0.07,-0.07,2.14,2.15,-0.01,,,,,,3,0,3,3.01,45.0,37.27,,,41.57,0.63,1.64,151,10,11,26,17.46,15.85,11.32,6,6,10,3,15,41.4,20.06,39.27,56.53,58.2,39.64,2,Portland Timbers II 0-3 Houston Dynamo II,2026-05-24
Portland Timbers II,2.15,2.14,0.01,2.08,2.14,-0.06,0.07,0.0,0.07,2.15,2.14,0.01,,,,,,0,3,-3,-3.01,55.0,62.73,,,47.56,1.64,0.63,260,23,26,11,15.85,17.46,9.09,6,6,21,4,20,165.0,79.94,30.2,43.47,88.63,60.36,0,Portland Timbers II 0-3 Houston Dynamo II,2026-05-24
Carolina Core,1.61,2.76,-1.15,1.33,2.63,-1.3,0.28,0.13,0.15,1.61,2.76,-1.15,,,,,,0,1,-1,0.15,45.7,36.59,,,40.52,0.51,1.08,107,9,7,18,13.73,16.67,12.88,1,8,16,4,15,26.1,16.22,16.73,21.82,18.57,9.32,1,Chattanooga 1-0 Carolina Core,2026-05-24
Chattanooga,2.76,1.61,1.15,2.63,1.33,1.3,0.13,0.28,-0.15,2.76,1.61,1.15,,,,,,1,0,1,-0.15,54.3,63.41,,,49.29,1.08,0.51,187,26,18,7,16.67,13.73,8.32,8,1,24,9,10,134.8,83.78,59.93,78.18,180.67,90.68,6,Chattanooga 1-0 Carolina Core,2026-05-24
Colorado Rapids II,0.52,1.81,-1.29,0.52,1.81,-1.29,0.0,0.0,0.0,0.52,1.81,-1.29,,,,,,0,2,-2,-0.71,50.8,45.86,,,41.9,0.68,1.09,167,7,6,14,8.82,12.84,10.08,8,11,14,2,14,43.6,32.63,35.73,42.07,38.2,20.2,1,Minnesota United II 2-0 Colorado Rapids II,2026-05-24
Minnesota United II,1.81,0.52,1.29,1.81,0.52,1.29,0.0,0.0,0.0,1.81,0.52,1.29,,,,,,2,0,2,0.71,49.2,54.14,,,47.56,1.09,0.68,215,16,14,6,12.84,8.82,9.02,11,8,14,1,15,90.0,67.37,49.2,57.93,150.93,79.8,5,Minnesota United II 2-0 Colorado Rapids II,2026-05-24
San Jose Earthquakes II,2.2,2.32,-0.12,1.33,2.12,-0.79,0.11,0.19,-0.08,1.44,2.32,-0.88,,,,,,2,2,0,0.12,51.6,55.46,,,45.31,0.77,0.45,220,12,14,18,18.18,40.0,15.73,6,3,23,6,8,105.4,52.57,74.0,63.46,125.6,70.76,1,North Texas 2-2 San Jose Earthquakes II,2026-05-23
North Texas,2.32,2.2,0.12,2.12,1.33,0.79,0.19,0.11,0.08,2.32,1.44,0.88,,,,,,2,2,0,-0.12,48.4,44.54,,,41.61,0.45,0.77,207,13,18,14,40.0,18.18,30.14,3,6,10,6,9,95.1,47.43,42.6,36.54,51.9,29.24,0,North Texas 2-2 San Jose Earthquakes II,2026-05-23
Cincinnati II,0.54,0.9,-0.36,0.43,0.56,-0.13,0.11,0.34,-0.23,0.54,0.9,-0.36,,,,,,0,2,-2,-1.64,45.3,57.96,,,44.34,0.63,0.24,147,9,8,13,12.7,54.17,8.96,6,6,22,3,18,66.3,44.56,106.53,77.08,132.07,70.83,2,New York City II 2-0 Cincinnati II,2026-05-23
New York City II,0.9,0.54,0.36,0.56,0.43,0.13,0.34,0.11,0.23,0.9,0.54,0.36,,,,,,2,0,2,1.64,54.7,42.04,,,36.49,0.24,0.63,131,4,13,8,54.17,12.7,7.09,6,6,9,3,22,82.5,55.44,31.67,22.92,54.4,29.17,0,New York City II 2-0 Cincinnati II,2026-05-23
Huntsville City,0.93,3.04,-2.11,0.12,1.79,-1.67,0.04,0.49,-0.45,0.17,2.28,-2.11,,,,,,0,4,-4,-1.89,52.3,59.29,,,46.87,0.37,0.34,229,8,6,15,16.22,44.12,10.1,10,4,12,7,16,64.0,48.37,72.8,52.78,59.01,24.57,1,Chicago Fire II 4-0 Huntsville City,2026-05-23
Chicago Fire II,3.04,0.93,2.11,1.79,0.12,1.67,0.49,0.04,0.45,2.28,0.17,2.11,,,,,,4,0,4,1.89,47.7,40.71,,,40.81,0.34,0.37,152,7,15,6,44.12,16.22,11.35,4,10,12,3,12,68.3,51.63,65.13,47.22,181.18,75.43,0,Chicago Fire II 4-0 Huntsville City,2026-05-23
Atlanta United II,2.04,1.44,0.6,1.08,1.42,-0.34,0.96,0.02,0.94,2.04,1.44,0.6,,,,,,1,2,-1,-1.6,52.8,64.31,,,45.89,0.36,0.24,169,13,16,12,44.44,50.0,5.86,8,3,19,10,14,113.9,71.46,25.2,39.46,114.47,70.01,7,Philadelphia Union II 2-1 Atlanta United II,2026-05-23
Philadelphia Union II,1.44,2.04,-0.6,1.42,1.08,0.34,0.02,0.96,-0.94,1.44,2.04,-0.6,,,,,,2,1,1,1.6,47.2,35.69,,,39.49,0.24,0.36,100,10,12,16,50.0,44.44,6.95,3,8,15,4,23,45.5,28.54,38.67,60.54,49.03,29.99,3,Philadelphia Union II 2-1 Atlanta United II,2026-05-23
Ventura County,1.78,1.58,0.2,1.78,1.46,0.32,0.0,0.13,-0.13,1.78,1.58,0.2,,,,,,0,1,-1,-1.2,69.1,70.07,,,46.15,1.08,0.86,293,15,13,8,12.04,9.3,8.38,4,2,21,4,8,136.3,84.92,3.47,1.81,45.97,24.84,2,Tacoma Defiance 1-0 Ventura County,2026-05-22
Tacoma Defiance,1.58,1.78,-0.2,1.46,1.78,-0.32,0.13,0.0,0.13,1.58,1.78,-0.2,,,,,,1,0,1,1.2,30.9,29.93,,,44.5,0.86,1.08,118,12,8,13,9.3,12.04,17.91,2,4,6,1,16,24.2,15.08,188.4,98.19,139.1,75.16,0,Tacoma Defiance 1-0 Ventura County,2026-05-22
Austin II,2.99,1.68,1.31,2.1,1.61,0.49,0.9,0.07,0.83,2.99,1.68,1.31,,,,,,3,0,3,1.69,47.5,59.7,,,50.54,1.5,0.72,230,16,12,15,8.0,20.83,10.62,9,7,15,6,19,155.1,71.44,62.2,67.66,214.1,93.44,0,Sporting KC II 0-3 Austin II,2026-05-22
Sporting KC II,1.68,2.99,-1.31,1.61,2.1,-0.49,0.07,0.9,-0.83,1.68,2.99,-1.31,,,,,,0,3,-3,-1.69,52.5,40.3,,,44.48,0.72,1.5,195,9,15,12,20.83,8.0,9.79,7,9,22,7,8,62.0,28.56,29.73,32.34,15.03,6.56,0,Sporting KC II 0-3 Austin II,2026-05-22
New England II,0.3,1.64,-1.34,0.3,0.57,-0.27,0.0,1.07,-1.07,0.3,1.64,-1.34,,,,,,2,2,0,1.34,31.5,25.07,,,45.11,0.36,1.3,111,7,6,11,16.67,8.46,10.77,6,6,8,0,16,29.5,10.66,144.6,94.96,63.27,44.12,0,Crown Legacy 2-2 New England II,2026-05-22
Crown Legacy,1.64,0.3,1.34,0.57,0.3,0.27,1.07,0.0,1.07,1.64,0.3,1.34,,,,,,2,2,0,-1.34,68.5,74.93,,,52.24,1.3,0.36,360,19,11,6,8.46,16.67,5.97,6,6,38,13,19,247.3,89.34,7.67,5.04,80.13,55.88,1,Crown Legacy 2-2 New England II,2026-05-22
Colorado Rapids II,0.93,1.11,-0.18,0.88,1.11,-0.23,0.06,0.0,0.06,0.93,1.11,-0.18,,,,,,0,2,-2,-1.82,52.7,64.6,,,50.35,0.27,0.49,240,8,13,9,48.15,18.37,9.0,8,8,29,6,17,140.0,72.28,69.67,72.98,99.07,55.2,1,Real Monarchs 2-0 Colorado Rapids II,2026-05-20
Real Monarchs,1.11,0.93,0.18,1.11,0.88,0.23,0.0,0.06,-0.06,1.11,0.93,0.18,,,,,,2,0,2,1.82,47.3,35.4,,,36.43,0.49,0.27,118,9,9,13,18.37,48.15,8.64,8,8,5,0,12,53.7,27.72,25.8,27.02,80.4,44.8,2,Real Monarchs 2-0 Colorado Rapids II,2026-05-20
Crown Legacy,3.09,0.82,2.27,3.09,0.41,2.68,0.0,0.4,-0.4,3.09,0.82,2.27,,,,,,5,1,4,1.73,38.8,41.6,,,45.39,1.0,0.53,142,12,21,14,21.0,26.42,18.0,2,2,10,4,11,92.0,50.27,103.27,90.48,238.1,91.23,1,Inter Miami II 1-5 Crown Legacy,2026-05-18
Inter Miami II,0.82,3.09,-2.27,0.41,3.09,-2.68,0.4,0.0,0.4,0.82,3.09,-2.27,,,,,,1,5,-4,-1.73,61.2,58.4,,,47.78,0.53,1.0,259,13,14,21,26.42,21.0,8.22,2,2,14,6,16,91.0,49.73,10.87,9.52,22.9,8.77,0,Inter Miami II 1-5 Crown Legacy,2026-05-18
Portland Timbers II,1.04,0.74,0.3,1.04,0.74,0.3,0.0,0.0,0.0,1.04,0.74,0.3,,,,,,1,0,1,0.7,48.7,58.7,,,51.66,0.5,0.16,244,21,13,6,26.0,37.5,16.73,7,1,17,9,10,134.0,66.97,61.6,79.93,170.57,75.21,7,San Jose Earthquakes II 0-1 Portland Timbers II,2026-05-17
San Jose Earthquakes II,0.74,1.04,-0.3,0.74,1.04,-0.3,0.0,0.0,0.0,0.74,1.04,-0.3,,,,,,0,1,-1,-0.7,51.3,41.3,,,41.31,0.16,0.5,158,5,6,13,37.5,26.0,13.26,1,7,17,4,11,66.1,33.03,15.47,20.07,56.23,24.79,4,San Jose Earthquakes II 0-1 Portland Timbers II,2026-05-17
St. Louis City II,1.57,1.12,0.45,1.35,1.12,0.23,0.22,0.0,0.22,1.57,1.12,0.45,,,,,,1,4,-3,-3.45,50.4,65.03,,,50.85,0.64,0.18,251,13,16,9,25.0,50.0,11.97,5,4,33,16,14,162.0,75.24,85.73,68.33,139.14,72.12,1,Austin II 4-1 St. Louis City II,2026-05-17
Austin II,1.12,1.57,-0.45,1.12,1.35,-0.23,0.0,0.22,-0.22,1.12,1.57,-0.45,,,,,,4,1,3,3.45,49.6,34.97,,,42.44,0.18,0.64,156,5,9,16,50.0,25.0,9.62,4,5,12,2,14,53.3,24.76,39.73,31.67,53.8,27.88,0,Austin II 4-1 St. Louis City II,2026-05-17
Tacoma Defiance,1.85,0.95,0.9,1.77,0.61,1.16,0.07,0.34,-0.27,1.85,0.95,0.9,,,,,,2,0,2,1.1,40.6,38.46,,,45.33,0.88,0.6,157,15,13,12,14.77,20.0,9.66,7,8,13,2,10,78.9,35.14,123.2,91.39,148.07,68.0,1,Vancouver Whitecaps II 0-2 Tacoma Defiance,2026-05-17
Vancouver Whitecaps II,0.95,1.85,-0.9,0.61,1.77,-1.16,0.34,0.07,0.27,0.95,1.85,-0.9,,,,,,0,2,-2,-1.1,59.4,61.54,,,49.08,0.6,0.88,295,10,12,13,20.0,14.77,8.5,8,7,22,7,12,145.6,64.86,11.6,8.61,69.67,32.0,0,Vancouver Whitecaps II 0-2 Tacoma Defiance,2026-05-17
New York City II,1.16,1.46,-0.3,0.81,1.45,-0.64,0.36,0.01,0.35,1.16,1.46,-0.3,,,,,,3,2,1,1.3,38.7,20.44,,,33.9,0.25,0.94,83,4,9,17,36.0,18.09,12.97,4,9,7,1,14,27.2,10.26,57.87,48.77,28.03,12.59,0,New York RB II 2-3 New York City II,2026-05-17
New York RB II,1.46,1.16,0.3,1.45,0.81,0.64,0.01,0.36,-0.35,1.46,1.16,0.3,,,,,,2,3,-1,-1.3,61.3,79.56,,,54.41,0.94,0.25,361,11,17,9,18.09,36.0,9.6,9,4,18,4,15,238.0,89.74,60.8,51.23,194.67,87.41,0,New York RB II 2-3 New York City II,2026-05-17
Chattanooga,1.91,1.36,0.55,1.66,0.31,1.35,0.26,1.06,-0.8,1.91,1.36,0.55,,,,,,3,1,2,1.45,56.5,49.43,,,41.76,0.49,0.37,172,16,15,10,30.61,27.03,11.14,6,6,9,2,11,101.7,58.75,34.27,30.02,101.0,66.67,1,Cincinnati II 1-3 Chattanooga,2026-05-17
Cincinnati II,1.36,1.91,-0.55,0.31,1.66,-1.35,1.06,0.26,0.8,1.36,1.91,-0.55,,,,,,1,3,-2,-1.45,43.5,50.57,,,41.61,0.37,0.49,132,7,10,15,27.03,30.61,12.97,6,6,11,4,10,71.4,41.25,79.87,69.98,50.5,33.33,2,Cincinnati II 1-3 Chattanooga,2026-05-17
Columbus Crew II,0.73,2.16,-1.43,0.72,1.36,-0.64,0.01,0.8,-0.79,0.73,2.16,-1.43,,,,,,1,1,0,1.43,53.7,41.25,,,39.26,0.41,0.29,129,3,6,15,14.63,51.72,8.76,3,5,8,4,21,33.3,24.08,17.8,17.14,28.8,14.76,1,Philadelphia Union II 1-1 Columbus Crew II,2026-05-17
Philadelphia Union II,2.16,0.73,1.43,1.36,0.72,0.64,0.8,0.01,0.79,2.16,0.73,1.43,,,,,,1,1,0,-1.43,46.3,58.75,,,49.37,0.29,0.41,202,11,15,6,51.72,14.63,10.18,5,3,14,4,10,105.0,75.92,86.07,82.86,166.27,85.24,1,Philadelphia Union II 1-1 Columbus Crew II,2026-05-17
Orlando City B,0.65,1.05,-0.4,0.63,0.63,0.0,0.02,0.43,-0.41,0.65,1.05,-0.4,,,,,,0,1,-1,-0.6,56.2,44.11,,,38.14,0.26,0.72,147,6,10,12,38.46,16.67,13.27,5,9,6,4,8,61.5,41.16,30.27,16.77,55.33,21.52,0,New England II 1-0 Orlando City B,2026-05-17
New England II,1.05,0.65,0.4,0.63,0.63,0.0,0.43,0.02,0.41,1.05,0.65,0.4,,,,,,1,0,1,0.6,43.8,55.89,,,47.79,0.72,0.26,206,17,12,10,16.67,38.46,13.16,9,5,8,5,10,87.9,58.84,150.2,83.23,201.77,78.48,0,New England II 1-0 Orlando City B,2026-05-17
Ventura County,2.1,1.4,0.7,1.7,1.4,0.3,0.4,0.0,0.4,2.1,1.4,0.7,,,,,,2,3,-1,-1.7,53.6,62.02,,,42.26,0.54,0.12,198,8,15,11,27.78,91.67,11.11,5,9,14,6,14,121.5,66.58,56.27,48.01,143.63,65.46,0,Los Angeles II 3-2 Ventura County,2026-05-16
Los Angeles II,1.4,2.1,-0.7,1.4,1.7,-0.3,0.0,0.4,-0.4,1.4,2.1,-0.7,,,,,,3,2,1,1.7,46.4,37.98,,,39.56,0.12,0.54,154,6,11,15,91.67,27.78,10.35,9,5,6,5,15,61.0,33.42,60.93,51.99,75.8,34.54,1,Los Angeles II 3-2 Ventura County,2026-05-16
Sporting KC II,2.32,0.71,1.61,1.81,0.67,1.14,0.51,0.04,0.47,2.32,0.71,1.61,,,,,,1,5,-4,-5.61,49.1,65.07,,,52.92,1.95,0.66,290,22,20,10,10.26,15.15,13.2,5,2,35,12,11,161.5,81.86,100.27,76.97,146.79,71.01,0,North Texas 5-1 Sporting KC II,2026-05-16
North Texas,0.71,2.32,-1.61,0.67,1.81,-1.14,0.04,0.51,-0.47,0.71,2.32,-1.61,,,,,,5,1,4,5.61,50.9,34.93,,,41.81,0.66,1.95,193,10,10,20,15.15,10.26,14.88,2,5,4,1,12,35.8,18.14,30.0,23.03,59.94,28.99,0,North Texas 5-1 Sporting KC II,2026-05-16
Houston Dynamo II,1.27,2.53,-1.26,1.27,2.27,-1.0,0.0,0.26,-0.26,1.27,2.53,-1.26,,,,,,1,1,0,1.26,59.5,55.22,,,46.43,0.82,0.98,242,14,7,12,8.54,12.24,9.44,11,8,15,4,8,83.6,53.97,11.93,11.37,45.07,27.0,0,Minnesota United II 1-1 Houston Dynamo II,2026-05-16
Minnesota United II,2.53,1.27,1.26,2.27,1.27,1.0,0.26,0.0,0.26,2.53,1.27,1.26,,,,,,1,1,0,-1.26,40.5,44.78,,,43.02,0.98,0.82,138,13,12,7,12.24,8.54,13.14,8,11,14,4,10,71.3,46.03,93.0,88.63,121.83,73.0,3,Minnesota United II 1-1 Houston Dynamo II,2026-05-16
Atlanta United II,4.57,1.04,3.53,4.5,0.96,3.54,0.07,0.08,-0.01,4.57,1.04,3.53,,,,,,6,2,4,0.47,66.8,76.4,,,55.09,1.07,0.11,348,14,24,4,22.43,36.36,5.67,10,5,25,3,16,296.8,96.24,12.33,12.71,226.83,92.47,3,Huntsville City 2-6 Atlanta United II,2026-05-16
Huntsville City,1.04,4.57,-3.53,0.96,4.5,-3.54,0.08,0.07,0.01,1.04,4.57,-3.53,,,,,,2,6,-4,-0.47,33.2,23.6,,,37.78,0.11,1.07,74,2,4,24,36.36,22.43,12.2,5,10,9,2,12,11.6,3.76,84.67,87.29,18.47,7.53,2,Huntsville City 2-6 Atlanta United II,2026-05-16
Toronto II,1.74,1.67,0.07,0.7,1.61,-0.91,1.04,0.07,0.97,1.74,1.67,0.07,,,,,,2,0,2,1.93,49.2,34.86,,,35.22,0.22,0.97,122,7,7,14,31.82,14.43,8.21,3,9,5,5,15,57.6,32.99,47.13,37.25,69.23,31.25,0,Connecticut United 0-2 Toronto II,2026-05-16
Connecticut United,1.67,1.74,-0.07,1.61,0.7,0.91,0.07,1.04,-0.97,1.67,1.74,-0.07,,,,,,0,2,-2,-1.93,50.8,65.14,,,47.84,0.97,0.22,219,15,14,7,14.43,31.82,8.62,9,3,20,7,22,117.0,67.01,79.4,62.75,152.3,68.75,3,Connecticut United 0-2 Toronto II,2026-05-16
Chicago Fire II,1.02,0.83,0.19,0.59,0.55,0.04,0.43,0.29,0.14,1.02,0.83,0.19,,,,,,1,2,-1,-1.19,59.5,62.11,,,51.8,0.91,0.69,296,23,16,13,17.58,18.84,9.34,3,5,31,14,9,194.7,66.82,24.47,22.54,139.73,59.02,2,Carolina Core 2-1 Chicago Fire II,2026-05-16
Carolina Core,0.83,1.02,-0.19,0.55,0.59,-0.04,0.29,0.43,-0.14,0.83,1.02,-0.19,,,,,,2,1,1,1.19,40.5,37.89,,,46.51,0.69,0.91,160,9,13,16,18.84,17.58,19.89,5,3,18,6,8,96.7,33.18,84.07,77.46,97.03,40.98,0,Carolina Core 2-1 Chicago Fire II,2026-05-16
Minnesota United II,1.42,1.55,-0.13,1.36,1.47,-0.11,0.05,0.08,-0.03,1.42,1.55,-0.13,,,,,,1,2,-1,-0.87,51.1,55.72,,,45.44,0.9,0.46,173,10,12,16,13.33,34.78,7.96,8,6,22,4,14,98.6,54.78,22.4,29.4,80.2,41.06,3,Portland Timbers II 2-1 Minnesota United II,2026-05-13
Portland Timbers II,1.55,1.42,0.13,1.47,1.36,0.11,0.08,0.05,0.03,1.55,1.42,0.13,,,,,,2,1,1,0.87,48.9,44.28,,,44.72,0.46,0.9,156,9,16,12,34.78,13.33,8.29,6,8,17,5,13,81.4,45.22,53.8,70.6,115.13,58.94,0,Portland Timbers II 2-1 Minnesota United II,2026-05-13
Cincinnati II,0.56,3.28,-2.72,0.46,2.92,-2.46,0.1,0.36,-0.26,0.56,3.28,-2.72,,,,,,0,4,-4,-1.28,59.8,59.14,,,49.56,0.33,0.86,285,9,12,17,36.36,19.77,8.76,2,0,14,7,20,84.0,44.56,28.07,27.36,43.28,19.12,2,Huntsville City 4-0 Cincinnati II,2026-05-13
Huntsville City,3.28,0.56,2.72,2.92,0.46,2.46,0.36,0.1,0.26,3.28,0.56,2.72,,,,,,4,0,4,1.28,40.2,40.86,,,41.26,0.86,0.33,120,16,17,12,19.77,36.36,14.43,0,2,11,4,13,104.5,55.44,74.53,72.64,183.07,80.88,0,Huntsville City 4-0 Cincinnati II,2026-05-13
Austin II,1.68,1.73,-0.05,1.55,1.66,-0.11,0.12,0.06,0.06,1.68,1.73,-0.05,,,,,,2,0,2,2.05,47.3,55.64,,,46.69,0.81,0.63,194,15,17,15,20.99,23.81,11.86,2,4,16,6,9,128.7,58.82,71.4,72.22,168.17,66.13,0,Colorado Rapids II 0-2 Austin II,2026-05-13
Colorado Rapids II,1.73,1.68,0.05,1.66,1.55,0.11,0.06,0.12,-0.06,1.73,1.68,0.05,,,,,,0,2,-2,-2.05,52.7,44.36,,,43.27,0.63,0.81,188,10,15,17,23.81,20.99,11.9,4,2,17,5,12,90.1,41.18,27.47,27.78,86.13,33.87,0,Colorado Rapids II 0-2 Austin II,2026-05-13
New England II,3.16,0.42,2.74,2.22,0.29,1.93,0.95,0.13,0.82,3.16,0.42,2.74,,,,,,1,0,1,-1.74,58.3,70.33,,,50.96,1.38,0.19,277,22,21,4,15.22,21.05,7.36,6,3,22,9,15,240.6,88.98,55.73,52.18,234.27,92.68,0,Philadelphia Union II 0-1 New England II,2026-05-13
Philadelphia Union II,0.42,3.16,-2.74,0.29,2.22,-1.93,0.13,0.95,-0.82,0.42,3.16,-2.74,,,,,,0,1,-1,1.74,41.7,29.67,,,38.47,0.19,1.38,117,6,4,21,21.05,15.22,10.05,3,6,8,1,19,29.8,11.02,51.07,47.82,18.5,7.32,0,Philadelphia Union II 0-1 New England II,2026-05-13
San Jose Earthquakes II,1.35,2.53,-1.18,0.69,2.2,-1.51,0.66,0.34,0.32,1.35,2.53,-1.18,,,,,,1,1,0,1.18,43.1,39.78,,,41.87,0.38,0.83,138,10,11,19,28.95,22.89,18.1,4,3,7,4,11,42.0,29.35,67.67,71.03,80.37,43.15,1,Real Monarchs 1-1 San Jose Earthquakes II,2026-05-13
Real Monarchs,2.53,1.35,1.18,2.2,0.69,1.51,0.34,0.66,-0.32,2.53,1.35,1.18,,,,,,1,1,0,-1.18,56.9,60.22,,,43.99,0.83,0.38,198,26,19,11,22.89,28.95,11.54,3,4,18,13,12,101.1,70.65,27.6,28.97,105.9,56.85,5,Real Monarchs 1-1 San Jose Earthquakes II,2026-05-13
Tacoma Defiance,0.57,2.06,-1.49,0.57,0.38,0.19,0.0,0.92,-0.92,0.57,1.3,-0.73,,,,,,0,3,-3,-1.51,52.2,51.41,,,45.17,0.6,0.58,205,13,5,9,8.33,15.52,12.5,4,4,14,6,7,86.6,42.77,72.47,48.01,52.7,27.15,2,Austin II 3-0 Tacoma Defiance,2026-05-10
Austin II,2.06,0.57,1.49,0.38,0.57,-0.19,0.92,0.0,0.92,1.3,0.57,0.73,,,,,,3,0,3,1.51,47.8,48.59,,,45.28,0.58,0.6,174,8,9,5,15.52,8.33,10.92,4,4,21,5,19,115.9,57.23,78.47,51.99,141.44,72.85,1,Austin II 3-0 Tacoma Defiance,2026-05-10
Sporting KC II,3.9,1.72,2.18,3.54,0.59,2.95,0.36,1.13,-0.77,3.9,1.72,2.18,,,,,,3,1,2,-0.18,53.3,66.02,,,53.16,0.66,0.24,290,22,20,11,30.3,45.83,12.03,6,5,12,4,12,197.6,82.78,72.53,58.06,238.0,88.92,0,Colorado Rapids II 1-3 Sporting KC II,2026-05-10
Colorado Rapids II,1.72,3.9,-2.18,0.59,3.54,-2.95,1.13,0.36,0.77,1.72,3.9,-2.18,,,,,,1,3,-2,0.18,46.7,33.98,,,40.48,0.24,0.66,147,8,11,20,45.83,30.3,14.44,5,6,17,8,14,41.1,17.22,52.4,41.94,29.67,11.08,0,Colorado Rapids II 1-3 Sporting KC II,2026-05-10
Orlando City B,1.98,1.1,0.88,1.22,1.08,0.14,0.0,0.02,-0.02,1.22,1.1,0.12,,,,,,2,0,2,1.12,54.4,45.85,,,42.2,0.45,0.85,182,7,7,13,15.56,15.29,10.72,2,12,5,4,11,50.3,36.19,19.33,21.09,41.13,29.43,1,Atlanta United II 0-2 Orlando City B,2026-05-10
Atlanta United II,1.1,1.98,-0.88,1.08,1.22,-0.14,0.02,0.0,0.02,1.1,1.22,-0.12,,,,,,0,2,-2,-1.12,45.6,54.15,,,43.38,0.85,0.45,149,17,13,7,15.29,15.56,11.05,12,2,14,4,17,88.7,63.81,72.33,78.91,98.63,70.57,3,Atlanta United II 0-2 Orlando City B,2026-05-10
Columbus Crew II,1.51,1.76,-0.25,1.4,1.74,-0.34,0.11,0.02,0.09,1.51,1.76,-0.25,,,,,,1,2,-1,-0.75,58.8,56.31,,,44.84,0.63,0.42,214,11,12,15,19.05,35.71,11.8,2,4,11,3,12,101.1,49.61,22.53,20.14,75.8,32.46,0,Cincinnati II 2-1 Columbus Crew II,2026-05-10
Cincinnati II,1.76,1.51,0.25,1.74,1.4,0.34,0.02,0.11,-0.09,1.76,1.51,0.25,,,,,,2,1,1,0.75,41.2,43.69,,,45.59,0.42,0.63,162,7,15,12,35.71,19.05,12.54,4,2,15,5,12,102.7,50.39,89.33,79.86,157.7,67.54,4,Cincinnati II 2-1 Columbus Crew II,2026-05-10
Real Monarchs,1.93,2.16,-0.23,1.21,1.01,0.2,0.72,0.39,0.33,1.93,1.4,0.53,,,,,,1,3,-2,-1.77,44.4,42.26,,,42.1,0.8,0.53,132,12,9,9,11.25,16.98,8.3,10,10,9,2,21,37.8,30.22,82.73,79.81,72.9,40.89,1,Los Angeles II 3-1 Real Monarchs,2026-05-10
Los Angeles II,2.16,1.93,0.23,1.01,1.21,-0.2,0.39,0.72,-0.33,1.4,1.93,-0.53,,,,,,3,1,2,1.77,55.6,57.74,,,43.98,0.53,0.8,171,9,9,9,16.98,11.25,6.16,10,10,4,2,17,87.3,69.78,20.93,20.19,105.37,59.11,0,Los Angeles II 3-1 Real Monarchs,2026-05-10
Ventura County,1.41,2.16,-0.75,1.36,1.66,-0.3,0.05,0.5,-0.45,1.41,2.16,-0.75,,,,,,3,3,0,0.75,61.4,52.38,,,40.61,0.38,0.52,184,9,13,22,34.21,42.31,6.83,8,7,13,5,14,100.3,57.61,6.27,4.01,41.33,21.68,2,Portland Timbers II 3-3 Ventura County,2026-05-10
Portland Timbers II,2.16,1.41,0.75,1.66,1.36,0.3,0.5,0.05,0.45,2.16,1.41,0.75,,,,,,3,3,0,-0.75,38.6,47.62,,,47.5,0.52,0.38,173,12,22,13,42.31,34.21,12.41,7,8,13,8,18,73.8,42.39,150.2,95.99,149.27,78.32,2,Portland Timbers II 3-3 Ventura County,2026-05-10
New York City II,0.66,3.15,-2.49,0.66,1.45,-0.79,0.0,0.18,-0.18,0.66,1.63,-0.97,,,,,,2,3,-1,1.49,43.1,33.33,,,43.63,0.39,0.72,165,9,5,15,12.82,20.83,12.0,2,7,13,1,11,51.3,19.63,53.53,49.81,34.0,16.3,0,New England II 3-2 New York City II,2026-05-10
New England II,3.15,0.66,2.49,1.45,0.66,0.79,0.18,0.0,0.18,1.63,0.66,0.97,,,,,,3,2,1,-1.49,56.9,66.67,,,52.26,0.72,0.39,311,14,15,5,20.83,12.82,10.18,7,2,18,6,10,210.1,80.37,53.93,50.19,174.6,83.7,0,New England II 3-2 New York City II,2026-05-10
North Texas,1.31,1.08,0.23,1.31,0.85,0.46,0.0,0.23,-0.23,1.31,1.08,0.23,,,,,,2,0,2,1.77,36.4,16.48,,,33.18,0.11,0.9,49,2,4,15,36.36,16.67,18.05,1,15,4,1,9,12.1,5.91,47.0,64.5,18.57,16.15,0,Minnesota United II 0-2 North Texas,2026-05-09
Minnesota United II,1.08,1.31,-0.23,0.85,1.31,-0.46,0.23,0.0,0.23,1.08,1.31,-0.23,,,,,,0,2,-2,-1.77,63.6,83.52,,,52.85,0.9,0.11,306,24,15,4,16.67,36.36,7.28,15,1,37,8,13,192.7,94.09,25.87,35.5,96.43,83.85,9,Minnesota United II 0-2 North Texas,2026-05-09
Houston Dynamo II,2.24,1.53,0.71,1.92,1.29,0.63,0.32,0.24,0.08,2.24,1.53,0.71,,,,,,4,1,3,2.29,42.3,42.76,,,44.17,0.82,0.62,180,8,16,10,19.51,16.13,17.5,0,7,6,2,10,104.6,54.71,111.0,83.08,170.97,81.79,0,St. Louis City II 1-4 Houston Dynamo II,2026-05-09
St. Louis City II,1.53,2.24,-0.71,1.29,1.92,-0.63,0.24,0.32,-0.08,1.53,2.24,-0.71,,,,,,1,4,-3,-2.29,57.7,57.24,,,42.7,0.62,0.82,216,13,10,16,16.13,19.51,10.82,7,0,26,9,15,86.6,45.29,22.6,16.92,38.07,18.21,3,St. Louis City II 1-4 Houston Dynamo II,2026-05-09
Vancouver Whitecaps II,1.65,3.85,-2.2,0.66,3.79,-3.13,0.23,0.06,0.17,0.89,3.85,-2.96,,,,,,1,6,-5,-2.8,48.2,52.83,,,41.83,0.53,0.72,137,9,10,14,18.87,19.44,11.19,6,9,20,7,7,51.4,41.29,84.07,76.66,27.0,12.43,0,San Jose Earthquakes II 6-1 Vancouver Whitecaps II,2026-05-09
San Jose Earthquakes II,3.85,1.65,2.2,3.79,0.66,3.13,0.06,0.23,-0.17,3.85,0.89,2.96,,,,,,6,1,5,2.8,51.8,47.17,,,39.63,0.72,0.53,126,10,14,10,19.44,18.87,8.1,9,6,10,3,16,73.1,58.71,25.6,23.34,190.27,87.57,1,San Jose Earthquakes II 6-1 Vancouver Whitecaps II,2026-05-09
Crown Legacy,0.18,0.53,-0.35,0.18,0.32,-0.14,0.0,0.21,-0.21,0.18,0.53,-0.35,,,,,,1,1,0,0.35,58.4,33.33,,,37.4,0.04,0.36,9,0,1,3,25.0,8.33,29.0,0,1,0,0,1,5.2,25.62,2.33,33.29,5.83,25.46,0,Chicago Fire II 3-2 Crown Legacy,2026-05-09
Chicago Fire II,0.53,0.18,0.35,0.32,0.18,0.14,0.21,0.0,0.21,0.53,0.18,0.35,,,,,,1,1,0,-0.35,41.6,66.67,,,54.7,0.36,0.04,19,3,3,1,8.33,25.0,17.0,1,0,1,1,1,15.1,74.38,4.67,66.71,17.07,74.54,0,Chicago Fire II 3-2 Crown Legacy,2026-05-09
Chattanooga,3.35,0.74,2.61,1.35,0.68,0.67,0.48,0.07,0.41,1.83,0.74,1.09,,,,,,2,1,1,-1.61,42.5,63.64,,,50.04,0.63,0.17,171,16,15,11,23.81,64.71,14.82,4,1,22,8,10,127.8,71.56,119.4,88.89,210.67,83.94,1,Inter Miami II 1-2 Chattanooga,2026-05-08
Inter Miami II,0.74,3.35,-2.61,0.68,1.35,-0.67,0.07,0.48,-0.41,0.74,1.83,-1.09,,,,,,1,2,-1,1.61,57.5,36.36,,,40.16,0.17,0.63,125,7,11,15,64.71,23.81,9.21,1,4,7,4,19,50.8,28.44,14.93,11.11,40.3,16.06,3,Inter Miami II 1-2 Chattanooga,2026-05-08
New York RB II,1.32,1.25,0.07,1.27,1.25,0.02,0.05,0.0,0.05,1.32,1.25,0.07,,,,,,2,1,1,0.93,51.5,53.56,,,46.52,1.01,0.62,231,10,10,11,9.9,17.74,10.82,7,5,13,5,16,113.1,55.74,79.0,59.16,134.37,69.06,0,Toronto II 1-2 New York RB II,2026-05-08
Toronto II,1.25,1.32,-0.07,1.25,1.27,-0.02,0.0,0.05,-0.05,1.25,1.32,-0.07,,,,,,1,2,-1,-0.93,48.5,46.44,,,41.79,0.62,1.01,184,9,11,10,17.74,9.9,10.5,5,7,10,4,11,89.8,44.26,54.53,40.84,60.2,30.94,0,Toronto II 1-2 New York RB II,2026-05-08
Carolina Core,0.98,3.11,-2.13,0.9,2.31,-1.41,0.08,0.8,-0.72,0.98,3.11,-2.13,,,,,,0,3,-3,-0.87,47.6,50.57,,,42.73,0.45,0.66,165,8,7,16,15.56,24.24,13.17,6,5,16,9,16,67.8,36.69,69.47,48.99,47.93,23.92,2,Huntsville City 3-0 Carolina Core,2026-05-07
Huntsville City,3.11,0.98,2.13,2.31,0.9,1.41,0.8,0.08,0.72,3.11,0.98,2.13,,,,,,3,0,3,0.87,52.4,49.43,,,47.36,0.66,0.45,214,10,16,7,24.24,15.56,11.68,5,6,5,2,13,117.0,63.31,72.33,51.01,152.43,76.08,0,Huntsville City 3-0 Carolina Core,2026-05-07
Ventura County,0.89,1.48,-0.59,0.76,1.43,-0.67,0.13,0.05,0.08,0.89,1.48,-0.59,,,,,,2,0,2,2.59,56.2,50.89,,,46.17,0.48,0.22,243,13,14,14,29.17,63.64,12.04,3,5,14,4,15,120.9,49.84,21.6,17.82,98.53,44.88,1,Sporting KC II 0-2 Ventura County,2026-05-06
Sporting KC II,1.48,0.89,0.59,1.43,0.76,0.67,0.05,0.13,-0.08,1.48,0.89,0.59,,,,,,0,2,-2,-2.59,43.8,49.11,,,49.77,0.22,0.48,226,10,14,14,63.64,29.17,12.33,5,3,21,8,10,121.7,50.16,99.6,82.18,121.03,55.12,0,Sporting KC II 0-2 Ventura County,2026-05-06
Chicago Fire II,1.04,1.28,-0.24,0.95,1.23,-0.28,0.09,0.05,0.04,1.04,1.28,-0.24,,,,,,1,2,-1,-0.76,49.0,53.17,,,48.98,0.31,0.82,238,8,9,10,29.03,12.2,8.28,12,7,10,3,14,117.8,53.18,69.8,56.62,113.9,45.87,0,New York City II 2-1 Chicago Fire II,2026-05-05
New York City II,1.28,1.04,0.24,1.23,0.95,0.28,0.05,0.09,-0.04,1.28,1.04,0.24,,,,,,2,1,1,0.76,51.0,46.83,,,44.96,0.82,0.31,208,11,10,9,12.2,29.03,7.84,7,12,7,8,15,103.7,46.82,53.47,43.38,134.43,54.13,0,New York City II 2-1 Chicago Fire II,2026-05-05
Vancouver Whitecaps II,1.95,0.9,1.05,1.91,0.54,1.37,0.04,0.36,-0.32,1.95,0.9,1.05,,,,,,1,2,-1,-2.05,50.7,61.3,,,46.48,1.0,0.64,209,18,18,9,18.0,14.06,12.97,3,9,27,8,11,135.8,73.92,71.67,69.58,148.1,80.72,1,Los Angeles II 2-1 Vancouver Whitecaps II,2026-05-03
Los Angeles II,0.9,1.95,-1.05,0.54,1.91,-1.37,0.36,0.04,0.32,0.9,1.95,-1.05,,,,,,2,1,1,2.05,49.3,38.7,,,41.17,0.64,1.0,136,12,9,18,14.06,18.0,9.56,9,3,9,4,10,47.9,26.08,31.33,30.42,35.37,19.28,0,Los Angeles II 2-1 Vancouver Whitecaps II,2026-05-03
Tacoma Defiance,1.78,1.26,0.52,1.42,0.76,0.66,0.36,0.5,-0.14,1.78,1.26,0.52,,,,,,2,2,0,-0.52,59.5,68.62,,,54.11,1.28,0.64,337,31,17,14,13.28,21.88,9.18,10,2,22,8,12,218.2,75.95,40.13,41.18,218.23,72.85,1,Sporting KC II 2-2 Tacoma Defiance,2026-05-03
Sporting KC II,1.26,1.78,-0.52,0.76,1.42,-0.66,0.5,0.36,0.14,1.26,1.78,-0.52,,,,,,2,2,0,0.52,40.5,31.38,,,41.4,0.64,1.28,140,12,14,17,21.88,13.28,14.84,2,10,14,7,12,69.1,24.05,57.33,58.82,81.33,27.15,0,Sporting KC II 2-2 Tacoma Defiance,2026-05-03
Houston Dynamo II,3.24,1.33,1.91,2.16,1.33,0.83,0.32,0.0,0.32,2.48,1.33,1.15,,,,,,3,1,2,0.09,45.9,59.85,,,47.55,0.57,0.32,189,20,24,8,42.11,25.0,11.57,6,4,20,10,14,170.0,80.91,108.67,79.44,275.87,91.59,0,Colorado Rapids II 1-3 Houston Dynamo II,2026-05-03
Colorado Rapids II,1.33,3.24,-1.91,1.33,2.16,-0.83,0.0,0.32,-0.32,1.33,2.48,-1.15,,,,,,1,3,-2,-0.09,54.1,40.15,,,38.57,0.32,0.57,153,9,8,24,25.0,42.11,11.04,4,6,21,3,13,40.1,19.09,28.13,20.56,25.33,8.41,0,Colorado Rapids II 1-3 Houston Dynamo II,2026-05-03
Crown Legacy,1.12,1.6,-0.48,1.08,1.16,-0.08,0.04,0.44,-0.4,1.12,1.6,-0.48,,,,,,2,2,0,0.48,42.2,49.27,,,42.08,0.33,0.45,145,5,10,17,30.3,37.78,18.78,5,5,15,5,11,54.4,35.53,94.53,72.38,94.43,59.84,1,Orlando City B 2-2 Crown Legacy,2026-05-03
Orlando City B,1.6,1.12,0.48,1.16,1.08,0.08,0.44,0.04,0.4,1.6,1.12,0.48,,,,,,2,2,0,-0.48,57.8,50.73,,,40.87,0.45,0.33,166,17,17,10,37.78,30.3,10.13,5,5,18,12,9,98.7,64.47,36.07,27.62,63.37,40.16,1,Orlando City B 2-2 Crown Legacy,2026-05-03
Toronto II,1.34,3.33,-1.99,1.2,3.13,-1.93,0.14,0.2,-0.06,1.34,3.33,-1.99,,,,,,0,5,-5,-3.01,58.0,53.89,,,41.92,0.43,0.92,199,8,11,16,25.58,17.39,10.43,12,10,19,6,7,103.9,46.12,21.53,14.95,45.66,17.24,1,Cincinnati II 5-0 Toronto II,2026-05-03
Cincinnati II,3.33,1.34,1.99,3.13,1.2,1.93,0.2,0.14,0.06,3.33,1.34,1.99,,,,,,5,0,5,3.01,42.0,46.11,,,46.77,0.92,0.43,172,13,16,11,17.39,25.58,10.69,10,12,13,5,17,121.4,53.88,122.47,85.05,219.13,82.76,3,Cincinnati II 5-0 Toronto II,2026-05-03
New England II,1.36,0.93,0.43,0.42,0.93,-0.51,0.18,0.0,0.18,0.6,0.93,-0.33,,,,,,0,0,0,-0.43,58.0,57.34,,,47.94,0.55,0.6,250,9,11,8,20.0,13.33,8.0,1,7,23,8,17,124.8,74.02,16.33,18.93,91.03,58.86,0,Connecticut United 0-0 New England II,2026-05-03
Connecticut United,0.93,1.36,-0.43,0.93,0.42,0.51,0.0,0.18,-0.18,0.93,0.6,0.33,,,,,,0,0,0,0.43,42.0,42.66,,,45.67,0.6,0.55,160,3,8,11,13.33,20.0,11.73,7,1,18,6,13,43.8,25.98,69.93,81.07,63.63,41.14,0,Connecticut United 0-0 New England II,2026-05-03
Inter Miami II,0.81,3.46,-2.65,0.76,3.42,-2.66,0.05,0.04,0.01,0.81,3.46,-2.65,,,,,,1,3,-2,0.65,47.9,38.91,,,43.83,0.54,0.95,170,6,13,18,24.07,18.95,13.71,4,11,18,5,11,55.8,27.33,55.07,54.88,49.47,23.64,0,Columbus Crew II 3-1 Inter Miami II,2026-05-03
Columbus Crew II,3.46,0.81,2.65,3.42,0.76,2.66,0.04,0.05,-0.01,3.46,0.81,2.65,,,,,,3,1,2,-0.65,52.1,61.09,,,47.11,0.95,0.54,239,14,18,13,18.95,24.07,13.68,11,4,8,4,7,148.4,72.67,45.27,45.12,159.77,76.36,0,Columbus Crew II 3-1 Inter Miami II,2026-05-03
Portland Timbers II,2.07,1.1,0.97,1.28,0.98,0.3,0.03,0.13,-0.1,1.31,1.1,0.21,,,,,,3,0,3,2.03,37.7,44.16,,,43.42,0.37,0.48,118,8,12,11,32.43,22.92,11.54,7,2,11,3,15,55.5,46.44,152.27,94.7,200.17,93.58,1,Real Monarchs 0-3 Portland Timbers II,2026-05-03
Real Monarchs,1.1,2.07,-0.97,0.98,1.28,-0.3,0.13,0.03,0.1,1.1,1.31,-0.21,,,,,,0,3,-3,-2.03,62.3,55.84,,,39.4,0.48,0.37,152,9,11,12,22.92,32.43,6.92,2,7,9,3,22,64.0,53.56,8.53,5.3,13.73,6.42,2,Real Monarchs 0-3 Portland Timbers II,2026-05-03
New York RB II,1.39,1.16,0.23,1.39,1.15,0.24,0.0,0.02,-0.02,1.39,1.16,0.23,,,,,,2,1,1,0.77,52.7,43.29,,,39.29,0.46,0.54,163,6,10,14,21.74,25.93,8.46,8,13,5,0,24,68.2,45.08,39.93,27.4,52.7,28.66,1,Philadelphia Union II 1-2 New York RB II,2026-05-03
Philadelphia Union II,1.16,1.39,-0.23,1.15,1.39,-0.24,0.02,0.0,0.02,1.16,1.39,-0.23,,,,,,1,2,-1,-0.77,47.3,56.71,,,42.81,0.54,0.46,181,8,14,10,25.93,21.74,7.87,13,8,17,4,13,83.1,54.92,105.8,72.6,131.17,71.34,0,Philadelphia Union II 1-2 New York RB II,2026-05-03
Austin II,2.12,0.86,1.26,2.04,0.77,1.27,0.08,0.09,-0.01,2.12,0.86,1.26,,,,,,2,0,2,0.74,45.7,44.59,,,46.2,0.74,0.69,178,13,16,13,21.62,18.84,11.08,10,1,13,2,14,84.1,45.39,106.73,77.68,169.3,83.43,1,North Texas 0-2 Austin II,2026-05-02
North Texas,0.86,2.12,-1.26,0.77,2.04,-1.27,0.09,0.08,0.01,0.86,2.12,-1.26,,,,,,0,2,-2,-0.74,54.3,55.41,,,42.69,0.69,0.74,203,11,13,16,18.84,21.62,12.63,1,10,13,4,12,101.2,54.61,30.67,22.32,33.63,16.57,0,North Texas 0-2 Austin II,2026-05-02
Huntsville City,0.25,1.41,-1.16,0.25,0.64,-0.39,0.0,0.02,-0.02,0.25,0.65,-0.4,,,,,,2,0,2,3.16,48.1,41.2,,,40.67,0.55,0.55,141,8,5,10,9.09,18.18,16.0,2,9,3,1,16,57.4,41.15,84.27,57.85,94.67,54.11,0,Chattanooga 0-2 Huntsville City,2026-05-02
Chattanooga,1.41,0.25,1.16,0.64,0.25,0.39,0.02,0.0,0.02,0.65,0.25,0.4,,,,,,0,2,-2,-3.16,51.9,58.8,,,41.65,0.55,0.55,178,15,10,5,18.18,9.09,8.72,9,2,16,5,14,82.1,58.85,61.4,42.15,80.3,45.89,4,Chattanooga 0-2 Huntsville City,2026-05-02
Atlanta United II,1.82,1.45,0.37,1.55,1.45,0.1,0.28,0.0,0.28,1.82,1.45,0.37,,,,,,2,1,1,0.63,48.3,58.47,,,51.82,0.69,0.3,216,20,14,11,20.29,36.67,9.5,5,3,9,4,14,123.1,74.74,60.6,69.82,165.7,83.94,4,Carolina Core 1-2 Atlanta United II,2026-05-02
Carolina Core,1.45,1.82,-0.37,1.45,1.55,-0.1,0.0,0.28,-0.28,1.45,1.82,-0.37,,,,,,1,2,-1,-0.63,51.7,41.53,,,41.59,0.3,0.69,142,7,11,14,36.67,20.29,8.0,3,5,21,3,12,41.6,25.26,26.2,30.18,31.7,16.06,0,Carolina Core 1-2 Atlanta United II,2026-05-02
St. Louis City II,1.32,2.54,-1.22,1.32,2.06,-0.74,0.0,0.48,-0.48,1.32,2.54,-1.22,,,,,,0,0,0,1.22,61.3,59.25,,,45.2,0.84,0.37,222,16,11,14,13.1,37.84,8.35,6,3,16,11,13,91.4,63.6,22.93,18.06,54.57,36.1,5,Minnesota United II 0-0 St. Louis City II,2026-05-02
Minnesota United II,2.54,1.32,1.22,2.06,1.32,0.74,0.48,0.0,0.48,2.54,1.32,1.22,,,,,,0,0,0,-1.22,38.7,40.75,,,44.49,0.37,0.84,138,16,14,11,37.84,13.1,12.06,3,6,23,8,13,52.3,36.4,104.07,81.94,96.6,63.9,6,Minnesota United II 0-0 St. Louis City II,2026-05-02
San Jose Earthquakes II,3.08,2.57,0.51,2.29,2.39,-0.1,0.79,0.18,0.61,3.08,2.57,0.51,,,,,,3,1,2,1.49,45.5,42.67,,,42.52,0.54,0.77,169,19,20,15,37.04,19.48,11.64,9,3,14,4,15,114.6,42.87,88.67,66.7,184.2,77.79,7,Ventura County 1-3 San Jose Earthquakes II,2026-05-01
Ventura County,2.57,3.08,-0.51,2.39,2.29,0.1,0.18,0.79,-0.61,2.57,3.08,-0.51,,,,,,1,3,-2,-1.49,54.5,57.33,,,43.93,0.77,0.54,233,14,15,20,19.48,37.04,12.82,3,9,25,6,12,152.7,57.13,44.27,33.3,52.6,22.21,2,Ventura County 1-3 San Jose Earthquakes II,2026-05-01
Los Angeles II,1.39,1.8,-0.41,1.13,0.72,0.41,0.26,0.32,-0.06,1.39,1.04,0.35,,,,,,1,4,-3,-2.59,67.1,69.5,,,51.91,0.72,0.76,409,19,20,11,27.78,14.47,7.16,9,4,25,6,15,205.5,76.39,23.0,12.86,64.97,31.83,0,Tacoma Defiance 4-1 Los Angeles II,2026-04-26
Tacoma Defiance,1.8,1.39,0.41,0.72,1.13,-0.41,0.32,0.26,0.06,1.04,1.39,-0.35,,,,,,4,1,3,2.59,32.9,30.5,,,44.85,0.76,0.72,146,9,11,20,14.47,27.78,18.28,4,9,12,4,11,63.5,23.61,155.87,87.14,139.16,68.17,2,Tacoma Defiance 4-1 Los Angeles II,2026-04-26
Colorado Rapids II,1.67,0.98,0.69,1.67,0.95,0.72,0.0,0.03,-0.03,1.67,0.98,0.69,,,,,,1,1,0,-0.69,53.1,45.39,,,37.44,0.44,0.62,140,6,11,14,25.0,22.58,8.65,5,13,13,1,18,72.3,37.29,32.53,23.88,43.37,20.11,1,Vancouver Whitecaps II 1-1 Colorado Rapids II,2026-04-26
Vancouver Whitecaps II,0.98,1.67,-0.69,0.95,1.67,-0.72,0.03,0.0,0.03,0.98,1.67,-0.69,,,,,,1,1,0,0.69,46.9,54.61,,,44.49,0.62,0.44,178,10,14,11,22.58,25.0,8.23,13,5,23,4,14,121.6,62.71,103.67,76.12,172.3,79.89,0,Vancouver Whitecaps II 1-1 Colorado Rapids II,2026-04-26
Ventura County,1.33,2.13,-0.8,1.03,2.0,-0.97,0.31,0.13,0.18,1.33,2.13,-0.8,,,,,,1,2,-1,-0.2,57.4,46.44,,,42.97,0.38,0.7,252,10,14,16,36.84,22.86,12.54,6,5,10,4,9,107.9,41.64,29.53,16.52,75.9,20.99,0,St. Louis City II 2-1 Ventura County,2026-04-26
St. Louis City II,2.13,1.33,0.8,2.0,1.03,0.97,0.13,0.31,-0.18,2.13,1.33,0.8,,,,,,2,1,1,0.2,42.6,53.56,,,47.11,0.7,0.38,222,16,16,14,22.86,36.84,20.74,5,6,20,13,9,151.2,58.36,149.2,83.48,285.67,79.01,0,St. Louis City II 2-1 Ventura County,2026-04-26
Columbus Crew II,1.84,4.28,-2.44,1.84,3.39,-1.55,0.0,0.89,-0.89,1.84,4.28,-2.44,,,,,,1,4,-3,-0.56,51.0,39.84,,,36.37,0.83,0.79,129,6,9,25,10.84,31.65,8.51,7,13,9,1,17,26.3,14.39,43.93,31.37,16.14,4.6,1,New York RB II 4-1 Columbus Crew II,2026-04-26
New York RB II,4.28,1.84,2.44,3.39,1.84,1.55,0.89,0.0,0.89,4.28,1.84,2.44,,,,,,4,1,3,0.56,49.0,60.16,,,45.4,0.79,0.83,207,10,25,9,31.65,10.84,8.45,13,7,10,4,23,156.5,85.61,96.13,68.63,334.72,95.4,0,New York RB II 4-1 Columbus Crew II,2026-04-26
North Texas,1.36,2.11,-0.75,0.6,1.99,-1.39,0.0,0.12,-0.12,0.6,2.11,-1.51,,,,,,0,1,-1,-0.25,49.7,34.97,,,38.11,0.45,1.71,123,10,8,20,17.78,11.7,12.83,3,5,8,4,9,47.5,23.22,48.13,35.69,52.67,19.99,1,Minnesota United II 1-0 North Texas,2026-04-26
Minnesota United II,2.11,1.36,0.75,1.99,0.6,1.39,0.12,0.0,0.12,2.11,0.6,1.51,,,,,,1,0,1,0.25,50.3,65.03,,,52.85,1.71,0.45,266,28,20,8,11.7,17.78,10.24,5,3,30,10,17,157.1,76.78,86.73,64.31,210.87,80.01,6,Minnesota United II 1-0 North Texas,2026-04-26
Orlando City B,2.37,2.19,0.18,2.15,0.8,1.35,0.22,0.63,-0.41,2.37,1.43,0.94,,,,,,2,2,0,-0.18,59.7,62.84,,,43.65,0.59,0.19,231,10,14,9,23.73,47.37,10.3,4,10,15,6,14,137.4,71.6,35.53,26.77,63.24,31.97,0,Chicago Fire II 2-2 Orlando City B,2026-04-26
Chicago Fire II,2.19,2.37,-0.18,0.8,2.15,-1.35,0.63,0.22,0.41,1.43,2.37,-0.94,,,,,,2,2,0,0.18,40.3,37.16,,,39.71,0.19,0.59,123,5,9,14,47.37,23.73,12.86,10,4,9,5,13,54.5,28.4,97.2,73.23,134.59,68.03,0,Chicago Fire II 2-2 Orlando City B,2026-04-26
Philadelphia Union II,1.06,3.32,-2.26,1.0,2.47,-1.47,0.07,0.85,-0.78,1.06,3.32,-2.26,,,,,,2,1,1,3.26,53.8,43.94,,,39.87,0.55,0.75,134,5,8,13,14.55,17.33,7.76,3,5,15,3,15,47.9,29.05,20.87,28.15,33.2,20.31,3,Connecticut United 1-2 Philadelphia Union II,2026-04-26
Connecticut United,3.32,1.06,2.26,2.47,1.0,1.47,0.85,0.07,0.78,3.32,1.06,2.26,,,,,,1,2,-1,-3.26,46.2,56.06,,,47.35,0.75,0.55,168,12,13,8,17.33,14.55,9.62,5,3,14,2,22,117.0,70.95,53.27,71.85,130.3,79.69,1,Connecticut United 1-2 Philadelphia Union II,2026-04-26
Houston Dynamo II,2.67,1.51,1.16,2.57,1.45,1.12,0.09,0.07,0.02,2.67,1.51,1.16,,,,,,2,1,1,-0.16,52.8,59.28,,,45.97,0.8,1.28,249,13,17,15,21.25,11.72,14.5,6,8,20,6,11,131.8,65.15,38.27,28.57,122.93,67.37,0,Sporting KC II 1-2 Houston Dynamo II,2026-04-26
Sporting KC II,1.51,2.67,-1.16,1.45,2.57,-1.12,0.07,0.09,-0.02,1.51,2.67,-1.16,,,,,,1,2,-1,0.16,47.2,40.72,,,42.16,1.28,0.8,166,12,15,17,11.72,21.25,13.45,8,6,22,4,11,70.5,34.85,95.67,71.43,59.53,32.63,0,Sporting KC II 1-2 Houston Dynamo II,2026-04-26
Crown Legacy,1.85,1.19,0.66,0.77,1.17,-0.4,0.32,0.02,0.3,1.09,1.19,-0.1,,,,,,2,2,0,-0.66,65.8,65.0,,,47.85,0.5,0.32,241,18,14,11,28.0,34.38,7.12,2,2,24,12,11,151.5,81.45,15.73,14.36,104.87,65.42,4,Carolina Core 2-2 Crown Legacy,2026-04-25
Carolina Core,1.19,1.85,-0.66,1.17,0.77,0.4,0.02,0.32,-0.3,1.19,1.09,0.1,,,,,,2,2,0,0.66,34.2,35.0,,,42.76,0.32,0.5,103,7,11,14,34.38,28.0,14.61,2,2,10,5,17,34.5,18.55,93.8,85.64,55.43,34.58,1,Carolina Core 2-2 Crown Legacy,2026-04-25
New York City II,2.46,1.18,1.28,1.4,1.11,0.29,1.06,0.06,1.0,2.46,1.18,1.28,,,,,,1,2,-1,-2.28,58.1,61.89,,,45.65,1.14,0.22,249,15,19,10,16.67,45.45,15.25,10,5,15,8,5,171.6,76.99,35.2,22.88,118.6,54.77,0,Toronto II 2-1 New York City II,2026-04-24
Toronto II,1.18,2.46,-1.28,1.11,1.4,-0.29,0.06,1.06,-1.0,1.18,2.46,-1.28,,,,,,2,1,1,2.28,41.9,38.11,,,42.18,0.22,1.14,169,3,10,19,45.45,16.67,21.64,5,10,12,3,6,51.3,23.01,118.67,77.12,97.93,45.23,0,Toronto II 2-1 New York City II,2026-04-24
Vancouver Whitecaps II,3.15,2.99,0.16,2.42,2.15,0.27,0.73,0.08,0.65,3.15,2.23,0.92,,,,,,2,3,-1,-1.16,49.3,60.4,,,49.56,1.05,0.8,251,16,21,17,20.0,21.25,12.68,8,4,26,10,14,138.8,61.83,86.8,61.79,173.6,71.6,0,Sporting KC II 3-2 Vancouver Whitecaps II,2026-04-19
Sporting KC II,2.99,3.15,-0.16,2.15,2.42,-0.27,0.08,0.73,-0.65,2.23,3.15,-0.92,,,,,,3,2,1,1.16,50.7,39.6,,,41.88,0.8,1.05,171,21,17,21,21.25,20.0,14.26,4,8,18,8,10,85.7,38.17,53.67,38.21,68.87,28.4,2,Sporting KC II 3-2 Vancouver Whitecaps II,2026-04-19
Minnesota United II,0.79,1.11,-0.32,0.79,1.11,-0.32,0.0,0.0,0.0,0.79,1.11,-0.32,,,,,,2,1,1,1.32,34.9,48.21,,,45.29,0.39,0.7,113,11,9,6,23.08,8.57,11.0,7,0,15,5,15,63.3,45.57,147.87,93.78,151.6,85.78,3,Colorado Rapids II 1-2 Minnesota United II,2026-04-19
Colorado Rapids II,1.11,0.79,0.32,1.11,0.79,0.32,0.0,0.0,0.0,1.11,0.79,0.32,,,,,,1,2,-1,-1.32,65.1,51.79,,,38.95,0.7,0.39,157,4,6,9,8.57,23.08,10.35,0,7,11,2,15,75.6,54.43,9.8,6.22,25.13,14.22,0,Colorado Rapids II 1-2 Minnesota United II,2026-04-19
Carolina Core,1.43,2.19,-0.76,0.59,1.3,-0.71,0.83,0.13,0.7,1.43,1.43,0.0,,,,,,2,2,0,0.76,48.7,50.4,,,43.39,0.5,0.41,183,10,13,14,26.0,34.15,9.11,11,4,22,6,16,91.7,48.47,88.6,58.34,97.07,39.39,0,Orlando City B 2-2 Carolina Core,2026-04-19
Orlando City B,2.19,1.43,0.76,1.3,0.59,0.71,0.13,0.83,-0.7,1.43,1.43,0.0,,,,,,2,2,0,-0.76,51.3,49.6,,,39.67,0.41,0.5,144,7,14,13,34.15,26.0,13.39,4,11,6,3,14,97.5,51.53,63.27,41.66,149.37,60.61,2,Orlando City B 2-2 Carolina Core,2026-04-19
Houston Dynamo II,1.55,1.93,-0.38,1.53,1.92,-0.39,0.02,0.02,0.0,1.55,1.93,-0.38,,,,,,1,0,1,1.38,45.0,47.04,,,44.15,0.67,0.55,181,11,12,19,17.91,34.55,13.97,9,8,15,2,9,95.8,45.53,103.13,61.63,134.43,57.91,1,Real Monarchs 0-1 Houston Dynamo II,2026-04-19
Real Monarchs,1.93,1.55,0.38,1.92,1.53,0.39,0.02,0.02,0.0,1.93,1.55,0.38,,,,,,0,1,-1,-1.38,55.0,52.96,,,42.83,0.55,0.67,240,9,19,12,34.55,17.91,11.41,8,9,9,3,14,114.6,54.47,64.2,38.37,97.7,42.09,2,Real Monarchs 0-1 Houston Dynamo II,2026-04-19
Cincinnati II,0.96,2.88,-1.92,0.91,2.25,-1.34,0.05,0.64,-0.59,0.96,2.88,-1.92,,,,,,1,3,-2,-0.08,32.7,30.0,,,43.97,0.3,0.56,136,4,9,25,30.0,44.64,12.72,4,8,7,1,13,24.3,11.07,109.93,88.18,26.1,11.94,2,New York RB II 3-1 Cincinnati II,2026-04-19
New York RB II,2.88,0.96,1.92,2.25,0.91,1.34,0.64,0.05,0.59,2.88,0.96,1.92,,,,,,3,1,2,0.08,67.3,70.0,,,47.98,0.56,0.3,310,10,25,9,44.64,30.0,7.47,8,4,16,8,14,195.3,88.93,14.73,11.82,192.47,88.06,1,New York RB II 3-1 Cincinnati II,2026-04-19
San Jose Earthquakes II,1.2,1.89,-0.69,0.98,1.81,-0.83,0.22,0.08,0.14,1.2,1.89,-0.69,,,,,,1,2,-1,-0.31,40.5,43.87,,,45.03,0.52,0.79,172,10,12,17,23.08,21.52,17.1,6,5,15,4,15,62.6,26.8,109.53,79.64,98.33,51.15,4,Los Angeles II 2-1 San Jose Earthquakes II,2026-04-19
Los Angeles II,1.89,1.2,0.69,1.81,0.98,0.83,0.08,0.22,-0.14,1.89,1.2,0.69,,,,,,2,1,1,0.31,59.5,56.13,,,45.3,0.79,0.52,288,17,17,12,21.52,23.08,10.29,5,6,10,4,10,171.0,73.2,28.0,20.36,93.9,48.85,1,Los Angeles II 2-1 San Jose Earthquakes II,2026-04-19
North Texas,1.46,4.15,-2.69,1.29,2.38,-1.09,0.17,0.26,-0.09,1.46,2.63,-1.17,,,,,,2,2,0,2.69,42.1,30.36,,,41.07,0.46,0.76,119,8,18,23,39.13,30.26,11.97,3,8,12,7,14,24.2,13.19,70.4,62.78,23.84,9.18,0,Portland Timbers II 2-2 North Texas,2026-04-19
Portland Timbers II,4.15,1.46,2.69,2.38,1.29,1.09,0.26,0.17,0.09,2.63,1.46,1.17,,,,,,2,2,0,-2.69,57.9,69.64,,,48.75,0.76,0.46,219,19,23,18,30.26,39.13,6.35,8,3,30,12,17,159.3,86.81,41.73,37.22,235.8,90.82,0,Portland Timbers II 2-2 North Texas,2026-04-19
Connecticut United,2.13,1.97,0.16,1.43,1.79,-0.36,0.7,0.18,0.52,2.13,1.97,0.16,,,,,,1,2,-1,-1.16,55.2,71.14,,,53.57,0.97,1.02,300,14,9,15,9.28,14.71,7.62,13,2,38,12,11,131.8,66.97,56.33,48.87,123.93,66.93,0,New York City II 2-1 Connecticut United,2026-04-19
New York City II,1.97,2.13,-0.16,1.79,1.43,0.36,0.18,0.7,-0.52,1.97,2.13,-0.16,,,,,,2,1,1,1.16,44.8,28.86,,,38.96,1.02,0.97,130,16,15,9,14.71,9.28,9.81,2,13,11,7,15,65.0,33.03,58.93,51.13,61.23,33.07,0,New York City II 2-1 Connecticut United,2026-04-19
Austin II,3.08,0.94,2.14,2.08,0.76,1.32,0.24,0.18,0.06,2.32,0.94,1.38,,,,,,1,1,0,-2.14,49.1,58.47,,,49.86,1.07,0.38,232,17,21,10,19.63,26.32,10.55,8,3,21,4,15,153.9,76.42,68.93,73.38,181.8,81.79,0,Ventura County 1-1 Austin II,2026-04-18
Ventura County,0.94,3.08,-2.14,0.76,2.08,-1.32,0.18,0.24,-0.06,0.94,2.32,-1.38,,,,,,1,1,0,2.14,50.9,41.53,,,42.1,0.38,1.07,170,16,10,21,26.32,19.63,11.67,3,8,8,3,15,47.5,23.58,25.0,26.62,40.47,18.21,4,Ventura County 1-1 Austin II,2026-04-18
Huntsville City,3.16,1.45,1.71,3.11,1.3,1.81,0.05,0.16,-0.11,3.16,1.45,1.71,,,,,,4,2,2,0.29,37.7,44.62,,,47.45,0.6,0.97,155,13,16,12,26.67,12.37,10.71,6,6,12,5,11,92.6,55.85,106.07,95.73,196.33,88.27,0,Inter Miami II 2-4 Huntsville City,2026-04-18
Inter Miami II,1.45,3.16,-1.71,1.3,3.11,-1.81,0.16,0.05,0.11,1.45,3.16,-1.71,,,,,,2,4,-2,-0.29,62.3,55.38,,,45.86,0.97,0.6,206,12,12,16,12.37,26.67,5.65,6,6,21,7,20,73.2,44.15,4.73,4.27,26.1,11.73,3,Inter Miami II 2-4 Huntsville City,2026-04-18
Chattanooga,1.06,1.91,-0.85,1.04,1.01,0.03,0.02,0.13,-0.11,1.06,1.15,-0.09,,,,,,0,1,-1,-0.15,38.6,45.85,,,50.1,0.48,0.57,159,14,9,13,18.75,22.81,10.95,5,4,12,6,16,67.0,39.3,125.87,88.55,107.33,70.44,1,Crown Legacy 1-0 Chattanooga,2026-04-18
Crown Legacy,1.91,1.06,0.85,1.01,1.04,-0.03,0.13,0.02,0.11,1.15,1.06,0.09,,,,,,1,0,1,0.15,61.4,54.15,,,46.33,0.57,0.48,234,6,13,9,22.81,18.75,7.97,4,5,19,6,13,103.5,60.7,16.27,11.45,45.03,29.56,0,Crown Legacy 1-0 Chattanooga,2026-04-18
Atlanta United II,2.96,2.76,0.2,2.83,2.07,0.76,0.13,0.7,-0.57,2.96,2.76,0.2,,,,,,3,0,3,2.8,52.9,52.53,,,45.17,0.49,0.63,175,18,21,15,42.86,23.81,6.59,8,2,18,6,16,93.9,52.66,48.8,46.69,114.2,71.14,3,Chicago Fire II 0-3 Atlanta United II,2026-04-18
Chicago Fire II,2.76,2.96,-0.2,2.07,2.83,-0.76,0.7,0.13,0.57,2.76,2.96,-0.2,,,,,,0,3,-3,-2.8,47.1,47.47,,,43.94,0.63,0.49,154,16,15,21,23.81,42.86,9.08,2,8,15,7,15,84.4,47.34,55.73,53.31,46.33,28.86,0,Chicago Fire II 0-3 Atlanta United II,2026-04-18
New England II,1.18,1.78,-0.6,1.13,1.58,-0.45,0.05,0.21,-0.16,1.18,1.78,-0.6,,,,,,1,2,-1,-0.4,57.1,73.68,,,51.79,0.84,0.41,286,8,13,13,15.48,31.71,10.5,9,3,26,5,13,165.1,85.1,39.4,44.57,161.1,73.44,0,Columbus Crew II 2-1 New England II,2026-04-18
Columbus Crew II,1.78,1.18,0.6,1.58,1.13,0.45,0.21,0.05,0.16,1.78,1.18,0.6,,,,,,2,1,1,0.4,42.9,26.32,,,36.89,0.41,0.84,107,8,13,13,31.71,15.48,17.0,3,9,8,7,9,28.9,14.9,49.0,55.43,58.27,26.56,1,Columbus Crew II 2-1 New England II,2026-04-18
St. Louis City II,2.36,0.97,1.39,0.45,0.9,-0.45,0.39,0.06,0.33,0.84,0.97,-0.13,,,,,,2,1,1,-0.39,51.7,60.0,,,52.4,0.71,0.39,288,11,10,12,14.08,30.77,8.11,9,6,19,4,17,133.0,60.59,66.73,54.49,142.63,68.52,1,Tacoma Defiance 1-2 St. Louis City II,2026-04-17
Tacoma Defiance,0.97,2.36,-1.39,0.9,0.45,0.45,0.06,0.39,-0.33,0.97,0.84,0.13,,,,,,1,2,-1,0.39,48.3,40.0,,,45.41,0.39,0.71,191,10,12,10,30.77,14.08,9.0,6,9,24,6,17,86.5,39.41,55.73,45.51,65.53,31.48,2,Tacoma Defiance 1-2 St. Louis City II,2026-04-17
Philadelphia Union II,0.8,0.64,0.16,0.73,0.64,0.09,0.07,0.0,0.07,0.8,0.64,0.16,,,,,,0,1,-1,-1.16,50.7,63.46,,,46.1,0.54,0.34,214,7,12,7,22.22,20.59,9.02,8,4,22,4,21,120.5,84.68,61.8,61.27,156.43,88.36,1,Toronto II 1-0 Philadelphia Union II,2026-04-17
Toronto II,0.64,0.8,-0.16,0.64,0.73,-0.09,0.0,0.07,-0.07,0.64,0.8,-0.16,,,,,,1,0,1,1.16,49.3,36.54,,,38.24,0.34,0.54,125,5,7,12,20.59,22.22,11.12,4,8,7,1,13,21.8,15.32,39.07,38.73,20.6,11.64,0,Toronto II 1-0 Philadelphia Union II,2026-04-17
Portland Timbers II,1.54,1.22,0.32,1.48,1.07,0.41,0.06,0.16,-0.1,1.54,1.22,0.32,,,,,,1,0,1,0.68,32.1,35.59,,,43.97,0.3,0.52,103,8,13,13,43.33,25.0,15.91,6,4,9,3,10,38.7,21.23,139.0,97.7,127.5,70.65,1,Los Angeles II 0-1 Portland Timbers II,2026-04-15
Los Angeles II,1.22,1.54,-0.32,1.07,1.48,-0.41,0.16,0.06,0.1,1.22,1.54,-0.32,,,,,,0,1,-1,-0.68,67.9,64.41,,,47.12,0.52,0.3,278,11,13,13,25.0,43.33,6.28,4,6,24,7,20,143.6,78.77,3.27,2.3,52.97,29.35,0,Los Angeles II 0-1 Portland Timbers II,2026-04-15
New York City II,1.1,1.62,-0.52,0.97,1.58,-0.61,0.13,0.04,0.09,1.1,1.62,-0.52,,,,,,0,1,-1,-0.48,60.8,55.34,,,44.54,0.67,0.73,196,12,14,11,20.9,15.07,8.09,5,4,14,6,11,99.5,61.27,17.33,17.65,74.23,38.18,1,Cincinnati II 1-0 New York City II,2026-04-13
Cincinnati II,1.62,1.1,0.52,1.58,0.97,0.61,0.04,0.13,-0.09,1.62,1.1,0.52,,,,,,1,0,1,0.48,39.2,44.66,,,41.58,0.73,0.67,102,8,11,14,15.07,20.9,11.74,4,5,15,5,18,62.9,38.73,80.87,82.35,120.17,61.82,2,Cincinnati II 1-0 New York City II,2026-04-13
Minnesota United II,0.92,1.0,-0.08,0.62,0.53,0.09,0.3,0.47,-0.17,0.92,1.0,-0.08,,,,,,0,1,-1,-0.92,59.4,64.71,,,48.06,0.34,0.5,281,10,15,8,44.12,16.0,20.31,3,4,26,7,5,112.5,71.79,45.87,32.35,72.97,51.72,4,San Jose Earthquakes II 1-0 Minnesota United II,2026-04-12
San Jose Earthquakes II,1.0,0.92,0.08,0.53,0.62,-0.09,0.47,0.3,0.17,1.0,0.92,0.08,,,,,,1,0,1,0.92,40.6,35.29,,,42.12,0.5,0.34,134,6,8,15,16.0,44.12,17.6,4,3,11,3,10,44.2,28.21,95.93,67.65,68.13,48.28,2,San Jose Earthquakes II 1-0 Minnesota United II,2026-04-12
Houston Dynamo II,0.54,2.09,-1.55,0.54,1.09,-0.55,0.0,0.25,-0.25,0.54,1.33,-0.79,,,,,,1,1,0,1.55,38.0,20.65,,,38.4,0.19,1.06,83,1,7,22,36.84,20.75,16.57,0,11,6,1,18,12.1,5.06,91.4,79.8,31.97,17.94,0,Austin II 1-1 Houston Dynamo II,2026-04-12
Austin II,2.09,0.54,1.55,1.09,0.54,0.55,0.25,0.0,0.25,1.33,0.54,0.79,,,,,,1,1,0,-1.55,62.0,79.35,,,51.55,1.06,0.19,280,15,22,7,20.75,36.84,6.6,11,0,33,13,10,227.1,94.94,23.13,20.2,146.2,82.06,2,Austin II 1-1 Houston Dynamo II,2026-04-12
Real Monarchs,1.66,3.31,-1.65,0.55,2.51,-1.96,0.35,0.03,0.32,0.9,2.55,-1.65,,,,,,0,2,-2,-0.35,35.0,36.63,,,36.81,0.43,0.98,93,8,12,16,27.91,16.33,18.44,6,7,16,7,13,31.8,21.2,167.87,90.54,88.77,56.69,3,Ventura County 2-0 Real Monarchs,2026-04-12
Ventura County,3.31,1.66,1.65,2.51,0.55,1.96,0.03,0.35,-0.32,2.55,0.9,1.65,,,,,,2,0,2,0.35,65.0,63.37,,,43.13,0.98,0.43,210,13,16,12,16.33,27.91,8.97,7,6,15,4,11,118.2,78.8,17.53,9.46,67.83,43.31,3,Ventura County 2-0 Real Monarchs,2026-04-12
Tacoma Defiance,0.93,3.67,-2.74,0.63,3.46,-2.83,0.3,0.21,0.09,0.93,3.67,-2.74,,,,,,1,2,-1,1.74,41.8,30.87,,,41.58,0.47,0.86,121,8,13,16,27.66,18.6,10.34,1,7,13,5,15,50.0,24.15,69.8,59.72,49.6,28.58,0,Vancouver Whitecaps II 2-1 Tacoma Defiance,2026-04-12
Vancouver Whitecaps II,3.67,0.93,2.74,3.46,0.63,2.83,0.21,0.3,-0.09,3.67,0.93,2.74,,,,,,2,1,1,-1.74,58.2,69.13,,,53.52,0.86,0.47,285,15,16,13,18.6,27.66,6.95,7,1,28,6,16,157.0,75.85,47.07,40.28,123.97,71.42,1,Vancouver Whitecaps II 2-1 Tacoma Defiance,2026-04-12
New York RB II,1.24,0.47,0.77,1.18,0.47,0.71,0.06,0.0,0.06,1.24,0.47,0.77,,,,,,2,1,1,0.23,59.4,63.46,,,45.99,0.6,0.56,235,8,16,8,26.67,14.29,5.58,13,9,5,2,26,124.6,78.36,49.87,40.99,119.43,73.36,1,New England II 1-2 New York RB II,2026-04-12
New England II,0.47,1.24,-0.77,0.47,1.18,-0.71,0.0,0.06,-0.06,0.47,1.24,-0.77,,,,,,1,2,-1,-0.23,40.6,36.54,,,39.05,0.56,0.6,103,4,8,16,14.29,26.67,7.06,9,13,14,3,24,34.4,21.64,71.8,59.01,43.37,26.64,0,New England II 1-2 New York RB II,2026-04-12
Carolina Core,1.91,1.34,0.57,1.91,1.15,0.76,0.0,0.18,-0.18,1.91,1.34,0.57,,,,,,1,4,-3,-3.57,50.4,45.18,,,40.3,0.61,0.34,135,11,9,17,14.75,50.0,8.41,5,8,13,5,18,48.9,32.56,24.6,31.49,31.93,11.19,1,Philadelphia Union II 4-1 Carolina Core,2026-04-12
Philadelphia Union II,1.34,1.91,-0.57,1.15,1.91,-0.76,0.18,0.0,0.18,1.34,1.91,-0.57,,,,,,4,1,3,3.57,49.6,54.82,,,45.78,0.34,0.61,179,8,17,9,50.0,14.75,7.91,8,5,15,6,12,101.3,67.44,53.53,68.51,253.48,88.81,0,Philadelphia Union II 4-1 Carolina Core,2026-04-12
Crown Legacy,1.86,2.92,-1.06,0.84,2.12,-1.28,0.27,0.04,0.23,1.1,2.16,-1.06,,,,,,3,3,0,1.06,59.0,65.77,,,49.58,1.05,0.73,289,15,16,14,15.24,19.18,12.24,4,8,22,9,10,166.7,76.61,53.07,48.75,177.73,79.2,0,Toronto II 3-3 Crown Legacy,2026-04-12
Toronto II,2.92,1.86,1.06,2.12,0.84,1.28,0.04,0.27,-0.23,2.16,1.1,1.06,,,,,,3,3,0,-1.06,41.0,34.23,,,39.93,0.73,1.05,131,12,14,16,19.18,15.24,14.74,8,4,9,2,10,50.9,23.39,55.8,51.25,46.67,20.8,0,Toronto II 3-3 Crown Legacy,2026-04-12
Chicago Fire II,1.74,0.17,1.57,1.51,0.17,1.34,0.23,0.0,0.23,1.74,0.17,1.57,,,,,,0,0,0,-1.57,51.8,50.97,,,41.42,0.73,0.14,175,16,12,5,16.44,35.71,10.59,7,6,15,4,14,108.7,60.06,93.33,49.61,116.07,58.86,2,Huntsville City 0-0 Chicago Fire II,2026-04-11
Huntsville City,0.17,1.74,-1.57,0.17,1.51,-1.34,0.0,0.23,-0.23,0.17,1.74,-1.57,,,,,,0,0,0,1.57,48.2,49.03,,,40.51,0.14,0.73,173,2,5,12,35.71,16.44,11.92,6,7,3,0,12,72.3,39.94,94.8,50.39,81.13,41.14,0,Huntsville City 0-0 Chicago Fire II,2026-04-11
Orlando City B,1.87,1.39,0.48,1.81,0.63,1.18,0.06,0.0,0.06,1.87,0.63,1.24,,,,,,1,3,-2,-2.48,61.5,59.7,,,45.71,0.38,0.4,274,12,16,14,42.11,35.0,12.78,2,10,14,5,11,149.2,72.46,28.33,22.74,69.02,40.11,1,Chattanooga 3-1 Orlando City B,2026-04-11
Chattanooga,1.39,1.87,-0.48,0.63,1.81,-1.18,0.0,0.06,-0.06,0.63,1.87,-1.24,,,,,,3,1,2,2.48,38.5,40.3,,,40.27,0.4,0.38,126,9,14,16,35.0,42.11,15.23,10,2,3,1,12,56.7,27.54,96.27,77.26,103.04,59.89,1,Chattanooga 3-1 Orlando City B,2026-04-11
Columbus Crew II,0.93,1.63,-0.7,0.83,0.87,-0.04,0.1,0.0,0.1,0.93,0.87,0.06,,,,,,3,1,2,2.7,57.4,32.12,,,33.83,0.43,0.5,118,10,7,15,16.28,30.0,10.29,5,11,10,4,9,35.2,20.68,16.47,11.01,31.3,13.87,1,Connecticut United 1-3 Columbus Crew II,2026-04-11
Connecticut United,1.63,0.93,0.7,0.87,0.83,0.04,0.0,0.1,-0.1,0.87,0.93,-0.06,,,,,,1,3,-2,-2.7,42.6,67.88,,,50.92,0.5,0.43,207,9,15,7,30.0,16.28,10.98,11,5,18,2,15,135.0,79.32,133.13,88.99,194.37,86.13,2,Connecticut United 1-3 Columbus Crew II,2026-04-11
Sporting KC II,0.34,2.82,-2.48,0.34,1.14,-0.8,0.0,0.92,-0.92,0.34,2.06,-1.72,,,,,,2,2,0,2.48,43.2,41.42,,,42.67,0.28,0.36,152,11,8,15,28.57,41.67,15.53,6,5,9,0,12,56.0,31.48,92.4,81.0,82.7,47.81,1,North Texas 2-2 Sporting KC II,2026-04-10
North Texas,2.82,0.34,2.48,1.14,0.34,0.8,0.92,0.0,0.92,2.06,0.34,1.72,,,,,,2,2,0,-2.48,56.8,58.58,,,44.15,0.36,0.28,232,9,15,8,41.67,28.57,8.39,5,6,10,4,26,121.9,68.52,21.67,19.0,90.27,52.19,0,North Texas 2-2 Sporting KC II,2026-04-10
Colorado Rapids II,1.98,3.72,-1.74,1.98,3.48,-1.5,0.0,0.25,-0.25,1.98,3.72,-1.74,,,,,,2,2,0,1.74,38.1,22.16,,,36.86,0.21,0.8,119,4,7,18,33.33,22.5,12.55,7,5,10,0,16,21.2,8.72,76.67,63.5,55.97,28.96,0,St. Louis City II 2-2 Colorado Rapids II,2026-04-10
St. Louis City II,3.72,1.98,1.74,3.48,1.98,1.5,0.25,0.0,0.25,3.72,1.98,1.74,,,,,,2,2,0,-1.74,61.9,77.84,,,51.97,0.8,0.21,347,21,18,7,22.5,33.33,9.25,5,7,35,15,16,221.8,91.28,44.07,36.5,137.27,71.04,1,St. Louis City II 2-2 Colorado Rapids II,2026-04-10
Atlanta United II,4.89,0.23,4.66,4.65,0.23,4.42,0.24,0.0,0.24,4.89,0.23,4.66,,,,,,2,0,2,-2.66,39.6,52.92,,,48.34,1.0,0.2,159,9,23,6,23.0,30.0,12.08,5,5,11,4,17,130.6,80.52,121.73,96.0,272.93,95.26,2,Inter Miami II 0-2 Atlanta United II,2026-04-10
Inter Miami II,0.23,4.89,-4.66,0.23,4.65,-4.42,0.0,0.24,-0.24,0.23,4.89,-4.66,,,,,,0,2,-2,2.66,60.4,47.08,,,41.14,0.2,1.0,178,2,6,23,30.0,23.0,6.74,5,5,9,1,15,31.6,19.48,5.07,4.0,13.57,4.74,1,Inter Miami II 0-2 Atlanta United II,2026-04-10
North Texas,0.87,1.08,-0.21,0.85,1.08,-0.23,0.02,0.0,0.02,0.87,1.08,-0.21,,,,,,4,1,3,3.21,47.4,43.67,,,41.88,0.98,1.06,176,12,14,13,14.29,12.26,13.0,6,12,5,3,21,62.3,44.18,51.67,44.06,98.77,61.55,0,Sporting KC II 1-4 North Texas,2026-04-04
Sporting KC II,1.08,0.87,0.21,1.08,0.85,0.23,0.0,0.02,-0.02,1.08,0.87,0.21,,,,,,1,4,-3,-3.21,52.6,56.33,,,44.88,1.06,0.98,231,13,13,14,12.26,14.29,8.73,12,6,15,2,14,78.7,55.82,65.6,55.94,61.7,38.45,0,Sporting KC II 1-4 North Texas,2026-04-04
Atlanta United II,0.74,4.24,-3.5,0.7,3.37,-2.67,0.03,0.87,-0.84,0.74,4.24,-3.5,,,,,,0,2,-2,1.5,53.4,60.46,,,49.5,0.55,1.07,203,14,10,34,18.18,31.78,6.69,11,6,19,2,10,86.1,40.4,38.53,43.98,49.87,23.58,1,Crown Legacy 2-0 Atlanta United II,2026-04-03
Crown Legacy,4.24,0.74,3.5,3.37,0.7,2.67,0.87,0.03,0.84,4.24,0.74,3.5,,,,,,2,0,2,-1.5,46.6,39.54,,,42.23,1.07,0.55,126,18,34,10,31.78,18.18,8.81,6,11,10,8,14,127.0,59.6,49.07,56.02,161.63,76.42,0,Crown Legacy 2-0 Atlanta United II,2026-04-03
Ventura County,0.45,2.36,-1.91,0.4,2.36,-1.96,0.05,0.0,0.05,0.45,2.36,-1.91,,,,,,1,0,1,2.91,52.3,46.03,,,39.3,0.44,0.78,161,8,9,16,20.45,20.51,15.31,3,3,12,2,12,59.7,35.1,54.93,33.44,48.87,25.5,3,Tacoma Defiance 0-1 Ventura County,2026-03-29
Tacoma Defiance,2.36,0.45,1.91,2.36,0.4,1.96,0.0,0.05,-0.05,2.36,0.45,1.91,,,,,,0,1,-1,-2.91,47.7,53.97,,,44.98,0.78,0.44,194,14,16,9,20.51,20.45,14.57,3,3,13,4,12,110.4,64.9,109.33,66.56,142.77,74.5,0,Tacoma Defiance 0-1 Ventura County,2026-03-29
Los Angeles II,3.72,2.21,1.51,3.62,2.08,1.54,0.09,0.13,-0.04,3.72,2.21,1.51,,,,,,3,2,1,-0.51,63.9,63.79,,,48.51,1.25,1.06,344,11,17,16,13.6,15.09,8.17,7,2,18,6,10,128.9,72.01,26.67,15.79,118.53,51.58,0,Vancouver Whitecaps II 2-3 Los Angeles II,2026-03-28
Vancouver Whitecaps II,2.21,3.72,-1.51,2.08,3.62,-1.54,0.13,0.09,0.04,2.21,3.72,-1.51,,,,,,2,3,-1,0.51,36.1,36.21,,,42.18,1.06,1.25,144,10,16,17,15.09,13.6,18.34,2,7,17,5,13,50.1,27.99,142.2,84.21,111.27,48.42,3,Vancouver Whitecaps II 2-3 Los Angeles II,2026-03-28
Columbus Crew II,0.44,2.84,-2.4,0.39,1.66,-1.27,0.05,1.18,-1.13,0.44,2.84,-2.4,,,,,,0,2,-2,0.4,38.7,32.88,,,42.32,0.18,1.15,117,2,6,17,33.33,14.78,14.85,2,5,4,1,6,25.9,14.43,72.6,80.13,37.63,25.26,5,Chattanooga 2-0 Columbus Crew II,2026-03-28
Chattanooga,2.84,0.44,2.4,1.66,0.39,1.27,1.18,0.05,1.13,2.84,0.44,2.4,,,,,,2,0,2,-0.4,61.3,67.12,,,48.99,1.15,0.18,236,22,17,6,14.78,33.33,9.75,5,2,24,13,15,153.6,85.57,18.0,19.87,111.33,74.74,4,Chattanooga 2-0 Columbus Crew II,2026-03-28
Inter Miami II,1.04,2.33,-1.29,1.04,1.88,-0.84,0.0,0.45,-0.45,1.04,2.33,-1.29,,,,,,1,1,0,1.29,46.0,31.92,,,38.88,0.68,1.01,100,7,10,22,14.71,21.78,7.69,6,8,11,3,14,21.0,9.59,35.93,43.36,15.87,8.55,6,Carolina Core 1-1 Inter Miami II,2026-03-28
Carolina Core,2.33,1.04,1.29,1.88,1.04,0.84,0.45,0.0,0.45,2.33,1.04,1.29,,,,,,1,1,0,-1.29,54.0,68.08,,,54.94,1.01,0.68,235,29,22,10,21.78,14.71,6.15,8,6,23,8,16,197.9,90.41,46.93,56.64,169.77,91.45,5,Carolina Core 1-1 Inter Miami II,2026-03-28
Ventura County,0.75,1.5,-0.75,0.66,1.16,-0.5,0.08,0.34,-0.26,0.75,1.5,-0.75,,,,,,0,0,0,0.75,63.4,66.67,,,44.91,0.41,0.71,237,7,8,17,19.51,23.94,7.42,10,1,16,4,14,112.5,61.71,12.07,8.97,62.17,32.36,1,Portland Timbers II 0-0 Ventura County,2026-03-23
Portland Timbers II,1.5,0.75,0.75,1.16,0.66,0.5,0.34,0.08,0.26,1.5,0.75,0.75,,,,,,0,0,0,-0.75,36.6,33.33,,,40.67,0.71,0.41,113,12,17,8,23.94,19.51,15.09,1,10,14,4,15,69.8,38.29,122.53,91.03,129.93,67.64,0,Portland Timbers II 0-0 Ventura County,2026-03-23
Austin II,0.69,0.81,-0.12,0.68,0.63,0.05,0.01,0.19,-0.18,0.69,0.81,-0.12,,,,,,1,0,1,1.12,53.3,39.72,,,41.16,0.29,0.53,167,2,10,11,34.48,20.75,8.19,5,8,16,7,12,56.8,33.81,32.27,34.45,41.2,26.27,0,Tacoma Defiance 0-1 Austin II,2026-03-22
Tacoma Defiance,0.81,0.69,0.12,0.63,0.68,-0.05,0.19,0.01,0.18,0.81,0.69,0.12,,,,,,0,1,-1,-1.12,46.7,60.28,,,47.89,0.53,0.29,213,17,11,10,20.75,34.48,11.24,8,5,16,5,15,111.2,66.19,61.4,65.55,115.63,73.73,0,Tacoma Defiance 0-1 Austin II,2026-03-22
Minnesota United II,2.85,0.79,2.06,2.38,0.71,1.67,0.47,0.08,0.39,2.85,0.79,2.06,,,,,,1,0,1,-1.06,47.7,66.03,,,53.3,0.89,0.28,249,24,24,9,26.97,32.14,13.25,7,8,27,11,18,205.4,88.65,95.47,79.12,275.17,97.38,2,Sporting KC II 0-1 Minnesota United II,2026-03-22
Sporting KC II,0.79,2.85,-2.06,0.71,2.38,-1.67,0.08,0.47,-0.39,0.79,2.85,-2.06,,,,,,0,1,-1,1.06,52.3,33.97,,,39.08,0.28,0.89,144,6,9,24,32.14,26.97,9.19,8,7,13,4,11,26.3,11.35,25.2,20.88,7.4,2.62,0,Sporting KC II 0-1 Minnesota United II,2026-03-22
Inter Miami II,1.25,7.51,-6.26,1.25,5.98,-4.73,0.0,1.54,-1.54,1.25,7.51,-6.26,,,,,,4,4,0,6.26,45.7,45.11,,,43.67,0.81,1.45,148,15,13,29,16.05,20.0,9.88,6,5,12,2,13,50.7,24.13,29.8,36.34,48.93,32.09,2,Orlando City B 4-4 Inter Miami II,2026-03-22
Orlando City B,7.51,1.25,6.26,5.98,1.25,4.73,1.54,0.0,1.54,7.51,1.25,6.26,,,,,,4,4,0,-6.26,54.3,54.89,,,48.69,1.45,0.81,211,17,29,13,20.0,16.05,11.52,5,6,20,8,6,159.4,75.87,52.2,63.66,103.53,67.91,1,Orlando City B 4-4 Inter Miami II,2026-03-22
Atlanta United II,1.61,2.07,-0.46,1.17,2.04,-0.87,0.44,0.03,0.41,1.61,2.07,-0.46,,,,,,0,3,-3,-2.54,44.9,43.64,,,42.78,0.32,1.22,146,8,12,15,37.5,12.3,14.5,2,9,14,4,9,91.0,40.25,88.27,67.72,110.7,41.7,1,Crown Legacy 3-0 Atlanta United II,2026-03-22
Crown Legacy,2.07,1.61,0.46,2.04,1.17,0.87,0.03,0.44,-0.41,2.07,1.61,0.46,,,,,,3,0,3,2.54,55.1,56.36,,,46.18,1.22,0.32,227,19,15,12,12.3,37.5,9.43,9,2,12,5,12,135.1,59.75,42.07,32.28,154.76,58.3,0,Crown Legacy 3-0 Atlanta United II,2026-03-22
Philadelphia Union II,0.76,2.53,-1.77,0.71,2.16,-1.45,0.05,0.37,-0.32,0.76,2.53,-1.77,,,,,,1,1,0,1.77,33.6,33.88,,,41.05,0.51,1.17,102,2,3,11,5.88,9.4,9.92,5,14,11,4,26,19.1,12.92,114.93,83.93,92.53,49.61,1,New York RB II 1-1 Philadelphia Union II,2026-03-22
New York RB II,2.53,0.76,1.77,2.16,0.71,1.45,0.37,0.05,0.32,2.53,0.76,1.77,,,,,,1,1,0,-1.77,66.4,66.12,,,43.77,1.17,0.51,234,11,11,3,9.4,5.88,5.12,14,5,8,3,18,128.7,87.08,22.0,16.07,94.0,50.39,0,New York RB II 1-1 Philadelphia Union II,2026-03-22
Carolina Core,1.51,1.95,-0.44,1.33,1.22,0.11,0.18,0.73,-0.55,1.51,1.95,-0.44,,,,,,0,0,0,0.44,36.1,24.84,,,38.87,0.58,0.63,88,13,10,20,17.24,31.75,12.19,5,5,11,3,16,23.9,9.38,78.13,81.56,40.5,17.8,0,Chicago Fire II 0-0 Carolina Core,2026-03-22
Chicago Fire II,1.95,1.51,0.44,1.22,1.33,-0.11,0.73,0.18,0.55,1.95,1.51,0.44,,,,,,0,0,0,-0.44,63.9,75.16,,,53.14,0.63,0.58,339,19,20,10,31.75,17.24,8.56,5,5,18,7,11,230.9,90.62,17.67,18.44,187.03,82.2,0,Chicago Fire II 0-0 Carolina Core,2026-03-22
Vancouver Whitecaps II,1.6,1.83,-0.23,0.84,1.58,-0.74,0.0,0.24,-0.24,0.84,1.83,-0.99,,,,,,2,3,-1,-0.77,45.1,54.86,,,44.06,0.51,0.31,175,11,9,14,17.65,45.16,12.69,9,7,15,1,8,87.2,47.19,84.2,70.8,76.67,34.85,5,Real Monarchs 3-2 Vancouver Whitecaps II,2026-03-22
Real Monarchs,1.83,1.6,0.23,1.58,0.84,0.74,0.24,0.0,0.24,1.83,0.84,0.99,,,,,,3,2,1,0.77,54.9,45.14,,,41.7,0.31,0.51,170,8,14,9,45.16,17.65,11.55,7,9,10,3,18,97.6,52.81,34.73,29.2,143.34,65.15,1,Real Monarchs 3-2 Vancouver Whitecaps II,2026-03-22
Los Angeles II,1.23,3.63,-2.4,1.19,3.21,-2.02,0.05,0.42,-0.37,1.23,3.63,-2.4,,,,,,2,2,0,2.4,50.7,56.65,,,46.53,0.56,1.22,239,9,13,24,23.21,19.67,9.39,9,8,10,5,22,130.9,51.31,44.6,35.17,109.47,45.91,0,St. Louis City II 2-2 Los Angeles II,2026-03-22
St. Louis City II,3.63,1.23,2.4,3.21,1.19,2.02,0.42,0.05,0.37,3.63,1.23,2.4,,,,,,2,2,0,-2.4,49.3,43.35,,,42.51,1.22,0.56,189,15,24,13,19.67,23.21,7.94,8,9,20,6,15,124.2,48.69,82.2,64.83,128.97,54.09,1,St. Louis City II 2-2 Los Angeles II,2026-03-22
Connecticut United,0.83,1.5,-0.67,0.67,1.42,-0.75,0.16,0.08,0.08,0.83,1.5,-0.67,,,,,,0,2,-2,-1.33,52.8,70.98,,,52.41,0.76,0.8,283,15,15,10,19.74,12.5,9.43,10,2,31,7,17,159.4,79.5,74.6,70.51,173.0,68.58,1,New England II 2-0 Connecticut United,2026-03-22
New England II,1.5,0.83,0.67,1.42,0.67,0.75,0.08,0.16,-0.08,1.5,0.83,0.67,,,,,,2,0,2,1.33,47.2,29.02,,,39.75,0.8,0.76,130,16,10,15,12.5,19.74,9.46,2,10,12,3,14,41.1,20.5,31.2,29.49,79.27,31.42,0,New England II 2-0 Connecticut United,2026-03-22
Chattanooga,1.81,0.9,0.91,0.67,0.82,-0.15,0.38,0.08,0.3,1.05,0.9,0.15,,,,,,2,2,0,-0.91,33.7,35.69,,,43.05,0.44,0.39,122,6,10,10,22.73,25.64,17.77,5,1,15,7,16,51.1,31.18,194.6,93.02,125.1,70.79,1,Huntsville City 2-2 Chattanooga,2026-03-21
Huntsville City,0.9,1.81,-0.91,0.82,0.67,0.15,0.08,0.38,-0.3,0.9,1.05,-0.15,,,,,,2,2,0,0.91,66.3,64.31,,,44.55,0.39,0.44,269,7,10,10,25.64,22.73,12.04,1,5,9,5,8,112.8,68.82,14.6,6.98,51.63,29.21,0,Huntsville City 2-2 Chattanooga,2026-03-21
San Jose Earthquakes II,1.53,1.53,0.0,1.45,0.87,0.58,0.08,0.66,-0.58,1.53,1.53,0.0,,,,,,4,1,3,3.0,45.7,63.45,,,51.22,1.07,0.12,187,19,25,12,23.36,100.0,11.32,4,5,27,5,21,149.6,83.95,68.53,74.44,187.93,89.81,2,Colorado Rapids II 1-4 San Jose Earthquakes II,2026-03-21
Colorado Rapids II,1.53,1.53,0.0,0.87,1.45,-0.58,0.66,0.08,0.58,1.53,1.53,0.0,,,,,,1,4,-3,-3.0,54.3,36.55,,,39.77,0.12,1.07,144,4,12,25,100.0,23.36,8.59,5,4,15,5,8,28.6,16.05,23.53,25.56,21.33,10.19,0,Colorado Rapids II 1-4 San Jose Earthquakes II,2026-03-21
North Texas,0.47,2.28,-1.81,0.47,1.52,-1.05,0.0,0.01,-0.01,0.47,1.52,-1.05,,,,,,0,2,-2,-0.19,47.3,33.09,,,38.77,0.2,0.78,139,4,5,22,25.0,28.21,12.38,6,11,7,2,15,22.3,10.96,49.13,44.34,23.87,8.38,0,Houston Dynamo II 2-0 North Texas,2026-03-21
Houston Dynamo II,2.28,0.47,1.81,1.52,0.47,1.05,0.01,0.0,0.01,1.52,0.47,1.05,,,,,,2,0,2,0.19,52.7,66.91,,,48.9,0.78,0.2,237,25,22,5,28.21,25.0,10.68,11,6,18,5,13,181.2,89.04,61.67,55.66,261.03,91.62,0,Houston Dynamo II 2-0 North Texas,2026-03-21
Cincinnati II,1.7,1.54,0.16,1.7,1.37,0.33,0.0,0.17,-0.17,1.7,1.54,0.16,,,,,,0,2,-2,-2.16,48.5,49.24,,,45.9,0.71,0.95,173,9,14,16,19.72,16.84,10.0,7,7,17,3,13,73.1,42.23,63.87,66.16,72.9,38.39,2,Columbus Crew II 2-0 Cincinnati II,2026-03-21
Columbus Crew II,1.54,1.7,-0.16,1.37,1.7,-0.33,0.17,0.0,0.17,1.54,1.7,-0.16,,,,,,2,0,2,2.16,51.5,50.76,,,44.13,0.95,0.71,180,10,16,14,16.84,19.72,9.23,7,7,10,5,16,100.0,57.77,32.67,33.84,117.0,61.61,0,Columbus Crew II 2-0 Cincinnati II,2026-03-21
Toronto II,1.61,2.19,-0.58,1.58,2.11,-0.53,0.03,0.07,-0.04,1.61,2.19,-0.58,,,,,,5,0,5,5.58,39.1,31.15,,,42.46,0.39,1.07,137,6,9,11,23.08,10.28,17.92,7,4,9,3,7,47.7,21.53,72.33,77.89,147.53,72.9,0,New York City II 0-5 Toronto II,2026-03-19
New York City II,2.19,1.61,0.58,2.11,1.58,0.53,0.07,0.03,0.04,2.19,1.61,0.58,,,,,,0,5,-5,-5.58,60.9,68.85,,,49.32,1.07,0.39,282,14,11,9,10.28,23.08,9.26,4,7,18,4,15,173.8,78.47,20.53,22.11,54.83,27.1,0,New York City II 0-5 Toronto II,2026-03-19
Minnesota United II,1.83,3.11,-1.28,1.8,1.12,0.68,0.03,0.47,-0.44,1.83,1.59,0.24,,,,,,1,2,-1,0.28,54.6,64.95,,,50.35,0.86,0.3,245,17,12,16,13.95,53.33,10.47,14,7,28,11,8,145.3,66.71,46.73,66.07,156.2,63.56,1,Vancouver Whitecaps II 2-1 Minnesota United II,2026-03-15
Vancouver Whitecaps II,3.11,1.83,1.28,1.12,1.8,-0.68,0.47,0.03,0.44,1.59,1.83,-0.24,,,,,,2,1,1,-0.28,45.4,35.05,,,41.2,0.3,0.86,138,8,16,12,53.33,13.95,10.06,7,14,10,4,10,72.5,33.29,24.0,33.93,89.57,36.44,0,Vancouver Whitecaps II 2-1 Minnesota United II,2026-03-15
North Texas,0.39,0.95,-0.56,0.17,0.95,-0.78,0.21,0.0,0.21,0.39,0.95,-0.56,,,,,,0,1,-1,-0.44,61.1,47.51,,,42.87,0.22,0.37,185,5,6,12,27.27,32.43,6.61,3,12,9,4,17,74.6,41.63,13.93,11.22,38.23,16.82,2,Austin II 1-0 North Texas,2026-03-15
Austin II,0.95,0.39,0.56,0.95,0.17,0.78,0.0,0.21,-0.21,0.95,0.39,0.56,,,,,,1,0,1,0.44,38.9,52.49,,,54.65,0.37,0.22,209,10,12,6,32.43,27.27,8.68,12,3,16,5,20,104.6,58.37,110.2,88.78,189.0,83.18,0,Austin II 1-0 North Texas,2026-03-15
Sporting KC II,2.19,0.87,1.32,1.16,0.51,0.65,0.27,0.36,-0.09,1.43,0.87,0.56,,,,,,2,2,0,-1.32,51.1,62.19,,,49.62,0.68,0.38,241,17,23,9,33.82,23.68,10.32,9,9,20,9,10,224.8,73.44,69.0,58.31,220.63,77.66,0,Colorado Rapids II 2-2 Sporting KC II,2026-03-15
Colorado Rapids II,0.87,2.19,-1.32,0.51,1.16,-0.65,0.36,0.27,0.09,0.87,1.43,-0.56,,,,,,2,2,0,1.32,48.9,37.81,,,40.78,0.38,0.68,148,11,9,23,23.68,33.82,8.69,9,9,13,5,17,81.3,26.56,49.33,41.69,63.47,22.34,0,Colorado Rapids II 2-2 Sporting KC II,2026-03-15
St. Louis City II,1.83,1.99,-0.16,1.83,1.9,-0.07,0.0,0.08,-0.08,1.83,1.99,-0.16,,,,,,3,2,1,1.16,49.9,59.12,,,46.86,0.61,1.14,244,7,8,11,13.11,9.65,13.19,9,5,13,2,15,102.3,56.27,104.8,59.37,140.4,64.6,1,Ventura County 2-3 St. Louis City II,2026-03-15
Ventura County,1.99,1.83,0.16,1.9,1.83,0.07,0.08,0.0,0.08,1.99,1.83,0.16,,,,,,2,3,-1,-1.16,50.1,40.88,,,40.98,1.14,0.61,186,15,11,8,9.65,13.11,11.21,5,9,12,2,19,79.5,43.73,71.73,40.63,76.93,35.4,0,Ventura County 2-3 St. Louis City II,2026-03-15
Portland Timbers II,1.39,2.07,-0.68,1.39,2.0,-0.61,0.0,0.07,-0.07,1.39,2.07,-0.68,,,,,,0,5,-5,-4.32,44.2,48.34,,,44.18,0.9,0.68,160,5,7,18,7.78,26.47,11.91,4,12,9,2,14,34.8,22.37,65.27,64.32,23.48,9.26,3,Houston Dynamo II 5-0 Portland Timbers II,2026-03-15
Houston Dynamo II,2.07,1.39,0.68,2.0,1.39,0.61,0.07,0.0,0.07,2.07,1.39,0.68,,,,,,5,0,5,4.32,55.8,51.66,,,47.06,0.68,0.9,222,7,18,7,26.47,7.78,9.0,12,4,20,7,13,120.8,77.63,36.2,35.68,230.12,90.74,0,Houston Dynamo II 5-0 Portland Timbers II,2026-03-15
Inter Miami II,2.7,2.13,0.57,2.62,1.82,0.8,0.07,0.31,-0.24,2.7,2.13,0.57,,,,,,0,3,-3,-3.57,52.1,48.16,,,46.38,0.92,0.94,164,13,13,13,14.13,13.83,8.84,5,7,15,1,13,70.5,47.76,38.53,47.26,41.46,20.76,4,Crown Legacy 3-0 Inter Miami II,2026-03-15
Crown Legacy,2.13,2.7,-0.57,1.82,2.62,-0.8,0.31,0.07,0.24,2.13,2.7,-0.57,,,,,,3,0,3,3.57,47.9,51.84,,,45.24,0.94,0.92,153,13,13,13,13.83,14.13,10.16,7,5,19,12,12,77.1,52.24,43.0,52.74,158.27,79.24,0,Crown Legacy 3-0 Inter Miami II,2026-03-15
Huntsville City,2.42,3.73,-1.31,2.03,2.75,-0.72,0.39,0.22,0.17,2.42,2.97,-0.55,,,,,,1,4,-3,-1.69,60.9,55.89,,,46.47,1.03,1.41,235,13,14,17,13.59,12.06,8.66,3,11,16,6,13,115.6,55.76,6.33,5.63,57.47,27.27,0,Atlanta United II 4-1 Huntsville City,2026-03-15
Atlanta United II,3.73,2.42,1.31,2.75,2.03,0.72,0.22,0.39,-0.17,2.97,2.42,0.55,,,,,,4,1,3,1.69,39.1,44.11,,,46.25,1.41,1.03,142,15,17,14,12.06,13.59,11.87,11,3,19,7,13,91.7,44.24,106.13,94.37,153.26,72.73,0,Atlanta United II 4-1 Huntsville City,2026-03-15
Los Angeles II,1.2,2.54,-1.34,1.08,2.27,-1.19,0.12,0.27,-0.15,1.2,2.54,-1.34,,,,,,2,2,0,1.34,48.8,43.7,,,41.47,0.42,0.57,147,7,14,13,33.33,22.81,11.05,11,2,9,3,14,66.4,39.55,74.2,58.83,88.73,52.88,0,Real Monarchs 2-2 Los Angeles II,2026-03-15
Real Monarchs,2.54,1.2,1.34,2.27,1.08,1.19,0.27,0.12,0.15,2.54,1.2,1.34,,,,,,2,2,0,-1.34,51.2,56.3,,,42.51,0.57,0.42,193,12,13,14,22.81,33.33,16.44,2,11,14,5,8,101.5,60.45,51.93,41.17,79.07,47.12,1,Real Monarchs 2-2 Los Angeles II,2026-03-15
New York RB II,1.93,0.65,1.28,1.93,0.65,1.28,0.0,0.0,0.0,1.93,0.65,1.28,,,,,,1,1,0,-1.28,55.4,72.9,,,48.99,1.17,0.38,309,17,16,3,13.68,7.89,8.69,12,8,7,4,18,215.3,93.16,72.4,66.18,246.57,94.93,0,New York City II 1-1 New York RB II,2026-03-15
New York City II,0.65,1.93,-1.28,0.65,1.93,-1.28,0.0,0.0,0.0,0.65,1.93,-1.28,,,,,,1,1,0,1.28,44.6,27.1,,,33.99,0.38,1.17,113,7,3,16,7.89,13.68,11.17,8,12,8,2,13,15.8,6.84,37.0,33.82,13.17,5.07,0,New York City II 1-1 New York RB II,2026-03-15
Chattanooga,1.5,1.86,-0.36,0.41,1.39,-0.98,1.08,0.47,0.61,1.5,1.86,-0.36,,,,,,1,2,-1,-0.64,40.9,35.8,,,36.37,0.28,0.73,95,6,13,16,46.43,21.92,10.92,8,4,11,6,13,80.9,30.61,61.8,57.15,92.9,30.04,4,Chicago Fire II 2-1 Chattanooga,2026-03-15
Chicago Fire II,1.86,1.5,0.36,1.39,0.41,0.98,0.47,1.08,-0.61,1.86,1.5,0.36,,,,,,2,1,1,0.64,59.1,64.2,,,48.42,0.73,0.28,230,20,16,13,21.92,46.43,12.6,4,8,22,11,13,183.4,69.39,46.33,42.85,216.33,69.96,0,Chicago Fire II 2-1 Chattanooga,2026-03-15
Connecticut United,3.09,0.58,2.51,2.58,0.58,2.0,0.51,0.0,0.51,3.09,0.58,2.51,,,,,,2,1,1,-1.51,57.8,74.06,,,46.26,0.97,0.35,200,16,19,4,19.59,11.43,4.78,14,3,17,7,18,173.0,92.76,31.53,46.33,169.7,90.55,0,Philadelphia Union II 1-2 Connecticut United,2026-03-15
Philadelphia Union II,0.58,3.09,-2.51,0.58,2.58,-2.0,0.0,0.51,-0.51,0.58,3.09,-2.51,,,,,,1,2,-1,1.51,42.2,25.94,,,35.88,0.35,0.97,81,2,4,19,11.43,19.59,8.64,3,14,4,0,24,13.5,7.24,36.53,53.67,17.7,9.45,2,Philadelphia Union II 1-2 Connecticut United,2026-03-15
Toronto II,1.55,2.54,-0.99,1.25,2.54,-1.29,0.3,0.0,0.3,1.55,2.54,-0.99,,,,,,2,3,-1,-0.01,41.7,31.47,,,44.04,0.88,1.78,162,12,15,16,17.05,8.99,21.76,1,9,12,5,10,34.2,16.07,102.33,77.88,62.7,31.5,1,Columbus Crew II 3-2 Toronto II,2026-03-15
Columbus Crew II,2.54,1.55,0.99,2.54,1.25,1.29,0.0,0.3,-0.3,2.54,1.55,0.99,,,,,,3,2,1,0.01,58.3,68.53,,,50.09,1.78,0.88,311,18,16,15,8.99,17.05,10.57,9,1,18,3,8,178.6,83.93,29.07,22.12,136.33,68.5,2,Columbus Crew II 3-2 Toronto II,2026-03-15
Cincinnati II,1.39,2.04,-0.65,1.38,2.04,-0.66,0.01,0.0,0.01,1.39,2.04,-0.65,,,,,,1,2,-1,-0.35,44.1,36.92,,,42.94,0.27,1.55,163,5,9,21,33.33,13.55,12.89,2,6,13,4,15,30.9,13.08,44.93,52.61,34.57,11.52,8,New England II 2-1 Cincinnati II,2026-03-15
New England II,2.04,1.39,0.65,2.04,1.38,0.66,0.0,0.01,-0.01,2.04,1.39,0.65,,,,,,2,1,1,0.35,55.9,63.08,,,51.71,1.55,0.27,275,18,21,9,13.55,33.33,7.51,6,2,25,6,9,205.4,86.92,40.47,47.39,265.6,88.48,0,New England II 2-1 Cincinnati II,2026-03-15
San Jose Earthquakes II,0.41,1.0,-0.59,0.41,0.97,-0.56,0.0,0.03,-0.03,0.41,1.0,-0.59,,,,,,0,0,0,0.59,53.8,58.08,,,44.36,0.37,0.42,213,11,8,8,21.62,19.05,12.83,5,4,25,2,14,92.7,65.01,43.93,41.81,79.87,59.54,1,Tacoma Defiance 0-0 San Jose Earthquakes II,2026-03-14
Tacoma Defiance,1.0,0.41,0.59,0.97,0.41,0.56,0.03,0.0,0.03,1.0,0.41,0.59,,,,,,0,0,0,-0.59,46.2,41.92,,,41.62,0.42,0.37,158,7,8,8,19.05,21.62,17.74,4,5,10,3,7,49.9,34.99,61.13,58.19,54.27,40.46,2,Tacoma Defiance 0-0 San Jose Earthquakes II,2026-03-14
Orlando City B,2.72,2.14,0.58,2.65,1.02,1.63,0.07,1.11,-1.04,2.72,2.14,0.58,,,,,,3,2,1,0.42,55.1,44.16,,,42.05,0.88,1.07,162,16,16,16,18.18,14.95,7.91,9,5,9,5,7,70.7,39.08,11.0,11.12,42.6,16.84,2,Carolina Core 2-3 Orlando City B,2026-03-14
Carolina Core,2.14,2.72,-0.58,1.02,2.65,-1.63,1.11,0.07,1.04,2.14,2.72,-0.58,,,,,,2,3,-1,-0.42,44.9,55.84,,,50.17,1.07,0.88,179,14,16,16,14.95,18.18,9.43,5,9,25,11,21,110.2,60.92,87.93,88.88,210.37,83.16,0,Carolina Core 2-3 Orlando City B,2026-03-14
Los Angeles II,2.15,1.04,1.11,1.82,0.88,0.94,0.33,0.16,0.17,2.15,1.04,1.11,,,,,,1,4,-3,-4.11,39.3,26.42,,,40.4,0.28,1.06,141,11,14,16,50.0,15.09,17.62,3,5,9,5,10,35.9,13.81,110.4,82.63,38.79,12.98,2,San Jose Earthquakes II 4-1 Los Angeles II,2026-03-08
San Jose Earthquakes II,1.04,2.15,-1.11,0.88,1.82,-0.94,0.16,0.33,-0.17,1.04,2.15,-1.11,,,,,,4,1,3,4.11,60.7,73.58,,,47.6,1.06,0.28,327,21,16,14,15.09,50.0,12.84,5,3,24,5,13,224.0,86.19,23.2,17.37,260.0,87.02,1,San Jose Earthquakes II 4-1 Los Angeles II,2026-03-08
Ventura County,1.2,2.35,-1.15,0.87,2.35,-1.48,0.33,0.0,0.33,1.2,2.35,-1.15,,,,,,2,2,0,1.15,65.5,53.05,,,45.1,0.75,0.48,287,11,6,20,8.0,41.67,8.9,2,4,24,4,16,74.5,42.31,3.2,2.09,14.8,5.99,0,Austin II 2-2 Ventura County,2026-03-08
Austin II,2.35,1.2,1.15,2.35,0.87,1.48,0.0,0.33,-0.33,2.35,1.2,1.15,,,,,,2,2,0,-1.15,34.5,46.95,,,49.38,0.48,0.75,168,12,20,6,41.67,8.0,16.12,4,2,17,3,14,101.6,57.69,149.93,97.91,232.13,94.01,0,Austin II 2-2 Ventura County,2026-03-08
Real Monarchs,2.63,1.01,1.62,1.87,0.76,1.11,0.0,0.25,-0.25,1.87,1.01,0.86,,,,,,5,0,5,3.38,51.5,41.05,,,35.25,0.44,0.29,127,13,14,11,31.82,37.93,19.84,4,12,9,4,9,81.4,48.19,25.0,19.01,139.8,59.05,1,Sporting KC II 0-5 Real Monarchs,2026-03-08
Sporting KC II,1.01,2.63,-1.62,0.76,1.87,-1.11,0.25,0.0,0.25,1.01,1.87,-0.86,,,,,,0,5,-5,-3.38,48.5,58.95,,,47.88,0.29,0.44,210,7,11,14,37.93,31.82,10.44,12,4,4,3,15,87.5,51.81,106.53,80.99,96.93,40.95,0,Sporting KC II 0-5 Real Monarchs,2026-03-08
Inter Miami II,2.32,1.86,0.46,2.32,0.99,1.33,0.0,0.11,-0.11,2.32,1.1,1.22,,,,,,0,3,-3,-3.46,47.2,44.01,,,43.16,1.0,0.78,176,13,11,14,11.0,17.95,10.31,4,10,14,6,12,55.8,36.78,60.0,55.52,57.53,24.39,3,New York RB II 3-0 Inter Miami II,2026-03-08
New York RB II,1.86,2.32,-0.46,0.99,2.32,-1.33,0.11,0.0,0.11,1.1,2.32,-1.22,,,,,,3,0,3,3.46,52.8,55.99,,,49.38,0.78,1.0,281,14,14,11,17.95,11.0,9.95,10,4,15,4,15,95.9,63.22,48.07,44.48,178.33,75.61,0,New York RB II 3-0 Inter Miami II,2026-03-08
Chicago Fire II,2.58,2.92,-0.34,1.27,2.87,-1.6,1.31,0.04,1.27,2.58,2.92,-0.34,,,,,,1,2,-1,-0.66,53.0,66.79,,,46.82,0.58,0.59,200,15,19,15,32.76,25.42,8.02,6,3,18,7,20,127.2,80.0,41.73,45.73,120.07,74.33,1,Orlando City B 2-1 Chicago Fire II,2026-03-08
Orlando City B,2.92,2.58,0.34,2.87,1.27,1.6,0.04,1.31,-1.27,2.92,2.58,0.34,,,,,,2,1,1,0.66,47.0,33.21,,,42.83,0.59,0.58,122,9,15,19,25.42,32.76,10.52,3,6,16,6,13,31.8,20.0,49.53,54.27,41.47,25.67,2,Orlando City B 2-1 Chicago Fire II,2026-03-08
Carolina Core,1.31,1.35,-0.04,1.24,1.31,-0.07,0.08,0.04,0.04,1.31,1.35,-0.04,,,,,,1,2,-1,-0.96,44.4,52.61,,,42.43,0.79,0.72,133,11,15,12,18.99,16.67,9.98,11,1,18,5,14,72.9,49.56,93.73,82.51,101.5,48.26,0,Atlanta United II 2-1 Carolina Core,2026-03-08
Atlanta United II,1.35,1.31,0.04,1.31,1.24,0.07,0.04,0.08,-0.04,1.35,1.31,0.04,,,,,,2,1,1,0.96,55.6,47.39,,,38.62,0.72,0.79,143,10,12,15,16.67,18.99,13.29,1,11,12,2,12,74.2,50.44,19.87,17.49,108.84,51.74,0,Atlanta United II 2-1 Carolina Core,2026-03-08
Tacoma Defiance,0.89,1.0,-0.11,0.83,0.89,-0.06,0.06,0.12,-0.06,0.89,1.0,-0.11,,,,,,0,4,-4,-3.89,45.9,33.08,,,40.63,0.79,0.49,143,6,8,12,10.13,24.49,11.3,7,8,6,1,13,35.5,19.39,49.53,51.49,15.81,7.0,0,Houston Dynamo II 4-0 Tacoma Defiance,2026-03-08
Houston Dynamo II,1.0,0.89,0.11,0.89,0.83,0.06,0.12,0.06,0.06,1.0,0.89,0.11,,,,,,4,0,4,3.89,54.1,66.92,,,45.65,0.49,0.79,218,15,12,8,24.49,10.13,10.0,8,7,24,6,17,147.6,80.61,46.67,48.51,210.12,93.0,0,Houston Dynamo II 4-0 Tacoma Defiance,2026-03-08
Toronto II,1.75,1.25,0.5,1.75,1.17,0.58,0.0,0.08,-0.08,1.75,1.25,0.5,,,,,,0,0,0,-0.5,39.0,29.31,,,37.97,0.57,0.82,104,8,10,20,17.54,24.39,12.97,2,6,11,3,17,41.6,18.45,80.2,57.37,35.83,18.53,0,New England II 0-0 Toronto II,2026-03-08
New England II,1.25,1.75,-0.5,1.17,1.75,-0.58,0.08,0.0,0.08,1.25,1.75,-0.5,,,,,,0,0,0,0.5,61.0,70.69,,,53.05,0.82,0.57,328,22,20,10,24.39,17.54,7.65,6,2,22,6,18,183.9,81.55,59.6,42.63,157.53,81.47,1,New England II 0-0 Toronto II,2026-03-08
Minnesota United II,1.93,2.13,-0.2,1.8,2.02,-0.22,0.13,0.11,0.02,1.93,2.13,-0.2,,,,,,0,3,-3,-2.8,41.8,59.72,,,48.51,0.8,0.69,188,16,12,12,15.0,17.39,10.37,6,4,19,5,20,73.2,64.1,117.67,88.25,84.57,56.06,5,St. Louis City II 3-0 Minnesota United II,2026-03-08
St. Louis City II,2.13,1.93,0.2,2.02,1.8,0.22,0.11,0.13,-0.02,2.13,1.93,0.2,,,,,,3,0,3,2.8,58.2,40.28,,,38.85,0.69,0.8,154,11,12,12,17.39,15.0,8.42,4,6,11,4,15,41.0,35.9,15.67,11.75,66.29,43.94,0,St. Louis City II 3-0 Minnesota United II,2026-03-08
Vancouver Whitecaps II,1.21,0.98,0.23,1.1,0.98,0.12,0.11,0.0,0.11,1.21,0.98,0.23,,,,,,0,0,0,-0.23,43.7,34.97,,,39.23,0.73,1.27,120,10,11,15,15.07,11.81,12.26,7,12,11,4,14,37.1,20.41,81.33,73.54,53.83,32.98,2,Portland Timbers II 0-0 Vancouver Whitecaps II,2026-03-08
Portland Timbers II,0.98,1.21,-0.23,0.98,1.1,-0.12,0.0,0.11,-0.11,0.98,1.21,-0.23,,,,,,0,0,0,0.23,56.3,65.03,,,46.91,1.27,0.73,242,17,15,11,11.81,15.07,8.57,12,7,17,2,11,144.7,79.59,29.27,26.46,109.37,67.02,0,Portland Timbers II 0-0 Vancouver Whitecaps II,2026-03-08
Cincinnati II,0.36,1.11,-0.75,0.36,0.95,-0.59,0.0,0.15,-0.15,0.36,1.11,-0.75,,,,,,0,1,-1,-0.25,49.3,39.62,,,37.0,0.29,0.26,122,4,3,11,10.34,42.31,7.57,6,12,11,2,12,30.3,18.65,56.73,46.12,55.0,22.37,2,Philadelphia Union II 1-0 Cincinnati II,2026-03-08
Philadelphia Union II,1.11,0.36,0.75,0.95,0.36,0.59,0.15,0.0,0.15,1.11,0.36,0.75,,,,,,1,0,1,0.25,50.7,60.38,,,45.94,0.26,0.29,201,12,11,3,42.31,10.34,8.6,12,6,22,7,15,132.2,81.35,66.27,53.88,190.83,77.63,4,Philadelphia Union II 1-0 Cincinnati II,2026-03-08
Connecticut United,1.45,3.59,-2.14,1.3,2.37,-1.07,0.15,0.46,-0.31,1.45,2.83,-1.38,,,,,,2,4,-2,0.14,55.1,60.57,,,47.92,0.64,0.8,222,16,15,11,23.44,13.75,10.12,5,4,24,4,14,127.0,65.57,26.07,31.31,72.99,40.9,1,Chattanooga 4-2 Connecticut United,2026-03-08
Chattanooga,3.59,1.45,2.14,2.37,1.3,1.07,0.46,0.15,0.31,2.83,1.45,1.38,,,,,,4,2,2,-0.14,44.9,39.43,,,42.85,0.8,0.64,152,15,11,15,13.75,23.44,11.39,4,5,13,5,10,66.7,34.43,57.2,68.69,105.49,59.1,3,Chattanooga 4-2 Connecticut United,2026-03-08
New York City II,2.17,0.95,1.22,2.17,0.93,1.24,0.0,0.02,-0.02,2.17,0.95,1.22,,,,,,0,0,0,-1.22,57.7,59.12,,,43.55,0.98,0.33,212,11,16,9,16.33,27.27,10.64,5,7,12,5,10,129.3,82.83,19.87,15.21,90.77,53.43,0,Columbus Crew II 0-0 New York City II,2026-03-08
Columbus Crew II,0.95,2.17,-1.22,0.93,2.17,-1.24,0.02,0.0,0.02,0.95,2.17,-1.22,,,,,,0,0,0,1.22,42.3,40.88,,,41.91,0.33,0.98,150,5,9,16,27.27,16.33,13.88,7,5,13,3,8,26.8,17.17,110.73,84.79,79.13,46.57,0,Columbus Crew II 0-0 New York City II,2026-03-08
Colorado Rapids II,1.42,1.64,-0.22,1.37,1.53,-0.16,0.05,0.11,-0.06,1.42,1.64,-0.22,,,,,,1,3,-2,-1.78,60.6,58.53,,,43.19,0.72,0.4,226,8,17,13,23.61,32.5,9.0,5,4,14,5,15,124.6,63.93,11.53,8.47,61.67,26.72,0,North Texas 3-1 Colorado Rapids II,2026-03-07
North Texas,1.64,1.42,0.22,1.53,1.37,0.16,0.11,0.05,0.06,1.64,1.42,0.22,,,,,,3,1,2,1.78,39.4,41.47,,,43.69,0.4,0.72,136,7,13,17,32.5,23.61,16.68,4,5,10,5,12,70.3,36.07,124.6,91.53,169.17,73.28,0,North Texas 3-1 Colorado Rapids II,2026-03-07
Huntsville City,1.32,5.13,-3.81,0.56,4.28,-3.72,0.0,0.85,-0.85,0.56,5.13,-4.57,,,,,,2,7,-5,-1.19,50.0,58.89,,,48.13,0.28,0.89,211,5,9,23,32.14,25.84,11.9,6,9,12,6,12,100.1,47.83,57.07,51.94,53.69,20.97,0,Crown Legacy 7-2 Huntsville City,2026-03-06
Crown Legacy,5.13,1.32,3.81,4.28,0.56,3.72,0.85,0.0,0.85,5.13,0.56,4.57,,,,,,7,2,5,1.19,50.0,41.11,,,42.73,0.89,0.28,158,14,23,9,25.84,32.14,9.05,9,6,10,5,16,109.2,52.17,52.8,48.06,202.38,79.03,0,Crown Legacy 7-2 Huntsville City,2026-03-06
Huntsville City,2.28,1.76,0.52,1.45,1.76,-0.31,0.07,0.0,0.07,1.52,1.76,-0.24,,,,,,3,1,2,1.48,61.6,59.87,,,46.85,0.23,0.83,231,9,15,15,65.22,18.07,10.17,6,5,14,8,10,106.4,68.96,13.67,12.44,86.7,59.58,1,Orlando City B 1-3 Huntsville City,2026-03-02
Orlando City B,1.76,2.28,-0.52,1.76,1.45,0.31,0.0,0.07,-0.07,1.76,1.52,0.24,,,,,,1,3,-2,-1.48,38.4,40.13,,,44.75,0.83,0.23,130,19,15,15,18.07,65.22,11.44,5,6,17,7,18,47.9,31.04,96.2,87.56,58.83,40.42,3,Orlando City B 1-3 Huntsville City,2026-03-02
Los Angeles II,1.72,2.82,-1.1,1.72,2.58,-0.86,0.0,0.24,-0.24,1.72,2.82,-1.1,,,,,,2,2,0,1.1,51.9,43.45,,,42.99,0.27,1.09,193,12,13,19,48.15,17.43,14.24,4,6,9,3,9,74.1,35.32,29.0,28.69,66.63,36.72,0,Tacoma Defiance 2-2 Los Angeles II,2026-03-01
Tacoma Defiance,2.82,1.72,1.1,2.58,1.72,0.86,0.24,0.0,0.24,2.82,1.72,1.1,,,,,,2,2,0,-1.1,48.1,56.55,,,46.16,1.09,0.27,202,14,19,13,17.43,48.15,15.19,6,4,20,7,9,135.7,64.68,72.07,71.31,114.8,63.28,1,Tacoma Defiance 2-2 Los Angeles II,2026-03-01
Minnesota United II,1.56,1.95,-0.39,0.7,1.91,-1.21,0.1,0.03,0.07,0.8,1.95,-1.15,,,,,,4,2,2,2.39,37.9,34.48,,,46.27,0.29,0.89,142,5,14,16,48.28,17.98,13.65,3,4,14,5,16,40.9,19.37,94.87,78.88,126.53,76.36,1,Austin II 2-4 Minnesota United II,2026-03-01
Austin II,1.95,1.56,0.39,1.91,0.7,1.21,0.03,0.1,-0.07,1.95,0.8,1.15,,,,,,2,4,-2,-2.39,62.1,65.52,,,50.11,0.89,0.29,283,17,16,14,17.98,48.28,7.88,4,3,28,3,14,170.3,80.63,25.4,21.12,39.17,23.64,0,Austin II 2-4 Minnesota United II,2026-03-01
Atlanta United II,1.41,2.51,-1.1,1.41,2.24,-0.83,0.0,0.27,-0.27,1.41,2.51,-1.1,,,,,,1,1,0,1.1,36.9,21.9,,,36.15,0.27,1.47,94,4,9,21,33.33,14.29,17.61,2,9,9,2,8,34.3,11.13,98.13,66.04,16.2,4.66,0,New England II 1-1 Atlanta United II,2026-03-01
New England II,2.51,1.41,1.1,2.24,1.41,0.83,0.27,0.0,0.27,2.51,1.41,1.1,,,,,,1,1,0,-1.1,63.1,78.1,,,55.36,1.47,0.27,381,19,21,9,14.29,33.33,8.18,9,2,23,7,16,274.0,88.87,50.47,33.96,331.4,95.34,0,New England II 1-1 Atlanta United II,2026-03-01
Vancouver Whitecaps II,1.66,3.98,-2.32,1.57,3.66,-2.09,0.09,0.31,-0.22,1.66,3.98,-2.32,,,,,,2,4,-2,0.32,41.5,44.7,,,41.32,0.74,0.99,150,5,6,31,8.11,31.31,17.38,5,4,7,2,9,42.2,18.51,94.6,70.56,55.33,15.15,0,Ventura County 4-2 Vancouver Whitecaps II,2026-03-01
Ventura County,3.98,1.66,2.32,3.66,1.57,2.09,0.31,0.09,0.22,3.98,1.66,2.32,,,,,,4,2,2,-0.32,58.5,55.3,,,40.0,0.99,0.74,182,19,31,6,31.31,8.11,10.11,4,5,21,10,11,185.8,81.49,39.47,29.44,309.82,84.85,0,Ventura County 4-2 Vancouver Whitecaps II,2026-03-01
Colorado Rapids II,1.76,1.39,0.37,1.76,1.39,0.37,0.0,0.0,0.0,1.76,1.39,0.37,,,,,,0,2,-2,-2.37,59.6,55.87,,,41.69,0.74,0.23,206,12,8,11,10.81,47.83,5.92,6,7,13,3,21,109.6,64.39,4.67,3.54,62.83,30.64,1,Houston Dynamo II 2-0 Colorado Rapids II,2026-03-01
Houston Dynamo II,1.39,1.76,-0.37,1.39,1.76,-0.37,0.0,0.0,0.0,1.39,1.76,-0.37,,,,,,2,0,2,2.37,40.4,44.13,,,48.04,0.23,0.74,180,8,11,8,47.83,10.81,8.86,7,6,8,3,22,60.6,35.61,127.07,96.46,142.23,69.36,1,Houston Dynamo II 2-0 Colorado Rapids II,2026-03-01
Connecticut United,2.97,1.07,1.9,2.29,0.3,1.99,0.68,0.01,0.67,2.97,0.31,2.66,,,,,,3,1,2,0.1,51.4,70.9,,,51.32,1.43,0.46,261,24,20,5,13.99,10.87,10.95,12,4,31,7,10,176.2,95.09,43.8,52.98,193.63,95.37,0,Cincinnati II 1-3 Connecticut United,2026-03-01
Cincinnati II,1.07,2.97,-1.9,0.3,2.29,-1.99,0.01,0.68,-0.67,0.31,2.97,-2.66,,,,,,1,3,-2,-0.1,48.6,29.1,,,36.67,0.46,1.43,111,4,5,20,10.87,13.99,10.9,4,12,11,4,14,9.1,4.91,38.87,47.02,9.4,4.63,3,Cincinnati II 1-3 Connecticut United,2026-03-01
North Texas,3.14,1.99,1.15,3.14,1.89,1.25,0.0,0.1,-0.1,3.14,1.99,1.15,,,,,,2,2,0,-1.15,34.8,33.92,,,45.61,0.79,1.01,149,14,16,20,20.25,19.8,12.8,4,9,12,2,15,52.2,25.14,133.27,90.74,126.87,59.35,0,Real Monarchs 2-2 North Texas,2026-03-01
Real Monarchs,1.99,3.14,-1.15,1.89,3.14,-1.25,0.1,0.0,0.1,1.99,3.14,-1.15,,,,,,2,2,0,1.15,65.2,66.08,,,44.75,1.01,0.79,254,16,20,16,19.8,20.25,7.61,9,4,12,3,15,155.4,74.86,13.6,9.26,86.9,40.65,0,Real Monarchs 2-2 North Texas,2026-03-01
Columbus Crew II,3.69,2.78,0.91,3.66,2.78,0.88,0.02,0.0,0.02,3.69,2.78,0.91,,,,,,2,4,-2,-2.91,51.6,55.88,,,42.41,1.1,0.97,221,14,18,12,16.36,12.37,13.0,11,6,8,2,4,95.8,63.49,59.6,39.4,72.4,30.15,1,New York RB II 4-2 Columbus Crew II,2026-03-01
New York RB II,2.78,3.69,-0.91,2.78,3.66,-0.88,0.0,0.02,-0.02,2.78,3.69,-0.91,,,,,,4,2,2,2.91,48.4,44.12,,,41.07,0.97,1.1,174,14,12,18,12.37,16.36,17.68,6,11,12,2,14,55.1,36.51,91.67,60.6,167.71,69.85,0,New York RB II 4-2 Columbus Crew II,2026-03-01
San Jose Earthquakes II,1.77,2.52,-0.75,1.7,1.76,-0.06,0.07,0.0,0.07,1.77,1.76,0.01,,,,,,1,2,-1,-0.25,57.5,57.41,,,42.73,0.9,0.88,200,12,10,16,11.11,18.18,13.7,2,5,18,5,13,86.5,48.62,33.0,20.46,37.27,25.44,0,Portland Timbers II 2-1 San Jose Earthquakes II,2026-03-01
Portland Timbers II,2.52,1.77,0.75,1.76,1.7,0.06,0.0,0.07,-0.07,1.76,1.77,-0.01,,,,,,2,1,1,0.25,42.5,42.59,,,43.6,0.88,0.9,151,8,16,10,18.18,11.11,13.11,5,2,7,0,12,91.4,51.38,128.27,79.54,109.23,74.56,1,Portland Timbers II 2-1 San Jose Earthquakes II,2026-03-01
Crown Legacy,3.39,1.56,1.83,3.03,1.52,1.51,0.36,0.04,0.32,3.39,1.56,1.83,,,,,,4,1,3,1.17,47.5,37.05,,,36.79,0.53,0.8,107,10,14,12,26.42,15.0,10.51,7,7,10,5,14,55.9,42.25,42.87,42.39,76.33,52.4,1,Chattanooga 1-4 Crown Legacy,2026-03-01
Chattanooga,1.56,3.39,-1.83,1.52,3.03,-1.51,0.04,0.36,-0.32,1.56,3.39,-1.83,,,,,,1,4,-3,-1.17,52.5,62.95,,,40.51,0.8,0.53,156,8,12,14,15.0,26.42,12.83,7,7,11,6,10,76.4,57.75,58.27,57.61,69.33,47.6,3,Chattanooga 1-4 Crown Legacy,2026-03-01
Sporting KC II,0.64,2.11,-1.47,0.64,1.79,-1.15,0.0,0.33,-0.33,0.64,2.11,-1.47,,,,,,0,4,-4,-2.53,45.8,36.75,,,39.26,0.17,0.81,142,3,6,18,35.29,22.22,11.2,10,12,7,0,17,57.0,25.93,76.07,56.4,22.27,8.21,0,St. Louis City II 4-0 Sporting KC II,2026-02-28
St. Louis City II,2.11,0.64,1.47,1.79,0.64,1.15,0.33,0.0,0.33,2.11,0.64,1.47,,,,,,4,0,4,2.53,54.2,63.25,,,46.15,0.81,0.17,241,16,18,6,22.22,35.29,7.45,12,10,19,5,17,162.8,74.07,58.8,43.6,248.98,91.79,0,St. Louis City II 4-0 Sporting KC II,2026-02-28
Toronto II,1.66,1.47,0.19,1.01,1.23,-0.22,0.65,0.24,0.41,1.66,1.47,0.19,,,,,,0,1,-1,-1.19,61.3,52.61,,,38.92,1.14,0.2,184,15,11,10,9.65,50.0,6.39,9,7,22,7,8,94.8,69.25,11.67,6.52,37.87,18.8,1,Philadelphia Union II 1-0 Toronto II,2026-02-28
Philadelphia Union II,1.47,1.66,-0.19,1.23,1.01,0.22,0.24,0.65,-0.41,1.47,1.66,-0.19,,,,,,1,0,1,1.19,38.7,47.39,,,44.64,0.2,1.14,158,5,10,11,50.0,9.65,10.28,7,9,10,5,26,42.1,30.75,167.2,93.48,163.6,81.2,0,Philadelphia Union II 1-0 Toronto II,2026-02-28
Chicago Fire II,0.88,0.55,0.33,0.46,0.55,-0.09,0.41,0.0,0.41,0.88,0.55,0.33,,,,,,1,1,0,-0.33,38.1,50.43,,,46.89,0.29,0.34,152,5,9,8,31.03,23.53,16.13,5,8,7,3,9,74.9,48.45,107.87,87.7,127.57,76.07,1,Inter Miami II 1-1 Chicago Fire II,2026-02-27
Inter Miami II,0.55,0.88,-0.33,0.55,0.46,0.09,0.0,0.41,-0.41,0.55,0.88,-0.33,,,,,,1,1,0,0.33,61.9,49.57,,,41.82,0.34,0.29,177,8,8,9,23.53,31.03,6.58,8,5,12,2,21,79.7,51.55,15.13,12.3,40.13,23.93,4,Inter Miami II 1-1 Chicago Fire II,2026-02-27
