Team,xG,xGA,xGD,Open Play xG,Open Play xGA,Open Play xGD,Set Piece xG,Set Piece xGA,Set Piece xGD,npxG,npxGA,npxGD,xG within 5s of Crosses,xGA within 5s of Crosses,xG within 15s of Set Pieces,xGA within 15s of Set Pieces,xGD within 15s of Set Pieces,Goals,Goals Conceded,GD,GD-xGD,Possession,Field Tilt,Vertical Tendency,Opponent Vertical Tendency,Avg Pass Height,xT,xT Against,Passes in Opposition Half,Passes into Box,Shots,Shots Faced,Shots per 1.0 xT,Shots Faced per 1.0 xT Against,PPDA,High Recoveries,High Recoveries Against,Crosses,Corners,Fouls,On-Ball Pressure,On-Ball Pressure Share,Off-Ball Pressure,Off-Ball Pressure Share,Game Control,Game Control Share,Throw-Ins into the Box,Match,Date
Dallas,0.82,1.70,-0.88,0.70,1.60,-0.90,0.13,0.09,0.04,0.82,1.70,-0.88,0.11,0.00,0.31,0.09,0.22,3,3,0,0.88,48.30,51.5,15.9,22.8,50.93,0.9,0.78,276,19,12,10,13.33,12.82,13.39,5,3,16,3,15,112.6,55.71,73.8,67.46,111.3,52.69,7,St. Louis City 3-3 Dallas,2026-08-30
St. Louis City,1.70,0.82,0.88,1.60,0.70,0.90,0.09,0.13,-0.04,1.70,0.82,0.88,0.00,0.11,0.09,0.31,-0.22,3,3,0,-0.88,51.70,48.5,22.8,15.9,47.26,0.78,0.9,249,11,10,12,12.82,13.33,11.06,3,5,15,6,8,89.5,44.29,35.6,32.54,99.93,47.31,0,St. Louis City 3-3 Dallas,2026-08-30
New England,2.15,0.79,1.36,1.93,0.61,1.32,0.22,0.18,0.04,2.15,0.79,1.36,0.41,0.35,0.23,0.25,-0.02,3,1,2,0.64,45.00,57.73,15.5,14.9,56.80,1.02,0.5,310,20,20,7,19.61,14.0,14.00,7,4,16,5,7,210.2,72.09,113.87,81.57,303.0,96.26,0,Columbus Crew 1-3 New England,2026-08-30
Columbus Crew,0.79,2.15,-1.36,0.61,1.93,-1.32,0.18,0.22,-0.04,0.79,2.15,-1.36,0.35,0.41,0.25,0.23,0.02,1,3,-2,-0.64,55.00,42.27,14.9,15.5,44.78,0.5,1.02,245,12,7,20,14.0,19.61,13.55,4,7,13,5,10,81.4,27.91,25.73,18.43,11.77,3.74,1,Columbus Crew 1-3 New England,2026-08-30
LA Galaxy,1.27,2.62,-1.35,1.22,1.9,-0.68,0.05,0.71,-0.66,1.27,2.62,-1.35,0.0,0.15,0.1,0.92,-0.82,1,3,-2,-0.65,55.7,58.7,21.5,15.9,49.21,0.43,1.05,289,19,17,20,39.53,19.05,15.08,4,7,15,7,14,160.1,56.47,40.6,36.93,111.2,41.97,0,San Diego 3-1 LA Galaxy,2026-08-29
San Diego,2.62,1.27,1.35,1.9,1.22,0.68,0.71,0.05,0.66,2.62,1.27,1.35,0.15,0.0,0.92,0.1,0.82,3,1,2,0.65,44.3,41.3,15.9,21.5,43.1,1.05,0.43,160,20,20,17,19.05,39.53,12.14,7,4,10,7,10,123.4,43.53,69.33,63.07,153.77,58.03,1,San Diego 3-1 LA Galaxy,2026-08-29
Austin,1.89,1.89,0.0,0.89,1.0,-0.11,1.01,0.13,0.88,1.89,1.13,0.76,0.02,0.16,1.05,0.13,0.92,2,1,1,1.0,50.6,34.5,20.0,18.8,43.45,0.45,0.72,206,9,10,13,22.22,18.06,14.96,7,13,10,3,14,58.7,26.1,53.07,39.62,47.5,27.13,1,Portland Timbers 1-2 Austin,2026-08-29
Portland Timbers,1.89,1.89,0.0,1.0,0.89,0.11,0.13,1.01,-0.88,1.13,1.89,-0.76,0.16,0.02,0.13,1.05,-0.92,1,2,-1,-1.0,49.4,65.5,18.8,20.0,50.55,0.72,0.45,278,11,13,10,18.06,22.22,12.1,13,7,24,6,9,166.2,73.9,80.87,60.38,127.6,72.87,1,Portland Timbers 1-2 Austin,2026-08-29
Real Salt Lake,0.12,2.67,-2.55,0.09,1.01,-0.92,0.03,1.66,-1.63,0.12,2.67,-2.55,0.0,0.19,0.03,0.66,-0.63,0,1,-1,1.55,36.4,26.89,11.7,14.7,39.98,0.11,1.1,113,2,4,14,36.36,12.73,12.26,0,3,2,1,21,24.3,11.91,100.6,86.23,59.33,29.15,0,Colorado Rapids 1-0 Real Salt Lake,2026-08-29
Colorado Rapids,2.67,0.12,2.55,1.01,0.09,0.92,1.66,0.03,1.63,2.67,0.12,2.55,0.19,0.0,0.66,0.03,0.63,1,0,1,-1.55,63.6,73.11,14.7,11.7,46.07,1.1,0.11,254,16,14,4,12.73,36.36,7.67,3,0,17,6,13,179.7,88.09,16.07,13.77,144.2,70.85,0,Colorado Rapids 1-0 Real Salt Lake,2026-08-29
Cincinnati,2.34,2.48,-0.14,2.31,2.43,-0.12,0.03,0.05,-0.02,2.34,2.48,-0.14,0.0,0.88,0.3,0.12,0.18,0,4,-4,-3.86,48.7,48.65,16.7,10.6,45.87,0.92,1.32,162,16,15,19,16.3,14.39,11.31,5,6,15,4,9,91.7,42.67,53.27,54.39,66.33,30.29,0,Nashville SC 4-0 Cincinnati,2026-08-29
Nashville SC,2.48,2.34,0.14,2.43,2.31,0.12,0.05,0.03,0.02,2.48,2.34,0.14,0.88,0.0,0.12,0.3,-0.18,4,0,4,3.86,51.3,51.35,10.6,16.7,48.53,1.32,0.92,211,20,19,15,14.39,16.3,9.71,6,5,16,6,14,123.2,57.33,44.67,45.61,152.65,69.71,0,Nashville SC 4-0 Cincinnati,2026-08-29
Orlando City,1.59,4.12,-2.53,1.59,2.98,-1.39,0.0,1.14,-1.14,1.59,4.12,-2.53,0.0,1.11,0.0,1.17,-1.17,3,3,0,2.53,56.4,37.82,19.8,17.6,44.33,0.38,0.9,221,8,6,21,15.79,23.33,12.32,6,5,2,1,10,43.0,19.85,21.13,17.78,32.27,14.17,0,Minnesota United 3-3 Orlando City,2026-08-29
Minnesota United,4.12,1.59,2.53,2.98,1.59,1.39,1.14,0.0,1.14,4.12,1.59,2.53,1.11,0.0,1.17,0.0,1.17,3,3,0,-2.53,43.6,62.18,17.6,19.8,53.91,0.9,0.38,266,15,21,6,23.33,15.79,15.81,5,6,31,8,13,173.6,80.15,97.73,82.22,195.47,85.83,3,Minnesota United 3-3 Orlando City,2026-08-29
Vancouver Whitecaps,3.27,0.56,2.71,1.6,0.56,1.04,0.91,0.0,0.91,2.51,0.56,1.95,0.8,0.23,0.97,0.31,0.66,3,0,3,0.29,56.0,58.51,15.8,10.2,45.53,1.51,0.29,202,16,16,8,10.6,27.59,8.89,4,1,14,4,20,126.0,74.78,35.27,35.67,133.73,73.4,0,Sporting KC 0-3 Vancouver Whitecaps,2026-08-29
Sporting KC,0.56,3.27,-2.71,0.56,1.6,-1.04,0.0,0.91,-0.91,0.56,2.51,-1.95,0.23,0.8,0.31,0.97,-0.66,0,3,-3,-0.29,44.0,41.49,10.2,15.8,45.51,0.29,1.51,168,9,8,16,27.59,10.6,10.05,1,4,18,1,15,42.5,25.22,63.6,64.33,48.47,26.6,3,Sporting KC 0-3 Vancouver Whitecaps,2026-08-29
SJ Earthquakes,1.5,0.92,0.58,1.44,0.49,0.95,0.07,0.43,-0.36,1.5,0.92,0.58,0.95,0.27,0.07,0.16,-0.09,0,0,0,-0.58,57.3,56.12,21.4,21.6,50.16,0.75,0.5,295,11,11,11,14.67,22.0,11.33,11,3,20,4,9,113.0,59.69,47.2,44.92,95.37,57.91,0,Houston Dynamo 0-0 SJ Earthquakes,2026-08-29
Houston Dynamo,0.92,1.5,-0.58,0.49,1.44,-0.95,0.43,0.07,0.36,0.92,1.5,-0.58,0.27,0.95,0.16,0.07,0.09,0,0,0,0.58,42.7,43.88,21.6,21.4,44.23,0.5,0.75,167,6,11,11,22.0,14.67,19.04,3,11,12,7,8,76.3,40.31,57.87,55.08,69.33,42.09,1,Houston Dynamo 0-0 SJ Earthquakes,2026-08-29
NYCFC,0.46,1.18,-0.72,0.39,1.05,-0.66,0.07,0.13,-0.06,0.46,1.18,-0.72,0.13,0.71,0.07,0.18,-0.11,1,1,0,0.72,58.9,43.5,21.1,21.3,40.15,0.37,0.57,178,6,6,14,16.22,24.56,10.3,4,7,6,2,13,50.3,26.71,12.73,9.05,33.07,13.22,0,Toronto 1-1 NYCFC,2026-08-29
Toronto,1.18,0.46,0.72,1.05,0.39,0.66,0.13,0.07,0.06,1.18,0.46,0.72,0.71,0.13,0.18,0.07,0.11,1,1,0,-0.72,41.1,56.5,21.3,21.1,45.7,0.57,0.37,158,13,14,6,24.56,16.22,18.68,7,4,20,7,10,138.0,73.29,128.0,90.95,217.03,86.78,1,Toronto 1-1 NYCFC,2026-08-29
Philadelphia Union,3.23,1.73,1.5,2.63,1.73,0.9,0.59,0.0,0.59,3.23,1.73,1.5,1.95,0.0,0.72,0.0,0.72,3,1,2,0.5,41.5,54.64,28.4,20.6,52.42,0.95,0.68,195,19,19,11,20.0,16.18,9.38,18,2,16,7,13,112.4,62.93,88.93,86.68,187.03,94.41,1,New York RB 1-3 Philadelphia Union,2026-08-29
New York RB,1.73,3.23,-1.5,1.73,2.63,-0.9,0.0,0.59,-0.59,1.73,3.23,-1.5,0.0,1.95,0.0,0.72,-0.72,1,3,-2,-0.5,58.5,45.36,20.6,28.4,42.11,0.68,0.95,163,12,11,19,16.18,20.0,9.81,2,18,9,4,12,66.2,37.07,13.67,13.32,11.07,5.59,1,New York RB 1-3 Philadelphia Union,2026-08-29
Montréal,0.96,2.84,-1.88,0.96,2.6,-1.64,0.0,0.24,-0.24,0.96,2.84,-1.88,0.37,0.33,0.0,0.24,-0.24,1,7,-6,-4.12,43.7,51.39,22.0,16.2,50.63,0.75,0.83,246,11,10,21,13.33,25.3,13.72,6,3,18,6,11,102.1,42.38,107.27,70.95,143.53,50.67,0,Inter Miami 7-1 Montréal,2026-08-29
Inter Miami,2.84,0.96,1.88,2.6,0.96,1.64,0.24,0.0,0.24,2.84,0.96,1.88,0.33,0.37,0.24,0.0,0.24,7,1,6,4.12,56.3,48.61,16.2,22.0,44.3,0.83,0.75,240,14,21,10,25.3,13.33,13.6,3,6,8,6,10,138.8,57.62,43.93,29.05,139.71,49.33,0,Inter Miami 7-1 Montréal,2026-08-29
LAFC,1.17,1.43,-0.26,1.07,0.92,0.15,0.11,0.52,-0.41,1.17,1.43,-0.26,0.2,0.22,0.14,0.52,-0.38,0,0,0,0.26,60.9,64.22,19.4,19.1,54.1,0.84,0.63,429,18,17,14,20.24,22.22,11.39,6,2,20,8,6,179.8,79.49,18.27,11.88,89.03,54.98,0,DC United 0-0 LAFC,2026-08-29
DC United,1.43,1.17,0.26,0.92,1.07,-0.15,0.52,0.11,0.41,1.43,1.17,0.26,0.22,0.2,0.52,0.14,0.38,0,0,0,-0.26,39.1,35.78,19.1,19.4,48.78,0.63,0.84,204,10,14,17,22.22,20.24,32.4,2,6,18,5,11,46.4,20.51,135.53,88.12,72.9,45.02,3,DC United 0-0 LAFC,2026-08-29
Charlotte,1.97,0.85,1.12,1.78,0.71,1.07,0.19,0.14,0.05,1.97,0.85,1.12,0.0,0.33,0.19,0.14,0.05,2,0,2,0.88,42.1,41.07,11.9,15.7,45.33,0.6,0.64,197,13,13,18,21.67,28.12,26.72,2,3,17,7,5,89.9,36.1,121.33,73.03,169.73,70.95,3,Atlanta United 0-2 Charlotte,2026-08-29
Atlanta United,0.85,1.97,-1.12,0.71,1.78,-1.07,0.14,0.19,-0.05,0.85,1.97,-1.12,0.33,0.0,0.14,0.19,-0.05,0,2,-2,-0.88,57.9,58.93,15.7,11.9,49.74,0.64,0.6,326,13,18,13,28.12,21.67,20.39,3,2,29,11,8,159.1,63.9,44.8,26.97,69.5,29.05,0,Atlanta United 0-2 Charlotte,2026-08-29
Chicago Fire,2.68,1.24,1.44,2.56,1.15,1.41,0.11,0.09,0.02,2.68,1.24,1.44,1.11,0.34,0.68,0.75,-0.07,2,2,0,-1.44,56.3,53.68,19.5,13.8,48.66,1.28,0.54,297,29,20,11,15.62,20.37,12.52,7,7,22,7,9,152.5,59.83,28.07,31.28,137.33,47.74,1,Seattle Sounders 2-2 Chicago Fire,2026-08-29
Seattle Sounders,1.24,2.68,-1.44,1.15,2.56,-1.41,0.09,0.11,-0.02,1.24,2.68,-1.44,0.34,1.11,0.75,0.68,0.07,2,2,0,1.44,43.7,46.32,13.8,19.5,47.8,0.54,1.28,231,18,11,20,20.37,15.62,16.63,7,7,16,4,9,102.4,40.17,61.67,68.72,150.33,52.26,1,Seattle Sounders 2-2 Chicago Fire,2026-08-29
Sporting KC,0.72,1.76,-1.04,0.57,1.18,-0.61,0.14,0.58,-0.44,0.72,1.76,-1.04,0.3,0.24,0.59,0.88,-0.29,1,2,-1,0.04,51.0,64.58,17.8,16.5,53.09,0.9,0.48,331,13,8,8,8.89,16.67,13.03,10,3,29,6,13,173.6,71.0,71.67,51.51,85.97,51.67,0,Atlanta United 2-1 Sporting KC,2026-08-23
Atlanta United,1.76,0.72,1.04,1.18,0.57,0.61,0.58,0.14,0.44,1.76,0.72,1.04,0.24,0.3,0.88,0.59,0.29,2,1,1,-0.04,49.0,35.42,16.5,17.8,42.26,0.48,0.9,177,5,8,8,16.67,8.89,18.5,3,10,5,2,8,70.9,29.0,67.47,48.49,80.4,48.33,0,Atlanta United 2-1 Sporting KC,2026-08-23
NYCFC,1.31,3.31,-2.0,0.65,2.54,-1.89,0.66,0.02,0.64,1.31,2.55,-1.24,0.19,0.77,0.66,0.63,0.03,1,1,0,2.0,47.8,32.77,16.9,15.1,41.44,0.6,1.14,180,12,12,10,20.0,8.77,21.28,1,2,8,4,12,61.5,27.03,63.87,56.03,54.43,26.99,1,New England 1-1 NYCFC,2026-08-23
New England,3.31,1.31,2.0,2.54,0.65,1.89,0.02,0.66,-0.64,2.55,1.31,1.24,0.77,0.19,0.63,0.66,-0.03,1,1,0,-2.0,52.2,67.23,15.1,16.9,51.48,1.14,0.6,282,15,10,12,8.77,20.0,18.22,2,1,16,6,6,166.0,72.97,50.13,43.97,147.2,73.01,1,New England 1-1 NYCFC,2026-08-23
Minnesota United,2.55,1.94,0.61,1.66,1.18,0.48,0.9,0.0,0.9,2.55,1.18,1.37,0.18,0.26,0.9,0.31,0.59,5,1,4,3.39,41.9,46.74,17.4,21.2,46.31,1.02,0.63,166,17,11,11,10.78,17.46,9.21,12,5,8,3,15,73.0,42.92,76.33,84.44,153.4,80.98,6,SJ Earthquakes 1-5 Minnesota United,2026-08-22
SJ Earthquakes,1.94,2.55,-0.61,1.18,1.66,-0.48,0.0,0.9,-0.9,1.18,2.55,-1.37,0.26,0.18,0.31,0.9,-0.59,1,5,-4,-3.39,58.1,53.26,21.2,17.4,43.84,0.63,1.02,199,9,11,11,17.46,10.78,7.43,5,12,17,3,14,97.1,57.08,14.07,15.56,36.03,19.02,0,SJ Earthquakes 1-5 Minnesota United,2026-08-22
Colorado Rapids,0.5,2.56,-2.06,0.44,2.56,-2.12,0.06,0.0,0.06,0.5,2.56,-2.06,0.04,0.0,0.1,0.0,0.1,0,3,-3,-0.94,50.0,57.09,11.8,13.8,42.59,0.53,0.21,186,13,9,6,16.98,28.57,8.96,10,5,15,3,21,100.2,61.62,77.73,62.45,72.32,39.31,2,San Diego 3-0 Colorado Rapids,2026-08-22
San Diego,2.56,0.5,2.06,2.56,0.44,2.12,0.0,0.06,-0.06,2.56,0.5,2.06,0.0,0.04,0.0,0.1,-0.1,3,0,3,0.94,50.0,42.91,13.8,11.8,39.44,0.21,0.53,172,9,6,9,28.57,16.98,11.35,5,10,5,2,13,62.4,38.38,46.73,37.55,111.66,60.69,0,San Diego 3-0 Colorado Rapids,2026-08-22
Portland Timbers,1.14,4.2,-3.06,1.14,3.73,-2.59,0.0,0.47,-0.47,1.14,4.2,-3.06,0.11,1.22,0.0,0.72,-0.72,1,1,0,3.06,39.4,18.99,16.7,22.4,38.43,0.39,1.53,115,5,8,34,20.51,22.22,17.88,1,5,5,0,15,4.5,1.29,87.07,52.3,13.63,4.86,0,LAFC 1-1 Portland Timbers,2026-08-22
LAFC,4.2,1.14,3.06,3.73,1.14,2.59,0.47,0.0,0.47,4.2,1.14,3.06,1.22,0.11,0.72,0.0,0.72,1,1,0,-3.06,60.6,81.01,22.4,16.7,57.89,1.53,0.39,457,24,34,8,22.22,20.51,11.23,5,1,38,12,9,343.8,98.71,79.4,47.7,267.07,95.14,0,LAFC 1-1 Portland Timbers,2026-08-22
Dallas,0.69,1.48,-0.79,0.69,1.35,-0.66,0.0,0.13,-0.13,0.69,1.48,-0.79,0.06,0.0,0.03,0.13,-0.1,0,5,-5,-4.21,36.1,31.61,23.1,19.7,43.18,0.4,1.41,150,6,5,17,12.5,12.06,17.22,4,6,11,3,9,26.4,11.42,93.8,93.8,9.34,2.35,0,Vancouver Whitecaps 5-0 Dallas,2026-08-22
Vancouver Whitecaps,1.48,0.69,0.79,1.35,0.69,0.66,0.13,0.0,0.13,1.48,0.69,0.79,0.0,0.06,0.13,0.03,0.1,5,0,5,4.21,63.9,68.39,19.7,23.1,47.35,1.41,0.4,302,26,17,5,12.06,12.5,8.02,6,4,21,9,12,204.8,88.58,6.2,6.2,387.88,97.65,0,Vancouver Whitecaps 5-0 Dallas,2026-08-22
Philadelphia Union,0.75,1.8,-1.05,0.36,1.15,-0.79,0.39,0.65,-0.26,0.75,1.8,-1.05,0.05,0.06,0.61,0.65,-0.04,1,1,0,1.05,44.8,49.7,13.0,18.0,51.11,1.12,1.05,218,18,9,12,8.04,11.43,10.87,13,4,22,6,13,63.8,36.62,83.93,59.72,72.03,45.07,3,Austin 1-1 Philadelphia Union,2026-08-22
Austin,1.8,0.75,1.05,1.15,0.36,0.79,0.65,0.39,0.26,1.8,0.75,1.05,0.06,0.05,0.65,0.61,0.04,1,1,0,-1.05,55.2,50.3,18.0,13.0,45.17,1.05,1.12,201,18,12,9,11.43,8.04,13.57,4,13,26,6,8,110.4,63.38,56.6,40.28,87.8,54.93,2,Austin 1-1 Philadelphia Union,2026-08-22
Houston Dynamo,1.65,1.52,0.13,1.54,1.52,0.02,0.11,0.0,0.11,1.65,1.52,0.13,0.34,0.08,0.2,0.08,0.12,1,2,-1,-1.13,52.9,56.59,17.1,19.2,51.78,0.75,0.68,277,15,18,9,24.0,13.24,12.25,1,4,21,5,10,173.5,63.55,67.53,42.54,129.03,54.83,1,St. Louis City 2-1 Houston Dynamo,2026-08-22
St. Louis City,1.52,1.65,-0.13,1.52,1.54,-0.02,0.0,0.11,-0.11,1.52,1.65,-0.13,0.08,0.34,0.08,0.2,-0.12,2,1,1,1.13,47.1,43.41,19.2,17.1,50.46,0.68,0.75,241,14,9,18,13.24,24.0,10.08,4,1,7,1,18,99.5,36.45,91.2,57.46,106.3,45.17,2,St. Louis City 2-1 Houston Dynamo,2026-08-22
Columbus Crew,0.33,1.05,-0.72,0.33,0.76,-0.43,0.0,0.29,-0.29,0.33,1.05,-0.72,0.0,0.0,0.0,0.55,-0.55,2,3,-1,-0.28,42.2,37.86,15.0,15.1,47.65,0.27,0.34,209,6,3,13,11.11,38.24,21.24,2,4,4,1,7,59.3,21.42,134.8,70.77,44.03,28.57,0,Nashville SC 3-2 Columbus Crew,2026-08-22
Nashville SC,1.05,0.33,0.72,0.76,0.33,0.43,0.29,0.0,0.29,1.05,0.33,0.72,0.0,0.0,0.55,0.0,0.55,3,2,1,0.28,57.8,62.14,15.1,15.0,49.83,0.34,0.27,326,18,13,3,38.24,11.11,14.25,4,2,13,8,8,217.5,78.58,55.67,29.23,110.1,71.43,2,Nashville SC 3-2 Columbus Crew,2026-08-22
Real Salt Lake,0.71,2.06,-1.35,0.67,2.06,-1.39,0.03,0.0,0.03,0.71,2.06,-1.35,0.54,1.27,0.03,0.29,-0.26,1,2,-1,0.35,38.6,28.79,25.3,15.3,43.46,0.54,1.3,147,7,8,11,14.81,8.46,17.54,4,3,14,4,14,29.4,11.25,78.73,76.79,32.9,17.33,0,Orlando City 2-1 Real Salt Lake,2026-08-22
Orlando City,2.06,0.71,1.35,2.06,0.67,1.39,0.0,0.03,-0.03,2.06,0.71,1.35,1.27,0.54,0.29,0.03,0.26,2,1,1,-0.35,61.4,71.21,15.3,25.3,54.45,1.3,0.54,368,18,11,8,8.46,14.81,10.26,3,4,25,5,12,231.9,88.75,23.8,23.21,156.97,82.67,0,Orlando City 2-1 Real Salt Lake,2026-08-22
Chicago Fire,0.77,1.0,-0.23,0.77,0.96,-0.19,0.0,0.04,-0.04,0.77,1.0,-0.23,0.37,0.28,0.0,0.16,-0.16,1,1,0,0.23,52.0,39.88,23.3,14.3,41.99,0.65,0.44,211,12,10,11,15.38,25.0,13.18,5,12,11,2,10,72.4,37.67,47.8,30.84,87.0,36.66,0,New York RB 1-1 Chicago Fire,2026-08-22
New York RB,1.0,0.77,0.23,0.96,0.77,0.19,0.04,0.0,0.04,1.0,0.77,0.23,0.28,0.37,0.16,0.0,0.16,1,1,0,-0.23,48.0,60.12,14.3,23.3,53.33,0.44,0.65,320,9,11,10,25.0,15.38,11.38,12,5,12,3,10,119.8,62.33,107.2,69.16,150.3,63.34,1,New York RB 1-1 Chicago Fire,2026-08-22
LA Galaxy,2.05,1.93,0.12,1.84,0.96,0.88,0.22,0.97,-0.75,2.05,1.93,0.12,0.19,0.73,0.26,1.32,-1.06,2,2,0,-0.12,42.7,28.06,25.3,21.5,37.11,0.56,1.44,119,11,9,15,16.07,10.42,26.81,2,5,9,5,8,32.9,13.81,63.8,48.36,24.23,12.44,0,Montréal 2-2 LA Galaxy,2026-08-22
Montréal,1.93,2.05,-0.12,0.96,1.84,-0.88,0.97,0.22,0.75,1.93,2.05,-0.12,0.73,0.19,1.32,0.26,1.06,2,2,0,0.12,57.3,71.94,21.5,25.3,53.59,1.44,0.56,353,23,15,9,10.42,16.07,15.6,5,2,29,6,9,205.3,86.19,68.13,51.64,170.47,87.56,0,Montréal 2-2 LA Galaxy,2026-08-22
Toronto,0.73,2.12,-1.39,0.73,1.57,-0.84,0.0,0.55,-0.55,0.73,2.12,-1.39,0.17,0.66,0.47,0.73,-0.26,2,1,1,2.39,38.2,43.89,21.8,20.3,46.61,0.44,1.34,177,7,7,10,15.91,7.46,18.32,1,5,15,2,8,59.7,31.79,101.47,74.64,91.67,62.94,1,Inter Miami 1-2 Toronto,2026-08-22
Inter Miami,2.12,0.73,1.39,1.57,0.73,0.84,0.55,0.0,0.55,2.12,0.73,1.39,0.66,0.17,0.73,0.47,0.26,1,2,-1,-2.39,61.8,56.11,20.3,21.8,48.94,1.34,0.44,289,16,10,7,7.46,15.91,11.22,5,1,13,3,15,128.1,68.21,34.47,25.36,53.97,37.06,0,Inter Miami 1-2 Toronto,2026-08-22
Seattle Sounders,1.86,2.92,-1.06,1.67,2.82,-1.15,0.2,0.1,0.1,1.86,2.92,-1.06,0.79,0.0,1.1,0.58,0.52,1,1,0,1.06,29.4,26.05,20.5,20.2,41.89,0.57,0.87,122,10,10,17,17.54,19.54,22.52,3,7,16,4,14,25.1,10.99,162.6,90.84,81.3,33.17,0,Cincinnati 1-1 Seattle Sounders,2026-08-22
Cincinnati,2.92,1.86,1.06,2.82,1.67,1.15,0.1,0.2,-0.1,2.92,1.86,1.06,0.0,0.79,0.58,1.1,-0.52,1,1,0,-1.06,70.6,73.95,20.2,20.5,48.97,0.87,0.57,364,18,17,10,19.54,17.54,9.37,7,3,19,9,7,203.3,89.01,16.4,9.16,163.8,66.83,0,Cincinnati 1-1 Seattle Sounders,2026-08-22
DC United,2.32,2.35,-0.03,2.13,1.76,0.37,0.18,0.59,-0.41,2.32,2.35,-0.03,0.15,0.04,0.22,1.83,-1.61,1,3,-2,-1.97,39.5,46.55,26.0,21.7,47.77,0.42,0.51,148,13,17,11,40.48,21.57,17.12,4,1,17,9,11,70.2,47.98,102.87,84.88,107.43,74.57,3,Charlotte 3-1 DC United,2026-08-22
Charlotte,2.35,2.32,0.03,1.76,2.13,-0.37,0.59,0.18,0.41,2.35,2.32,0.03,0.04,0.15,1.83,0.22,1.61,3,1,2,1.97,60.5,53.45,21.7,26.0,44.44,0.51,0.42,212,11,11,17,21.57,40.48,9.77,1,4,6,4,15,76.1,52.02,18.33,15.12,36.63,25.43,3,Charlotte 3-1 DC United,2026-08-22
Houston Dynamo,1.29,1.49,-0.2,1.29,1.4,-0.11,0.0,0.09,-0.09,1.29,1.49,-0.2,0.0,0.21,0.4,0.4,0.0,1,0,1,1.2,37.0,15.08,14.6,9.1,32.44,0.21,1.12,76,3,9,17,42.86,15.18,17.23,1,17,4,2,12,16.6,4.56,43.13,42.48,15.43,5.38,0,Vancouver Whitecaps 0-1 Houston Dynamo,2026-08-19
Vancouver Whitecaps,1.49,1.29,0.2,1.4,1.29,0.11,0.09,0.0,0.09,1.49,1.29,0.2,0.21,0.0,0.4,0.4,0.0,0,1,-1,-1.2,63.0,84.92,9.1,14.6,60.2,1.12,0.21,473,22,17,9,15.18,42.86,7.02,17,1,46,8,13,347.6,95.44,58.4,57.52,271.6,94.62,1,Vancouver Whitecaps 0-1 Houston Dynamo,2026-08-19
San Diego,1.81,1.48,0.33,1.58,1.48,0.1,0.23,0.0,0.23,1.81,1.48,0.33,0.38,0.05,0.59,0.05,0.54,1,3,-2,-2.33,69.6,78.05,20.6,19.6,53.02,0.72,0.43,457,22,21,11,29.17,25.58,9.09,10,4,28,7,11,291.4,94.09,23.67,14.26,206.83,71.31,0,Portland Timbers 3-1 San Diego,2026-08-19
Portland Timbers,1.48,1.81,-0.33,1.48,1.58,-0.1,0.0,0.23,-0.23,1.48,1.81,-0.33,0.05,0.38,0.05,0.59,-0.54,3,1,2,2.33,30.4,21.95,19.6,20.6,39.46,0.43,0.72,102,5,11,21,25.58,29.17,19.89,4,10,6,0,15,18.3,5.91,142.33,85.74,83.2,28.69,0,Portland Timbers 3-1 San Diego,2026-08-19
SJ Earthquakes,2.25,1.57,0.68,2.16,1.53,0.63,0.09,0.05,0.04,2.25,1.57,0.68,0.37,0.02,0.13,0.07,0.06,0,1,-1,-1.68,63.2,74.78,22.0,17.6,53.31,1.63,0.9,337,23,22,10,13.5,11.11,7.97,11,6,31,5,17,244.9,87.75,17.4,18.19,215.23,76.02,0,LA Galaxy 1-0 SJ Earthquakes,2026-08-19
LA Galaxy,1.57,2.25,-0.68,1.53,2.16,-0.63,0.05,0.09,-0.04,1.57,2.25,-0.68,0.02,0.37,0.07,0.13,-0.06,1,0,1,1.68,36.8,25.22,17.6,22.0,39.11,0.9,1.63,107,10,10,22,11.11,13.5,10.43,6,11,7,2,12,34.2,12.25,78.27,81.81,67.9,23.98,0,LA Galaxy 1-0 SJ Earthquakes,2026-08-19
Austin,1.04,1.66,-0.62,0.7,1.58,-0.88,0.34,0.08,0.26,1.04,1.66,-0.62,0.23,0.21,0.27,0.25,0.02,2,1,1,1.62,53.8,40.58,14.0,19.4,45.64,0.71,0.65,255,12,12,19,16.9,29.23,15.45,5,8,15,5,9,51.7,29.56,47.6,32.23,35.43,19.99,0,Seattle Sounders 1-2 Austin,2026-08-19
Seattle Sounders,1.66,1.04,0.62,1.58,0.7,0.88,0.08,0.34,-0.26,1.66,1.04,0.62,0.21,0.23,0.25,0.27,-0.02,1,2,-1,-1.62,46.2,59.42,19.4,14.0,53.73,0.65,0.71,300,11,19,12,29.23,16.9,15.87,8,5,30,7,10,123.2,70.44,100.07,67.77,141.8,80.01,3,Seattle Sounders 1-2 Austin,2026-08-19
Dallas,2.16,2.33,-0.17,1.88,2.28,-0.4,0.28,0.05,0.23,2.16,2.33,-0.17,0.7,0.59,0.36,0.32,0.04,4,3,1,1.17,41.6,37.47,12.9,16.8,46.62,0.69,1.01,192,11,13,14,18.84,13.86,12.37,9,5,6,3,13,70.0,28.02,62.93,71.24,100.47,58.18,1,Real Salt Lake 3-4 Dallas,2026-08-19
Real Salt Lake,2.33,2.16,0.17,2.28,1.88,0.4,0.05,0.28,-0.23,2.33,2.16,0.17,0.59,0.7,0.32,0.36,-0.04,3,4,-1,-1.17,58.4,62.53,16.8,12.9,50.97,1.01,0.69,304,19,14,13,13.86,18.84,11.0,5,9,27,6,11,179.8,71.98,25.4,28.76,72.23,41.82,1,Real Salt Lake 3-4 Dallas,2026-08-19
LAFC,0.5,2.81,-2.31,0.42,2.05,-1.63,0.08,0.0,0.08,0.5,2.05,-1.55,0.01,1.18,0.14,0.09,0.05,0,1,-1,1.31,49.5,52.48,14.3,13.3,46.89,0.33,0.58,227,7,10,14,30.3,24.14,15.42,3,8,25,4,10,77.6,42.29,55.8,63.03,90.63,58.06,0,Colorado Rapids 1-0 LAFC,2026-08-19
Colorado Rapids,2.81,0.5,2.31,2.05,0.42,1.63,0.0,0.08,-0.08,2.05,0.5,1.55,1.18,0.01,0.09,0.14,-0.05,1,0,1,-1.31,50.5,47.52,13.3,14.3,44.78,0.58,0.33,200,8,14,10,24.14,30.3,11.94,8,3,12,4,14,105.9,57.71,32.73,36.97,65.47,41.94,0,Colorado Rapids 1-0 LAFC,2026-08-19
Atlanta United,0.88,1.95,-1.07,0.73,1.81,-1.08,0.15,0.14,0.01,0.88,1.95,-1.07,0.0,1.53,0.15,1.27,-1.12,2,1,1,2.07,46.3,35.05,23.8,29.4,45.0,0.34,0.85,176,7,10,13,29.41,15.29,12.48,3,5,10,4,13,59.4,27.78,57.13,48.31,55.4,30.61,0,Minnesota United 1-2 Atlanta United,2026-08-19
Minnesota United,1.95,0.88,1.07,1.81,0.73,1.08,0.14,0.15,-0.01,1.95,0.88,1.07,1.53,0.0,1.27,0.15,1.12,1,2,-1,-2.07,53.7,64.95,29.4,23.8,49.3,0.85,0.34,255,11,13,10,15.29,29.41,11.52,5,3,22,6,13,154.4,72.22,61.13,51.69,125.6,69.39,3,Minnesota United 1-2 Atlanta United,2026-08-19
St. Louis City,0.88,2.01,-1.13,0.84,1.95,-1.11,0.04,0.06,-0.02,0.88,2.01,-1.13,0.0,0.0,0.04,0.42,-0.38,1,1,0,1.13,51.4,40.28,17.3,16.5,44.54,0.4,0.69,218,7,7,18,17.5,26.09,11.66,5,7,5,2,11,56.9,24.93,43.27,27.41,41.23,15.82,0,Sporting KC 1-1 St. Louis City,2026-08-19
Sporting KC,2.01,0.88,1.13,1.95,0.84,1.11,0.06,0.04,0.02,2.01,0.88,1.13,0.0,0.0,0.42,0.04,0.38,1,1,0,-1.13,48.6,59.72,16.5,17.3,52.16,0.69,0.4,274,22,18,7,26.09,17.5,13.06,7,5,26,9,12,171.3,75.07,114.6,72.59,219.47,84.18,2,Sporting KC 1-1 St. Louis City,2026-08-19
Charlotte,2.6,2.53,0.07,2.3,2.4,-0.1,0.31,0.13,0.18,2.6,2.53,0.07,0.36,1.61,0.53,0.13,0.4,3,3,0,-0.07,54.4,48.8,9.1,19.2,46.25,1.02,0.66,231,18,16,16,15.69,24.24,14.21,4,3,22,5,10,130.5,50.9,70.73,51.25,136.4,62.65,1,Toronto 3-3 Charlotte,2026-08-19
Toronto,2.53,2.6,-0.07,2.4,2.3,0.1,0.13,0.31,-0.18,2.53,2.6,-0.07,1.61,0.36,0.13,0.53,-0.4,3,3,0,0.07,45.6,51.2,19.2,9.1,46.52,0.66,1.02,191,10,16,16,24.24,15.69,15.68,3,4,22,6,10,125.9,49.1,67.27,48.75,81.33,37.35,0,Toronto 3-3 Charlotte,2026-08-19
Inter Miami,1.2,3.89,-2.69,1.2,3.43,-2.23,0.0,0.46,-0.46,1.2,3.89,-2.69,0.0,1.84,0.18,1.2,-1.02,2,2,0,2.69,56.6,39.59,20.3,18.0,44.22,0.56,0.86,185,10,5,17,8.93,19.77,11.09,1,8,9,1,13,55.8,23.46,20.33,20.14,31.33,13.23,0,Philadelphia Union 2-2 Inter Miami,2026-08-19
Philadelphia Union,3.89,1.2,2.69,3.43,1.2,2.23,0.46,0.0,0.46,3.89,1.2,2.69,1.84,0.0,1.2,0.18,1.02,2,2,0,-2.69,43.4,60.41,18.0,20.3,54.28,0.86,0.56,225,24,17,5,19.77,8.93,9.95,8,1,23,4,18,182.1,76.54,80.6,79.86,205.4,86.77,3,Philadelphia Union 2-2 Inter Miami,2026-08-19
Chicago Fire,1.27,1.71,-0.44,0.51,1.36,-0.85,0.0,0.35,-0.35,0.51,1.71,-1.2,0.17,0.24,0.0,0.98,-0.98,2,1,1,1.44,42.6,28.61,23.5,17.3,42.2,0.47,1.07,161,6,7,16,14.89,14.95,22.65,3,5,9,3,11,43.9,15.01,59.73,55.82,37.47,20.43,0,Orlando City 1-2 Chicago Fire,2026-08-19
Orlando City,1.71,1.27,0.44,1.36,0.51,0.85,0.35,0.0,0.35,1.71,0.51,1.2,0.24,0.17,0.98,0.0,0.98,1,2,-1,-1.44,57.4,71.39,17.3,23.5,56.54,1.07,0.47,381,23,16,7,14.95,14.89,12.13,5,3,13,3,15,248.5,84.99,47.27,44.18,145.9,79.57,1,Orlando City 1-2 Chicago Fire,2026-08-19
Nashville SC,1.42,2.31,-0.89,1.15,2.11,-0.96,0.27,0.2,0.07,1.42,2.31,-0.89,0.26,0.48,0.58,0.2,0.38,1,0,1,1.89,46.0,43.19,32.9,17.9,45.4,0.27,0.94,191,19,11,13,40.74,13.83,13.07,8,2,25,10,12,97.2,38.69,37.53,38.22,91.3,35.08,1,New York RB 0-1 Nashville SC,2026-08-19
New York RB,2.31,1.42,0.89,2.11,1.15,0.96,0.2,0.27,-0.07,2.31,1.42,0.89,0.48,0.26,0.2,0.58,-0.38,0,1,-1,-1.89,54.0,56.81,17.9,32.9,52.18,0.94,0.27,265,31,13,11,13.83,40.74,12.42,2,8,15,7,4,154.0,61.31,60.67,61.78,168.93,64.92,0,New York RB 0-1 Nashville SC,2026-08-19
New England,2.58,2.77,-0.19,2.38,2.64,-0.26,0.21,0.13,0.08,2.58,2.77,-0.19,1.52,1.04,0.4,0.76,-0.36,3,0,3,3.19,59.6,59.16,18.9,6.9,51.47,1.33,0.89,310,27,18,15,13.53,16.85,13.18,2,7,18,5,10,215.2,72.36,26.0,26.5,234.17,74.58,0,DC United 0-3 New England,2026-08-19
DC United,2.77,2.58,0.19,2.64,2.38,0.26,0.13,0.21,-0.08,2.77,2.58,0.19,1.04,1.52,0.76,0.4,0.36,0,3,-3,-3.19,40.4,40.84,6.9,18.9,50.4,0.89,1.33,202,16,15,18,16.85,13.53,12.56,7,2,18,4,15,82.2,27.64,72.13,73.5,79.8,25.42,5,DC United 0-3 New England,2026-08-19
Montréal,1.63,0.44,1.19,1.39,0.15,1.24,0.23,0.29,-0.06,1.63,0.44,1.19,0.35,0.0,0.18,0.29,-0.11,2,1,1,-0.19,38.1,32.27,14.9,15.6,45.41,0.93,0.68,181,17,13,7,13.98,10.29,22.04,5,4,15,3,7,72.2,24.04,113.13,78.49,160.17,77.45,1,Columbus Crew 1-2 Montréal,2026-08-19
Columbus Crew,0.44,1.63,-1.19,0.15,1.39,-1.24,0.29,0.23,0.06,0.44,1.63,-1.19,0.0,0.35,0.29,0.18,0.11,1,2,-1,0.19,61.9,67.73,15.6,14.9,51.44,0.68,0.93,393,14,7,13,10.29,13.98,21.94,4,5,16,5,7,228.1,75.96,31.0,21.51,46.63,22.55,0,Columbus Crew 1-2 Montréal,2026-08-19
NYCFC,1.76,1.59,0.17,1.62,1.53,0.09,0.14,0.06,0.08,1.76,1.59,0.17,0.45,0.46,0.37,0.52,-0.15,1,2,-1,-1.17,44.7,45.28,21.1,13.1,44.96,0.75,0.34,199,13,16,14,21.33,41.18,22.0,3,3,18,5,9,104.4,44.83,99.93,72.62,132.97,56.76,0,Cincinnati 2-1 NYCFC,2026-08-19
Cincinnati,1.59,1.76,-0.17,1.53,1.62,-0.09,0.06,0.14,-0.08,1.59,1.76,-0.17,0.46,0.45,0.52,0.37,0.15,2,1,1,1.17,55.3,54.72,13.1,21.1,47.44,0.34,0.75,279,10,14,16,41.18,21.33,12.0,3,3,11,2,10,128.5,55.17,37.67,27.38,101.3,43.24,0,Cincinnati 2-1 NYCFC,2026-08-19
Vancouver Whitecaps,1.81,0.88,0.93,1.26,0.88,0.38,0.54,0.0,0.54,1.81,0.88,0.93,0.14,0.0,0.76,0.1,0.66,2,0,2,1.07,56.5,73.49,13.5,21.6,51.86,1.32,0.32,322,24,19,5,14.39,15.62,8.76,11,2,21,8,11,239.9,94.56,32.0,32.32,220.67,90.87,2,Seattle Sounders 0-2 Vancouver Whitecaps,2026-08-16
Seattle Sounders,0.88,1.81,-0.93,0.88,1.26,-0.38,0.0,0.54,-0.54,0.88,1.81,-0.93,0.0,0.14,0.1,0.76,-0.66,0,2,-2,-1.07,43.5,26.51,21.6,13.5,39.68,0.32,1.32,136,4,5,19,15.62,14.39,15.11,2,11,4,1,16,13.8,5.44,67.0,67.68,22.17,9.13,4,Seattle Sounders 0-2 Vancouver Whitecaps,2026-08-16
Dallas,1.81,0.65,1.16,1.32,0.58,0.74,0.49,0.07,0.42,1.81,0.65,1.16,0.09,0.05,1.0,0.21,0.79,2,1,1,-0.16,35.5,37.42,27.3,19.2,45.55,0.62,0.49,142,16,15,9,24.19,18.37,16.45,2,6,9,4,17,101.8,50.52,130.13,90.37,171.73,83.85,0,Austin 1-2 Dallas,2026-08-16
Austin,0.65,1.81,-1.16,0.58,1.32,-0.74,0.07,0.49,-0.42,0.65,1.81,-1.16,0.05,0.09,0.21,1.0,-0.79,1,2,-1,0.16,64.5,62.58,19.2,27.3,45.95,0.49,0.62,265,9,9,15,18.37,24.19,7.91,6,2,25,7,12,99.7,49.48,13.87,9.63,33.07,16.15,0,Austin 1-2 Dallas,2026-08-16
Philadelphia Union,3.08,2.76,0.32,3.04,0.91,2.13,0.04,0.33,-0.29,3.08,1.24,1.84,1.5,0.47,0.31,0.52,-0.21,3,2,1,0.68,49.0,57.56,22.8,12.2,51.0,0.86,0.28,197,14,18,16,20.93,57.14,8.29,4,1,22,4,21,97.8,63.14,40.2,52.94,106.97,58.72,2,NYCFC 2-3 Philadelphia Union,2026-08-16
NYCFC,2.76,3.08,-0.32,0.91,3.04,-2.13,0.33,0.04,0.29,1.24,3.08,-1.84,0.47,1.5,0.52,0.31,0.21,2,3,-1,-0.68,51.0,42.44,12.2,22.8,41.38,0.28,0.86,136,11,16,18,57.14,20.93,8.03,1,4,15,8,15,57.1,36.86,35.73,47.06,75.2,41.28,0,NYCFC 2-3 Philadelphia Union,2026-08-16
Portland Timbers,1.06,1.89,-0.83,0.9,1.89,-0.99,0.16,0.0,0.16,1.06,1.89,-0.83,0.15,0.0,0.16,0.0,0.16,1,2,-1,-0.17,63.1,63.14,15.6,21.8,51.17,1.19,0.52,351,16,11,8,9.24,15.38,10.76,5,2,18,4,6,142.2,76.21,23.67,18.88,63.77,30.18,1,Chicago Fire 2-1 Portland Timbers,2026-08-16
Chicago Fire,1.89,1.06,0.83,1.89,0.9,0.99,0.0,0.16,-0.16,1.89,1.06,0.83,0.0,0.15,0.0,0.16,-0.16,2,1,1,0.17,36.9,36.86,21.8,15.6,42.93,0.52,1.19,132,13,8,11,15.38,9.24,21.52,2,5,7,0,15,44.4,23.79,101.73,81.12,147.5,69.82,0,Chicago Fire 2-1 Portland Timbers,2026-08-16
St. Louis City,2.49,0.29,2.2,2.18,0.22,1.96,0.31,0.08,0.23,2.49,0.29,2.2,0.1,0.12,0.98,0.17,0.81,3,1,2,-0.2,47.5,57.0,18.4,14.7,47.74,0.88,0.38,206,19,14,6,15.91,15.79,7.96,11,4,13,5,17,127.5,70.52,81.27,84.42,209.67,92.5,0,SJ Earthquakes 1-3 St. Louis City,2026-08-15
SJ Earthquakes,0.29,2.49,-2.2,0.22,2.18,-1.96,0.08,0.31,-0.23,0.29,2.49,-2.2,0.12,0.1,0.17,0.98,-0.81,1,3,-2,0.2,52.5,43.0,14.7,18.4,42.68,0.38,0.88,187,7,6,14,15.79,15.91,8.48,4,11,18,4,16,53.3,29.48,15.0,15.58,17.0,7.5,0,SJ Earthquakes 1-3 St. Louis City,2026-08-15
San Diego,1.17,1.44,-0.27,0.3,1.07,-0.77,0.11,0.37,-0.26,0.41,1.44,-1.03,0.13,0.13,0.24,0.49,-0.25,1,0,1,1.27,59.7,61.64,17.6,16.4,48.82,0.33,0.22,301,10,9,15,27.27,68.18,8.9,6,7,15,7,12,147.2,64.06,35.8,29.12,138.57,52.94,0,LAFC 0-1 San Diego,2026-08-15
LAFC,1.44,1.17,0.27,1.07,0.3,0.77,0.37,0.11,0.26,1.44,0.41,1.03,0.13,0.13,0.49,0.24,0.25,0,1,-1,-1.27,40.3,38.36,16.4,17.6,43.94,0.22,0.33,177,7,15,9,68.18,27.27,12.22,7,6,14,9,21,82.6,35.94,87.13,70.88,123.2,47.06,0,LAFC 0-1 San Diego,2026-08-15
Minnesota United,2.86,1.88,0.98,2.54,1.79,0.75,0.32,0.09,0.23,2.86,1.88,0.98,0.57,0.0,0.94,0.11,0.83,1,1,0,-0.98,43.2,52.6,22.4,20.2,48.18,0.99,0.62,209,15,15,13,15.15,20.97,18.3,5,3,17,10,12,101.1,60.68,100.13,82.3,149.57,80.22,0,Real Salt Lake 1-1 Minnesota United,2026-08-15
Real Salt Lake,1.88,2.86,-0.98,1.79,2.54,-0.75,0.09,0.32,-0.23,1.88,2.86,-0.98,0.0,0.57,0.11,0.94,-0.83,1,1,0,0.98,56.8,47.4,20.2,22.4,45.47,0.62,0.99,255,10,13,15,20.97,15.15,12.43,3,5,15,7,7,65.5,39.32,21.53,17.7,36.87,19.78,2,Real Salt Lake 1-1 Minnesota United,2026-08-15
Sporting KC,1.14,3.86,-2.72,1.13,3.49,-2.36,0.0,0.37,-0.37,1.14,3.86,-2.72,0.0,0.51,0.0,0.66,-0.66,0,2,-2,0.72,25.5,20.07,25.0,16.5,40.46,0.1,0.93,63,1,6,28,60.0,30.11,20.09,2,9,7,2,12,9.8,3.31,166.27,97.96,59.0,24.71,1,Colorado Rapids 2-0 Sporting KC,2026-08-15
Colorado Rapids,3.86,1.14,2.72,3.49,1.13,2.36,0.37,0.0,0.37,3.86,1.14,2.72,0.51,0.0,0.66,0.0,0.66,2,0,2,-0.72,74.5,79.93,16.5,25.0,51.41,0.93,0.1,329,25,28,6,30.11,60.0,5.09,9,2,28,8,12,286.0,96.69,3.47,2.04,179.8,75.29,1,Colorado Rapids 2-0 Sporting KC,2026-08-15
Inter Miami,2.24,2.33,-0.09,1.33,2.18,-0.85,0.15,0.14,0.01,1.48,2.33,-0.85,0.13,0.36,0.15,0.4,-0.25,1,4,-3,-2.91,55.1,47.83,12.3,13.6,47.25,0.95,1.06,236,11,16,18,16.84,16.98,12.7,2,10,10,4,10,124.6,47.09,40.4,33.41,69.24,23.45,0,Nashville SC 4-1 Inter Miami,2026-08-15
Nashville SC,2.33,2.24,0.09,2.18,1.33,0.85,0.14,0.15,-0.01,2.33,1.48,0.85,0.36,0.13,0.4,0.15,0.25,4,1,3,2.91,44.9,52.17,13.6,12.3,51.09,1.06,0.95,227,21,18,16,16.98,16.84,11.79,10,2,19,10,15,140.0,52.91,80.53,66.59,225.98,76.55,0,Nashville SC 4-1 Inter Miami,2026-08-15
LA Galaxy,0.72,1.36,-0.64,0.52,0.6,-0.08,0.2,0.0,0.2,0.72,0.6,0.12,0.2,0.1,0.2,0.08,0.12,0,1,-1,-0.36,38.6,39.38,19.4,15.4,50.67,0.54,0.42,188,9,9,9,16.67,21.43,13.79,6,5,10,3,14,59.7,32.61,102.13,72.95,68.03,36.09,2,Houston Dynamo 1-0 LA Galaxy,2026-08-15
Houston Dynamo,1.36,0.72,0.64,0.6,0.52,0.08,0.0,0.2,-0.2,0.6,0.72,-0.12,0.1,0.2,0.08,0.2,-0.12,1,0,1,0.36,61.4,60.62,15.4,19.4,48.42,0.42,0.54,266,9,9,9,21.43,16.67,9.83,5,6,15,4,15,123.4,67.39,37.87,27.05,120.47,63.91,0,Houston Dynamo 1-0 LA Galaxy,2026-08-15
New England,2.69,0.2,2.49,2.38,0.2,2.18,0.31,0.0,0.31,2.69,0.2,2.49,0.97,0.11,1.23,0.0,1.23,1,2,-1,-3.49,69.9,72.71,16.1,20.0,54.01,2.18,0.46,373,34,24,4,11.01,8.7,8.38,6,4,36,9,5,356.7,88.49,22.13,16.9,277.77,85.94,1,Toronto 2-1 New England,2026-08-15
Toronto,0.2,2.69,-2.49,0.2,2.38,-2.18,0.0,0.31,-0.31,0.2,2.69,-2.49,0.11,0.97,0.0,1.23,-1.23,2,1,1,3.49,30.1,27.29,20.0,16.1,47.86,0.46,2.18,133,7,4,24,8.7,11.01,17.56,4,6,10,0,11,46.4,11.51,108.8,83.1,45.43,14.06,0,Toronto 2-1 New England,2026-08-15
Cincinnati,1.34,2.53,-1.19,1.34,2.4,-1.06,0.0,0.13,-0.13,1.34,2.53,-1.19,0.22,0.55,0.04,0.31,-0.27,1,1,0,1.19,49.8,49.52,17.5,18.6,46.47,0.52,1.03,220,12,11,17,21.15,16.5,14.84,6,1,17,5,12,85.7,47.4,51.53,48.65,80.3,49.3,1,Orlando City 1-1 Cincinnati,2026-08-15
Orlando City,2.53,1.34,1.19,2.4,1.34,1.06,0.13,0.0,0.13,2.53,1.34,1.19,0.55,0.22,0.31,0.04,0.27,1,1,0,-1.19,50.2,50.48,18.6,17.5,47.71,1.03,0.52,223,26,17,11,16.5,21.15,22.24,1,6,29,10,7,95.1,52.6,54.4,51.35,82.57,50.7,0,Orlando City 1-1 Cincinnati,2026-08-15
DC United,0.64,2.7,-2.06,0.64,1.84,-1.2,0.0,0.09,-0.09,0.64,1.94,-1.3,0.44,0.39,0.09,0.31,-0.22,1,1,0,2.06,34.2,34.1,22.7,15.7,46.46,0.91,1.66,138,11,7,20,7.69,12.05,16.1,7,5,21,3,11,51.8,19.11,127.53,92.78,69.53,35.3,2,Montréal 1-1 DC United,2026-08-15
Montréal,2.7,0.64,2.06,1.84,0.64,1.2,0.09,0.0,0.09,1.94,0.64,1.3,0.39,0.44,0.31,0.09,0.22,1,1,0,-2.06,65.8,65.9,15.7,22.7,51.66,1.66,0.91,343,20,20,7,12.05,7.69,8.29,5,7,22,5,10,219.3,80.89,9.93,7.22,127.43,64.7,0,Montréal 1-1 DC United,2026-08-15
Columbus Crew,2.63,2.74,-0.11,2.4,1.98,0.42,0.23,0.0,0.23,2.63,1.98,0.65,0.64,0.0,0.25,0.05,0.2,1,3,-2,-1.89,69.6,77.62,17.5,15.6,54.41,1.46,0.81,421,32,26,9,17.81,11.11,11.0,5,4,25,13,9,356.2,92.78,16.93,13.44,249.13,75.08,0,Charlotte 3-1 Columbus Crew,2026-08-15
Charlotte,2.74,2.63,0.11,1.98,2.4,-0.42,0.0,0.23,-0.23,1.98,2.63,-0.65,0.0,0.64,0.05,0.25,-0.2,3,1,2,1.89,30.4,22.38,15.6,17.5,41.75,0.81,1.46,110,13,9,26,11.11,17.81,20.6,4,5,8,1,9,27.7,7.22,109.07,86.56,82.7,24.92,2,Charlotte 3-1 Columbus Crew,2026-08-15
New York RB,1.85,2.03,-0.18,1.25,1.42,-0.17,0.6,0.6,0.0,1.85,2.03,-0.18,0.24,1.12,0.6,0.7,-0.1,1,2,-1,-0.82,59.6,62.77,22.8,18.8,53.0,0.84,1.27,374,15,11,10,13.1,7.87,12.59,5,1,12,7,12,168.4,69.56,28.4,23.6,115.07,67.62,0,Atlanta United 2-1 New York RB,2026-08-15
Atlanta United,2.03,1.85,0.18,1.42,1.25,0.17,0.6,0.6,0.0,2.03,1.85,0.18,1.12,0.24,0.7,0.6,0.1,2,1,1,0.82,40.4,37.23,18.8,22.8,44.6,1.27,0.84,166,14,10,11,7.87,13.1,15.48,1,5,13,3,14,73.7,30.44,91.93,76.4,55.1,32.38,0,Atlanta United 2-1 New York RB,2026-08-15
Houston Dynamo,1.04,0.88,0.16,0.93,0.84,0.09,0.11,0.04,0.07,1.04,0.88,0.16,0.02,0.0,0.11,0.11,0.0,2,0,2,1.84,51.6,39.8,9.3,23.4,45.9,0.37,0.94,240,11,13,9,35.14,9.57,21.11,0,8,6,4,10,105.1,44.14,49.6,37.05,95.3,55.61,0,New England 0-2 Houston Dynamo,2026-08-08
New England,0.88,1.04,-0.16,0.84,0.93,-0.09,0.04,0.11,-0.07,0.88,1.04,-0.16,0.0,0.02,0.11,0.11,0.0,0,2,-2,-1.84,48.4,60.2,23.4,9.3,55.34,0.94,0.37,357,17,9,13,9.57,35.14,15.03,8,0,25,9,10,133.0,55.86,84.27,62.95,76.07,44.39,0,New England 0-2 Houston Dynamo,2026-08-08
Seattle Sounders,1.47,1.91,-0.44,0.93,1.88,-0.95,0.54,0.03,0.51,1.47,1.91,-0.44,0.49,1.55,0.44,0.09,0.35,1,2,-1,-0.56,46.9,42.08,15.2,18.9,48.88,0.66,1.15,234,15,16,14,24.24,12.17,19.61,4,6,19,5,12,79.4,33.42,64.87,53.91,73.5,35.47,2,Portland Timbers 2-1 Seattle Sounders,2026-08-01
Portland Timbers,1.91,1.47,0.44,1.88,0.93,0.95,0.03,0.54,-0.51,1.91,1.47,0.44,1.55,0.49,0.09,0.44,-0.35,2,1,1,0.56,53.1,57.92,18.9,15.2,54.58,1.15,0.66,314,19,14,16,12.17,24.24,17.2,6,4,25,4,7,158.2,66.58,55.47,46.09,133.7,64.53,1,Portland Timbers 2-1 Seattle Sounders,2026-08-01
Dallas,2.6,1.34,1.26,2.24,1.17,1.07,0.36,0.17,0.19,2.6,1.34,1.26,0.41,0.21,0.36,0.47,-0.11,0,0,0,-1.26,45.8,40.91,16.9,21.1,49.71,0.94,0.74,216,18,18,18,19.15,24.32,12.46,3,4,21,6,13,111.2,39.27,43.33,45.04,93.3,36.31,0,LA Galaxy 0-0 Dallas,2026-08-01
LA Galaxy,1.34,2.6,-1.26,1.17,2.24,-1.07,0.17,0.36,-0.19,1.34,2.6,-1.26,0.21,0.41,0.47,0.36,0.11,0,0,0,1.26,54.2,59.09,21.1,16.9,52.75,0.74,0.94,275,21,18,18,24.32,19.15,9.79,4,3,12,6,11,172.0,60.73,52.87,54.96,163.63,63.69,0,LA Galaxy 0-0 Dallas,2026-08-01
SJ Earthquakes,1.22,2.57,-1.35,1.05,1.93,-0.88,0.17,0.64,-0.47,1.22,2.57,-1.35,0.46,0.08,0.4,0.91,-0.51,2,4,-2,-0.65,40.4,32.17,26.5,19.6,42.15,0.75,0.85,138,10,12,23,16.0,27.06,19.5,2,10,20,6,6,50.0,16.32,45.6,53.65,42.87,17.6,0,Cincinnati 4-2 SJ Earthquakes,2026-08-01
Cincinnati,2.57,1.22,1.35,1.93,1.05,0.88,0.64,0.17,0.47,2.57,1.22,1.35,0.08,0.46,0.91,0.4,0.51,4,2,2,0.65,59.6,67.83,19.6,26.5,54.4,0.85,0.75,324,26,23,12,27.06,16.0,9.31,10,2,16,9,12,256.3,83.68,39.4,46.35,200.77,82.4,1,Cincinnati 4-2 SJ Earthquakes,2026-08-01
Austin,1.29,3.64,-2.35,1.29,1.59,-0.3,0.0,1.29,-1.29,1.29,2.88,-1.59,0.49,0.47,0.66,1.72,-1.06,0,1,-1,1.35,36.8,25.45,9.3,16.5,41.68,0.32,1.16,103,4,9,23,28.12,19.83,20.16,2,10,5,0,12,19.6,7.03,95.87,71.29,28.93,12.03,1,Colorado Rapids 1-0 Austin,2026-08-01
Colorado Rapids,3.64,1.29,2.35,1.59,1.29,0.3,1.29,0.0,1.29,2.88,1.29,1.59,0.47,0.49,1.72,0.66,1.06,1,0,1,-1.35,63.2,74.55,16.5,9.3,55.39,1.16,0.32,336,24,23,9,19.83,28.12,7.22,10,2,38,11,15,259.1,92.97,38.6,28.71,211.57,87.97,1,Colorado Rapids 1-0 Austin,2026-08-01
Real Salt Lake,1.79,2.43,-0.64,0.93,2.34,-1.41,0.86,0.1,0.76,1.79,2.43,-0.64,0.0,0.62,0.97,0.11,0.86,1,1,0,0.64,33.2,19.13,21.1,14.8,41.36,0.1,0.87,126,5,9,20,90.0,22.99,17.46,2,6,12,4,10,42.7,10.99,90.93,81.53,56.47,17.05,2,St. Louis City 1-1 Real Salt Lake,2026-08-01
St. Louis City,2.43,1.79,0.64,2.34,0.93,1.41,0.1,0.86,-0.76,2.43,1.79,0.64,0.62,0.0,0.11,0.97,-0.86,1,1,0,-0.64,66.8,80.87,14.8,21.1,58.07,0.87,0.1,470,21,20,9,22.99,90.0,9.77,6,2,32,9,12,345.8,89.01,20.6,18.47,274.73,82.95,1,St. Louis City 1-1 Real Salt Lake,2026-08-01
San Diego,1.95,1.31,0.64,1.15,1.27,-0.12,0.04,0.03,0.01,1.19,1.31,-0.12,0.49,0.52,0.23,0.05,0.18,1,1,0,-0.64,66.8,61.33,15.5,18.0,46.65,0.84,0.69,343,12,13,14,15.48,20.29,12.0,10,13,10,4,3,167.1,66.26,7.53,3.9,61.27,26.16,1,Minnesota United 1-1 San Diego,2026-08-01
Minnesota United,1.31,1.95,-0.64,1.27,1.15,0.12,0.03,0.04,-0.01,1.31,1.19,0.12,0.52,0.49,0.05,0.23,-0.18,1,1,0,0.64,33.2,38.67,18.0,15.5,49.34,0.69,0.84,180,12,14,13,20.29,15.48,20.87,13,10,20,8,8,85.1,33.74,185.4,96.1,172.93,73.84,6,Minnesota United 1-1 San Diego,2026-08-01
Houston Dynamo,1.79,0.52,1.27,1.52,0.51,1.01,0.26,0.01,0.25,1.79,0.52,1.27,0.52,0.11,0.26,0.06,0.2,2,0,2,0.73,63.4,60.47,15.1,18.8,49.71,1.15,0.31,376,12,14,6,12.17,19.35,11.07,4,10,13,6,12,195.3,75.87,37.53,20.17,113.83,62.49,0,Sporting KC 0-2 Houston Dynamo,2026-08-01
Sporting KC,0.52,1.79,-1.27,0.51,1.52,-1.01,0.01,0.26,-0.25,0.52,1.79,-1.27,0.11,0.52,0.06,0.26,-0.2,0,2,-2,-0.73,36.6,39.53,18.8,15.1,49.6,0.31,1.15,213,7,6,14,19.35,12.17,20.39,10,4,9,2,10,62.1,24.13,148.53,79.83,68.33,37.51,0,Sporting KC 0-2 Houston Dynamo,2026-08-01
Charlotte,1.12,1.85,-0.73,1.06,1.82,-0.76,0.07,0.03,0.04,1.12,1.85,-0.73,0.17,0.39,0.07,0.11,-0.04,1,2,-1,-0.27,53.7,51.76,15.3,14.0,49.13,0.99,0.62,274,22,14,14,14.14,22.58,18.85,3,4,24,6,7,117.3,52.3,41.07,35.65,93.47,40.0,2,Chicago Fire 2-1 Charlotte,2026-08-01
Chicago Fire,1.85,1.12,0.73,1.82,1.06,0.76,0.03,0.07,-0.04,1.85,1.12,0.73,0.39,0.17,0.11,0.07,0.04,2,1,1,0.27,46.3,48.24,14.0,15.3,49.19,0.62,0.99,249,13,14,14,22.58,14.14,21.05,4,3,18,8,8,107.0,47.7,74.13,64.35,140.23,60.0,0,Chicago Fire 2-1 Charlotte,2026-08-01
Columbus Crew,1.52,1.5,0.02,0.97,0.96,0.01,0.55,0.55,0.0,1.52,1.5,0.02,0.13,0.03,0.55,0.45,0.1,2,2,0,-0.02,48.2,62.9,19.0,23.5,54.61,0.82,0.9,374,12,14,12,17.07,13.33,20.35,6,7,13,2,5,165.8,69.11,90.93,53.09,85.86,38.88,0,Inter Miami 2-2 Columbus Crew,2026-08-01
Inter Miami,1.5,1.52,-0.02,0.96,0.97,-0.01,0.55,0.55,0.0,1.5,1.52,-0.02,0.03,0.13,0.45,0.55,-0.1,2,2,0,0.02,51.8,37.1,23.5,19.0,46.41,0.9,0.82,270,12,12,14,13.33,17.07,16.92,7,6,8,5,9,74.1,30.89,80.33,46.91,135.0,61.12,0,Inter Miami 2-2 Columbus Crew,2026-08-01
LAFC,0.43,2.36,-1.93,0.43,1.36,-0.93,0.0,0.24,-0.24,0.43,1.6,-1.17,0.0,0.82,0.0,0.43,-0.43,1,1,0,1.93,37.5,16.78,17.5,7.3,39.12,0.15,1.48,110,2,5,20,33.33,13.51,19.32,3,15,3,1,10,7.7,2.08,114.4,75.73,13.5,5.25,0,Vancouver Whitecaps 1-1 LAFC,2026-08-01
Vancouver Whitecaps,2.36,0.43,1.93,1.36,0.43,0.93,0.24,0.0,0.24,1.6,0.43,1.17,0.82,0.0,0.43,0.0,0.43,1,1,0,-1.93,62.5,83.22,7.3,17.5,59.1,1.48,0.15,506,25,20,5,13.51,33.33,8.47,15,3,35,11,14,362.1,97.92,36.67,24.27,243.67,94.75,2,Vancouver Whitecaps 1-1 LAFC,2026-08-01
Atlanta United,0.91,3.85,-2.94,0.9,3.12,-2.22,0.0,0.73,-0.73,0.91,3.85,-2.94,0.08,1.53,0.86,0.92,-0.06,2,3,-1,1.94,29.5,17.21,20.4,27.5,39.78,0.07,2.07,76,3,4,30,57.14,14.49,17.16,1,8,9,2,5,15.5,3.4,92.47,88.07,16.43,6.3,1,Philadelphia Union 3-2 Atlanta United,2026-08-01
Philadelphia Union,3.85,0.91,2.94,3.12,0.9,2.22,0.73,0.0,0.73,3.85,0.91,2.94,1.53,0.08,0.92,0.86,0.06,3,2,1,-1.94,70.5,82.79,27.5,20.4,62.11,2.07,0.07,455,44,30,4,14.49,57.14,6.78,8,1,50,12,15,440.3,96.6,12.53,11.93,244.3,93.7,2,Philadelphia Union 3-2 Atlanta United,2026-08-01
Orlando City,5.24,3.7,1.54,4.64,3.56,1.08,0.6,0.14,0.46,5.24,3.7,1.54,0.97,0.6,0.6,0.14,0.46,2,3,-1,-2.54,59.4,59.4,18.2,22.2,48.99,1.08,1.03,303,21,20,18,18.52,17.48,10.74,8,6,11,4,10,164.7,63.22,29.53,24.45,114.23,45.13,1,New York RB 3-2 Orlando City,2026-08-01
New York RB,3.7,5.24,-1.54,3.56,4.64,-1.08,0.14,0.6,-0.46,3.7,5.24,-1.54,0.6,0.97,0.14,0.6,-0.46,3,2,1,2.54,40.6,40.6,22.2,18.2,45.23,1.03,1.08,174,15,18,20,17.48,18.52,18.22,6,8,8,5,10,95.8,36.78,91.27,75.55,138.9,54.87,0,New York RB 3-2 Orlando City,2026-08-01
New England,4.73,1.52,3.21,3.97,1.49,2.48,0.0,0.03,-0.03,3.97,1.52,2.45,0.2,0.95,0.04,0.06,-0.02,2,2,0,-3.21,53.8,56.42,16.2,17.5,51.82,1.18,1.01,307,19,21,15,17.8,14.85,23.81,3,4,8,3,4,165.0,70.21,31.8,37.71,168.33,73.06,1,Montréal 2-2 New England,2026-08-01
Montréal,1.52,4.73,-3.21,1.49,3.97,-2.48,0.03,0.0,0.03,1.52,3.97,-2.45,0.95,0.2,0.06,0.04,0.02,2,2,0,3.21,46.2,43.58,17.5,16.2,47.82,1.01,1.18,220,17,15,21,14.85,17.8,20.79,4,3,31,6,9,70.0,29.79,52.53,62.29,62.07,26.94,0,Montréal 2-2 New England,2026-08-01
Nashville SC,1.61,1.79,-0.18,0.85,1.36,-0.51,0.0,0.43,-0.43,0.85,1.79,-0.94,0.22,0.63,0.15,0.39,-0.24,2,2,0,0.18,60.5,49.14,17.2,20.3,45.18,0.56,0.82,224,13,10,17,17.86,20.73,8.0,3,5,13,3,10,79.9,47.11,8.93,7.32,41.63,24.76,1,DC United 2-2 Nashville SC,2026-08-01
DC United,1.79,1.61,0.18,1.36,0.85,0.51,0.43,0.0,0.43,1.79,0.85,0.94,0.63,0.22,0.39,0.15,0.24,2,2,0,-0.18,39.5,50.86,20.3,17.2,51.55,0.82,0.56,188,13,17,10,20.73,17.86,17.73,5,3,26,8,14,89.7,52.89,113.0,92.68,126.5,75.24,3,DC United 2-2 Nashville SC,2026-08-01
Toronto,1.1,2.09,-0.99,0.97,0.6,0.37,0.12,0.72,-0.6,1.1,1.33,-0.23,0.16,0.26,0.12,0.92,-0.8,1,1,0,0.99,50.9,62.7,21.1,28.6,47.24,0.38,0.5,184,9,13,16,34.21,32.0,9.94,7,3,17,2,12,71.3,53.77,71.13,67.1,96.07,61.44,4,NYCFC 1-1 Toronto,2026-07-31
NYCFC,2.09,1.1,0.99,0.6,0.97,-0.37,0.72,0.12,0.6,1.33,1.1,0.23,0.26,0.16,0.92,0.12,0.8,1,1,0,-0.99,49.1,37.3,28.6,21.1,39.68,0.5,0.38,109,11,16,13,32.0,34.21,9.41,3,7,13,3,11,61.3,46.23,34.87,32.9,60.3,38.56,1,NYCFC 1-1 Toronto,2026-07-31
LA Galaxy,1.89,4.44,-2.55,1.8,3.64,-1.84,0.09,0.04,0.05,1.89,3.68,-1.79,0.0,0.69,0.12,1.32,-1.2,1,1,0,2.55,41.9,33.83,21.5,27.6,41.29,0.48,1.49,140,10,9,20,18.75,13.42,13.29,3,8,11,6,16,50.7,19.91,43.07,52.4,51.07,24.67,0,SJ Earthquakes 1-1 LA Galaxy,2026-07-25
SJ Earthquakes,4.44,1.89,2.55,3.64,1.8,1.84,0.04,0.09,-0.05,3.68,1.89,1.79,0.69,0.0,1.32,0.12,1.2,1,1,0,-2.55,58.1,66.17,27.6,21.5,52.38,1.49,0.48,292,19,20,9,13.42,18.75,7.92,8,3,41,6,14,204.0,80.09,39.13,47.6,155.93,75.33,1,SJ Earthquakes 1-1 LA Galaxy,2026-07-25
Real Salt Lake,0.22,2.31,-2.09,0.2,1.35,-1.15,0.02,0.96,-0.94,0.22,2.31,-2.09,0.07,0.26,0.09,1.07,-0.98,1,2,-1,1.09,38.7,33.26,15.5,19.5,47.74,0.28,0.88,172,11,6,22,21.43,25.0,19.89,4,7,14,5,13,66.2,17.53,71.07,71.88,56.93,19.19,1,Portland Timbers 2-1 Real Salt Lake,2026-07-25
Portland Timbers,2.31,0.22,2.09,1.35,0.2,1.15,0.96,0.02,0.94,2.31,0.22,2.09,0.26,0.07,1.07,0.09,0.98,2,1,1,-1.09,61.3,66.74,19.5,15.5,54.94,0.88,0.28,347,19,22,6,25.0,21.43,7.91,7,4,37,14,12,311.5,82.47,27.8,28.12,239.77,80.81,0,Portland Timbers 2-1 Real Salt Lake,2026-07-25
Sporting KC,0.49,2.22,-1.73,0.41,2.2,-1.79,0.09,0.01,0.08,0.49,2.22,-1.73,0.16,0.01,0.09,0.17,-0.08,0,4,-4,-2.27,54.0,60.86,17.5,15.0,53.84,0.38,0.33,441,10,7,8,18.42,24.24,16.93,7,2,19,1,11,213.3,70.42,96.2,49.5,110.15,43.55,0,LAFC 4-0 Sporting KC,2026-07-25
LAFC,2.22,0.49,1.73,2.2,0.41,1.79,0.01,0.09,-0.08,2.22,0.49,1.73,0.01,0.16,0.17,0.09,0.08,4,0,4,2.27,46.0,39.14,15.0,17.5,47.67,0.33,0.38,290,6,8,7,24.24,18.42,35.57,2,7,13,5,8,89.6,29.58,98.13,50.5,142.76,56.45,0,LAFC 4-0 Sporting KC,2026-07-25
Dallas,0.85,1.99,-1.14,0.85,1.51,-0.66,0.0,0.48,-0.48,0.85,1.99,-1.14,0.31,0.2,0.0,0.54,-0.54,0,1,-1,0.14,26.4,26.12,28.4,14.4,44.87,0.21,1.42,125,5,6,19,28.57,13.38,26.88,5,9,10,4,10,23.8,7.7,219.67,97.83,92.4,34.4,0,San Diego 1-0 Dallas,2026-07-25
San Diego,1.99,0.85,1.14,1.51,0.85,0.66,0.48,0.0,0.48,1.99,0.85,1.14,0.2,0.31,0.54,0.0,0.54,1,0,1,-0.14,73.6,73.88,14.4,28.4,50.73,1.42,0.21,487,25,19,6,13.38,28.57,7.78,9,5,13,9,10,285.3,92.3,4.87,2.17,176.2,65.6,0,San Diego 1-0 Dallas,2026-07-25
Nashville SC,0.86,1.31,-0.45,0.68,1.2,-0.52,0.17,0.11,0.06,0.86,1.31,-0.45,0.05,0.4,0.17,0.11,0.06,0,1,-1,-0.55,52.1,52.71,11.9,16.5,46.34,0.37,0.63,230,12,7,12,18.92,19.05,15.04,5,6,21,7,10,117.6,49.47,40.2,29.07,92.13,36.74,2,Orlando City 1-0 Nashville SC,2026-07-25
Orlando City,1.31,0.86,0.45,1.2,0.68,0.52,0.11,0.17,-0.06,1.31,0.86,0.45,0.4,0.05,0.11,0.17,-0.06,1,0,1,0.55,47.9,47.29,16.5,11.9,50.41,0.63,0.37,249,17,12,7,19.05,18.92,18.71,6,5,13,2,8,120.1,50.53,98.07,70.93,158.6,63.26,0,Orlando City 1-0 Nashville SC,2026-07-25
Colorado Rapids,0.16,0.95,-0.79,0.16,0.78,-0.62,0.0,0.18,-0.18,0.16,0.95,-0.79,0.11,0.07,0.11,0.29,-0.18,0,1,-1,-0.21,34.8,13.38,14.1,20.1,36.49,-0.02,0.84,90,5,2,19,-100.0,22.62,26.23,1,5,6,1,9,7.1,1.71,76.8,60.95,3.23,0.84,0,St. Louis City 1-0 Colorado Rapids,2026-07-25
St. Louis City,0.95,0.16,0.79,0.78,0.16,0.62,0.18,0.0,0.18,0.95,0.16,0.79,0.07,0.11,0.29,0.11,0.18,1,0,1,0.21,65.2,86.62,20.1,14.1,60.5,0.84,-0.02,454,22,19,2,22.62,-100.0,7.45,5,1,24,10,22,408.9,98.29,49.2,39.05,382.33,99.16,1,St. Louis City 1-0 Colorado Rapids,2026-07-25
Vancouver Whitecaps,0.82,1.35,-0.53,0.79,1.06,-0.27,0.03,0.29,-0.26,0.82,1.35,-0.53,0.09,0.48,0.03,0.29,-0.26,0,0,0,0.53,64.1,67.43,20.0,21.6,54.5,1.14,0.8,399,14,11,11,9.65,13.75,9.4,8,2,16,2,13,189.5,84.83,13.2,14.3,139.3,73.73,0,Minnesota United 0-0 Vancouver Whitecaps,2026-07-25
Minnesota United,1.35,0.82,0.53,1.06,0.79,0.27,0.29,0.03,0.26,1.35,0.82,0.53,0.48,0.09,0.29,0.03,0.26,0,0,0,-0.53,35.9,32.57,21.6,20.0,46.35,0.8,1.14,169,11,11,11,13.75,9.65,16.92,2,8,12,5,7,33.9,15.17,79.13,85.7,49.63,26.27,4,Minnesota United 0-0 Vancouver Whitecaps,2026-07-25
Austin,0.86,2.04,-1.18,0.76,2.04,-1.28,0.1,0.0,0.1,0.86,2.04,-1.18,0.21,0.41,0.06,0.0,0.06,0,3,-3,-1.82,54.2,76.77,19.2,16.8,53.68,0.95,0.89,313,11,15,10,15.79,11.24,12.52,10,1,27,6,10,221.5,86.19,67.13,62.27,132.62,70.12,1,Houston Dynamo 3-0 Austin,2026-07-25
Houston Dynamo,2.04,0.86,1.18,2.04,0.76,1.28,0.0,0.1,-0.1,2.04,0.86,1.18,0.41,0.21,0.0,0.06,-0.06,3,0,3,1.82,45.8,23.23,16.8,19.2,38.36,0.89,0.95,93,10,10,15,11.24,15.79,21.22,1,10,8,1,12,35.5,13.81,40.67,37.73,56.5,29.88,0,Houston Dynamo 3-0 Austin,2026-07-25
Seattle Sounders,0.46,1.7,-1.24,0.46,1.49,-1.03,0.0,0.21,-0.21,0.46,1.7,-1.24,0.26,0.21,0.03,0.77,-0.74,0,1,-1,0.24,55.3,38.32,17.0,20.8,44.71,0.56,0.58,188,9,7,15,12.5,25.86,11.82,2,7,10,1,11,31.4,21.48,31.53,30.59,23.63,11.6,2,Philadelphia Union 1-0 Seattle Sounders,2026-07-25
Philadelphia Union,1.7,0.46,1.24,1.49,0.46,1.03,0.21,0.0,0.21,1.7,0.46,1.24,0.21,0.26,0.77,0.03,0.74,1,0,1,-0.24,44.7,61.68,20.8,17.0,54.83,0.58,0.56,234,17,15,7,25.86,12.5,11.69,7,2,22,6,11,114.8,78.52,71.53,69.41,180.13,88.4,6,Philadelphia Union 1-0 Seattle Sounders,2026-07-25
Chicago Fire,2.51,1.55,0.96,2.51,1.5,1.01,0.0,0.05,-0.05,2.51,1.55,0.96,1.06,0.18,0.8,0.15,0.65,1,3,-2,-2.96,53.1,57.98,16.5,22.0,47.26,0.9,0.57,224,16,9,10,10.0,17.54,9.39,6,3,18,2,16,103.8,69.34,25.4,27.0,83.7,36.21,0,NYCFC 3-1 Chicago Fire,2026-07-25
NYCFC,1.55,2.51,-0.96,1.5,2.51,-1.01,0.05,0.0,0.05,1.55,2.51,-0.96,0.18,1.06,0.15,0.8,-0.65,3,1,2,2.96,46.9,42.02,22.0,16.5,41.73,0.57,0.9,157,7,10,9,17.54,10.0,12.06,3,6,10,1,8,45.9,30.66,68.67,73.0,147.47,63.79,0,NYCFC 3-1 Chicago Fire,2026-07-25
Atlanta United,1.48,2.52,-1.04,1.48,2.34,-0.86,0.0,0.18,-0.18,1.48,2.52,-1.04,0.0,0.43,0.0,0.37,-0.37,1,4,-3,-1.96,54.2,54.45,24.0,18.0,47.98,0.8,1.29,268,19,17,11,21.25,8.53,11.72,3,1,20,6,16,139.3,64.82,75.2,47.92,64.12,27.87,0,New England 4-1 Atlanta United,2026-07-25
New England,2.52,1.48,1.04,2.34,1.48,0.86,0.18,0.0,0.18,2.52,1.48,1.04,0.43,0.0,0.37,0.0,0.37,4,1,3,1.96,45.8,45.55,18.0,24.0,48.53,1.29,0.8,236,11,11,17,8.53,21.25,18.08,1,3,10,4,7,75.6,35.18,81.73,52.08,165.92,72.13,1,New England 4-1 Atlanta United,2026-07-25
Inter Miami,2.11,2.47,-0.36,1.16,2.35,-1.19,0.19,0.12,0.07,1.35,2.47,-1.12,0.05,1.17,0.24,0.19,0.05,1,0,1,1.36,56.8,48.75,21.1,18.4,46.08,0.74,1.41,257,12,20,8,27.03,5.67,12.2,5,4,13,6,14,113.8,68.8,32.4,29.72,107.13,60.5,1,Montréal 0-1 Inter Miami,2026-07-25
Montréal,2.47,2.11,0.36,2.35,1.16,1.19,0.12,0.19,-0.07,2.47,1.35,1.12,1.17,0.05,0.19,0.24,-0.05,0,1,-1,-1.36,43.2,51.25,18.4,21.1,49.18,1.41,0.74,207,9,8,20,5.67,27.03,19.77,4,5,23,5,7,51.6,31.2,76.6,70.28,69.93,39.5,0,Montréal 0-1 Inter Miami,2026-07-25
Toronto,2.09,2.66,-0.57,1.93,1.38,0.55,0.16,0.52,-0.36,2.09,1.9,0.19,1.03,0.07,1.34,0.71,0.63,1,2,-1,-0.43,55.9,55.86,29.3,30.3,48.06,1.15,0.42,211,16,13,17,11.3,40.48,12.91,1,2,20,5,7,104.6,61.35,24.2,32.97,87.87,51.83,1,DC United 2-1 Toronto,2026-07-25
DC United,2.66,2.09,0.57,1.38,1.93,-0.55,0.52,0.16,0.36,1.9,2.09,-0.19,0.07,1.03,0.71,1.34,-0.63,2,1,1,0.43,44.1,44.14,30.3,29.3,45.63,0.42,1.15,143,11,17,13,40.48,11.3,12.21,2,1,25,8,14,65.9,38.65,49.2,67.03,81.67,48.17,5,DC United 2-1 Toronto,2026-07-25
Cincinnati,0.92,2.78,-1.86,0.85,1.63,-0.78,0.06,0.39,-0.33,0.92,2.02,-1.1,0.51,1.02,0.31,0.39,-0.08,1,2,-1,0.86,47.4,42.82,13.9,21.5,48.51,0.56,0.55,226,13,12,13,21.43,23.64,15.81,6,3,23,5,8,91.0,38.22,72.93,58.44,80.03,45.76,0,Columbus Crew 2-1 Cincinnati,2026-07-25
Columbus Crew,2.78,0.92,1.86,1.63,0.85,0.78,0.39,0.06,0.33,2.02,0.92,1.1,1.02,0.51,0.39,0.31,0.08,2,1,1,-0.86,52.6,57.18,21.5,13.9,50.04,0.55,0.56,288,9,13,12,23.64,21.43,14.29,3,6,17,4,11,147.1,61.78,51.87,41.56,94.87,54.24,0,Columbus Crew 2-1 Cincinnati,2026-07-25
Charlotte,0.75,3.87,-3.12,0.75,3.6,-2.85,0.0,0.27,-0.27,0.75,3.87,-3.12,0.44,1.42,0.44,0.27,0.17,2,0,2,5.12,35.1,25.26,20.4,20.9,40.82,0.3,1.21,115,10,4,24,13.33,19.83,20.08,4,8,5,1,5,38.6,10.15,108.33,80.41,73.73,41.55,0,New York RB 0-2 Charlotte,2026-07-25
New York RB,3.87,0.75,3.12,3.6,0.75,2.85,0.27,0.0,0.27,3.87,0.75,3.12,1.42,0.44,0.27,0.44,-0.17,0,2,-2,-5.12,64.9,74.74,20.9,20.4,53.45,1.21,0.3,399,28,24,4,19.83,13.33,9.09,8,4,22,6,14,341.6,89.85,26.4,19.59,103.7,58.45,0,New York RB 0-2 Charlotte,2026-07-25
Orlando City,1.54,1.32,0.22,1.49,1.32,0.17,0.05,0.0,0.05,1.54,1.32,0.22,0.34,0.33,0.65,0.44,0.21,4,0,4,3.78,48.0,45.31,19.0,23.7,44.26,0.92,0.9,164,13,15,11,16.3,12.22,12.25,8,7,7,2,10,98.4,54.21,45.13,65.09,154.87,88.8,0,SJ Earthquakes 0-4 Orlando City,2026-07-22
SJ Earthquakes,1.32,1.54,-0.22,1.32,1.49,-0.17,0.0,0.05,-0.05,1.32,1.54,-0.22,0.33,0.34,0.44,0.65,-0.21,0,4,-4,-3.78,52.0,54.69,23.7,19.0,43.69,0.9,0.92,173,8,11,15,12.22,16.3,9.33,7,8,20,3,20,83.1,45.79,24.2,34.91,19.53,11.2,0,SJ Earthquakes 0-4 Orlando City,2026-07-22
Dallas,1.48,2.64,-1.16,1.03,2.63,-1.6,0.44,0.01,0.43,1.48,2.64,-1.16,0.86,0.24,0.62,0.0,0.62,2,2,0,1.16,37.6,37.03,27.3,15.7,49.34,0.75,0.67,192,10,11,16,14.67,23.88,18.31,3,6,8,3,13,56.1,23.79,97.87,78.17,74.3,41.35,2,Portland Timbers 2-2 Dallas,2026-07-22
Portland Timbers,2.64,1.48,1.16,2.63,1.03,1.6,0.01,0.44,-0.43,2.64,1.48,1.16,0.24,0.86,0.0,0.62,-0.62,2,2,0,-1.16,62.4,62.97,15.7,27.3,50.98,0.67,0.75,329,15,16,11,23.88,14.67,8.51,6,3,27,5,12,179.7,76.21,27.33,21.83,105.37,58.65,2,Portland Timbers 2-2 Dallas,2026-07-22
Real Salt Lake,2.55,1.62,0.93,2.35,1.12,1.23,0.2,0.5,-0.3,2.55,1.62,0.93,0.86,0.28,0.73,0.5,0.23,1,3,-2,-2.93,70.5,81.47,16.5,15.9,58.01,1.58,0.4,548,25,28,13,17.72,32.5,11.86,8,1,42,12,7,360.0,93.05,19.53,12.54,212.53,85.8,1,LAFC 3-1 Real Salt Lake,2026-07-22
LAFC,1.62,2.55,-0.93,1.12,2.35,-1.23,0.5,0.2,0.3,1.62,2.55,-0.93,0.28,0.86,0.5,0.73,-0.23,3,1,2,2.93,29.5,18.53,15.9,16.5,40.78,0.4,1.58,106,8,13,28,32.5,17.72,53.11,1,8,15,7,5,26.9,6.95,136.27,87.46,35.17,14.2,0,LAFC 3-1 Real Salt Lake,2026-07-22
St. Louis City,2.6,1.22,1.38,2.31,1.22,1.09,0.29,0.0,0.29,2.6,1.22,1.38,0.26,0.09,0.37,0.0,0.37,3,1,2,0.62,52.9,53.07,19.5,17.0,46.83,0.37,0.65,228,18,15,11,40.54,16.92,8.93,12,7,14,7,16,123.9,58.06,42.93,37.57,139.03,63.67,1,LA Galaxy 1-3 St. Louis City,2026-07-22
LA Galaxy,1.22,2.6,-1.38,1.22,2.31,-1.09,0.0,0.29,-0.29,1.22,2.6,-1.38,0.09,0.26,0.0,0.37,-0.37,1,3,-2,-0.62,47.1,46.93,17.0,19.5,47.43,0.65,0.37,218,13,11,15,16.92,40.54,10.33,7,12,10,4,11,89.5,41.94,71.33,62.43,79.33,36.33,1,LA Galaxy 1-3 St. Louis City,2026-07-22
San Diego,0.89,0.67,0.22,0.89,0.67,0.22,0.0,0.0,0.0,0.89,0.67,0.22,0.0,0.31,0.09,0.17,-0.08,0,1,-1,-1.22,47.3,35.8,12.8,19.8,37.61,0.21,0.63,119,3,6,9,28.57,14.29,15.48,4,3,9,3,7,36.5,23.66,53.93,42.51,41.5,22.63,0,Colorado Rapids 1-0 San Diego,2026-07-22
Colorado Rapids,0.67,0.89,-0.22,0.67,0.89,-0.22,0.0,0.0,0.0,0.67,0.89,-0.22,0.31,0.0,0.17,0.09,0.08,1,0,1,1.22,52.7,64.2,19.8,12.8,48.56,0.63,0.21,252,9,9,6,14.29,28.57,13.83,3,4,22,5,17,117.8,76.34,72.93,57.49,141.9,77.37,0,Colorado Rapids 1-0 San Diego,2026-07-22
Seattle Sounders,1.63,2.29,-0.66,1.56,1.86,-0.3,0.08,0.43,-0.35,1.63,2.29,-0.66,0.0,0.3,0.0,0.52,-0.52,1,3,-2,-1.34,46.7,58.25,11.4,18.7,49.57,0.45,0.78,189,11,10,10,22.22,12.82,16.73,5,2,5,4,12,144.2,62.24,59.4,61.49,147.77,64.43,0,Austin 3-1 Seattle Sounders,2026-07-22
Austin,2.29,1.63,0.66,1.86,1.56,0.3,0.43,0.08,0.35,2.29,1.63,0.66,0.3,0.0,0.52,0.0,0.52,3,1,2,1.34,53.3,41.75,18.7,11.4,44.47,0.78,0.45,169,14,10,10,12.82,22.22,13.09,2,5,13,4,5,87.5,37.76,37.2,38.51,81.57,35.57,3,Austin 3-1 Seattle Sounders,2026-07-22
Montréal,0.79,1.79,-1.0,0.58,1.03,-0.45,0.21,0.0,0.21,0.79,1.03,-0.24,0.18,0.78,0.35,0.0,0.35,0,1,-1,0.0,37.0,38.34,28.2,15.9,47.29,0.6,0.85,172,8,7,10,11.67,11.76,19.93,3,0,12,2,12,70.6,29.15,123.8,74.97,80.9,42.75,1,Nashville SC 1-0 Montréal,2026-07-22
Nashville SC,1.79,0.79,1.0,1.03,0.58,0.45,0.0,0.21,-0.21,1.03,0.79,0.24,0.78,0.18,0.0,0.35,-0.35,1,0,1,0.0,63.0,61.66,15.9,28.2,47.89,0.85,0.6,302,17,10,7,11.76,11.67,14.45,0,3,11,3,9,171.6,70.85,41.33,25.03,108.33,57.25,1,Nashville SC 1-0 Montréal,2026-07-22
Minnesota United,1.8,1.48,0.32,1.43,1.48,-0.05,0.37,0.0,0.37,1.8,1.48,0.32,0.58,0.58,0.9,0.07,0.83,1,2,-1,-1.32,65.4,68.84,16.5,26.9,52.99,0.67,0.56,371,15,16,11,23.88,19.64,7.6,10,2,21,6,7,182.9,74.68,26.07,17.96,88.67,50.36,6,Sporting KC 2-1 Minnesota United,2026-07-22
Sporting KC,1.48,1.8,-0.32,1.48,1.43,0.05,0.0,0.37,-0.37,1.48,1.8,-0.32,0.58,0.58,0.07,0.9,-0.83,2,1,1,1.32,34.6,31.16,26.9,16.5,43.09,0.56,0.67,124,8,11,16,19.64,23.88,17.14,2,10,7,3,17,62.0,25.32,119.07,82.04,87.4,49.64,1,Sporting KC 2-1 Minnesota United,2026-07-22
DC United,0.58,1.12,-0.54,0.56,1.08,-0.52,0.02,0.04,-0.02,0.58,1.12,-0.54,0.08,0.63,0.39,0.35,0.04,1,1,0,0.54,36.8,31.87,16.4,14.2,48.47,0.56,0.93,147,5,7,20,12.5,21.51,21.58,2,1,15,3,15,24.2,10.07,99.07,79.29,31.77,15.59,2,Houston Dynamo 1-1 DC United,2026-07-22
Houston Dynamo,1.12,0.58,0.54,1.08,0.56,0.52,0.04,0.02,0.02,1.12,0.58,0.54,0.63,0.08,0.35,0.39,-0.04,1,1,0,-0.54,63.2,68.13,14.2,16.4,54.02,0.93,0.56,335,17,20,7,21.51,12.5,10.5,1,2,25,3,8,216.2,89.93,25.87,20.71,172.07,84.41,0,Houston Dynamo 1-1 DC United,2026-07-22
Atlanta United,1.6,3.22,-1.62,1.56,2.58,-1.02,0.05,0.64,-0.59,1.6,3.22,-1.62,0.28,0.97,0.09,1.2,-1.11,2,2,0,1.62,48.8,43.15,22.4,23.6,47.26,0.66,1.28,210,11,12,24,18.18,18.75,17.45,5,4,16,3,9,67.9,29.36,56.33,44.76,42.47,16.46,0,Charlotte 2-2 Atlanta United,2026-07-22
Charlotte,3.22,1.6,1.62,2.58,1.56,1.02,0.64,0.05,0.59,3.22,1.6,1.62,0.97,0.28,1.2,0.09,1.11,2,2,0,-1.62,51.2,56.85,23.6,22.4,50.02,1.28,0.66,268,19,24,12,18.75,18.18,28.71,4,5,23,6,3,163.4,70.64,69.53,55.24,215.5,83.54,0,Charlotte 2-2 Atlanta United,2026-07-22
New York RB,1.28,3.52,-2.24,1.23,2.43,-1.2,0.05,1.09,-1.04,1.28,3.52,-2.24,0.0,0.31,0.05,1.79,-1.74,1,3,-2,0.24,62.5,43.84,23.0,17.9,44.95,0.77,0.93,214,12,10,24,12.99,25.81,8.04,2,5,14,6,10,90.2,33.95,2.87,2.23,37.0,11.09,0,Philadelphia Union 3-1 New York RB,2026-07-22
Philadelphia Union,3.52,1.28,2.24,2.43,1.23,1.2,1.09,0.05,1.04,3.52,1.28,2.24,0.31,0.0,1.79,0.05,1.74,3,1,2,-0.24,37.5,56.16,17.9,23.0,54.48,0.93,0.77,189,17,24,10,25.81,12.99,18.92,5,2,24,8,13,175.5,66.05,125.73,97.77,296.7,88.91,3,Philadelphia Union 3-1 New York RB,2026-07-22
Toronto,1.4,1.01,0.39,1.16,0.95,0.21,0.24,0.06,0.18,1.4,1.01,0.39,0.89,0.42,0.35,0.29,0.06,0,0,0,-0.39,37.1,37.54,23.0,8.0,44.76,0.59,0.92,142,12,13,11,22.03,11.96,18.0,5,7,17,9,13,49.5,25.88,82.87,77.49,81.93,41.51,0,New England 0-0 Toronto,2026-07-22
New England,1.01,1.4,-0.39,0.95,1.16,-0.21,0.06,0.24,-0.18,1.01,1.4,-0.39,0.42,0.89,0.29,0.35,-0.06,0,0,0,0.39,62.9,62.46,8.0,23.0,51.01,0.92,0.59,260,11,11,13,11.96,22.03,10.04,7,5,19,7,10,141.8,74.12,24.07,22.51,115.43,58.49,0,New England 0-0 Toronto,2026-07-22
Chicago Fire,2.12,2.1,0.02,1.78,1.13,0.65,0.34,0.22,0.12,2.12,1.34,0.78,0.58,0.01,0.34,0.22,0.12,2,3,-1,-1.02,47.0,44.0,21.0,24.5,45.98,1.09,0.46,211,21,16,14,14.68,30.43,13.6,5,9,11,4,16,86.0,43.04,70.67,55.65,45.64,16.77,0,Inter Miami 3-2 Chicago Fire,2026-07-22
Inter Miami,2.1,2.12,-0.02,1.13,1.78,-0.65,0.22,0.34,-0.12,1.34,2.12,-0.78,0.01,0.58,0.22,0.34,-0.12,3,2,1,1.02,53.0,56.0,24.5,21.0,48.79,0.46,1.09,258,12,14,16,30.43,14.68,11.26,9,5,18,8,8,113.8,56.96,56.33,44.35,226.44,83.23,0,Inter Miami 3-2 Chicago Fire,2026-07-22
NYCFC,1.54,1.78,-0.24,0.78,1.01,-0.23,0.0,0.01,-0.01,0.78,1.02,-0.24,0.2,0.67,0.04,0.26,-0.22,2,1,1,1.24,41.1,32.06,19.5,15.9,40.82,0.47,0.71,131,10,8,11,17.02,15.49,12.62,14,7,7,0,11,34.6,20.25,92.0,73.79,87.47,57.97,0,Columbus Crew 1-2 NYCFC,2026-07-22
Columbus Crew,1.78,1.54,0.24,1.01,0.78,0.23,0.01,0.0,0.01,1.02,0.78,0.24,0.67,0.2,0.26,0.04,0.22,1,2,-1,-1.24,58.9,67.94,15.9,19.5,45.1,0.71,0.47,249,8,11,8,15.49,17.02,14.11,7,14,12,3,7,136.3,79.75,32.67,26.21,63.43,42.03,0,Columbus Crew 1-2 NYCFC,2026-07-22
Vancouver Whitecaps,2.36,1.7,0.66,2.24,1.68,0.56,0.12,0.02,0.1,2.36,1.7,0.66,1.03,0.43,0.89,0.02,0.87,3,4,-1,-1.66,62.4,79.82,18.5,14.5,53.16,1.14,0.2,386,18,19,10,16.67,50.0,9.0,5,2,29,3,13,285.3,97.67,46.8,37.16,249.53,94.81,1,Cincinnati 4-3 Vancouver Whitecaps,2026-07-22
Cincinnati,1.7,2.36,-0.66,1.68,2.24,-0.56,0.02,0.12,-0.1,1.7,2.36,-0.66,0.43,1.03,0.02,0.89,-0.87,4,3,1,1.66,37.6,20.18,14.5,18.5,39.05,0.2,1.14,106,5,10,19,50.0,16.67,16.1,2,5,1,1,12,6.8,2.33,79.13,62.84,13.67,5.19,0,Cincinnati 4-3 Vancouver Whitecaps,2026-07-22
LAFC,1.92,1.06,0.86,1.14,0.9,0.24,0.03,0.16,-0.13,1.16,1.06,0.1,0.74,0.09,0.04,0.57,-0.53,3,0,3,2.14,40.7,26.48,16.7,10.7,45.4,0.43,0.81,164,7,13,10,30.23,12.35,20.55,1,14,6,3,11,46.6,16.28,82.2,53.73,74.6,45.77,0,LA Galaxy 0-3 LAFC,2026-07-17
LA Galaxy,1.06,1.92,-0.86,0.9,1.14,-0.24,0.16,0.03,0.13,1.06,1.16,-0.1,0.09,0.74,0.57,0.04,0.53,0,3,-3,-2.14,59.3,73.52,10.7,16.7,57.14,0.81,0.43,417,16,10,13,12.35,30.23,9.92,14,1,24,9,13,239.6,83.72,70.8,46.27,88.4,54.23,0,LA Galaxy 0-3 LAFC,2026-07-17
Atlanta United,1.34,0.69,0.65,1.08,0.45,0.63,0.26,0.24,0.02,1.34,0.69,0.65,0.03,0.21,0.34,0.24,0.1,0,1,-1,-1.65,52.0,58.25,17.8,17.1,47.98,0.48,0.65,228,17,12,8,25.0,12.31,12.19,7,7,9,2,13,127.2,70.55,54.33,43.72,120.3,64.33,0,Nashville SC 1-0 Atlanta United,2026-07-17
Nashville SC,0.69,1.34,-0.65,0.45,1.08,-0.63,0.24,0.26,-0.02,0.69,1.34,-0.65,0.21,0.03,0.24,0.34,-0.1,1,0,1,1.65,48.0,41.75,17.1,17.8,44.89,0.65,0.48,184,8,8,12,12.31,25.0,11.44,7,7,13,4,10,53.1,29.45,69.93,56.28,66.7,35.67,1,Nashville SC 1-0 Atlanta United,2026-07-17
Portland Timbers,2.35,0.54,1.81,2.13,0.48,1.65,0.22,0.06,0.16,2.35,0.54,1.81,0.51,0.16,0.42,0.1,0.32,5,1,4,2.19,52.7,49.05,23.3,21.8,46.77,0.74,0.48,227,17,20,11,27.03,22.92,18.89,5,8,15,8,7,137.1,57.7,59.0,41.32,169.8,82.79,1,Seattle Sounders 1-5 Portland Timbers,2026-07-16
Seattle Sounders,0.54,2.35,-1.81,0.48,2.13,-1.65,0.06,0.22,-0.16,0.54,2.35,-1.81,0.16,0.51,0.1,0.42,-0.32,1,5,-4,-2.19,47.3,50.95,21.8,23.3,53.06,0.48,0.74,286,15,11,20,22.92,27.03,17.04,8,5,21,2,7,100.5,42.3,83.8,58.68,35.3,17.21,0,Seattle Sounders 1-5 Portland Timbers,2026-07-16
Sporting KC,1.79,4.23,-2.44,1.75,3.11,-1.36,0.04,0.36,-0.32,1.79,3.47,-1.68,0.75,1.25,0.04,0.44,-0.4,2,3,-1,1.44,46.7,52.04,15.9,23.1,50.92,0.66,0.84,242,15,12,20,18.18,23.81,12.68,5,3,13,6,11,116.1,41.45,67.8,68.95,97.23,41.53,0,St. Louis City 3-2 Sporting KC,2026-07-16
St. Louis City,4.23,1.79,2.44,3.11,1.75,1.36,0.36,0.04,0.32,3.47,1.79,1.68,1.25,0.75,0.44,0.04,0.4,3,2,1,-1.44,53.3,47.96,23.1,15.9,47.61,0.84,0.66,239,21,20,12,23.81,18.18,8.89,3,5,13,5,15,164.0,58.55,30.53,31.05,136.9,58.47,1,St. Louis City 3-2 Sporting KC,2026-07-16
Toronto,0.46,0.84,-0.38,0.45,0.7,-0.25,0.01,0.15,-0.14,0.46,0.84,-0.38,0.32,0.0,0.08,0.17,-0.09,0,0,0,0.38,50.1,42.8,22.5,16.0,42.58,0.49,0.48,175,16,8,14,16.33,29.17,12.81,1,3,13,3,8,69.0,37.79,44.87,42.81,61.27,33.63,1,Montréal 0-0 Toronto,2026-07-16
Montréal,0.84,0.46,0.38,0.7,0.45,0.25,0.15,0.01,0.14,0.84,0.46,0.38,0.0,0.32,0.17,0.08,0.09,0,0,0,-0.38,49.9,57.2,16.0,22.5,46.44,0.48,0.49,216,8,14,8,29.17,16.33,16.5,3,1,22,9,13,113.6,62.21,59.93,57.19,120.93,66.37,0,Montréal 0-0 Toronto,2026-07-16
Seattle Sounders,1.13,2.07,-0.94,0.87,1.68,-0.81,0.26,0.39,-0.13,1.13,2.07,-0.94,,,,,,0,1,-1,-0.06,51.2,48.61,,,51.41,0.57,1.37,326,6,10,17,17.54,12.41,14.78,3,5,15,5,10,103.3,40.35,56.47,47.35,74.23,36.28,1,LAFC 1-0 Seattle Sounders,2026-05-24
LAFC,2.07,1.13,0.94,1.68,0.87,0.81,0.39,0.26,0.13,2.07,1.13,0.94,,,,,,1,0,1,0.06,48.8,51.39,,,51.81,1.37,0.57,315,13,17,10,12.41,17.54,16.26,5,3,17,7,11,152.7,59.65,62.8,52.65,130.37,63.72,0,LAFC 1-0 Seattle Sounders,2026-05-24
Philadelphia Union,3.96,4.56,-0.6,2.39,4.49,-2.1,0.05,0.06,-0.01,2.44,4.56,-2.12,,,,,,4,6,-2,-1.4,36.9,50.77,,,49.07,1.05,1.29,147,18,21,17,20.0,13.18,11.61,4,3,15,2,16,89.6,49.26,129.13,97.63,177.73,78.09,3,Inter Miami 6-4 Philadelphia Union,2026-05-24
Inter Miami,4.56,3.96,0.6,4.49,2.39,2.1,0.06,0.05,0.01,4.56,2.44,2.12,,,,,,6,4,2,1.4,63.1,49.23,,,43.77,1.29,1.05,202,14,17,21,13.18,20.0,6.57,3,4,7,4,18,92.3,50.74,3.13,2.37,49.87,21.91,0,Inter Miami 6-4 Philadelphia Union,2026-05-24
Atlanta United,1.64,1.94,-0.3,1.64,1.94,-0.3,0.0,0.0,0.0,1.64,1.94,-0.3,,,,,,0,2,-2,-1.7,42.2,43.93,,,44.3,0.62,0.93,201,7,16,10,25.81,10.75,20.96,6,3,15,3,13,111.5,43.05,104.2,70.98,72.47,32.14,0,Columbus Crew 2-0 Atlanta United,2026-05-24
Columbus Crew,1.94,1.64,0.3,1.94,1.64,0.3,0.0,0.0,0.0,1.94,1.64,0.3,,,,,,2,0,2,1.7,57.8,56.07,,,45.83,0.93,0.62,289,12,10,16,10.75,25.81,18.14,3,6,7,2,9,147.5,56.95,42.6,29.02,153.03,67.86,0,Columbus Crew 2-0 Atlanta United,2026-05-24
Houston Dynamo,0.58,3.3,-2.72,0.58,2.62,-2.04,0.0,0.68,-0.68,0.58,3.3,-2.72,,,,,,1,1,0,2.72,45.2,44.13,,,46.68,0.26,0.6,232,6,10,18,38.46,30.0,21.35,4,6,9,2,9,113.2,37.88,77.4,50.15,82.33,34.22,0,LA Galaxy 1-1 Houston Dynamo,2026-05-23
LA Galaxy,3.3,0.58,2.72,2.62,0.58,2.04,0.68,0.0,0.68,3.3,0.58,2.72,,,,,,1,1,0,-2.72,54.8,55.87,,,53.2,0.6,0.26,364,19,18,10,30.0,38.46,13.16,6,4,8,8,6,185.6,62.12,76.93,49.85,158.27,65.78,0,LA Galaxy 1-1 Houston Dynamo,2026-05-23
Vancouver Whitecaps,4.65,0.97,3.68,3.82,0.97,2.85,0.83,0.0,0.83,4.65,0.97,3.68,,,,,,4,2,2,-1.68,47.3,63.67,,,47.06,1.12,0.23,252,22,21,11,18.75,47.83,13.54,10,4,19,4,15,174.3,89.02,112.87,77.87,288.2,91.7,1,San Diego 2-4 Vancouver Whitecaps,2026-05-23
San Diego,0.97,4.65,-3.68,0.97,3.82,-2.85,0.0,0.83,-0.83,0.97,4.65,-3.68,,,,,,2,4,-2,1.68,52.7,36.33,,,38.09,0.23,1.12,161,5,11,21,47.83,18.75,11.25,4,10,7,2,14,21.5,10.98,32.07,22.13,26.1,8.3,0,San Diego 2-4 Vancouver Whitecaps,2026-05-23
SJ Earthquakes,0.99,1.72,-0.73,0.72,1.44,-0.72,0.26,0.28,-0.02,0.99,1.72,-0.73,,,,,,3,1,2,2.73,34.7,37.1,,,43.07,1.0,1.01,134,6,7,15,7.0,14.85,13.14,6,8,17,6,14,30.9,13.7,113.0,81.69,125.47,63.12,1,Portland Timbers 1-3 SJ Earthquakes,2026-05-23
Portland Timbers,1.72,0.99,0.73,1.44,0.72,0.72,0.28,0.26,0.02,1.72,0.99,0.73,,,,,,1,3,-2,-2.73,65.3,62.9,,,49.95,1.01,1.0,305,20,15,7,14.85,7.0,7.27,8,6,27,4,10,194.6,86.3,25.33,18.31,73.3,36.88,1,Portland Timbers 1-3 SJ Earthquakes,2026-05-23
Dallas,1.66,1.85,-0.19,0.09,1.73,-1.64,0.06,0.12,-0.06,0.14,1.85,-1.71,,,,,,2,1,1,1.19,34.7,27.82,,,41.09,0.18,1.51,110,4,5,17,27.78,11.26,18.4,3,4,5,3,13,23.8,11.89,111.0,82.42,70.23,41.92,1,Colorado Rapids 1-2 Dallas,2026-05-23
Colorado Rapids,1.85,1.66,0.19,1.73,0.09,1.64,0.12,0.06,0.06,1.85,0.14,1.71,,,,,,1,2,-1,-1.19,65.3,72.18,,,48.15,1.51,0.18,282,18,17,5,11.26,27.78,10.56,4,3,35,5,11,176.4,88.11,23.67,17.58,97.3,58.08,0,Colorado Rapids 1-2 Dallas,2026-05-23
NYCFC,1.52,1.14,0.38,0.76,0.71,0.05,0.0,0.43,-0.43,0.76,1.14,-0.38,,,,,,1,2,-1,-1.38,51.7,48.26,,,46.77,0.28,0.67,241,6,7,12,25.0,17.91,14.54,3,5,9,3,12,99.3,44.53,88.27,53.11,73.13,41.43,0,Nashville SC 2-1 NYCFC,2026-05-23
Nashville SC,1.14,1.52,-0.38,0.71,0.76,-0.05,0.43,0.0,0.43,1.14,0.76,0.38,,,,,,2,1,1,1.38,48.3,51.74,,,45.55,0.67,0.28,215,11,12,7,17.91,25.0,14.1,5,3,12,6,11,123.7,55.47,77.93,46.89,103.4,58.57,1,Nashville SC 2-1 NYCFC,2026-05-23
New York RB,1.37,2.64,-1.27,1.3,2.63,-1.33,0.07,0.01,0.06,1.37,2.64,-1.27,,,,,,2,1,1,2.27,39.9,40.23,,,45.98,0.35,1.01,169,8,10,15,28.57,14.85,18.39,5,9,1,1,15,54.9,25.98,112.93,90.88,118.73,73.31,1,Sporting KC 1-2 New York RB,2026-05-23
Sporting KC,2.64,1.37,1.27,2.63,1.3,1.33,0.01,0.07,-0.06,2.64,1.37,1.27,,,,,,1,2,-1,-2.27,60.1,59.77,,,47.9,1.01,0.35,253,14,15,10,14.85,28.57,8.62,9,5,21,6,5,156.4,74.02,11.33,9.12,43.23,26.69,0,Sporting KC 1-2 New York RB,2026-05-23
Toronto,1.37,2.22,-0.85,0.81,1.93,-1.12,0.55,0.29,0.26,1.37,2.22,-0.85,,,,,,1,2,-1,-0.15,46.3,43.73,,,44.11,0.46,0.64,183,11,11,15,23.91,23.44,13.27,2,6,17,4,12,53.8,37.08,65.13,48.73,75.27,36.22,0,Chicago Fire 2-1 Toronto,2026-05-23
Chicago Fire,2.22,1.37,0.85,1.93,0.81,1.12,0.29,0.55,-0.26,2.22,1.37,0.85,,,,,,2,1,1,0.15,53.7,56.27,,,42.6,0.64,0.46,176,16,15,11,23.44,23.91,11.17,6,2,8,3,12,91.3,62.92,68.53,51.27,132.57,63.78,1,Chicago Fire 2-1 Toronto,2026-05-23
Montréal,3.76,3.94,-0.18,2.83,2.63,0.2,0.17,0.55,-0.38,3.0,3.18,-0.18,,,,,,4,4,0,0.18,54.9,46.18,,,45.97,1.51,1.35,182,19,22,18,14.57,13.33,6.95,6,1,17,4,16,134.5,52.46,8.8,11.39,98.03,31.46,0,DC United 4-4 Montréal,2026-05-23
DC United,3.94,3.76,0.18,2.63,2.83,-0.2,0.55,0.17,0.38,3.18,3.0,0.18,,,,,,4,4,0,-0.18,45.1,53.82,,,49.02,1.35,1.51,174,20,18,22,13.33,14.57,10.89,1,6,21,6,19,121.9,47.54,68.47,88.61,213.6,68.54,3,DC United 4-4 Montréal,2026-05-23
Orlando City,3.23,5.17,-1.94,2.35,3.87,-1.52,0.13,1.3,-1.17,2.47,5.17,-2.7,,,,,,2,6,-4,-2.06,45.6,56.1,,,44.97,0.56,1.11,178,15,19,22,33.93,19.82,10.7,11,7,25,9,13,121.0,44.0,85.6,64.65,98.02,38.29,0,Cincinnati 6-2 Orlando City,2026-05-23
Cincinnati,5.17,3.23,1.94,3.87,2.35,1.52,1.3,0.13,1.17,5.17,2.47,2.7,,,,,,6,2,4,2.06,54.4,43.9,,,44.56,1.11,0.56,204,22,22,19,19.82,33.93,9.05,7,11,14,6,17,154.0,56.0,46.8,35.35,157.96,61.71,0,Cincinnati 6-2 Orlando City,2026-05-23
New England,1.16,1.79,-0.63,0.82,1.09,-0.27,0.34,0.7,-0.36,1.16,1.79,-0.63,,,,,,0,1,-1,-0.37,60.2,61.88,,,51.36,0.83,0.5,303,17,13,12,15.66,24.0,10.28,2,1,22,4,13,172.6,65.93,30.13,19.25,87.07,38.66,0,Charlotte 1-0 New England,2026-05-23
Charlotte,1.79,1.16,0.63,1.09,0.82,0.27,0.7,0.34,0.36,1.79,1.16,0.63,,,,,,1,0,1,0.37,39.8,38.12,,,50.4,0.5,0.83,189,15,12,13,24.0,15.66,26.0,1,2,7,3,9,89.2,34.07,126.4,80.75,138.13,61.34,0,Charlotte 1-0 New England,2026-05-23
Real Salt Lake,0.45,1.53,-1.08,0.4,1.35,-0.95,0.04,0.18,-0.14,0.45,1.53,-1.08,,,,,,1,1,0,1.08,42.9,38.78,,,42.38,0.32,0.81,148,6,8,11,25.0,13.58,14.0,9,10,10,3,11,39.1,22.02,54.87,53.3,49.57,35.1,4,Minnesota United 1-1 Real Salt Lake,2026-05-23
Minnesota United,1.53,0.45,1.08,1.35,0.4,0.95,0.18,0.04,0.14,1.53,0.45,1.08,,,,,,1,1,0,-1.08,57.1,61.22,,,48.71,0.81,0.32,235,18,11,8,13.58,25.0,10.8,10,9,22,6,6,138.5,77.98,48.07,46.7,91.67,64.9,9,Minnesota United 1-1 Real Salt Lake,2026-05-23
Austin,0.52,1.12,-0.6,0.49,0.96,-0.47,0.03,0.15,-0.12,0.52,1.12,-0.6,,,,,,0,3,-3,-2.4,53.2,54.68,,,51.17,0.62,0.43,287,21,8,17,12.9,39.53,12.37,1,9,12,2,9,127.1,54.27,61.13,45.17,111.8,54.6,5,St. Louis City 3-0 Austin,2026-05-23
St. Louis City,1.12,0.52,0.6,0.96,0.49,0.47,0.15,0.03,0.12,1.12,0.52,0.6,,,,,,3,0,3,2.4,46.8,45.32,,,47.21,0.43,0.62,225,10,17,8,39.53,12.9,9.93,9,1,10,2,19,107.1,45.73,74.2,54.83,92.97,45.4,0,St. Louis City 3-0 Austin,2026-05-23
LAFC,2.15,0.75,1.4,1.93,0.75,1.18,0.22,0.0,0.22,2.15,0.75,1.4,,,,,,2,3,-1,-2.4,48.2,58.89,,,52.58,0.97,0.33,313,18,21,7,21.65,21.21,22.9,4,2,16,11,10,185.8,75.96,63.73,70.45,189.7,71.77,0,Nashville SC 3-2 LAFC,2026-05-17
Nashville SC,0.75,2.15,-1.4,0.75,1.93,-1.18,0.0,0.22,-0.22,0.75,2.15,-1.4,,,,,,3,2,1,2.4,51.8,41.11,,,48.49,0.33,0.97,309,9,7,21,21.21,21.65,15.8,2,4,12,3,11,58.8,24.04,26.73,29.55,74.6,28.23,0,Nashville SC 3-2 LAFC,2026-05-17
Portland Timbers,1.23,3.77,-2.54,0.99,3.74,-2.75,0.24,0.02,0.22,1.23,3.77,-2.54,,,,,,0,2,-2,0.54,54.5,54.86,,,50.72,0.7,1.07,281,14,16,22,22.86,20.56,11.97,8,5,20,5,10,107.5,55.99,29.67,36.93,61.5,29.85,0,Inter Miami 2-0 Portland Timbers,2026-05-17
Inter Miami,3.77,1.23,2.54,3.74,0.99,2.75,0.02,0.24,-0.22,3.77,1.23,2.54,,,,,,2,0,2,-0.54,45.5,45.14,,,44.11,1.07,0.7,173,15,22,16,20.56,22.86,12.78,5,8,12,8,15,84.5,44.01,50.67,63.07,144.53,70.15,0,Inter Miami 2-0 Portland Timbers,2026-05-17
Dallas,2.97,2.42,0.55,2.75,1.01,1.74,0.22,0.65,-0.43,2.97,1.66,1.31,,,,,,3,2,1,0.45,45.1,44.74,,,49.81,0.85,0.85,193,20,16,16,18.82,18.82,10.38,6,7,13,4,17,116.1,46.03,57.0,60.46,119.73,56.66,1,SJ Earthquakes 2-3 Dallas,2026-05-16
SJ Earthquakes,2.42,2.97,-0.55,1.01,2.75,-1.74,0.65,0.22,0.43,1.66,2.97,-1.31,,,,,,2,3,-1,-0.45,54.9,55.26,,,48.37,0.85,0.85,213,13,16,16,18.82,18.82,7.92,7,6,38,12,9,136.1,53.97,37.27,39.54,91.6,43.34,1,SJ Earthquakes 2-3 Dallas,2026-05-16
Cincinnati,2.59,1.56,1.03,1.77,1.43,0.34,0.83,0.14,0.69,2.59,1.56,1.03,,,,,,3,3,0,-1.03,36.7,13.98,,,35.69,0.26,1.14,111,8,8,16,30.77,14.04,21.44,4,6,2,2,9,10.8,3.35,109.73,73.32,37.23,14.16,2,San Diego 3-3 Cincinnati,2026-05-16
San Diego,1.56,2.59,-1.03,1.43,1.77,-0.34,0.14,0.83,-0.69,1.56,2.59,-1.03,,,,,,3,3,0,1.03,63.3,86.02,,,52.3,1.14,0.26,435,22,16,8,14.04,30.77,15.21,6,4,31,7,8,311.6,96.65,39.93,26.68,225.73,85.84,0,San Diego 3-3 Cincinnati,2026-05-16
Colorado Rapids,0.66,2.46,-1.8,0.33,2.33,-2.0,0.33,0.12,0.21,0.66,2.46,-1.8,,,,,,1,2,-1,0.8,51.4,35.27,,,37.46,0.46,0.59,120,6,8,17,17.39,28.81,15.17,2,3,14,6,8,25.3,14.28,38.33,38.33,20.0,11.05,0,Real Salt Lake 2-1 Colorado Rapids,2026-05-16
Real Salt Lake,2.46,0.66,1.8,2.33,0.33,2.0,0.12,0.33,-0.21,2.46,0.66,1.8,,,,,,2,1,1,-0.8,48.6,64.73,,,43.96,0.59,0.46,166,12,17,8,28.81,17.39,9.43,3,2,14,2,18,151.9,85.72,61.67,61.67,160.93,88.95,3,Real Salt Lake 2-1 Colorado Rapids,2026-05-16
LA Galaxy,2.61,1.61,1.0,2.61,1.31,1.3,0.0,0.3,-0.3,2.61,1.61,1.0,,,,,,2,0,2,1.0,42.3,36.11,,,48.0,0.46,1.13,226,8,9,15,19.57,13.27,23.0,3,7,3,1,13,87.7,30.6,77.13,61.44,87.17,47.3,0,Seattle Sounders 0-2 LA Galaxy,2026-05-16
Seattle Sounders,1.61,2.61,-1.0,1.31,2.61,-1.3,0.3,0.0,0.3,1.61,2.61,-1.0,,,,,,0,2,-2,-1.0,57.7,63.89,,,54.78,1.13,0.46,414,15,15,9,13.27,19.57,13.07,7,3,26,5,3,198.9,69.4,48.4,38.56,97.13,52.7,3,Seattle Sounders 0-2 LA Galaxy,2026-05-16
Vancouver Whitecaps,0.88,1.61,-0.73,0.8,1.42,-0.62,0.08,0.18,-0.1,0.88,1.61,-0.73,,,,,,0,1,-1,-0.27,47.2,54.72,,,55.91,0.6,1.08,298,11,9,14,15.0,12.96,10.54,5,4,16,3,13,149.7,48.01,81.27,73.08,165.97,56.65,0,Houston Dynamo 1-0 Vancouver Whitecaps,2026-05-16
Houston Dynamo,1.61,0.88,0.73,1.42,0.8,0.62,0.18,0.08,0.1,1.61,0.88,0.73,,,,,,1,0,1,0.27,52.8,45.28,,,47.34,1.08,0.6,229,12,14,9,12.96,15.0,7.85,4,5,11,4,16,162.1,51.99,29.93,26.92,127.03,43.35,0,Houston Dynamo 1-0 Vancouver Whitecaps,2026-05-16
Sporting KC,1.77,0.56,1.21,1.56,0.49,1.07,0.21,0.07,0.14,1.77,0.56,1.21,,,,,,2,1,1,-0.21,54.4,63.48,,,51.04,0.68,0.38,239,12,20,8,29.41,21.05,6.83,13,1,24,7,21,163.1,78.23,89.2,58.61,184.97,81.18,0,Austin 1-2 Sporting KC,2026-05-16
Austin,0.56,1.77,-1.21,0.49,1.56,-1.07,0.07,0.21,-0.14,0.56,1.77,-1.21,,,,,,1,2,-1,0.21,45.6,36.52,,,41.78,0.38,0.68,141,8,8,20,21.05,29.41,12.14,1,13,8,3,13,45.4,21.77,63.0,41.39,42.87,18.82,1,Austin 1-2 Sporting KC,2026-05-16
Columbus Crew,0.52,1.08,-0.56,0.48,1.05,-0.57,0.04,0.03,0.01,0.52,1.08,-0.56,,,,,,1,1,0,0.56,62.0,43.77,,,40.15,0.5,0.73,170,8,5,12,10.0,16.44,7.91,2,12,14,4,12,38.5,31.77,3.4,2.58,19.13,10.42,0,Philadelphia Union 1-1 Columbus Crew,2026-05-16
Philadelphia Union,1.08,0.52,0.56,1.05,0.48,0.57,0.03,0.04,-0.01,1.08,0.52,0.56,,,,,,1,1,0,-0.56,38.0,56.23,,,50.16,0.73,0.5,185,19,12,5,16.44,10.0,11.13,12,2,13,4,14,82.7,68.23,128.6,97.42,164.53,89.58,7,Philadelphia Union 1-1 Columbus Crew,2026-05-16
Atlanta United,1.49,1.35,0.14,1.26,1.35,-0.09,0.22,0.0,0.22,1.49,1.35,0.14,,,,,,1,1,0,-0.14,54.8,55.78,,,51.33,0.86,0.8,285,12,21,7,24.42,8.75,9.74,10,0,28,10,12,144.1,66.93,44.4,47.37,130.9,59.82,0,Orlando City 1-1 Atlanta United,2026-05-16
Orlando City,1.35,1.49,-0.14,1.35,1.26,0.09,0.0,0.22,-0.22,1.35,1.49,-0.14,,,,,,1,1,0,0.14,45.2,44.22,,,47.95,0.8,0.86,207,12,7,21,8.75,24.42,19.75,0,10,10,4,8,71.2,33.07,49.33,52.63,87.93,40.18,1,Orlando City 1-1 Atlanta United,2026-05-16
NYCFC,2.18,2.08,0.1,2.05,2.07,-0.02,0.13,0.01,0.12,2.18,2.08,0.1,,,,,,1,1,0,-0.1,56.2,44.03,,,39.23,0.36,0.49,155,9,14,12,38.89,24.49,11.04,2,4,7,3,10,71.4,37.44,20.67,16.56,44.27,19.47,0,New York RB 1-1 NYCFC,2026-05-16
New York RB,2.08,2.18,-0.1,2.07,2.05,0.02,0.01,0.13,-0.12,2.08,2.18,-0.1,,,,,,1,1,0,0.1,43.8,55.97,,,52.03,0.49,0.36,219,14,12,14,24.49,38.89,13.3,4,2,26,9,16,119.3,62.56,104.13,83.44,183.13,80.53,1,New York RB 1-1 NYCFC,2026-05-16
Minnesota United,2.23,2.02,0.21,1.42,1.07,0.35,0.05,0.19,-0.14,1.47,1.26,0.21,,,,,,1,2,-1,-1.21,54.7,58.82,,,48.47,1.35,0.98,238,22,12,11,8.89,11.22,14.76,1,2,31,11,12,128.9,61.88,28.93,31.89,92.4,47.76,8,New England 2-1 Minnesota United,2026-05-16
New England,2.02,2.23,-0.21,1.07,1.42,-0.35,0.19,0.05,0.14,1.26,1.47,-0.21,,,,,,2,1,1,1.21,45.3,41.18,,,45.94,0.98,1.35,167,18,11,12,11.22,8.89,14.42,2,1,13,8,11,79.4,38.12,61.8,68.11,101.07,52.24,1,New England 2-1 Minnesota United,2026-05-16
St. Louis City,1.38,1.43,-0.05,0.71,1.38,-0.67,0.68,0.05,0.63,1.38,1.43,-0.05,,,,,,1,1,0,0.05,55.9,45.33,,,44.57,0.78,1.08,178,16,15,16,19.23,14.81,8.5,5,3,12,8,11,126.6,49.67,20.2,21.19,100.2,42.72,2,DC United 1-1 St. Louis City,2026-05-16
DC United,1.43,1.38,0.05,1.38,0.71,0.67,0.05,0.68,-0.63,1.43,1.38,0.05,,,,,,1,1,0,-0.05,44.1,54.67,,,52.22,1.08,0.78,190,17,16,15,14.81,19.23,9.97,3,5,26,5,17,128.3,50.33,75.13,78.81,134.33,57.28,2,DC United 1-1 St. Louis City,2026-05-16
Toronto,1.46,2.97,-1.51,1.16,2.12,-0.96,0.3,0.09,0.21,1.46,2.21,-0.75,,,,,,1,3,-2,-0.49,54.0,51.93,,,45.14,0.67,0.76,213,14,13,18,19.4,23.68,12.68,1,3,17,3,13,96.8,48.16,24.53,23.5,51.8,24.97,0,Charlotte 3-1 Toronto,2026-05-16
Charlotte,2.97,1.46,1.51,2.12,1.16,0.96,0.09,0.3,-0.21,2.21,1.46,0.75,,,,,,3,1,2,0.49,46.0,48.07,,,47.28,0.76,0.67,203,16,18,13,23.68,19.4,15.07,3,1,15,7,8,104.2,51.84,79.87,76.5,155.67,75.03,0,Charlotte 3-1 Toronto,2026-05-16
Chicago Fire,1.16,1.25,-0.09,1.16,0.95,0.21,0.0,0.3,-0.3,1.16,1.25,-0.09,,,,,,2,0,2,2.09,40.5,27.48,,,44.78,0.47,1.04,138,10,11,15,23.4,14.42,15.27,3,3,13,3,13,43.7,20.73,67.0,63.65,91.67,47.62,0,Montréal 0-2 Chicago Fire,2026-05-16
Montréal,1.25,1.16,0.09,0.95,1.16,-0.21,0.3,0.0,0.3,1.25,1.16,0.09,,,,,,0,2,-2,-2.09,59.5,72.52,,,54.54,1.04,0.47,306,23,15,11,14.42,23.4,8.0,3,3,37,16,14,167.1,79.27,38.27,36.35,100.83,52.38,2,Montréal 0-2 Chicago Fire,2026-05-16
SJ Earthquakes,1.95,3.95,-2.0,1.69,2.85,-1.16,0.26,0.34,-0.08,1.95,3.19,-1.24,,,,,,2,3,-1,1.0,37.5,33.89,,,44.68,0.43,1.63,140,11,11,23,25.58,14.11,18.76,1,3,17,6,11,83.6,23.1,96.27,74.86,91.5,32.42,1,Seattle Sounders 3-2 SJ Earthquakes,2026-05-13
Seattle Sounders,3.95,1.95,2.0,2.85,1.69,1.16,0.34,0.26,0.08,3.19,1.95,1.24,,,,,,3,2,1,-1.0,62.5,66.11,,,52.04,1.63,0.43,308,30,23,11,14.11,25.58,8.12,3,1,21,9,12,278.3,76.9,32.33,25.14,190.77,67.58,3,Seattle Sounders 3-2 SJ Earthquakes,2026-05-13
Austin,0.86,2.77,-1.91,0.74,2.42,-1.68,0.12,0.36,-0.24,0.86,2.77,-1.91,,,,,,0,5,-5,-3.09,41.7,37.64,,,41.24,0.48,1.42,167,14,9,22,18.75,15.49,23.25,7,4,12,4,7,39.4,16.78,108.27,60.87,22.35,5.7,0,San Diego 5-0 Austin,2026-05-13
San Diego,2.77,0.86,1.91,2.42,0.74,1.68,0.36,0.12,0.24,2.77,0.86,1.91,,,,,,5,0,5,3.09,58.3,62.36,,,48.06,1.42,0.48,317,23,22,9,15.49,18.75,28.4,4,7,14,6,9,195.4,83.22,69.6,39.13,369.47,94.3,0,San Diego 5-0 Austin,2026-05-13
Houston Dynamo,1.24,0.31,0.93,1.19,0.3,0.89,0.05,0.01,0.04,1.24,0.31,0.93,,,,,,0,3,-3,-3.93,47.5,45.79,,,43.92,0.39,0.35,186,6,15,10,38.46,28.57,25.22,4,15,3,1,11,117.4,56.71,99.4,68.97,123.57,72.32,0,Real Salt Lake 3-0 Houston Dynamo,2026-05-13
Real Salt Lake,0.31,1.24,-0.93,0.3,1.19,-0.89,0.01,0.05,-0.04,0.31,1.24,-0.93,,,,,,3,0,3,3.93,52.5,54.21,,,43.59,0.35,0.39,224,5,10,15,28.57,38.46,10.79,15,4,17,4,8,89.6,43.29,44.73,31.03,47.3,27.68,3,Real Salt Lake 3-0 Houston Dynamo,2026-05-13
LAFC,1.82,2.01,-0.19,1.34,1.96,-0.62,0.48,0.06,0.42,1.82,2.01,-0.19,,,,,,1,2,-1,-0.81,62.4,80.98,,,53.68,0.69,0.4,426,14,16,8,23.19,20.0,11.48,5,2,21,8,10,282.0,90.59,27.53,19.41,176.47,81.46,2,St. Louis City 2-1 LAFC,2026-05-13
St. Louis City,2.01,1.82,0.19,1.96,1.34,0.62,0.06,0.48,-0.42,2.01,1.82,0.19,,,,,,2,1,1,0.81,37.6,19.02,,,42.87,0.4,0.69,149,7,8,16,20.0,23.19,17.54,2,5,8,2,13,29.3,9.41,114.27,80.59,40.17,18.54,0,St. Louis City 2-1 LAFC,2026-05-13
Colorado Rapids,0.47,1.31,-0.84,0.47,1.17,-0.7,0.0,0.14,-0.14,0.47,1.31,-0.84,,,,,,1,0,1,1.84,44.6,36.15,,,38.41,0.2,1.29,116,7,5,12,25.0,9.3,6.58,7,8,6,5,24,24.8,16.67,33.87,41.03,39.1,23.8,0,Minnesota United 0-1 Colorado Rapids,2026-05-13
Minnesota United,1.31,0.47,0.84,1.17,0.47,0.7,0.14,0.0,0.14,1.31,0.47,0.84,,,,,,0,1,-1,-1.84,55.4,63.85,,,47.87,1.29,0.2,225,16,12,5,9.3,25.0,7.35,8,7,24,5,18,124.0,83.33,48.67,58.97,125.2,76.2,1,Minnesota United 0-1 Colorado Rapids,2026-05-13
LA Galaxy,2.32,2.82,-0.5,2.17,2.72,-0.55,0.16,0.1,0.06,2.32,2.82,-0.5,,,,,,1,3,-2,-1.5,59.5,60.24,,,52.49,0.79,0.75,317,15,18,15,22.78,20.0,8.69,4,9,19,8,6,198.3,72.45,30.87,28.18,124.5,47.28,1,Sporting KC 3-1 LA Galaxy,2026-05-13
Sporting KC,2.82,2.32,0.5,2.72,2.17,0.55,0.1,0.16,-0.06,2.82,2.32,0.5,,,,,,3,1,2,1.5,40.5,39.76,,,51.16,0.75,0.79,222,14,15,18,20.0,22.78,11.58,9,4,13,4,19,75.4,27.55,78.67,71.82,138.82,52.72,2,Sporting KC 3-1 LA Galaxy,2026-05-13
Vancouver Whitecaps,0.97,1.69,-0.72,0.85,0.91,-0.06,0.12,0.02,0.1,0.97,0.93,0.04,,,,,,3,2,1,1.72,50.4,56.85,,,51.6,0.47,0.73,234,13,17,8,36.17,10.96,10.52,5,4,22,6,12,164.6,78.27,39.53,50.13,146.3,67.33,1,Dallas 2-3 Vancouver Whitecaps,2026-05-13
Dallas,1.69,0.97,0.72,0.91,0.85,0.06,0.02,0.12,-0.1,0.93,0.97,-0.04,,,,,,2,3,-1,-1.72,49.6,43.15,,,47.8,0.73,0.47,196,11,8,17,10.96,36.17,9.12,4,5,18,6,17,45.7,21.73,39.33,49.87,71.0,32.67,1,Dallas 2-3 Vancouver Whitecaps,2026-05-13
Philadelphia Union,2.48,3.59,-1.11,2.06,2.83,-0.77,0.42,0.0,0.42,2.48,2.83,-0.35,,,,,,3,4,-1,0.11,45.7,64.8,,,53.73,1.67,0.56,251,28,26,12,15.57,21.43,12.72,6,9,21,10,12,195.2,86.72,87.07,77.69,207.8,83.99,5,Orlando City 4-3 Philadelphia Union,2026-05-13
Orlando City,3.59,2.48,1.11,2.83,2.06,0.77,0.0,0.42,-0.42,2.83,2.48,0.35,,,,,,4,3,1,-0.11,54.3,35.2,,,41.71,0.56,1.67,169,10,12,26,21.43,15.57,8.37,9,6,6,2,9,29.9,13.28,25.0,22.31,39.6,16.01,0,Orlando City 4-3 Philadelphia Union,2026-05-13
Columbus Crew,1.59,3.52,-1.93,0.78,2.92,-2.14,0.05,0.6,-0.55,0.83,3.52,-2.69,,,,,,2,3,-1,0.93,69.2,71.07,,,47.54,0.73,0.86,343,17,12,13,16.44,15.12,8.97,1,9,18,2,7,185.1,74.91,16.87,8.72,88.9,38.67,0,New York RB 3-2 Columbus Crew,2026-05-13
New York RB,3.52,1.59,1.93,2.92,0.78,2.14,0.6,0.05,0.55,3.52,0.83,2.69,,,,,,3,2,1,-0.93,30.8,28.93,,,41.21,0.86,0.73,120,8,13,12,15.12,16.44,18.16,9,1,7,3,17,62.0,25.09,176.53,91.28,140.97,61.33,0,New York RB 3-2 Columbus Crew,2026-05-13
Nashville SC,0.92,0.81,0.11,0.77,0.36,0.41,0.15,0.44,-0.29,0.92,0.81,0.11,,,,,,3,0,3,2.89,48.6,42.47,,,43.89,0.31,0.58,191,8,8,8,25.81,13.79,13.76,8,3,17,7,12,68.6,37.88,66.0,53.66,104.13,58.71,2,New England 0-3 Nashville SC,2026-05-13
New England,0.81,0.92,-0.11,0.36,0.77,-0.41,0.44,0.15,0.29,0.81,0.92,-0.11,,,,,,0,3,-3,-2.89,51.4,57.53,,,47.87,0.58,0.31,236,11,8,8,13.79,25.81,15.12,3,8,17,6,8,112.5,62.12,57.0,46.34,73.23,41.29,0,New England 0-3 Nashville SC,2026-05-13
Portland Timbers,2.41,2.18,0.23,1.24,2.01,-0.77,1.17,0.16,1.01,2.41,2.18,0.23,,,,,,2,2,0,-0.23,56.8,45.8,,,43.53,1.08,0.96,231,13,14,23,12.96,23.96,14.26,1,6,21,9,6,113.0,40.17,26.0,18.12,59.93,19.84,0,Montréal 2-2 Portland Timbers,2026-05-13
Montréal,2.18,2.41,-0.23,2.01,1.24,0.77,0.16,1.17,-1.01,2.18,2.41,-0.23,,,,,,2,2,0,0.23,43.2,54.2,,,53.03,0.96,1.08,278,20,23,14,23.96,12.96,15.15,6,1,24,6,17,168.3,59.83,117.47,81.88,242.2,80.16,2,Montréal 2-2 Portland Timbers,2026-05-13
Chicago Fire,3.13,0.84,2.29,2.23,0.74,1.49,0.14,0.1,0.04,2.37,0.84,1.53,,,,,,3,1,2,-0.29,58.5,54.43,,,48.04,0.7,0.41,239,17,14,13,20.0,31.71,9.27,5,4,17,8,12,135.5,66.1,13.2,13.81,96.83,48.09,0,DC United 1-3 Chicago Fire,2026-05-13
DC United,0.84,3.13,-2.29,0.74,2.23,-1.49,0.1,0.14,-0.04,0.84,2.37,-1.53,,,,,,1,3,-2,0.29,41.5,45.57,,,44.57,0.41,0.7,133,15,13,14,31.71,20.0,10.05,4,5,23,7,14,69.5,33.9,82.4,86.19,104.53,51.91,3,DC United 1-3 Chicago Fire,2026-05-13
Inter Miami,2.88,1.69,1.19,2.43,0.93,1.5,0.45,0.0,0.45,2.88,0.93,1.95,,,,,,5,3,2,0.81,53.5,56.19,,,45.76,1.3,0.74,239,24,18,10,13.85,13.51,9.0,10,8,19,8,13,179.9,70.14,31.8,35.15,155.1,69.31,0,Cincinnati 3-5 Inter Miami,2026-05-13
Cincinnati,1.69,2.88,-1.19,0.93,2.43,-1.5,0.0,0.45,-0.45,0.93,2.88,-1.95,,,,,,3,5,-2,-0.81,46.5,43.81,,,48.93,0.74,1.3,231,5,10,18,13.51,13.85,10.29,8,10,8,1,19,76.6,29.86,58.67,64.85,68.67,30.69,0,Cincinnati 3-5 Inter Miami,2026-05-13
NYCFC,0.61,0.39,0.22,0.61,0.39,0.22,0.0,0.0,0.0,0.61,0.39,0.22,,,,,,1,0,1,0.78,53.1,45.66,,,44.12,0.46,0.42,175,10,4,5,8.7,11.9,10.91,2,10,7,2,19,74.2,38.69,50.8,43.64,68.4,45.91,0,Charlotte 0-1 NYCFC,2026-05-13
Charlotte,0.39,0.61,-0.22,0.39,0.61,-0.22,0.0,0.0,0.0,0.39,0.61,-0.22,,,,,,0,1,-1,-0.78,46.9,54.34,,,45.61,0.42,0.46,178,12,5,4,11.9,8.7,10.57,10,2,20,8,14,117.6,61.31,65.6,56.36,80.6,54.09,1,Charlotte 0-1 NYCFC,2026-05-13
Houston Dynamo,1.3,1.54,-0.24,1.28,1.37,-0.09,0.02,0.17,-0.15,1.3,1.54,-0.24,,,,,,4,1,3,3.24,33.7,18.29,,,41.27,0.26,0.83,131,6,12,19,46.15,22.89,24.33,3,9,5,3,12,36.3,9.07,112.27,75.68,133.67,55.62,0,LAFC 1-4 Houston Dynamo,2026-05-10
LAFC,1.54,1.3,0.24,1.37,1.28,0.09,0.17,0.02,0.15,1.54,1.3,0.24,,,,,,1,4,-3,-3.24,66.3,81.71,,,61.93,0.83,0.26,599,16,19,12,22.89,46.15,9.36,9,3,34,10,12,364.0,90.93,36.07,24.32,106.67,44.38,0,LAFC 1-4 Houston Dynamo,2026-05-10
Austin,1.37,2.77,-1.4,0.57,1.88,-1.31,0.04,0.13,-0.09,0.61,2.01,-1.4,,,,,,2,2,0,1.4,44.9,37.72,,,43.8,0.3,1.47,171,10,12,18,40.0,12.24,12.87,2,9,8,4,11,55.2,23.27,54.4,60.26,60.67,31.42,2,Minnesota United 2-2 Austin,2026-05-10
Minnesota United,2.77,1.37,1.4,1.88,0.57,1.31,0.13,0.04,0.09,2.01,0.61,1.4,,,,,,2,2,0,-1.4,55.1,62.28,,,50.22,1.47,0.3,276,20,18,12,12.24,40.0,11.15,9,2,20,3,15,182.0,76.73,35.87,39.74,132.43,68.58,6,Minnesota United 2-2 Austin,2026-05-10
Columbus Crew,1.54,1.0,0.54,1.37,0.86,0.51,0.17,0.14,0.03,1.54,1.0,0.54,,,,,,0,3,-3,-3.54,57.9,69.23,,,49.56,0.76,0.61,319,19,11,9,14.47,14.75,15.19,6,3,14,8,8,185.2,84.72,41.4,33.8,94.92,47.87,0,NYCFC 3-0 Columbus Crew,2026-05-10
NYCFC,1.0,1.54,-0.54,0.86,1.37,-0.51,0.14,0.17,-0.03,1.0,1.54,-0.54,,,,,,3,0,3,3.54,42.1,30.77,,,36.66,0.61,0.76,123,9,9,11,14.75,14.47,24.3,3,6,7,3,7,33.4,15.28,81.07,66.2,103.37,52.13,0,NYCFC 3-0 Columbus Crew,2026-05-10
San Diego,2.92,3.24,-0.32,2.8,2.37,0.43,0.12,0.87,-0.75,2.92,3.24,-0.32,,,,,,1,1,0,0.32,53.2,38.72,,,41.81,0.69,1.19,220,17,15,26,21.74,21.85,17.46,4,9,10,2,8,89.2,29.19,34.47,23.29,34.83,14.99,0,Seattle Sounders 1-1 San Diego,2026-05-09
Seattle Sounders,3.24,2.92,0.32,2.37,2.8,-0.43,0.87,0.12,0.75,3.24,2.92,0.32,,,,,,1,1,0,-0.32,46.8,61.28,,,51.96,1.19,0.69,330,32,26,15,21.85,21.74,15.31,9,4,25,8,9,216.4,70.81,113.53,76.71,197.6,85.01,2,Seattle Sounders 1-1 San Diego,2026-05-09
Vancouver Whitecaps,2.07,1.21,0.86,1.95,1.2,0.75,0.12,0.01,0.11,2.07,1.21,0.86,,,,,,1,1,0,-0.86,70.5,78.61,,,52.79,0.83,0.33,348,18,16,7,19.28,21.21,4.93,9,3,34,4,15,257.9,98.14,6.0,4.74,165.87,82.24,2,SJ Earthquakes 1-1 Vancouver Whitecaps,2026-05-09
SJ Earthquakes,1.21,2.07,-0.86,1.2,1.95,-0.75,0.01,0.12,-0.11,1.21,2.07,-0.86,,,,,,1,1,0,0.86,29.5,21.39,,,38.18,0.33,0.83,76,4,7,16,21.21,19.28,16.62,3,9,14,2,14,4.9,1.86,120.47,95.26,35.83,17.76,1,SJ Earthquakes 1-1 Vancouver Whitecaps,2026-05-09
Sporting KC,0.55,1.62,-1.07,0.47,1.48,-1.01,0.08,0.14,-0.06,0.55,1.62,-1.07,,,,,,0,6,-6,-4.93,37.2,35.8,,,47.74,0.55,0.69,209,11,11,17,20.0,24.64,20.04,3,7,15,5,20,90.8,27.43,159.8,93.63,46.7,12.73,5,Portland Timbers 6-0 Sporting KC,2026-05-09
Portland Timbers,1.62,0.55,1.07,1.48,0.47,1.01,0.14,0.08,0.06,1.62,0.55,1.07,,,,,,6,0,6,4.93,62.8,64.2,,,50.87,0.69,0.55,409,13,17,11,24.64,20.0,8.79,7,3,13,4,11,240.2,72.57,10.87,6.37,320.23,87.27,0,Portland Timbers 6-0 Sporting KC,2026-05-09
St. Louis City,1.8,1.48,0.32,1.8,0.8,1.0,0.0,0.68,-0.68,1.8,1.48,0.32,,,,,,1,0,1,0.68,44.0,33.96,,,42.56,0.48,1.11,118,6,10,10,20.83,9.01,8.95,8,10,6,1,18,42.3,25.65,75.8,70.93,78.43,52.07,0,Colorado Rapids 0-1 St. Louis City,2026-05-09
Colorado Rapids,1.48,1.8,-0.32,0.8,1.8,-1.0,0.68,0.0,0.68,1.48,1.8,-0.32,,,,,,0,1,-1,-0.68,56.0,66.04,,,45.48,1.11,0.48,204,14,10,10,9.01,20.83,7.18,10,8,28,11,19,122.6,74.35,31.07,29.07,72.2,47.93,1,Colorado Rapids 0-1 St. Louis City,2026-05-09
DC United,1.99,2.31,-0.32,1.01,1.97,-0.96,0.98,0.34,0.64,1.99,2.31,-0.32,,,,,,2,2,0,0.32,26.4,31.27,,,46.5,0.6,0.83,99,11,12,16,20.0,19.28,15.82,2,4,17,7,15,44.4,18.32,139.33,98.08,117.13,69.45,4,Nashville SC 2-2 DC United,2026-05-09
Nashville SC,2.31,1.99,0.32,1.97,1.01,0.96,0.34,0.98,-0.64,2.31,1.99,0.32,,,,,,2,2,0,-0.32,73.6,68.73,,,49.94,0.83,0.6,298,18,16,12,19.28,20.0,7.23,4,2,23,8,9,197.9,81.68,2.73,1.92,51.53,30.55,2,Nashville SC 2-2 DC United,2026-05-09
Real Salt Lake,0.71,2.23,-1.52,0.71,2.12,-1.41,0.0,0.12,-0.12,0.71,2.23,-1.52,,,,,,1,3,-2,-0.48,73.5,77.05,,,50.58,0.88,0.61,379,19,9,11,10.23,18.03,5.81,9,2,24,7,13,172.5,87.34,3.33,1.72,76.33,33.4,7,Dallas 3-1 Real Salt Lake,2026-05-09
Dallas,2.23,0.71,1.52,2.12,0.71,1.41,0.12,0.0,0.12,2.23,0.71,1.52,,,,,,3,1,2,0.48,26.5,22.95,,,42.27,0.61,0.88,89,10,11,9,18.03,10.23,20.76,2,9,7,4,15,25.0,12.66,190.0,98.28,152.23,66.6,0,Dallas 3-1 Real Salt Lake,2026-05-09
Philadelphia Union,1.21,1.2,0.01,1.09,1.04,0.05,0.11,0.16,-0.05,1.21,1.2,0.01,,,,,,1,2,-1,-1.01,39.3,46.69,,,49.57,0.7,0.41,196,8,12,10,17.14,24.39,14.5,8,4,15,3,16,89.5,43.85,115.47,89.19,107.47,46.2,1,New England 2-1 Philadelphia Union,2026-05-09
New England,1.2,1.21,-0.01,1.04,1.09,-0.05,0.16,0.11,0.05,1.2,1.21,-0.01,,,,,,2,1,1,1.01,60.7,53.31,,,44.96,0.41,0.7,243,11,10,12,24.39,17.14,11.0,4,8,22,9,8,114.6,56.15,14.0,10.81,125.16,53.8,1,New England 2-1 Philadelphia Union,2026-05-09
Cincinnati,1.59,1.99,-0.4,1.55,1.07,0.48,0.04,0.92,-0.88,1.59,1.99,-0.4,,,,,,2,2,0,0.4,52.8,42.14,,,44.75,0.36,0.8,241,8,13,12,36.11,15.0,13.17,3,4,14,4,15,62.7,32.1,63.27,36.61,67.5,30.18,1,Charlotte 2-2 Cincinnati,2026-05-09
Charlotte,1.99,1.59,0.4,1.07,1.55,-0.48,0.92,0.04,0.88,1.99,1.59,0.4,,,,,,2,2,0,-0.4,47.2,57.86,,,47.77,0.8,0.36,247,22,12,13,15.0,36.11,16.31,4,3,25,7,9,132.6,67.9,109.53,63.39,156.17,69.82,1,Charlotte 2-2 Cincinnati,2026-05-09
LA Galaxy,2.08,1.85,0.23,1.84,1.66,0.18,0.24,0.18,0.06,2.08,1.85,0.23,,,,,,2,1,1,0.77,47.3,33.22,,,40.93,0.74,0.95,130,8,10,14,13.51,14.74,23.67,3,6,11,5,5,40.9,23.55,53.93,47.2,72.87,31.86,1,Atlanta United 1-2 LA Galaxy,2026-05-09
Atlanta United,1.85,2.08,-0.23,1.66,1.84,-0.18,0.18,0.24,-0.06,1.85,2.08,-0.23,,,,,,1,2,-1,-0.77,52.7,66.78,,,50.98,0.95,0.74,260,18,14,10,14.74,13.51,14.58,6,3,23,6,7,132.8,76.45,60.33,52.8,155.87,68.14,0,Atlanta United 1-2 LA Galaxy,2026-05-09
Orlando City,0.69,2.49,-1.8,0.57,1.67,-1.1,0.12,0.06,0.06,0.69,1.73,-1.04,,,,,,0,2,-2,-0.2,47.1,35.84,,,44.97,0.36,0.71,162,7,8,23,22.22,32.39,13.29,5,6,12,3,16,52.1,21.9,44.07,48.01,38.73,17.99,0,Montréal 2-0 Orlando City,2026-05-09
Montréal,2.49,0.69,1.8,1.67,0.57,1.1,0.06,0.12,-0.06,1.73,0.69,1.04,,,,,,2,0,2,0.2,52.9,64.16,,,52.75,0.71,0.36,267,20,23,8,32.39,22.22,10.94,6,5,36,11,10,185.8,78.1,47.73,51.99,176.6,82.01,0,Montréal 2-0 Orlando City,2026-05-09
New York RB,1.67,1.57,0.1,0.78,1.43,-0.65,0.13,0.14,-0.01,0.91,1.57,-0.66,,,,,,3,1,2,1.9,36.8,39.83,,,46.27,0.4,0.86,153,11,9,15,22.5,17.44,20.62,4,8,8,3,10,66.4,31.26,90.73,90.07,131.27,66.6,1,Chicago Fire 1-3 New York RB,2026-05-09
Chicago Fire,1.57,1.67,-0.1,1.43,0.78,0.65,0.14,0.13,0.01,1.57,0.91,0.66,,,,,,1,3,-2,-1.9,63.2,60.17,,,46.54,0.86,0.4,275,23,15,9,17.44,22.5,10.73,8,4,22,6,7,146.0,68.74,10.0,9.93,65.83,33.4,2,Chicago Fire 1-3 New York RB,2026-05-09
Inter Miami,1.97,1.7,0.27,1.97,1.66,0.31,0.0,0.04,-0.04,1.97,1.7,0.27,,,,,,4,2,2,1.73,59.9,47.5,,,45.23,0.89,0.88,227,16,11,13,12.36,14.77,9.35,7,7,6,4,12,87.2,50.43,25.8,20.57,93.03,45.66,0,Toronto 2-4 Inter Miami,2026-05-09
Toronto,1.7,1.97,-0.27,1.66,1.97,-0.31,0.04,0.0,0.04,1.7,1.97,-0.27,,,,,,2,4,-2,-1.73,40.1,52.5,,,51.0,0.88,0.89,207,17,13,11,14.77,12.36,15.25,7,7,20,4,9,85.7,49.57,99.6,79.43,110.73,54.34,1,Toronto 2-4 Inter Miami,2026-05-09
St. Louis City,3.5,2.28,1.22,3.03,1.62,1.41,0.47,0.67,-0.2,3.5,2.28,1.22,,,,,,0,2,-2,-3.22,44.3,47.74,,,45.86,0.82,1.89,183,20,15,15,18.29,7.94,10.56,8,5,15,6,20,98.3,50.64,73.33,59.81,97.33,53.04,2,Austin 2-0 St. Louis City,2026-05-03
Austin,2.28,3.5,-1.22,1.62,3.03,-1.41,0.67,0.47,0.2,2.28,3.5,-1.22,,,,,,2,0,2,3.22,55.7,52.26,,,44.13,1.89,0.82,186,23,15,15,7.94,18.29,8.35,5,8,15,4,14,95.8,49.36,49.27,40.19,86.17,46.96,3,Austin 2-0 St. Louis City,2026-05-03
DC United,2.94,0.64,2.3,2.17,0.18,1.99,0.02,0.45,-0.43,2.18,0.64,1.54,,,,,,2,0,2,-0.3,28.6,36.44,,,50.33,0.14,0.82,132,11,19,9,135.71,10.98,14.97,4,5,16,3,17,45.2,23.52,159.4,99.38,160.9,87.83,7,NYCFC 0-2 DC United,2026-05-03
NYCFC,0.64,2.94,-2.3,0.18,2.17,-1.99,0.45,0.02,0.43,0.64,2.18,-1.54,,,,,,0,2,-2,0.3,71.4,63.56,,,48.84,0.82,0.14,322,17,9,19,10.98,135.71,5.03,5,4,30,6,10,147.0,76.48,1.0,0.62,22.3,12.17,0,NYCFC 0-2 DC United,2026-05-03
Vancouver Whitecaps,2.38,1.51,0.87,2.06,0.7,1.36,0.32,0.81,-0.49,2.38,1.51,0.87,,,,,,1,1,0,-0.87,61.9,79.38,,,53.62,0.79,0.46,330,13,19,7,24.05,15.22,6.52,13,7,21,2,18,251.2,92.42,38.33,27.07,200.8,84.57,1,LA Galaxy 1-1 Vancouver Whitecaps,2026-05-02
LA Galaxy,1.51,2.38,-0.87,0.7,2.06,-1.36,0.81,0.32,0.49,1.51,2.38,-0.87,,,,,,1,1,0,0.87,38.1,20.62,,,34.54,0.46,0.79,71,11,7,19,15.22,24.05,11.94,7,13,7,1,12,20.6,7.58,103.27,72.93,36.63,15.43,0,LA Galaxy 1-1 Vancouver Whitecaps,2026-05-02
LAFC,0.75,1.12,-0.37,0.4,0.52,-0.12,0.35,0.6,-0.25,0.75,1.12,-0.37,,,,,,2,2,0,0.37,44.0,39.42,,,42.84,0.36,0.83,169,8,9,8,25.0,9.64,17.8,3,10,9,3,17,73.4,31.77,112.4,69.93,46.5,26.01,0,San Diego 2-2 LAFC,2026-05-02
San Diego,1.12,0.75,0.37,0.52,0.4,0.12,0.6,0.35,0.25,1.12,0.75,0.37,,,,,,2,2,0,-0.37,56.0,60.58,,,49.07,0.83,0.36,339,11,8,9,9.64,25.0,11.84,10,3,12,2,12,157.6,68.23,48.33,30.07,132.3,73.99,0,San Diego 2-2 LAFC,2026-05-02
Colorado Rapids,0.58,0.67,-0.09,0.49,0.58,-0.09,0.09,0.09,0.0,0.58,0.67,-0.09,,,,,,0,1,-1,-0.91,60.5,68.46,,,50.35,0.51,0.37,294,11,4,9,7.84,24.32,9.91,11,2,30,5,8,127.3,69.22,22.2,22.86,83.57,54.74,0,Houston Dynamo 1-0 Colorado Rapids,2026-05-02
Houston Dynamo,0.67,0.58,0.09,0.58,0.49,0.09,0.09,0.09,0.0,0.67,0.58,0.09,,,,,,1,0,1,0.91,39.5,31.54,,,39.59,0.37,0.51,115,6,9,4,24.32,7.84,19.96,2,11,15,6,11,56.6,30.78,74.93,77.14,69.1,45.26,0,Houston Dynamo 1-0 Colorado Rapids,2026-05-02
Cincinnati,2.17,6.15,-3.98,1.41,4.38,-2.97,0.0,1.01,-1.01,1.41,5.39,-3.98,,,,,,3,2,1,4.98,44.5,21.79,,,40.2,0.2,1.65,126,5,10,33,50.0,20.0,20.29,4,7,5,1,5,18.7,5.0,43.87,41.67,12.97,3.44,1,Chicago Fire 2-3 Cincinnati,2026-05-02
Chicago Fire,6.15,2.17,3.98,4.38,1.41,2.97,1.01,0.0,1.01,5.39,1.41,3.98,,,,,,2,3,-1,-4.98,55.5,78.21,,,55.26,1.65,0.2,337,31,33,10,20.0,50.0,14.32,7,4,29,10,12,355.1,95.0,61.4,58.33,363.7,96.56,0,Chicago Fire 2-3 Cincinnati,2026-05-02
Nashville SC,0.58,1.42,-0.84,0.52,1.36,-0.84,0.06,0.06,0.0,0.58,1.42,-0.84,,,,,,0,0,0,0.84,53.7,40.46,,,45.83,0.46,0.92,198,12,8,16,17.39,17.39,10.21,3,5,14,2,11,50.0,26.47,20.93,22.2,20.47,11.23,2,Philadelphia Union 0-0 Nashville SC,2026-05-02
Philadelphia Union,1.42,0.58,0.84,1.36,0.52,0.84,0.06,0.06,0.0,1.42,0.58,0.84,,,,,,0,0,0,-0.84,46.3,59.54,,,51.3,0.92,0.46,217,16,16,8,17.39,17.39,12.61,5,3,24,5,14,138.9,73.53,73.33,77.8,161.77,88.77,9,Philadelphia Union 0-0 Nashville SC,2026-05-02
Dallas,2.04,1.42,0.62,2.04,1.3,0.74,0.0,0.11,-0.11,2.04,1.42,0.62,,,,,,2,0,2,1.38,42.6,40.69,,,49.65,0.58,0.71,217,8,12,9,20.69,12.68,18.43,4,8,8,4,7,87.9,31.13,96.27,71.59,92.1,51.97,0,New York RB 0-2 Dallas,2026-05-02
New York RB,1.42,2.04,-0.62,1.3,2.04,-0.74,0.11,0.0,0.11,1.42,2.04,-0.62,,,,,,0,2,-2,-1.38,57.4,59.31,,,51.89,0.71,0.58,318,21,9,12,12.68,20.69,15.41,8,4,21,8,6,194.5,68.87,38.2,28.41,85.13,48.03,0,New York RB 0-2 Dallas,2026-05-02
Charlotte,1.43,1.8,-0.37,0.83,1.04,-0.21,0.6,0.0,0.6,1.43,1.04,0.39,,,,,,0,1,-1,-0.63,45.6,57.4,,,49.54,0.84,0.75,248,15,8,14,9.52,18.67,15.19,6,5,18,5,16,132.0,57.47,109.8,77.91,163.93,76.28,1,New England 1-0 Charlotte,2026-05-02
New England,1.8,1.43,0.37,1.04,0.83,0.21,0.0,0.6,-0.6,1.04,1.43,-0.39,,,,,,1,0,1,0.63,54.4,42.6,,,44.01,0.75,0.84,204,18,14,8,18.67,9.52,12.18,5,6,19,3,10,97.7,42.53,31.13,22.09,50.97,23.72,0,New England 1-0 Charlotte,2026-05-02
Minnesota United,2.1,2.22,-0.12,1.51,2.2,-0.69,0.59,0.02,0.57,2.1,2.22,-0.12,,,,,,3,2,1,1.12,34.7,39.23,,,47.4,0.45,0.26,155,18,12,13,26.67,50.0,16.47,10,13,16,6,11,71.2,32.9,188.93,98.95,180.33,73.33,5,Columbus Crew 2-3 Minnesota United,2026-05-02
Columbus Crew,2.22,2.1,0.12,2.2,1.51,0.69,0.02,0.59,-0.57,2.22,2.1,0.12,,,,,,2,3,-1,-1.12,65.3,60.77,,,45.87,0.26,0.45,295,10,13,12,50.0,26.67,7.03,13,10,11,4,10,145.2,67.1,2.0,1.05,65.6,26.67,0,Columbus Crew 2-3 Minnesota United,2026-05-02
Montréal,1.03,1.43,-0.4,0.97,1.26,-0.29,0.07,0.17,-0.1,1.03,1.43,-0.4,,,,,,1,3,-2,-1.6,47.6,50.67,,,46.07,0.94,0.77,198,9,11,18,11.7,23.38,12.03,6,4,13,2,9,61.3,36.53,59.73,55.61,57.5,31.36,1,Atlanta United 3-1 Montréal,2026-05-02
Atlanta United,1.43,1.03,0.4,1.26,0.97,0.29,0.17,0.07,0.1,1.43,1.03,0.4,,,,,,3,1,2,1.6,52.4,49.33,,,45.31,0.77,0.94,211,14,18,11,23.38,11.7,12.43,4,6,12,3,13,106.5,63.47,47.67,44.39,125.83,68.64,0,Atlanta United 3-1 Montréal,2026-05-02
Orlando City,2.34,3.41,-1.07,1.56,2.44,-0.88,0.02,0.96,-0.94,1.58,3.41,-1.83,,,,,,4,3,1,2.07,36.0,32.88,,,46.89,0.45,2.36,145,11,13,26,28.89,11.02,16.61,2,4,11,2,5,39.7,14.82,105.8,89.46,41.6,13.22,0,Inter Miami 3-4 Orlando City,2026-05-02
Inter Miami,3.41,2.34,1.07,2.44,1.56,0.88,0.96,0.02,0.94,3.41,1.58,1.83,,,,,,3,4,-1,-2.07,64.0,67.12,,,50.79,2.36,0.45,288,36,26,13,11.02,28.89,8.3,4,2,17,10,18,228.1,85.18,12.47,10.54,273.14,86.78,0,Inter Miami 3-4 Orlando City,2026-05-02
Portland Timbers,1.35,3.0,-1.65,1.35,2.9,-1.55,0.0,0.1,-0.1,1.35,3.0,-1.65,,,,,,0,2,-2,-0.35,47.2,41.45,,,46.16,0.66,1.21,201,11,11,25,16.67,20.66,14.0,6,4,16,2,12,96.6,31.29,57.0,66.18,77.1,19.69,3,Real Salt Lake 2-0 Portland Timbers,2026-05-02
Real Salt Lake,3.0,1.35,1.65,2.9,1.35,1.55,0.1,0.0,0.1,3.0,1.35,1.65,,,,,,2,0,2,0.35,52.8,58.55,,,47.54,1.21,0.66,250,24,25,11,20.66,16.67,10.81,4,6,17,6,15,212.1,68.71,29.13,33.82,314.53,80.31,1,Real Salt Lake 2-0 Portland Timbers,2026-05-02
Seattle Sounders,2.47,2.09,0.38,2.25,2.0,0.25,0.22,0.09,0.13,2.47,2.09,0.38,,,,,,1,1,0,-0.38,64.7,77.47,,,58.77,1.51,0.68,460,32,26,10,17.22,14.71,12.08,3,4,26,9,7,365.4,96.54,43.2,36.84,341.27,94.67,1,Sporting KC 1-1 Seattle Sounders,2026-05-02
Sporting KC,2.09,2.47,-0.38,2.0,2.25,-0.25,0.09,0.22,-0.13,2.09,2.47,-0.38,,,,,,1,1,0,0.38,35.3,22.53,,,42.58,0.68,1.51,134,7,10,26,14.71,17.22,20.0,4,3,9,4,10,13.1,3.46,74.07,63.16,19.23,5.33,3,Sporting KC 1-1 Seattle Sounders,2026-05-02
SJ Earthquakes,1.58,1.23,0.35,1.36,1.12,0.24,0.22,0.12,0.1,1.58,1.23,0.35,,,,,,1,1,0,-0.35,50.8,49.37,,,47.52,0.5,0.63,194,15,10,11,20.0,17.46,11.06,7,5,29,9,7,96.9,53.27,49.4,60.74,99.53,57.8,1,Toronto 1-1 SJ Earthquakes,2026-05-02
Toronto,1.23,1.58,-0.35,1.12,1.36,-0.24,0.12,0.22,-0.1,1.23,1.58,-0.35,,,,,,1,1,0,0.35,49.2,50.63,,,45.63,0.63,0.5,201,14,11,10,17.46,20.0,11.5,5,7,22,8,17,85.0,46.73,31.93,39.26,72.67,42.2,0,Toronto 1-1 SJ Earthquakes,2026-05-02
Real Salt Lake,1.17,2.52,-1.35,1.17,1.62,-0.45,0.0,0.13,-0.13,1.17,1.76,-0.59,,,,,,1,2,-1,0.35,61.5,56.45,,,46.39,1.01,0.39,285,17,16,16,15.84,41.03,8.58,7,2,12,0,14,126.5,61.08,15.33,12.51,40.33,18.35,0,LA Galaxy 2-1 Real Salt Lake,2026-04-26
LA Galaxy,2.52,1.17,1.35,1.62,1.17,0.45,0.13,0.0,0.13,1.76,1.17,0.59,,,,,,2,1,1,-0.35,38.5,43.55,,,43.3,0.39,1.01,159,11,16,16,41.03,15.84,12.3,2,7,4,7,16,80.6,38.92,107.2,87.49,179.47,81.65,0,LA Galaxy 2-1 Real Salt Lake,2026-04-26
Colorado Rapids,2.34,4.26,-1.92,2.21,3.44,-1.23,0.13,0.82,-0.69,2.34,4.26,-1.92,,,,,,1,3,-2,-0.08,54.8,33.22,,,37.77,0.93,1.33,136,10,13,20,13.98,15.04,8.4,9,26,10,3,12,73.0,28.39,28.93,19.76,29.93,9.28,0,Vancouver Whitecaps 3-1 Colorado Rapids,2026-04-25
Vancouver Whitecaps,4.26,2.34,1.92,3.44,2.21,1.23,0.82,0.13,0.69,4.26,2.34,1.92,,,,,,3,1,2,0.08,45.2,66.78,,,51.38,1.33,0.93,227,23,20,13,15.04,13.98,7.32,26,9,17,8,24,184.1,71.61,117.47,80.24,292.43,90.72,1,Vancouver Whitecaps 3-1 Colorado Rapids,2026-04-25
Dallas,0.62,1.99,-1.37,0.4,0.67,-0.27,0.21,0.55,-0.34,0.62,1.23,-0.61,,,,,,1,2,-1,0.37,41.5,49.43,,,48.49,0.48,0.66,179,8,10,9,20.83,13.64,22.29,1,2,18,7,12,64.6,42.61,92.8,81.4,88.43,48.69,0,Seattle Sounders 2-1 Dallas,2026-04-25
Seattle Sounders,1.99,0.62,1.37,0.67,0.4,0.27,0.55,0.21,0.34,1.23,0.62,0.61,,,,,,2,1,1,-0.37,58.5,50.57,,,43.58,0.66,0.48,204,9,9,10,13.64,20.83,10.0,2,1,13,4,5,87.0,57.39,21.2,18.6,93.2,51.31,2,Seattle Sounders 2-1 Dallas,2026-04-25
Portland Timbers,2.02,1.8,0.22,1.56,1.04,0.52,0.45,0.0,0.45,2.02,1.04,0.98,,,,,,2,1,1,0.78,33.5,26.27,,,40.13,0.36,0.71,131,6,11,10,30.56,14.08,17.26,9,7,15,6,10,59.6,20.88,110.8,84.63,92.87,37.76,0,San Diego 1-2 Portland Timbers,2026-04-25
San Diego,1.8,2.02,-0.22,1.04,1.56,-0.52,0.0,0.45,-0.45,1.04,2.02,-0.98,,,,,,1,2,-1,-0.78,66.5,73.73,,,49.84,0.71,0.36,385,18,10,11,14.08,30.56,10.36,7,9,18,6,12,225.8,79.12,20.13,15.37,153.1,62.24,2,San Diego 1-2 Portland Timbers,2026-04-25
SJ Earthquakes,1.37,2.54,-1.17,0.61,1.99,-1.38,0.0,0.55,-0.55,0.61,2.54,-1.93,,,,,,3,2,1,2.17,44.3,42.11,,,46.71,0.61,1.36,187,16,9,21,14.75,15.44,11.69,2,5,14,3,13,35.4,17.13,50.53,60.3,61.37,30.6,0,St. Louis City 2-3 SJ Earthquakes,2026-04-25
St. Louis City,2.54,1.37,1.17,1.99,0.61,1.38,0.55,0.0,0.55,2.54,0.61,1.93,,,,,,2,3,-1,-2.17,55.7,57.89,,,47.11,1.36,0.61,226,26,21,9,15.44,14.75,10.79,5,2,30,10,12,171.3,82.87,33.27,39.7,139.2,69.4,4,St. Louis City 2-3 SJ Earthquakes,2026-04-25
Charlotte,1.39,1.13,0.26,0.58,0.79,-0.21,0.81,0.35,0.46,1.39,1.13,0.26,,,,,,2,4,-2,-2.26,39.4,39.02,,,43.68,0.2,0.44,158,7,8,13,40.0,29.55,21.62,2,5,12,4,8,63.4,31.34,137.53,88.2,88.93,36.31,1,Nashville SC 4-2 Charlotte,2026-04-25
Nashville SC,1.13,1.39,-0.26,0.79,0.58,0.21,0.35,0.81,-0.46,1.13,1.39,-0.26,,,,,,4,2,2,2.26,60.6,60.98,,,44.32,0.44,0.2,257,12,13,8,29.55,40.0,13.74,5,2,15,6,13,138.9,68.66,18.4,11.8,155.97,63.69,0,Nashville SC 4-2 Charlotte,2026-04-25
Sporting KC,0.41,3.44,-3.03,0.35,1.92,-1.57,0.06,0.76,-0.7,0.41,2.68,-2.27,,,,,,0,5,-5,-1.97,29.8,23.99,,,45.84,0.17,0.56,140,7,6,17,35.29,30.36,17.33,6,6,9,2,16,14.1,5.7,192.53,93.49,35.6,16.51,0,Chicago Fire 5-0 Sporting KC,2026-04-25
Chicago Fire,3.44,0.41,3.03,1.92,0.35,1.57,0.76,0.06,0.7,2.68,0.41,2.27,,,,,,5,0,5,1.97,70.2,76.01,,,50.21,0.56,0.17,383,14,17,6,30.36,35.29,7.0,6,6,19,3,15,233.1,94.3,13.4,6.51,180.0,83.49,0,Chicago Fire 5-0 Sporting KC,2026-04-25
Houston Dynamo,1.24,0.9,0.34,1.2,0.76,0.44,0.04,0.13,-0.09,1.24,0.9,0.34,,,,,,0,2,-2,-2.34,54.3,63.41,,,49.06,0.83,0.49,261,11,11,12,13.25,24.49,11.2,6,5,21,5,12,137.3,71.18,31.33,28.4,80.53,43.22,0,Austin 2-0 Houston Dynamo,2026-04-25
Austin,0.9,1.24,-0.34,0.76,1.2,-0.44,0.13,0.04,0.09,0.9,1.24,-0.34,,,,,,2,0,2,2.34,45.7,36.59,,,42.77,0.49,0.83,139,14,12,11,24.49,13.25,15.19,5,6,9,3,14,55.6,28.82,79.0,71.6,105.8,56.78,0,Austin 2-0 Houston Dynamo,2026-04-25
New England,1.93,2.6,-0.67,1.83,2.25,-0.42,0.1,0.35,-0.25,1.93,2.6,-0.67,,,,,,1,1,0,0.67,31.9,20.89,,,45.19,0.23,1.44,144,4,16,18,69.57,12.5,27.78,1,3,1,1,7,39.6,11.48,124.0,85.56,75.93,26.37,1,Inter Miami 1-1 New England,2026-04-25
Inter Miami,2.6,1.93,0.67,2.25,1.83,0.42,0.35,0.1,0.25,2.6,1.93,0.67,,,,,,1,1,0,-0.67,68.1,79.11,,,56.42,1.44,0.23,510,17,18,16,12.5,69.57,10.1,3,1,25,7,14,305.2,88.52,20.93,14.44,211.97,73.63,0,Inter Miami 1-1 New England,2026-04-25
Orlando City,1.65,1.48,0.17,1.52,1.09,0.43,0.13,0.39,-0.26,1.65,1.48,0.17,,,,,,2,3,-1,-1.17,61.3,54.29,,,48.23,0.86,0.65,242,16,8,15,9.3,23.08,7.81,5,10,25,8,14,96.6,59.45,6.53,6.07,39.9,25.7,5,DC United 3-2 Orlando City,2026-04-25
DC United,1.48,1.65,-0.17,1.09,1.52,-0.43,0.39,0.13,0.26,1.48,1.65,-0.17,,,,,,3,2,1,1.17,38.7,45.71,,,49.36,0.65,0.86,168,12,15,8,23.08,9.3,12.42,10,5,14,7,11,65.9,40.55,101.0,93.93,115.37,74.3,5,DC United 3-2 Orlando City,2026-04-25
Philadelphia Union,0.99,1.04,-0.05,0.81,1.01,-0.2,0.18,0.02,0.16,0.99,1.04,-0.05,,,,,,0,2,-2,-1.95,44.3,48.68,,,44.52,0.81,0.23,171,18,10,8,12.35,34.78,9.32,10,7,8,4,18,80.4,55.37,106.13,88.44,140.7,73.46,4,Columbus Crew 2-0 Philadelphia Union,2026-04-25
Columbus Crew,1.04,0.99,0.05,1.01,0.81,0.2,0.02,0.18,-0.16,1.04,0.99,0.05,,,,,,2,0,2,1.95,55.7,51.32,,,38.7,0.23,0.81,134,4,8,10,34.78,12.35,8.83,7,10,10,2,11,64.8,44.63,13.87,11.56,50.83,26.54,1,Columbus Crew 2-0 Philadelphia Union,2026-04-25
New York RB,1.77,3.09,-1.32,1.71,2.26,-0.55,0.06,0.07,-0.01,1.77,2.33,-0.56,,,,,,0,2,-2,-0.68,52.2,69.02,,,56.84,1.54,0.98,348,29,19,15,12.34,15.31,11.5,7,6,29,7,15,224.8,72.82,87.13,62.75,197.2,75.3,0,Cincinnati 2-0 New York RB,2026-04-25
Cincinnati,3.09,1.77,1.32,2.26,1.71,0.55,0.07,0.06,0.01,2.33,1.77,0.56,,,,,,2,0,2,0.68,47.8,30.98,,,41.16,0.98,1.54,158,18,15,19,15.31,12.34,9.51,6,7,10,4,9,83.9,27.18,51.73,37.25,64.67,24.7,0,Cincinnati 2-0 New York RB,2026-04-25
LAFC,0.85,2.54,-1.69,0.85,1.57,-0.72,0.0,0.96,-0.96,0.85,2.54,-1.69,,,,,,1,0,1,2.69,38.5,21.55,,,40.59,0.17,1.27,126,3,7,24,41.18,18.9,20.14,2,11,4,2,9,27.4,8.7,84.93,67.34,37.8,19.02,1,Minnesota United 0-1 LAFC,2026-04-25
Minnesota United,2.54,0.85,1.69,1.57,0.85,0.72,0.96,0.0,0.96,2.54,0.85,1.69,,,,,,0,1,-1,-2.69,61.5,78.45,,,55.71,1.27,0.17,433,20,24,7,18.9,41.18,8.74,11,2,26,11,11,287.6,91.3,41.2,32.66,160.97,80.98,3,Minnesota United 0-1 LAFC,2026-04-25
NYCFC,0.94,1.01,-0.07,0.94,0.88,0.06,0.0,0.13,-0.13,0.94,1.01,-0.07,,,,,,0,1,-1,-0.93,63.9,61.15,,,47.68,0.4,0.54,309,10,5,8,12.5,14.81,8.47,4,8,14,1,15,156.8,65.14,19.13,13.01,75.43,35.7,0,Montréal 1-0 NYCFC,2026-04-25
Montréal,1.01,0.94,0.07,0.88,0.94,-0.06,0.13,0.0,0.13,1.01,0.94,0.07,,,,,,1,0,1,0.93,36.1,38.85,,,44.33,0.54,0.4,144,6,8,5,14.81,12.5,15.97,8,4,8,3,18,83.9,34.86,127.93,86.99,135.83,64.3,0,Montréal 1-0 NYCFC,2026-04-25
Atlanta United,0.97,0.98,-0.01,0.94,0.7,0.24,0.02,0.28,-0.26,0.97,0.98,-0.01,,,,,,2,1,1,1.01,49.8,51.36,,,48.33,0.46,0.37,227,7,6,9,13.04,24.32,10.57,6,2,11,7,15,86.1,55.41,52.4,55.59,90.9,73.74,0,Toronto 1-2 Atlanta United,2026-04-25
Toronto,0.98,0.97,0.01,0.7,0.94,-0.24,0.28,0.02,0.26,0.98,0.97,0.01,,,,,,1,2,-1,-1.01,50.2,48.64,,,47.79,0.37,0.46,228,9,9,6,24.32,13.04,11.59,2,6,19,8,10,69.3,44.59,41.87,44.41,32.37,26.26,0,Toronto 1-2 Atlanta United,2026-04-25
Austin,0.89,6.06,-5.17,0.89,4.61,-3.72,0.0,0.69,-0.69,0.89,5.3,-4.41,,,,,,1,5,-4,1.17,31.5,28.95,,,40.04,0.42,1.88,96,10,5,37,11.9,19.68,13.3,4,9,7,1,21,22.4,6.86,92.53,77.89,40.13,11.99,0,SJ Earthquakes 5-1 Austin,2026-04-22
SJ Earthquakes,6.06,0.89,5.17,4.61,0.89,3.72,0.69,0.0,0.69,5.3,0.89,4.41,,,,,,5,1,4,-1.17,68.5,71.05,,,47.83,1.88,0.42,265,28,37,5,19.68,11.9,5.32,9,4,40,13,16,304.3,93.14,26.27,22.11,294.66,88.01,0,SJ Earthquakes 5-1 Austin,2026-04-22
Colorado Rapids,0.61,0.32,0.29,0.61,0.22,0.39,0.0,0.1,-0.1,0.61,0.32,0.29,,,,,,0,0,0,-0.29,72.0,68.0,,,47.47,0.01,0.16,366,6,6,5,600.0,31.25,8.64,5,5,12,3,9,120.6,70.28,6.47,3.27,27.3,16.05,0,LAFC 0-0 Colorado Rapids,2026-04-22
LAFC,0.32,0.61,-0.29,0.22,0.61,-0.39,0.1,0.0,0.1,0.32,0.61,-0.29,,,,,,0,0,0,0.29,28.0,32.0,,,41.57,0.16,0.01,108,3,5,6,31.25,600.0,21.8,5,5,11,4,17,51.0,29.72,191.6,96.73,142.83,83.95,0,LAFC 0-0 Colorado Rapids,2026-04-22
LA Galaxy,1.07,1.65,-0.58,1.07,1.64,-0.57,0.0,0.02,-0.02,1.07,1.65,-0.58,,,,,,1,2,-1,-0.42,43.8,22.01,,,37.07,0.13,0.55,128,4,7,14,53.85,25.45,19.29,5,13,5,1,5,32.8,9.8,54.07,42.62,7.03,1.62,0,Columbus Crew 2-1 LA Galaxy,2026-04-22
Columbus Crew,1.65,1.07,0.58,1.64,1.07,0.57,0.02,0.0,0.02,1.65,1.07,0.58,,,,,,2,1,1,0.42,56.2,77.99,,,53.52,0.55,0.13,393,16,14,7,25.45,53.85,10.02,13,5,12,4,13,301.9,90.2,72.8,57.38,428.03,98.38,0,Columbus Crew 2-1 LA Galaxy,2026-04-22
Inter Miami,2.55,0.86,1.69,2.33,0.86,1.47,0.22,0.0,0.22,2.55,0.86,1.69,,,,,,2,0,2,0.31,50.4,49.2,,,47.01,0.81,0.71,218,13,19,11,23.46,15.49,12.09,3,6,12,4,9,122.7,59.22,51.33,54.92,137.83,65.68,0,Real Salt Lake 0-2 Inter Miami,2026-04-22
Real Salt Lake,0.86,2.55,-1.69,0.86,2.33,-1.47,0.0,0.22,-0.22,0.86,2.55,-1.69,,,,,,0,2,-2,-0.31,49.6,50.8,,,46.47,0.71,0.81,227,7,11,19,15.49,23.46,14.39,6,3,8,2,15,84.5,40.78,42.13,45.08,72.03,34.32,1,Real Salt Lake 0-2 Inter Miami,2026-04-22
San Diego,1.47,1.37,0.1,1.27,1.27,0.0,0.2,0.11,0.09,1.47,1.37,0.1,,,,,,0,1,-1,-1.1,71.5,88.17,,,53.98,0.72,0.3,496,17,9,11,12.5,36.67,10.27,6,2,17,3,11,274.4,90.68,12.8,7.34,162.93,69.57,0,Houston Dynamo 1-0 San Diego,2026-04-22
Houston Dynamo,1.37,1.47,-0.1,1.27,1.27,0.0,0.11,0.2,-0.09,1.37,1.47,-0.1,,,,,,1,0,1,1.1,28.5,11.83,,,36.06,0.3,0.72,58,6,11,9,36.67,12.5,36.06,2,6,1,1,10,28.2,9.32,161.53,92.66,71.27,30.43,0,Houston Dynamo 1-0 San Diego,2026-04-22
Minnesota United,1.17,0.8,0.37,1.17,0.8,0.37,0.0,0.0,0.0,1.17,0.8,0.37,,,,,,1,0,1,0.63,51.0,34.06,,,41.68,0.39,1.25,185,5,5,15,12.82,12.0,18.0,4,12,7,3,7,30.5,15.17,23.4,21.64,24.5,12.22,4,Dallas 0-1 Minnesota United,2026-04-22
Dallas,0.8,1.17,-0.37,0.8,1.17,-0.37,0.0,0.0,0.0,0.8,1.17,-0.37,,,,,,0,1,-1,-0.63,49.0,65.94,,,51.59,1.25,0.39,285,19,15,5,12.0,12.82,11.2,12,4,22,4,8,170.5,84.83,84.73,78.36,176.03,87.78,0,Dallas 0-1 Minnesota United,2026-04-22
New England,1.35,3.66,-2.31,1.06,3.23,-2.17,0.29,0.42,-0.13,1.35,3.66,-2.31,,,,,,2,1,1,3.31,51.6,35.22,,,41.63,0.42,0.99,175,9,7,23,16.67,23.23,13.64,2,2,11,3,10,63.4,27.13,42.4,29.94,30.2,13.39,0,Atlanta United 1-2 New England,2026-04-22
Atlanta United,3.66,1.35,2.31,3.23,1.06,2.17,0.42,0.29,0.13,3.66,1.35,2.31,,,,,,1,2,-1,-3.31,48.4,64.78,,,52.43,0.99,0.42,274,23,23,7,23.23,16.67,16.88,2,2,31,8,14,170.3,72.87,99.2,70.06,195.4,86.61,0,Atlanta United 1-2 New England,2026-04-22
Philadelphia Union,1.2,2.29,-1.09,0.76,2.17,-1.41,0.44,0.12,0.32,1.2,2.29,-1.09,,,,,,3,3,0,1.09,36.7,53.53,,,51.59,0.53,1.0,174,7,12,12,22.64,12.0,11.02,4,3,20,2,18,72.9,42.81,128.73,95.69,155.07,79.2,4,Toronto 3-3 Philadelphia Union,2026-04-22
Toronto,2.29,1.2,1.09,2.17,0.76,1.41,0.12,0.44,-0.32,2.29,1.2,1.09,,,,,,3,3,0,-1.09,63.3,46.47,,,40.95,1.0,0.53,166,14,12,12,12.0,22.64,7.77,3,4,20,2,12,97.4,57.19,5.8,4.31,40.73,20.8,2,Toronto 3-3 Philadelphia Union,2026-04-22
Charlotte,1.76,0.97,0.79,1.51,0.96,0.55,0.25,0.02,0.23,1.76,0.97,0.79,,,,,,1,4,-3,-3.79,56.9,55.77,,,47.16,0.79,0.97,282,17,15,11,18.99,11.34,14.83,1,4,19,4,10,146.7,63.67,27.33,21.29,77.84,32.32,0,Orlando City 4-1 Charlotte,2026-04-22
Orlando City,0.97,1.76,-0.79,0.96,1.51,-0.55,0.02,0.25,-0.23,0.97,1.76,-0.79,,,,,,4,1,3,3.79,43.1,44.23,,,48.47,0.97,0.79,206,19,11,15,11.34,18.99,19.83,4,1,9,2,12,83.7,36.33,101.07,78.71,163.03,67.68,0,Orlando City 4-1 Charlotte,2026-04-22
DC United,3.54,1.66,1.88,3.54,1.59,1.95,0.0,0.07,-0.07,3.54,1.66,1.88,,,,,,4,4,0,-1.88,48.7,56.34,,,44.8,1.4,0.43,173,21,14,13,10.0,30.23,8.54,16,3,21,3,13,126.7,56.46,48.4,56.72,112.4,50.22,2,New York RB 4-4 DC United,2026-04-22
New York RB,1.66,3.54,-1.88,1.59,3.54,-1.95,0.07,0.0,0.07,1.66,3.54,-1.88,,,,,,4,4,0,1.88,51.3,43.66,,,47.01,0.43,1.4,229,8,13,14,30.23,10.0,11.21,3,16,9,3,14,97.7,43.54,36.93,43.28,111.43,49.78,0,New York RB 4-4 DC United,2026-04-22
Cincinnati,1.59,2.71,-1.12,0.83,2.61,-1.78,0.0,0.09,-0.09,0.83,2.71,-1.88,,,,,,4,4,0,1.12,45.2,33.33,,,42.47,0.33,0.86,175,10,12,17,36.36,19.77,16.56,3,8,9,4,9,46.6,18.32,75.27,56.65,30.93,11.15,2,NYCFC 4-4 Cincinnati,2026-04-22
NYCFC,2.71,1.59,1.12,2.61,0.83,1.78,0.09,0.0,0.09,2.71,0.83,1.88,,,,,,4,4,0,-1.12,54.8,66.67,,,48.55,0.86,0.33,281,19,17,12,19.77,36.36,11.68,8,3,15,2,7,207.7,81.68,57.6,43.35,246.37,88.85,0,NYCFC 4-4 Cincinnati,2026-04-22
SJ Earthquakes,1.96,1.4,0.56,1.67,1.3,0.37,0.29,0.09,0.2,1.96,1.4,0.56,,,,,,4,1,3,2.44,47.4,47.89,,,43.12,0.82,0.52,181,10,13,17,15.85,32.69,14.58,6,9,10,3,10,82.5,41.11,36.27,37.31,66.13,42.66,0,LAFC 1-4 SJ Earthquakes,2026-04-19
LAFC,1.4,1.96,-0.56,1.3,1.67,-0.37,0.09,0.29,-0.2,1.4,1.96,-0.56,,,,,,1,4,-3,-2.44,52.6,52.11,,,47.58,0.52,0.82,262,15,17,13,32.69,15.85,12.53,9,6,20,5,13,118.2,58.89,60.93,62.69,88.9,57.34,0,LAFC 1-4 SJ Earthquakes,2026-04-19
St. Louis City,0.93,2.1,-1.17,0.81,1.05,-0.24,0.11,0.28,-0.17,0.93,1.34,-0.41,,,,,,1,4,-3,-1.83,50.1,52.05,,,49.0,0.39,0.53,265,14,12,13,30.77,24.53,11.24,9,2,29,8,12,116.2,49.24,80.0,65.43,79.39,28.06,0,Seattle Sounders 4-1 St. Louis City,2026-04-18
Seattle Sounders,2.1,0.93,1.17,1.05,0.81,0.24,0.28,0.11,0.17,1.34,0.93,0.41,,,,,,4,1,3,1.83,49.9,47.95,,,45.4,0.53,0.39,233,16,13,12,24.53,30.77,16.48,2,9,11,5,9,119.8,50.76,42.27,34.57,203.54,71.94,0,Seattle Sounders 4-1 St. Louis City,2026-04-18
San Diego,2.35,2.89,-0.54,1.41,2.89,-1.48,0.19,0.0,0.19,1.59,2.89,-1.3,,,,,,2,4,-2,-1.46,52.3,45.53,,,43.25,0.39,0.99,242,14,9,16,23.08,16.16,20.0,0,6,17,8,13,89.9,39.36,29.2,23.59,35.04,9.97,0,Real Salt Lake 4-2 San Diego,2026-04-18
Real Salt Lake,2.89,2.35,0.54,2.89,1.41,1.48,0.0,0.19,-0.19,2.89,1.59,1.3,,,,,,4,2,2,1.46,47.7,54.47,,,46.56,0.99,0.39,244,17,16,9,16.16,23.08,18.1,6,0,9,1,12,138.5,60.64,94.6,76.41,316.4,90.03,0,Real Salt Lake 4-2 San Diego,2026-04-18
Portland Timbers,1.3,1.86,-0.56,1.3,1.86,-0.56,0.0,0.0,0.0,1.3,1.86,-0.56,,,,,,0,2,-2,-1.44,56.3,55.5,,,53.21,0.42,1.39,335,8,13,17,30.95,12.23,10.32,7,7,23,4,8,143.2,58.83,19.2,18.01,93.8,32.02,2,Minnesota United 2-0 Portland Timbers,2026-04-18
Minnesota United,1.86,1.3,0.56,1.86,1.3,0.56,0.0,0.0,0.0,1.86,1.3,0.56,,,,,,2,0,2,1.44,43.7,44.5,,,51.7,1.39,0.42,240,22,17,13,12.23,30.95,11.19,7,7,13,3,16,100.2,41.17,87.4,81.99,199.17,67.98,5,Minnesota United 2-0 Portland Timbers,2026-04-18
LA Galaxy,0.67,2.07,-1.4,0.64,1.54,-0.9,0.03,0.53,-0.5,0.67,2.07,-1.4,,,,,,2,2,0,1.4,52.8,45.12,,,46.77,0.21,1.32,205,7,9,13,42.86,9.85,8.0,4,7,11,3,11,82.0,37.31,28.2,26.72,47.63,21.37,0,Dallas 2-2 LA Galaxy,2026-04-18
Dallas,2.07,0.67,1.4,1.54,0.64,0.9,0.53,0.03,0.5,2.07,0.67,1.4,,,,,,2,2,0,-1.4,47.2,54.88,,,52.57,1.32,0.21,248,22,13,9,9.85,42.86,9.19,7,4,21,4,21,137.8,62.69,77.33,73.28,175.23,78.63,2,Dallas 2-2 LA Galaxy,2026-04-18
DC United,0.95,1.59,-0.64,0.31,1.59,-1.28,0.64,0.0,0.64,0.95,1.59,-0.64,,,,,,0,0,0,0.64,38.8,27.53,,,41.95,0.22,1.28,104,6,6,17,27.27,13.28,10.46,3,2,11,1,11,21.9,9.68,40.0,54.7,19.2,8.97,2,Philadelphia Union 0-0 DC United,2026-04-18
Philadelphia Union,1.59,0.95,0.64,1.59,0.31,1.28,0.0,0.64,-0.64,1.59,0.95,0.64,,,,,,0,0,0,-0.64,61.2,72.47,,,54.88,1.28,0.22,290,29,17,6,13.28,27.27,8.3,2,3,41,13,11,204.4,90.32,33.13,45.3,194.83,91.03,10,Philadelphia Union 0-0 DC United,2026-04-18
Houston Dynamo,1.62,1.52,0.1,1.44,1.2,0.24,0.18,0.32,-0.14,1.62,1.52,0.1,,,,,,1,0,1,0.9,40.0,32.22,,,49.94,0.73,1.07,174,9,18,17,24.66,15.89,18.65,2,2,9,3,9,75.7,26.18,94.47,85.62,90.03,42.52,0,Orlando City 0-1 Houston Dynamo,2026-04-18
Orlando City,1.52,1.62,-0.1,1.2,1.44,-0.24,0.32,0.18,0.14,1.52,1.62,-0.1,,,,,,0,1,-1,-0.9,60.0,67.78,,,54.66,1.07,0.73,329,14,17,18,15.89,24.66,8.48,2,2,25,4,16,213.4,73.82,15.87,14.38,121.73,57.48,0,Orlando City 0-1 Houston Dynamo,2026-04-18
Charlotte,1.96,2.07,-0.11,1.96,1.93,0.03,0.0,0.14,-0.14,1.96,2.07,-0.11,,,,,,2,1,1,1.11,36.3,33.44,,,37.2,0.6,1.4,121,11,7,23,11.67,16.43,26.73,2,4,8,1,7,35.8,15.18,78.4,64.12,70.37,29.03,0,NYCFC 1-2 Charlotte,2026-04-18
NYCFC,2.07,1.96,0.11,1.93,1.96,-0.03,0.14,0.0,0.14,2.07,1.96,0.11,,,,,,1,2,-1,-1.11,63.7,66.56,,,49.12,1.4,0.6,361,26,23,7,16.43,11.67,13.15,4,2,31,6,7,200.0,84.82,43.87,35.88,172.03,70.97,0,NYCFC 1-2 Charlotte,2026-04-18
Columbus Crew,1.36,1.46,-0.1,0.99,0.61,0.38,0.37,0.09,0.28,1.36,0.7,0.66,,,,,,1,2,-1,-0.9,51.8,63.19,,,48.57,0.75,0.56,295,21,11,10,14.67,17.86,16.4,5,7,15,7,12,192.5,63.16,78.73,54.62,190.17,68.41,1,New England 2-1 Columbus Crew,2026-04-18
New England,1.46,1.36,0.1,0.61,0.99,-0.38,0.09,0.37,-0.28,0.7,1.36,-0.66,,,,,,2,1,1,0.9,48.2,36.81,,,43.41,0.56,0.75,196,11,10,11,17.86,14.67,14.75,7,5,22,3,8,112.3,36.84,65.4,45.38,87.83,31.59,0,New England 2-1 Columbus Crew,2026-04-18
Chicago Fire,2.46,4.54,-2.08,1.7,3.68,-1.98,0.0,0.09,-0.09,1.7,3.78,-2.08,,,,,,3,3,0,2.08,44.9,36.28,,,43.29,0.6,1.87,165,14,18,24,30.0,12.83,15.0,2,4,7,1,9,52.7,23.37,66.4,66.98,85.77,48.09,2,Cincinnati 3-3 Chicago Fire,2026-04-18
Cincinnati,4.54,2.46,2.08,3.68,1.7,1.98,0.09,0.0,0.09,3.78,1.7,2.08,,,,,,3,3,0,-2.08,55.1,63.72,,,50.0,1.87,0.6,272,32,24,18,12.83,30.0,10.44,4,2,28,9,11,172.8,76.63,32.73,33.02,92.6,51.91,3,Cincinnati 3-3 Chicago Fire,2026-04-18
Nashville SC,2.75,0.79,1.96,2.38,0.79,1.59,0.37,0.0,0.37,2.75,0.79,1.96,,,,,,2,0,2,0.04,44.7,44.59,,,45.13,0.44,0.6,182,12,17,13,38.64,21.67,22.24,2,6,15,7,6,104.9,49.41,66.93,61.63,114.0,64.98,0,Atlanta United 0-2 Nashville SC,2026-04-18
Atlanta United,0.79,2.75,-1.96,0.79,2.38,-1.59,0.0,0.37,-0.37,0.79,2.75,-1.96,,,,,,0,2,-2,-0.04,55.3,55.41,,,46.51,0.6,0.44,243,14,13,17,21.67,38.64,17.48,6,2,26,5,11,107.4,50.59,41.67,38.37,61.43,35.02,0,Atlanta United 0-2 Nashville SC,2026-04-18
Inter Miami,1.69,2.43,-0.74,0.82,2.18,-1.36,0.11,0.24,-0.13,0.93,2.43,-1.5,,,,,,3,2,1,1.74,38.7,41.0,,,38.93,0.57,0.25,103,7,6,14,10.53,56.0,13.64,3,5,7,2,19,47.6,33.22,89.2,81.19,97.13,64.7,0,Colorado Rapids 2-3 Inter Miami,2026-04-18
Colorado Rapids,2.43,1.69,0.74,2.18,0.82,1.36,0.24,0.11,0.13,2.43,0.93,1.5,,,,,,2,3,-1,-1.74,61.3,59.0,,,42.79,0.25,0.57,199,7,14,6,56.0,10.53,7.49,5,3,13,3,12,95.7,66.78,20.67,18.81,53.0,35.3,0,Colorado Rapids 2-3 Inter Miami,2026-04-18
New York RB,0.79,3.15,-2.36,0.76,2.39,-1.63,0.03,0.0,0.03,0.79,2.39,-1.6,,,,,,1,4,-3,-0.64,67.6,74.27,,,54.03,0.81,0.44,406,12,9,9,11.11,20.45,8.39,2,3,17,7,12,177.6,84.13,14.13,11.03,88.29,40.25,0,Montréal 4-1 New York RB,2026-04-18
Montréal,3.15,0.79,2.36,2.39,0.76,1.63,0.0,0.03,-0.03,2.39,0.79,1.6,,,,,,4,1,3,0.64,32.4,25.73,,,42.99,0.44,0.81,111,14,9,9,20.45,11.11,14.38,3,2,6,2,17,33.5,15.87,113.93,88.97,131.05,59.75,1,Montréal 4-1 New York RB,2026-04-18
Austin,2.08,2.92,-0.84,2.04,2.72,-0.68,0.03,0.2,-0.17,2.08,2.92,-0.84,,,,,,3,3,0,0.84,53.9,43.31,,,43.07,0.69,0.8,183,15,12,18,17.39,22.5,9.5,0,6,13,5,11,103.1,36.14,23.07,29.37,89.7,32.51,3,Toronto 3-3 Austin,2026-04-18
Toronto,2.92,2.08,0.84,2.72,2.04,0.68,0.2,0.03,0.17,2.92,2.08,0.84,,,,,,3,3,0,-0.84,46.1,56.69,,,50.35,0.8,0.69,230,16,18,12,22.5,17.39,10.93,6,0,22,6,18,182.2,63.86,55.47,70.63,186.2,67.49,2,Toronto 3-3 Austin,2026-04-18
Sporting KC,0.73,3.97,-3.24,0.73,3.82,-3.09,0.0,0.15,-0.15,0.73,3.97,-3.24,,,,,,0,3,-3,0.24,49.6,36.75,,,46.24,0.17,1.27,227,4,3,25,17.65,19.69,11.41,5,13,14,3,16,21.9,9.17,49.8,45.33,5.74,1.26,2,Vancouver Whitecaps 3-0 Sporting KC,2026-04-17
Vancouver Whitecaps,3.97,0.73,3.24,3.82,0.73,3.09,0.15,0.0,0.15,3.97,0.73,3.24,,,,,,3,0,3,-0.24,50.4,63.25,,,52.72,1.27,0.17,281,23,25,3,19.69,17.65,9.4,13,5,25,6,15,216.9,90.83,60.07,54.67,449.28,98.74,0,Vancouver Whitecaps 3-0 Sporting KC,2026-04-17
Orlando City,0.65,1.66,-1.01,0.65,1.39,-0.74,0.0,0.27,-0.27,0.65,1.66,-1.01,,,,,,1,1,0,1.01,35.1,24.88,,,42.82,0.39,1.24,137,8,5,20,12.82,16.13,19.12,3,9,7,1,9,24.4,6.72,113.47,85.4,46.57,21.01,1,Columbus Crew 1-1 Orlando City,2026-04-12
Columbus Crew,1.66,0.65,1.01,1.39,0.65,0.74,0.27,0.0,0.27,1.66,0.65,1.01,,,,,,1,1,0,-1.01,64.9,75.12,,,54.87,1.24,0.39,429,19,20,5,16.13,12.82,11.1,9,3,22,8,12,338.5,93.28,19.4,14.6,175.1,78.99,0,Columbus Crew 1-1 Orlando City,2026-04-12
Minnesota United,2.92,1.66,1.26,2.72,1.64,1.08,0.19,0.02,0.17,2.92,1.66,1.26,,,,,,2,1,1,-0.26,35.8,38.46,,,47.66,1.06,0.97,202,17,21,17,19.81,17.53,16.49,7,6,12,5,19,87.6,36.24,170.0,89.41,201.9,69.66,0,San Diego 1-2 Minnesota United,2026-04-11
San Diego,1.66,2.92,-1.26,1.64,2.72,-1.08,0.02,0.19,-0.17,1.66,2.92,-1.26,,,,,,1,2,-1,0.26,64.2,61.54,,,47.32,0.97,1.06,371,15,17,21,17.53,19.81,9.85,6,7,16,4,9,154.1,63.76,20.13,10.59,87.93,30.34,0,San Diego 1-2 Minnesota United,2026-04-11
Houston Dynamo,1.72,2.4,-0.68,1.54,1.55,-0.01,0.18,0.09,0.09,1.72,1.64,0.08,,,,,,2,6,-4,-3.32,48.9,54.17,,,46.94,0.59,0.33,211,12,20,17,33.9,51.52,13.93,6,6,13,4,10,131.7,59.54,101.13,67.94,71.64,33.96,4,Colorado Rapids 6-2 Houston Dynamo,2026-04-11
Colorado Rapids,2.4,1.72,0.68,1.55,1.54,0.01,0.09,0.18,-0.09,1.64,1.72,-0.08,,,,,,6,2,4,3.32,51.1,45.83,,,45.58,0.33,0.59,207,13,17,20,51.52,33.9,10.38,6,6,12,2,14,89.5,40.46,47.73,32.06,139.33,66.04,0,Colorado Rapids 6-2 Houston Dynamo,2026-04-11
SJ Earthquakes,2.55,1.15,1.4,2.55,1.13,1.42,0.0,0.02,-0.02,2.55,1.15,1.4,,,,,,3,1,2,0.6,51.5,50.14,,,49.86,1.11,0.75,270,10,10,10,9.01,13.33,16.24,3,5,14,4,6,138.0,49.73,64.53,53.3,139.67,61.84,0,Sporting KC 1-3 SJ Earthquakes,2026-04-11
Sporting KC,1.15,2.55,-1.4,1.13,2.55,-1.42,0.02,0.0,0.02,1.15,2.55,-1.4,,,,,,1,3,-2,-0.6,48.5,49.86,,,47.51,0.75,1.11,245,15,10,10,13.33,9.01,15.79,5,3,17,2,9,139.5,50.27,56.53,46.7,86.17,38.16,2,Sporting KC 1-3 SJ Earthquakes,2026-04-11
St. Louis City,1.11,1.78,-0.67,0.61,1.67,-1.06,0.5,0.12,0.38,1.11,1.78,-0.67,,,,,,1,1,0,0.67,59.1,60.47,,,47.7,0.58,0.74,258,16,10,11,17.24,14.86,9.27,5,4,24,10,8,107.8,61.64,22.8,18.11,57.57,35.37,3,Dallas 1-1 St. Louis City,2026-04-11
Dallas,1.78,1.11,0.67,1.67,0.61,1.06,0.12,0.5,-0.38,1.78,1.11,0.67,,,,,,1,1,0,-0.67,40.9,39.53,,,47.1,0.74,0.58,165,13,11,10,14.86,17.24,13.77,4,5,18,5,11,67.1,38.36,103.13,81.89,105.2,64.63,1,Dallas 1-1 St. Louis City,2026-04-11
Atlanta United,2.53,3.0,-0.47,2.07,1.98,0.09,0.45,1.02,-0.57,2.53,3.0,-0.47,,,,,,0,1,-1,-0.53,54.6,56.69,,,46.92,1.28,0.9,263,18,20,18,15.62,20.0,12.96,7,7,30,11,5,140.7,55.35,25.93,18.36,116.17,33.52,2,Chicago Fire 1-0 Atlanta United,2026-04-11
Chicago Fire,3.0,2.53,0.47,1.98,2.07,-0.09,1.02,0.45,0.57,3.0,2.53,0.47,,,,,,1,0,1,0.53,45.4,43.31,,,49.02,0.9,1.28,230,22,18,20,20.0,15.62,16.33,7,7,17,6,12,113.5,44.65,115.27,81.64,230.4,66.48,0,Chicago Fire 1-0 Atlanta United,2026-04-11
NYCFC,0.96,4.09,-3.13,0.89,3.56,-2.67,0.07,0.53,-0.46,0.96,4.09,-3.13,,,,,,0,2,-2,1.13,58.0,44.44,,,44.6,0.39,1.25,231,12,10,23,25.64,18.4,8.73,7,7,13,5,8,85.6,31.41,13.6,14.08,53.3,17.58,0,Vancouver Whitecaps 2-0 NYCFC,2026-04-11
Vancouver Whitecaps,4.09,0.96,3.13,3.56,0.89,2.67,0.53,0.07,0.46,4.09,0.96,3.13,,,,,,2,0,2,-1.13,42.0,55.56,,,48.86,1.25,0.39,202,19,23,10,18.4,25.64,14.97,7,7,19,12,16,186.9,68.59,83.0,85.92,249.83,82.42,0,Vancouver Whitecaps 2-0 NYCFC,2026-04-11
DC United,2.05,1.36,0.69,1.78,1.36,0.42,0.26,0.0,0.26,2.05,1.36,0.69,,,,,,0,1,-1,-1.69,46.3,53.87,,,49.5,0.92,0.47,239,16,14,11,15.22,23.4,14.16,6,5,14,3,11,139.2,58.96,72.27,73.15,153.5,62.05,2,New England 1-0 DC United,2026-04-11
New England,1.36,2.05,-0.69,1.36,1.78,-0.42,0.0,0.26,-0.26,1.36,2.05,-0.69,,,,,,1,0,1,1.69,53.7,46.13,,,46.6,0.47,0.92,233,13,11,14,23.4,15.22,12.5,5,6,11,2,10,96.9,41.04,26.53,26.85,93.87,37.95,0,New England 1-0 DC United,2026-04-11
New York RB,1.65,2.43,-0.78,1.65,1.58,0.07,0.0,0.86,-0.86,1.65,2.43,-0.78,,,,,,2,2,0,0.78,45.2,43.1,,,46.86,0.5,1.23,206,8,5,16,10.0,13.01,14.5,7,6,5,3,14,61.1,28.0,61.73,76.02,90.4,41.65,0,Inter Miami 2-2 New York RB,2026-04-11
Inter Miami,2.43,1.65,0.78,1.58,1.65,-0.07,0.86,0.0,0.86,2.43,1.65,0.78,,,,,,2,2,0,-0.78,54.8,56.9,,,44.98,1.23,0.5,233,17,16,5,13.01,10.0,11.06,6,7,20,12,8,157.1,72.0,19.47,23.98,126.63,58.35,0,Inter Miami 2-2 New York RB,2026-04-11
Nashville SC,0.67,2.38,-1.71,0.64,0.58,0.06,0.03,0.28,-0.25,0.67,0.86,-0.19,,,,,,2,1,1,2.71,54.3,42.79,,,46.17,0.21,0.74,247,6,11,8,52.38,10.81,19.05,0,1,12,4,15,87.4,37.7,61.2,36.94,90.63,49.46,2,Charlotte 1-2 Nashville SC,2026-04-11
Charlotte,2.38,0.67,1.71,0.58,0.64,-0.06,0.28,0.03,0.25,0.86,0.67,0.19,,,,,,1,2,-1,-2.71,45.7,57.21,,,50.95,0.74,0.21,280,10,8,11,10.81,52.38,16.03,1,0,21,2,9,144.4,62.3,104.47,63.06,92.6,50.54,1,Charlotte 1-2 Nashville SC,2026-04-11
LAFC,2.31,1.91,0.4,1.66,1.87,-0.21,0.65,0.04,0.61,2.31,1.91,0.4,,,,,,1,2,-1,-1.4,42.4,44.72,,,48.15,0.55,1.03,245,13,18,10,32.73,9.71,17.29,5,9,21,7,10,94.3,47.51,99.4,77.61,122.9,62.24,0,Portland Timbers 2-1 LAFC,2026-04-11
Portland Timbers,1.91,2.31,-0.4,1.87,1.66,0.21,0.04,0.65,-0.61,1.91,2.31,-0.4,,,,,,2,1,1,1.4,57.6,55.28,,,50.86,1.03,0.55,364,16,10,18,9.71,32.73,11.69,9,5,18,1,9,104.2,52.49,28.67,22.39,74.57,37.76,0,Portland Timbers 2-1 LAFC,2026-04-11
Philadelphia Union,1.55,0.98,0.57,1.37,0.82,0.55,0.18,0.17,0.01,1.55,0.98,0.57,,,,,,2,1,1,0.43,50.2,58.08,,,47.7,0.62,0.58,173,16,15,7,24.19,12.07,8.15,3,1,25,4,19,113.5,71.07,66.87,73.43,166.47,75.27,7,Montréal 1-2 Philadelphia Union,2026-04-11
Montréal,0.98,1.55,-0.57,0.82,1.37,-0.55,0.17,0.18,-0.01,0.98,1.55,-0.57,,,,,,1,2,-1,-0.43,49.8,41.92,,,39.9,0.58,0.62,127,9,7,15,12.07,24.19,7.94,1,3,12,2,16,46.2,28.93,24.2,26.57,54.7,24.73,1,Montréal 1-2 Philadelphia Union,2026-04-11
LA Galaxy,0.82,1.19,-0.37,0.51,0.84,-0.33,0.32,0.35,-0.03,0.82,1.19,-0.37,,,,,,2,1,1,1.37,39.5,37.3,,,42.82,0.38,0.76,136,13,12,13,31.58,17.11,24.79,1,5,5,5,9,78.2,37.85,86.33,70.11,117.8,66.12,0,Austin 1-2 LA Galaxy,2026-04-11
Austin,1.19,0.82,0.37,0.84,0.51,0.33,0.35,0.32,0.03,1.19,0.82,0.37,,,,,,1,2,-1,-1.37,60.5,62.7,,,51.18,0.76,0.38,326,15,13,12,17.11,31.58,15.75,5,1,26,6,9,128.4,62.15,36.8,29.89,60.37,33.88,2,Austin 1-2 LA Galaxy,2026-04-11
Cincinnati,0.91,0.98,-0.07,0.73,0.72,0.01,0.18,0.26,-0.08,0.91,0.98,-0.07,,,,,,1,1,0,0.07,51.6,40.13,,,43.76,0.54,0.77,166,17,7,11,12.96,14.29,9.0,1,6,12,4,20,59.9,38.97,45.2,41.21,54.13,36.59,5,Toronto 1-1 Cincinnati,2026-04-11
Toronto,0.98,0.91,0.07,0.72,0.73,-0.01,0.26,0.18,0.08,0.98,0.91,0.07,,,,,,1,1,0,-0.07,48.4,59.87,,,53.11,0.77,0.54,232,12,11,7,14.29,12.96,10.43,6,1,27,7,14,93.8,61.03,64.47,58.79,93.8,63.41,0,Toronto 1-1 Cincinnati,2026-04-11
Portland Timbers,0.75,3.2,-2.45,0.75,2.34,-1.59,0.01,0.1,-0.09,0.75,2.44,-1.69,,,,,,2,3,-1,1.45,39.1,31.45,,,45.1,0.34,1.11,167,9,8,22,23.53,19.82,14.97,3,4,8,2,11,32.2,13.56,71.13,64.16,43.07,20.73,1,Vancouver Whitecaps 3-2 Portland Timbers,2026-04-04
Vancouver Whitecaps,3.2,0.75,2.45,2.34,0.75,1.59,0.1,0.01,0.09,2.44,0.75,1.69,,,,,,3,2,1,-1.45,60.9,68.55,,,52.51,1.11,0.34,339,20,22,8,19.82,23.53,8.81,4,3,28,7,15,205.2,86.44,39.73,35.84,164.67,79.27,0,Vancouver Whitecaps 3-2 Portland Timbers,2026-04-04
San Diego,0.54,3.38,-2.84,0.5,2.31,-1.81,0.04,0.31,-0.27,0.54,2.62,-2.08,,,,,,0,3,-3,-0.16,59.9,41.99,,,37.75,0.44,1.24,183,9,4,24,9.09,19.35,9.0,3,5,16,5,13,32.3,16.35,11.2,6.38,4.12,0.92,0,SJ Earthquakes 3-0 San Diego,2026-04-04
SJ Earthquakes,3.38,0.54,2.84,2.31,0.5,1.81,0.31,0.04,0.27,2.62,0.54,2.08,,,,,,3,0,3,0.16,40.1,58.01,,,50.68,1.24,0.44,214,18,24,4,19.35,9.09,15.68,5,3,22,7,17,165.3,83.65,164.47,93.62,441.66,99.08,0,SJ Earthquakes 3-0 San Diego,2026-04-04
Minnesota United,1.92,2.74,-0.82,1.92,2.63,-0.71,0.0,0.12,-0.12,1.92,2.74,-0.82,,,,,,2,1,1,1.82,41.2,36.36,,,48.62,0.72,0.86,225,11,9,20,12.5,23.26,13.49,9,3,7,0,13,44.1,17.59,93.33,73.64,89.43,38.61,2,LA Galaxy 1-2 Minnesota United,2026-04-04
LA Galaxy,2.74,1.92,0.82,2.63,1.92,0.71,0.12,0.0,0.12,2.74,1.92,0.82,,,,,,1,2,-1,-1.82,58.8,63.64,,,51.82,0.86,0.72,354,21,20,9,23.26,12.5,13.27,3,9,22,9,11,206.6,82.41,33.4,26.36,142.2,61.39,0,LA Galaxy 1-2 Minnesota United,2026-04-04
Orlando City,0.9,2.44,-1.54,0.29,2.26,-1.97,0.61,0.17,0.44,0.9,2.44,-1.54,,,,,,0,6,-6,-4.46,56.3,45.43,,,46.46,0.58,1.39,244,15,12,18,20.69,12.95,10.83,2,9,19,7,14,62.6,36.06,31.8,27.62,17.34,5.84,0,LAFC 6-0 Orlando City,2026-04-04
LAFC,2.44,0.9,1.54,2.26,0.29,1.97,0.17,0.61,-0.44,2.44,0.9,1.54,,,,,,6,0,6,4.46,43.7,54.57,,,51.48,1.39,0.58,246,23,18,12,12.95,20.69,12.37,9,2,19,8,12,111.0,63.94,83.33,72.38,279.62,94.16,0,LAFC 6-0 Orlando City,2026-04-04
Seattle Sounders,1.71,1.15,0.56,1.71,0.99,0.72,0.0,0.16,-0.16,1.71,1.15,0.56,,,,,,1,0,1,0.44,55.8,43.38,,,47.68,0.67,0.53,295,9,6,13,8.96,24.53,12.76,3,5,11,3,14,107.4,36.61,51.27,28.1,41.93,18.61,0,Houston Dynamo 0-1 Seattle Sounders,2026-04-04
Houston Dynamo,1.15,1.71,-0.56,0.99,1.71,-0.72,0.16,0.0,0.16,1.15,1.71,-0.56,,,,,,0,1,-1,-0.44,44.2,56.62,,,52.57,0.53,0.67,259,21,13,6,24.53,8.96,17.54,5,3,24,9,5,186.0,63.39,131.2,71.9,183.37,81.39,0,Houston Dynamo 0-1 Seattle Sounders,2026-04-04
Nashville SC,0.72,1.78,-1.06,0.72,1.78,-1.06,0.0,0.0,0.0,0.72,1.78,-1.06,,,,,,0,1,-1,0.06,61.2,75.86,,,51.66,0.66,0.57,362,12,9,10,13.64,17.54,7.82,6,8,13,3,13,168.5,78.7,34.07,23.7,108.67,56.41,2,Chicago Fire 1-0 Nashville SC,2026-04-04
Chicago Fire,1.78,0.72,1.06,1.78,0.72,1.06,0.0,0.0,0.0,1.78,0.72,1.06,,,,,,1,0,1,-0.06,38.8,24.14,,,38.94,0.57,0.66,107,7,10,9,17.54,13.64,12.84,8,6,4,1,19,45.6,21.3,109.67,76.3,83.97,43.59,0,Chicago Fire 1-0 Nashville SC,2026-04-04
Cincinnati,2.43,2.13,0.3,2.04,2.11,-0.07,0.39,0.02,0.37,2.43,2.13,0.3,,,,,,2,4,-2,-2.3,48.1,37.5,,,43.65,0.75,1.3,186,21,17,19,22.67,14.62,10.85,5,6,12,6,11,77.7,32.54,46.33,51.22,72.43,31.35,1,New York RB 4-2 Cincinnati,2026-04-04
New York RB,2.13,2.43,-0.3,2.11,2.04,0.07,0.02,0.39,-0.37,2.13,2.43,-0.3,,,,,,4,2,2,2.3,51.9,62.5,,,54.64,1.3,0.75,323,13,19,17,14.62,22.67,11.94,6,5,16,2,12,161.1,67.46,44.13,48.78,158.63,68.65,0,New York RB 4-2 Cincinnati,2026-04-04
St. Louis City,0.9,1.25,-0.35,0.9,1.15,-0.25,0.0,0.1,-0.1,0.9,1.25,-0.35,,,,,,1,1,0,0.35,42.4,45.59,,,49.06,0.93,0.49,225,15,14,16,15.05,32.65,16.0,7,2,13,4,12,84.3,37.4,141.07,79.01,119.47,58.38,3,NYCFC 1-1 St. Louis City,2026-04-04
NYCFC,1.25,0.9,0.35,1.15,0.9,0.25,0.1,0.0,0.1,1.25,0.9,0.35,,,,,,1,1,0,-0.35,57.6,54.41,,,46.7,0.49,0.93,280,16,16,14,32.65,15.05,14.07,2,7,16,2,9,141.1,62.6,37.47,20.99,85.17,41.62,0,NYCFC 1-1 St. Louis City,2026-04-04
Austin,2.12,3.88,-1.76,1.88,3.22,-1.34,0.24,0.66,-0.42,2.12,3.88,-1.76,,,,,,2,2,0,1.76,35.1,26.24,,,41.07,1.1,1.32,100,11,9,27,8.18,20.45,22.74,3,8,4,3,8,33.0,10.34,120.33,79.51,63.87,25.1,1,Inter Miami 2-2 Austin,2026-04-04
Inter Miami,3.88,2.12,1.76,3.22,1.88,1.34,0.66,0.24,0.42,3.88,2.12,1.76,,,,,,2,2,0,-1.76,64.9,73.76,,,52.31,1.32,1.1,350,35,27,9,20.45,8.18,11.6,8,3,22,7,7,286.1,89.66,31.0,20.49,190.63,74.9,0,Inter Miami 2-2 Austin,2026-04-04
Dallas,2.73,0.94,1.79,2.62,0.59,2.03,0.11,0.35,-0.24,2.73,0.94,1.79,,,,,,4,0,4,2.21,49.0,52.92,,,49.96,0.92,0.71,215,12,15,11,16.3,15.49,12.59,3,5,14,3,11,100.5,54.29,61.07,56.06,128.1,83.4,2,DC United 0-4 Dallas,2026-04-04
DC United,0.94,2.73,-1.79,0.59,2.62,-2.03,0.35,0.11,0.24,0.94,2.73,-1.79,,,,,,0,4,-4,-2.21,51.0,47.08,,,47.62,0.71,0.92,209,15,11,15,15.49,16.3,9.28,5,3,27,6,15,84.6,45.71,47.87,43.94,25.5,16.6,2,DC United 0-4 Dallas,2026-04-04
Philadelphia Union,1.7,1.12,0.58,1.5,1.05,0.45,0.2,0.07,0.13,1.7,1.12,0.58,,,,,,1,2,-1,-1.58,42.6,55.81,,,51.14,0.8,0.59,213,15,17,9,21.25,15.25,10.26,7,6,33,7,22,153.7,64.47,98.13,84.79,167.4,80.38,4,Charlotte 2-1 Philadelphia Union,2026-04-04
Charlotte,1.12,1.7,-0.58,1.05,1.5,-0.45,0.07,0.2,-0.13,1.12,1.7,-0.58,,,,,,2,1,1,1.58,57.4,44.19,,,45.51,0.59,0.8,216,14,9,17,15.25,21.25,8.73,6,7,11,6,10,84.7,35.53,17.6,15.21,40.87,19.62,0,Charlotte 2-1 Philadelphia Union,2026-04-04
Columbus Crew,1.91,2.21,-0.3,1.76,2.21,-0.45,0.16,0.0,0.16,1.91,2.21,-0.3,,,,,,3,1,2,2.3,42.8,53.04,,,49.99,1.1,0.35,232,13,16,7,14.55,20.0,16.87,3,4,23,8,9,129.3,66.68,136.73,84.65,237.63,95.27,0,Atlanta United 1-3 Columbus Crew,2026-04-04
Atlanta United,2.21,1.91,0.3,2.21,1.76,0.45,0.0,0.16,-0.16,2.21,1.91,0.3,,,,,,1,3,-2,-2.3,57.2,46.96,,,42.83,0.35,1.1,234,3,7,16,20.0,14.55,14.71,4,3,12,4,9,64.6,33.32,24.8,15.35,11.8,4.73,0,Atlanta United 1-3 Columbus Crew,2026-04-04
Sporting KC,0.99,2.73,-1.74,0.99,2.46,-1.47,0.0,0.27,-0.27,0.99,2.73,-1.74,,,,,,1,3,-2,-0.26,51.4,43.48,,,45.77,0.4,1.05,190,9,5,22,12.5,20.95,11.14,4,6,5,1,11,72.0,31.37,43.8,36.32,34.63,14.0,0,Real Salt Lake 3-1 Sporting KC,2026-04-04
Real Salt Lake,2.73,0.99,1.74,2.46,0.99,1.47,0.27,0.0,0.27,2.73,0.99,1.74,,,,,,3,1,2,0.26,48.6,56.52,,,51.94,1.05,0.4,247,28,22,5,20.95,12.5,9.76,6,4,10,7,15,157.5,68.63,76.8,63.68,212.77,86.0,4,Real Salt Lake 3-1 Sporting KC,2026-04-04
Montréal,1.82,2.17,-0.35,1.57,2.17,-0.6,0.25,0.0,0.25,1.82,2.17,-0.35,,,,,,0,3,-3,-2.65,64.4,68.66,,,52.43,1.73,0.49,333,21,18,9,10.4,18.37,4.98,6,3,23,5,23,183.1,84.69,16.53,16.12,123.93,60.89,2,New England 3-0 Montréal,2026-04-04
New England,2.17,1.82,0.35,2.17,1.57,0.6,0.0,0.25,-0.25,2.17,1.82,0.35,,,,,,3,0,3,2.65,35.6,31.34,,,44.93,0.49,1.73,129,8,9,18,18.37,10.4,11.85,3,6,12,1,16,33.1,15.31,86.0,83.88,79.6,39.11,0,New England 3-0 Montréal,2026-04-04
Colorado Rapids,0.73,1.4,-0.67,0.73,1.28,-0.55,0.0,0.13,-0.13,0.73,1.4,-0.67,,,,,,2,3,-1,-0.33,45.7,23.7,,,32.8,0.51,0.95,78,8,5,18,9.8,18.95,12.69,4,10,7,4,13,12.7,4.93,54.07,35.63,8.8,3.91,0,Toronto 3-2 Colorado Rapids,2026-04-04
Toronto,1.4,0.73,0.67,1.28,0.73,0.55,0.13,0.0,0.13,1.4,0.73,0.67,,,,,,3,2,1,0.33,54.3,76.3,,,56.33,0.95,0.51,341,16,18,5,18.95,9.8,10.0,10,4,20,7,16,244.7,95.07,97.67,64.37,216.1,96.09,1,Toronto 3-2 Colorado Rapids,2026-04-04
Real Salt Lake,2.9,2.31,0.59,1.04,2.27,-1.23,1.86,0.05,1.81,2.9,2.31,0.59,,,,,,2,2,0,-0.59,41.3,41.69,,,45.02,1.45,0.62,177,20,21,14,14.48,22.58,16.28,6,4,23,8,12,85.0,41.91,141.6,77.6,168.13,61.97,1,San Diego 2-2 Real Salt Lake,2026-03-22
San Diego,2.31,2.9,-0.59,2.27,1.04,1.23,0.05,1.86,-1.81,2.31,2.9,-0.59,,,,,,2,2,0,0.59,58.7,58.31,,,45.7,0.62,1.45,273,26,14,21,22.58,14.48,10.53,4,6,17,7,15,117.8,58.09,40.87,22.4,103.2,38.03,2,San Diego 2-2 Real Salt Lake,2026-03-22
LA Galaxy,3.14,0.61,2.53,2.82,0.55,2.27,0.32,0.07,0.25,3.14,0.61,2.53,,,,,,1,1,0,-2.53,65.3,68.53,,,54.1,1.27,0.79,428,32,22,8,17.32,10.13,8.41,9,1,20,9,14,263.5,90.02,24.13,12.88,169.7,68.66,1,Portland Timbers 1-1 LA Galaxy,2026-03-22
Portland Timbers,0.61,3.14,-2.53,0.55,2.82,-2.27,0.07,0.32,-0.25,0.61,3.14,-2.53,,,,,,1,1,0,2.53,34.7,31.47,,,48.43,0.79,1.27,182,11,8,22,10.13,17.32,22.68,1,9,13,2,11,29.2,9.98,163.2,87.12,77.47,31.34,1,Portland Timbers 1-1 LA Galaxy,2026-03-22
Seattle Sounders,0.89,0.83,0.06,0.76,0.83,-0.07,0.13,0.0,0.13,0.89,0.83,0.06,,,,,,0,0,0,-0.06,67.0,72.99,,,55.59,0.52,0.5,447,18,11,8,21.15,16.0,6.59,12,2,26,7,13,232.0,82.04,7.8,5.61,160.77,60.93,0,Minnesota United 0-0 Seattle Sounders,2026-03-22
Minnesota United,0.83,0.89,-0.06,0.83,0.76,0.07,0.0,0.13,-0.13,0.83,0.89,-0.06,,,,,,0,0,0,0.06,33.0,27.01,,,45.53,0.5,0.52,148,14,8,11,16.0,21.15,18.65,2,12,14,4,9,50.8,17.96,131.33,94.39,103.1,39.07,3,Minnesota United 0-0 Seattle Sounders,2026-03-22
Inter Miami,2.11,1.42,0.69,1.77,1.35,0.42,0.34,0.07,0.27,2.11,1.42,0.69,,,,,,3,2,1,0.31,54.0,46.44,,,42.72,0.51,0.57,213,14,22,11,43.14,19.3,15.77,3,10,11,7,14,112.7,55.3,26.33,23.41,78.23,43.3,0,NYCFC 2-3 Inter Miami,2026-03-22
NYCFC,1.42,2.11,-0.69,1.35,1.77,-0.42,0.07,0.34,-0.27,1.42,2.11,-0.69,,,,,,2,3,-1,-0.31,46.0,53.56,,,44.36,0.57,0.51,193,11,11,22,19.3,43.14,11.16,10,3,12,7,12,91.1,44.7,86.13,76.59,102.43,56.7,0,NYCFC 2-3 Inter Miami,2026-03-22
Montréal,2.56,2.61,-0.05,1.65,2.61,-0.96,0.15,0.0,0.15,1.8,2.61,-0.81,,,,,,3,4,-1,-0.95,53.3,59.6,,,48.78,0.5,0.5,217,15,19,15,38.0,30.0,7.02,6,1,13,2,11,130.5,64.06,37.27,38.42,122.97,68.28,0,Cincinnati 4-3 Montréal,2026-03-22
Cincinnati,2.61,2.56,0.05,2.61,1.65,0.96,0.0,0.15,-0.15,2.61,1.8,0.81,,,,,,4,3,1,0.95,46.7,40.4,,,44.84,0.5,0.5,163,10,15,19,30.0,38.0,8.69,1,6,7,2,20,73.2,35.94,59.73,61.58,57.13,31.72,4,Cincinnati 4-3 Montréal,2026-03-22
SJ Earthquakes,1.0,1.5,-0.5,0.98,1.42,-0.44,0.02,0.08,-0.06,1.0,1.5,-0.5,,,,,,1,0,1,1.5,38.7,31.95,,,42.4,0.67,1.04,126,5,6,12,8.96,11.54,17.71,5,6,17,5,12,35.7,16.62,122.2,88.17,100.93,50.93,0,Vancouver Whitecaps 0-1 SJ Earthquakes,2026-03-21
Vancouver Whitecaps,1.5,1.0,0.5,1.42,0.98,0.44,0.08,0.02,0.06,1.5,1.0,0.5,,,,,,0,1,-1,-1.5,61.3,68.05,,,48.35,1.04,0.67,284,14,12,6,11.54,8.96,9.58,6,5,23,3,11,179.1,83.38,16.4,11.83,97.23,49.07,0,Vancouver Whitecaps 0-1 SJ Earthquakes,2026-03-21
LAFC,1.65,1.29,0.36,1.65,1.26,0.39,0.0,0.03,-0.03,1.65,1.29,0.36,,,,,,0,0,0,-0.36,38.3,36.04,,,47.81,0.76,0.88,199,7,12,10,15.79,11.36,16.21,8,6,10,4,7,82.7,39.23,154.8,85.12,145.47,69.74,1,Austin 0-0 LAFC,2026-03-21
Austin,1.29,1.65,-0.36,1.26,1.65,-0.39,0.03,0.0,0.03,1.29,1.65,-0.36,,,,,,0,0,0,0.36,61.7,63.96,,,49.99,0.88,0.76,384,12,10,12,11.36,15.79,11.68,6,8,25,5,11,128.1,60.77,27.07,14.88,63.13,30.26,4,Austin 0-0 LAFC,2026-03-21
New England,0.85,1.57,-0.72,0.85,1.01,-0.16,0.0,0.56,-0.56,0.85,1.57,-0.72,,,,,,1,3,-2,-1.28,51.5,44.65,,,45.04,0.37,0.35,232,10,8,11,21.62,31.43,17.09,1,9,13,3,12,97.9,43.41,62.4,41.54,100.23,38.65,0,St. Louis City 3-1 New England,2026-03-21
St. Louis City,1.57,0.85,0.72,1.01,0.85,0.16,0.56,0.0,0.56,1.57,0.85,0.72,,,,,,3,1,2,1.28,48.5,55.35,,,48.78,0.35,0.37,245,8,11,8,31.43,21.62,12.63,9,1,21,6,11,127.6,56.59,87.8,58.46,159.13,61.35,2,St. Louis City 3-1 New England,2026-03-21
Colorado Rapids,4.51,0.73,3.78,3.69,0.73,2.96,0.82,0.0,0.82,4.51,0.73,3.78,,,,,,4,1,3,-0.78,50.4,58.04,,,42.8,1.06,0.34,178,14,17,8,16.04,23.53,9.12,7,10,12,4,21,117.2,71.46,52.07,44.22,164.5,72.85,0,Sporting KC 1-4 Colorado Rapids,2026-03-21
Sporting KC,0.73,4.51,-3.78,0.73,3.69,-2.96,0.0,0.82,-0.82,0.73,4.51,-3.78,,,,,,1,4,-3,0.78,49.6,41.96,,,42.7,0.34,1.06,160,7,8,17,23.53,16.04,8.45,10,7,15,6,17,46.8,28.54,65.67,55.78,61.3,27.15,1,Sporting KC 1-4 Colorado Rapids,2026-03-21
Houston Dynamo,1.95,1.99,-0.04,1.69,1.82,-0.13,0.26,0.17,0.09,1.95,1.99,-0.04,,,,,,3,4,-1,-0.96,45.7,41.21,,,45.45,0.46,1.14,170,10,10,17,21.74,14.91,10.65,1,4,23,8,14,59.4,23.6,58.27,51.81,63.73,32.04,3,Dallas 4-3 Houston Dynamo,2026-03-21
Dallas,1.99,1.95,0.04,1.82,1.69,0.13,0.17,0.26,-0.09,1.99,1.95,0.04,,,,,,4,3,1,0.96,54.3,58.79,,,52.58,1.14,0.46,267,14,17,10,14.91,21.74,10.16,4,1,20,6,16,192.3,76.4,54.2,48.19,135.17,67.96,1,Dallas 4-3 Houston Dynamo,2026-03-21
New York RB,2.45,2.7,-0.25,1.68,2.65,-0.97,0.77,0.05,0.72,2.45,2.7,-0.25,,,,,,1,6,-5,-4.75,54.0,52.72,,,50.76,0.9,1.19,286,23,23,15,25.56,12.61,17.45,7,1,18,8,7,103.5,51.29,52.27,45.61,58.83,17.97,0,Charlotte 6-1 New York RB,2026-03-21
Charlotte,2.7,2.45,0.25,2.65,1.68,0.97,0.05,0.77,-0.72,2.7,2.45,0.25,,,,,,6,1,5,4.75,46.0,47.28,,,45.41,1.19,0.9,191,24,15,23,12.61,25.56,24.83,1,7,9,2,8,98.3,48.71,62.33,54.39,268.58,82.03,1,Charlotte 6-1 New York RB,2026-03-21
DC United,0.19,0.45,-0.26,0.11,0.38,-0.27,0.08,0.07,0.01,0.19,0.45,-0.26,,,,,,0,0,0,0.26,29.1,31.45,,,44.86,0.22,0.55,145,6,4,7,18.18,12.73,24.3,6,0,11,4,10,30.0,15.72,173.2,92.85,98.7,58.63,0,Atlanta United 0-0 DC United,2026-03-21
Atlanta United,0.45,0.19,0.26,0.38,0.11,0.27,0.07,0.08,-0.01,0.45,0.19,0.26,,,,,,0,0,0,-0.26,70.9,68.55,,,47.88,0.55,0.22,398,7,7,4,12.73,18.18,11.52,0,6,17,3,7,160.8,84.28,13.33,7.15,69.63,41.37,0,Atlanta United 0-0 DC United,2026-03-21
Orlando City,0.97,3.94,-2.97,0.71,3.12,-2.41,0.26,0.06,0.2,0.97,3.18,-2.21,,,,,,0,5,-5,-2.03,44.4,41.94,,,46.85,0.62,0.73,176,13,9,19,14.52,26.03,16.54,4,5,12,5,5,58.1,25.2,109.67,80.13,36.43,12.02,3,Nashville SC 5-0 Orlando City,2026-03-21
Nashville SC,3.94,0.97,2.97,3.12,0.71,2.41,0.06,0.26,-0.2,3.18,0.97,2.21,,,,,,5,0,5,2.03,55.6,58.06,,,46.76,0.73,0.62,249,18,19,9,26.03,14.52,11.12,5,4,16,5,15,172.5,74.8,27.2,19.87,266.55,87.98,1,Nashville SC 5-0 Orlando City,2026-03-21
Chicago Fire,3.11,1.05,2.06,2.19,1.0,1.19,0.91,0.05,0.86,3.11,1.05,2.06,,,,,,2,1,1,-1.06,52.5,42.99,,,42.11,1.08,0.72,160,9,11,12,10.19,16.67,9.64,3,7,8,2,15,63.5,39.44,33.8,31.95,49.8,33.13,0,Philadelphia Union 1-2 Chicago Fire,2026-03-21
Philadelphia Union,1.05,3.11,-2.06,1.0,2.19,-1.19,0.05,0.91,-0.86,1.05,3.11,-2.06,,,,,,1,2,-1,1.06,47.5,57.01,,,50.86,0.72,1.08,231,17,12,11,16.67,10.19,8.8,7,3,20,6,11,97.5,60.56,72.0,68.05,100.5,66.87,10,Philadelphia Union 1-2 Chicago Fire,2026-03-21
Columbus Crew,0.81,1.15,-0.34,0.79,0.69,0.1,0.02,0.46,-0.44,0.81,1.15,-0.34,,,,,,1,2,-1,-0.66,56.0,37.64,,,38.51,0.65,0.3,154,8,8,12,12.31,40.0,7.74,5,13,19,7,20,45.5,31.73,17.0,13.01,19.93,12.0,0,Toronto 2-1 Columbus Crew,2026-03-21
Toronto,1.15,0.81,0.34,0.69,0.79,-0.1,0.46,0.02,0.44,1.15,0.81,0.34,,,,,,2,1,1,0.66,44.0,62.36,,,50.74,0.3,0.65,208,20,12,8,40.0,12.31,9.71,13,5,25,10,9,97.9,68.27,113.67,86.99,146.2,88.0,5,Toronto 2-1 Columbus Crew,2026-03-21
Seattle Sounders,0.69,2.6,-1.91,0.69,2.24,-1.55,0.0,0.36,-0.36,0.69,2.6,-1.91,,,,,,1,0,1,2.91,37.2,22.49,,,43.14,0.25,1.08,125,2,6,25,24.0,23.15,19.81,2,10,2,0,11,12.7,3.88,63.93,63.93,21.77,9.5,1,SJ Earthquakes 0-1 Seattle Sounders,2026-03-15
SJ Earthquakes,2.6,0.69,1.91,2.24,0.69,1.55,0.36,0.0,0.36,2.6,0.69,1.91,,,,,,0,1,-1,-2.91,62.8,77.51,,,57.12,1.08,0.25,362,31,25,6,23.15,24.0,9.93,10,2,52,17,6,314.9,96.12,36.07,36.07,207.5,90.5,0,SJ Earthquakes 0-1 Seattle Sounders,2026-03-15
Minnesota United,0.72,4.7,-3.98,0.36,3.11,-2.75,0.36,0.07,0.29,0.72,3.18,-2.46,,,,,,0,6,-6,-2.02,49.8,37.18,,,40.7,0.7,0.73,143,15,8,16,11.43,21.92,9.39,1,12,16,7,22,40.0,22.64,41.4,37.73,9.98,2.42,1,Vancouver Whitecaps 6-0 Minnesota United,2026-03-15
Vancouver Whitecaps,4.7,0.72,3.98,3.11,0.36,2.75,0.07,0.36,-0.29,3.18,0.72,2.46,,,,,,6,0,6,2.02,50.2,62.82,,,48.98,0.73,0.7,236,21,16,8,21.92,11.43,6.7,12,1,17,3,23,136.7,77.36,68.33,62.27,401.67,97.58,1,Vancouver Whitecaps 6-0 Minnesota United,2026-03-15
Cincinnati,1.72,2.35,-0.63,1.61,2.23,-0.62,0.11,0.12,-0.01,1.72,2.35,-0.63,,,,,,1,6,-5,-4.37,45.2,42.57,,,43.95,0.31,0.63,179,12,15,16,48.39,25.4,12.47,4,2,9,3,14,72.7,35.53,81.8,66.57,53.19,18.56,0,New England 6-1 Cincinnati,2026-03-15
New England,2.35,1.72,0.63,2.23,1.61,0.62,0.12,0.11,0.01,2.35,1.72,0.63,,,,,,6,1,5,4.37,54.8,57.43,,,46.92,0.63,0.31,249,14,16,15,25.4,48.39,12.56,2,4,11,1,15,131.9,64.47,41.07,33.43,233.38,81.44,0,New England 6-1 Cincinnati,2026-03-15
St. Louis City,1.08,1.3,-0.22,0.79,1.24,-0.45,0.29,0.06,0.23,1.08,1.3,-0.22,,,,,,0,2,-2,-1.78,55.2,58.82,,,49.11,0.68,0.64,270,20,18,16,26.47,25.0,14.37,8,7,30,9,9,163.1,68.02,45.53,41.34,128.2,60.29,0,LAFC 2-0 St. Louis City,2026-03-14
LAFC,1.3,1.08,0.22,1.24,0.79,0.45,0.06,0.29,-0.23,1.3,1.08,0.22,,,,,,2,0,2,1.78,44.8,41.18,,,46.89,0.64,0.68,213,7,16,18,25.0,26.47,15.17,7,8,13,5,12,76.7,31.98,64.6,58.66,84.43,39.71,0,LAFC 2-0 St. Louis City,2026-03-14
Austin,1.13,2.38,-1.25,1.05,1.98,-0.93,0.08,0.4,-0.32,1.13,2.38,-1.25,,,,,,1,2,-1,0.25,39.4,21.88,,,37.25,0.14,1.13,85,4,10,24,71.43,21.24,29.15,1,2,11,4,10,33.1,10.4,74.87,57.35,47.43,25.14,1,Real Salt Lake 2-1 Austin,2026-03-14
Real Salt Lake,2.38,1.13,1.25,1.98,1.05,0.93,0.4,0.08,0.32,2.38,1.13,1.25,,,,,,2,1,1,-0.25,60.6,78.12,,,53.85,1.13,0.14,323,19,24,10,21.24,71.43,9.26,2,1,20,7,12,285.1,89.6,55.67,42.65,141.23,74.86,2,Real Salt Lake 2-1 Austin,2026-03-14
Sporting KC,0.51,2.46,-1.95,0.49,1.99,-1.5,0.01,0.48,-0.47,0.51,2.46,-1.95,,,,,,2,1,1,2.95,39.2,35.69,,,43.48,0.21,1.21,167,5,7,18,33.33,14.88,18.85,4,8,8,3,12,52.3,20.31,105.07,75.59,86.17,44.33,1,LA Galaxy 1-2 Sporting KC,2026-03-14
LA Galaxy,2.46,0.51,1.95,1.99,0.49,1.5,0.48,0.01,0.47,2.46,0.51,1.95,,,,,,1,2,-1,-2.95,60.8,64.31,,,51.13,1.21,0.21,357,22,18,7,14.88,33.33,12.74,8,4,25,10,7,205.2,79.69,33.93,24.41,108.23,55.67,1,LA Galaxy 1-2 Sporting KC,2026-03-14
Portland Timbers,2.37,2.09,0.28,0.95,1.82,-0.87,0.66,0.27,0.39,1.61,2.09,-0.48,,,,,,2,3,-1,-1.28,51.3,43.11,,,46.18,0.64,0.89,209,14,17,19,26.56,21.35,13.42,2,3,19,6,9,98.2,38.03,50.27,46.12,88.27,38.89,4,Houston Dynamo 3-2 Portland Timbers,2026-03-14
Houston Dynamo,2.09,2.37,-0.28,1.82,0.95,0.87,0.27,0.66,-0.39,2.09,1.61,0.48,,,,,,3,2,1,1.28,48.7,56.89,,,51.37,0.89,0.64,253,16,19,17,21.35,26.56,15.96,3,2,29,10,12,160.0,61.97,58.73,53.88,138.73,61.11,2,Houston Dynamo 3-2 Portland Timbers,2026-03-14
San Diego,2.04,3.57,-1.53,0.52,2.81,-2.29,0.0,0.0,0.0,0.52,2.81,-2.29,,,,,,3,3,0,1.53,65.1,45.77,,,38.99,0.41,0.85,239,6,5,13,12.2,15.29,10.55,6,9,10,0,12,47.1,30.89,15.73,6.67,21.93,8.21,1,Dallas 3-3 San Diego,2026-03-14
Dallas,3.57,2.04,1.53,2.81,0.52,2.29,0.0,0.0,0.0,2.81,0.52,2.29,,,,,,3,3,0,-1.53,34.9,54.23,,,44.46,0.85,0.41,163,15,13,5,15.29,12.2,19.08,9,6,12,3,16,105.4,69.11,220.27,93.33,245.27,91.79,0,Dallas 3-3 San Diego,2026-03-14
DC United,2.28,2.05,0.23,1.32,1.29,0.03,0.2,0.0,0.2,1.52,1.29,0.23,,,,,,2,1,1,0.77,33.9,35.45,,,48.68,0.31,1.44,166,13,13,15,41.94,10.42,14.69,10,5,15,5,11,70.0,26.73,141.47,92.62,112.53,54.96,2,Chicago Fire 1-2 DC United,2026-03-14
Chicago Fire,2.05,2.28,-0.23,1.29,1.32,-0.03,0.0,0.2,-0.2,1.29,1.52,-0.23,,,,,,1,2,-1,-0.77,66.1,64.55,,,47.71,1.44,0.31,313,20,15,13,10.42,41.94,8.15,5,10,16,4,12,191.9,73.27,11.27,7.38,92.23,45.04,0,Chicago Fire 1-2 DC United,2026-03-14
Montréal,1.87,2.35,-0.48,1.39,2.29,-0.9,0.48,0.06,0.42,1.87,2.35,-0.48,,,,,,1,2,-1,-0.52,64.6,70.03,,,51.03,0.54,0.37,327,12,18,15,33.33,40.54,7.15,9,1,26,10,14,176.9,83.92,15.8,15.93,108.07,68.42,0,Orlando City 2-1 Montréal,2026-03-14
Orlando City,2.35,1.87,0.48,2.29,1.39,0.9,0.06,0.48,-0.42,2.35,1.87,0.48,,,,,,2,1,1,0.52,35.4,29.97,,,42.95,0.37,0.54,127,7,15,18,40.54,33.33,16.11,1,9,7,4,12,33.9,16.08,83.4,84.07,49.87,31.58,1,Orlando City 2-1 Montréal,2026-03-14
Colorado Rapids,0.82,2.04,-1.22,0.65,1.79,-1.14,0.17,0.25,-0.08,0.82,2.04,-1.22,,,,,,1,3,-2,-0.78,58.9,54.31,,,42.38,0.52,0.46,229,7,8,13,15.38,28.26,8.11,7,9,17,4,25,76.7,54.67,28.8,19.11,42.4,20.77,0,NYCFC 3-1 Colorado Rapids,2026-03-14
NYCFC,2.04,0.82,1.22,1.79,0.65,1.14,0.25,0.17,0.08,2.04,0.82,1.22,,,,,,3,1,2,0.78,41.1,45.69,,,44.63,0.46,0.52,180,12,13,8,28.26,15.38,9.93,9,7,8,4,14,63.6,45.33,121.93,80.89,161.73,79.23,1,NYCFC 3-1 Colorado Rapids,2026-03-14
Inter Miami,0.91,1.36,-0.45,0.39,1.36,-0.97,0.52,0.0,0.52,0.91,1.36,-0.45,,,,,,0,0,0,0.45,55.0,51.28,,,42.15,1.19,0.67,210,19,10,11,8.4,16.42,15.76,3,3,18,5,16,94.6,48.76,52.0,41.58,110.07,44.74,1,Charlotte 0-0 Inter Miami,2026-03-14
Charlotte,1.36,0.91,0.45,1.36,0.39,0.97,0.0,0.52,-0.52,1.36,0.91,0.45,,,,,,0,0,0,-0.45,45.0,48.72,,,42.84,0.67,1.19,184,6,11,10,16.42,8.4,16.97,3,3,13,3,12,99.4,51.24,73.07,58.42,135.93,55.26,0,Charlotte 0-0 Inter Miami,2026-03-14
Nashville SC,1.44,0.22,1.22,1.37,0.19,1.18,0.06,0.03,0.03,1.44,0.22,1.22,,,,,,1,0,1,-0.22,42.6,37.33,,,40.31,0.82,0.23,148,7,8,8,9.76,34.78,22.0,3,11,11,3,12,53.0,35.84,81.93,56.77,71.87,43.32,2,Columbus Crew 0-1 Nashville SC,2026-03-14
Columbus Crew,0.22,1.44,-1.22,0.19,1.37,-1.18,0.03,0.06,-0.03,0.22,1.44,-1.22,,,,,,0,1,-1,0.22,57.4,62.67,,,46.4,0.23,0.82,256,8,8,8,34.78,9.76,11.57,11,3,18,6,4,94.9,64.16,62.4,43.23,94.03,56.68,0,Columbus Crew 0-1 Nashville SC,2026-03-14
Philadelphia Union,3.15,3.5,-0.35,2.3,3.46,-1.16,0.1,0.04,0.06,2.39,3.5,-1.11,,,,,,1,3,-2,-1.65,58.4,76.49,,,55.66,1.13,0.88,356,22,14,11,12.39,12.5,7.51,14,4,37,6,12,214.3,84.77,38.53,38.56,167.47,69.89,6,Atlanta United 3-1 Philadelphia Union,2026-03-14
Atlanta United,3.5,3.15,0.35,3.46,2.3,1.16,0.04,0.1,-0.06,3.5,2.39,1.11,,,,,,3,1,2,1.65,41.6,23.51,,,38.1,0.88,1.13,111,9,11,14,12.5,12.39,11.29,4,14,12,4,15,38.5,15.23,61.4,61.44,72.14,30.11,1,Atlanta United 3-1 Philadelphia Union,2026-03-14
New York RB,2.05,2.25,-0.2,1.07,1.25,-0.18,0.98,1.01,-0.03,2.05,2.25,-0.2,,,,,,1,1,0,0.2,66.9,66.94,,,50.96,0.82,0.3,359,15,17,12,20.73,40.0,8.03,4,6,32,11,13,176.8,85.91,8.13,5.16,92.4,48.2,0,Toronto 1-1 New York RB,2026-03-14
Toronto,2.25,2.05,0.2,1.25,1.07,0.18,1.01,0.98,0.03,2.25,2.05,0.2,,,,,,1,1,0,-0.2,33.1,33.06,,,47.54,0.3,0.82,148,10,12,17,40.0,20.73,14.42,6,4,12,5,10,29.0,14.09,149.53,94.84,99.3,51.8,0,Toronto 1-1 New York RB,2026-03-14
Toronto,0.78,1.11,-0.33,0.57,0.98,-0.41,0.21,0.13,0.08,0.78,1.11,-0.33,,,,,,1,0,1,1.33,42.9,45.58,,,48.97,0.78,1.3,180,21,11,14,14.1,10.77,9.76,10,3,21,7,11,98.6,39.87,73.67,74.66,138.2,53.44,3,Cincinnati 0-1 Toronto,2026-03-08
Cincinnati,1.11,0.78,0.33,0.98,0.57,0.41,0.13,0.21,-0.08,1.11,0.78,0.33,,,,,,0,1,-1,-1.33,57.1,54.42,,,49.89,1.3,0.78,252,16,14,11,10.77,14.1,10.73,3,10,26,8,14,148.7,60.13,25.0,25.34,120.43,46.56,4,Cincinnati 0-1 Toronto,2026-03-08
Montréal,2.84,1.01,1.83,2.02,0.6,1.42,0.06,0.41,-0.35,2.08,1.01,1.07,,,,,,3,0,3,1.17,32.7,26.33,,,44.82,0.26,1.03,120,6,10,12,38.46,11.65,16.96,3,4,8,4,9,13.9,5.6,89.93,89.28,80.97,70.65,0,New York RB 0-3 Montréal,2026-03-08
New York RB,1.01,2.84,-1.83,0.6,2.02,-1.42,0.41,0.06,0.35,1.01,2.08,-1.07,,,,,,0,3,-3,-1.17,67.3,73.67,,,54.46,1.03,0.26,368,11,12,10,11.65,38.46,10.26,4,3,31,11,8,234.1,94.4,10.8,10.72,33.63,29.35,0,New York RB 0-3 Montréal,2026-03-08
Vancouver Whitecaps,3.39,0.4,2.99,3.35,0.37,2.98,0.04,0.02,0.02,3.39,0.4,2.99,,,,,,4,1,3,0.01,55.5,63.84,,,49.51,1.06,0.39,268,18,17,7,16.04,17.95,10.5,4,3,18,7,13,171.6,81.1,51.33,41.92,192.47,90.86,2,Portland Timbers 1-4 Vancouver Whitecaps,2026-03-07
Portland Timbers,0.4,3.39,-2.99,0.37,3.35,-2.98,0.02,0.04,-0.02,0.4,3.39,-2.99,,,,,,1,4,-3,-0.01,44.5,36.16,,,43.88,0.39,1.06,166,5,7,17,17.95,16.04,13.13,3,4,16,3,10,40.0,18.9,71.13,58.08,19.37,9.14,0,Portland Timbers 1-4 Vancouver Whitecaps,2026-03-07
Dallas,1.15,0.74,0.41,1.05,0.74,0.31,0.1,0.0,0.1,1.15,0.74,0.41,,,,,,0,1,-1,-1.41,38.6,43.88,,,51.41,1.08,0.45,214,18,15,8,13.89,17.78,15.76,5,8,21,7,14,94.4,45.12,128.6,84.42,133.03,63.17,0,LAFC 1-0 Dallas,2026-03-07
LAFC,0.74,1.15,-0.41,0.74,1.05,-0.31,0.0,0.1,-0.1,0.74,1.15,-0.41,,,,,,1,0,1,1.41,61.4,56.12,,,50.12,0.45,1.08,332,10,8,15,17.78,13.89,7.94,8,5,10,4,13,114.8,54.88,23.73,15.58,77.57,36.83,0,LAFC 1-0 Dallas,2026-03-07
LA Galaxy,1.73,1.84,-0.11,1.12,1.84,-0.72,0.62,0.0,0.62,1.73,1.84,-0.11,,,,,,1,4,-3,-2.89,47.6,42.07,,,46.23,1.11,0.72,200,17,15,10,13.51,13.89,19.95,6,10,12,5,5,81.6,38.71,117.53,73.36,100.68,42.22,0,Colorado Rapids 4-1 LA Galaxy,2026-03-07
Colorado Rapids,1.84,1.73,0.11,1.84,1.12,0.72,0.0,0.62,-0.62,1.84,1.73,0.11,,,,,,4,1,3,2.89,52.4,57.93,,,47.06,0.72,1.11,265,5,10,15,13.89,13.51,15.62,10,6,15,2,10,129.2,61.29,42.67,26.64,137.77,57.78,0,Colorado Rapids 4-1 LA Galaxy,2026-03-07
Seattle Sounders,0.84,0.92,-0.08,0.84,0.81,0.03,0.0,0.11,-0.11,0.84,0.92,-0.08,,,,,,1,0,1,1.08,38.6,27.12,,,45.28,0.47,0.78,161,12,8,12,17.02,15.38,18.95,4,9,10,1,7,25.1,8.74,124.87,89.36,74.17,37.91,6,St. Louis City 0-1 Seattle Sounders,2026-03-07
St. Louis City,0.92,0.84,0.08,0.81,0.84,-0.03,0.11,0.0,0.11,0.92,0.84,0.08,,,,,,0,1,-1,-1.08,61.4,72.88,,,55.4,0.78,0.47,424,14,12,8,15.38,17.02,8.97,9,4,29,8,13,262.1,91.26,14.87,10.64,121.47,62.09,0,St. Louis City 0-1 Seattle Sounders,2026-03-07
Minnesota United,1.1,2.27,-1.17,0.91,2.07,-1.16,0.19,0.2,-0.01,1.1,2.27,-1.17,,,,,,1,3,-2,-0.83,42.1,42.41,,,46.26,0.73,0.55,193,14,14,15,19.18,27.27,16.06,7,3,10,2,10,81.9,39.07,94.2,73.55,61.0,31.72,2,Nashville SC 3-1 Minnesota United,2026-03-07
Nashville SC,2.27,1.1,1.17,2.07,0.91,1.16,0.2,0.19,0.01,2.27,1.1,1.17,,,,,,3,1,2,0.83,57.9,57.59,,,47.4,0.55,0.73,291,14,15,14,27.27,19.18,16.95,3,7,19,5,11,127.7,60.93,33.87,26.45,131.33,68.28,1,Nashville SC 3-1 Minnesota United,2026-03-07
San Diego,2.19,0.37,1.82,2.19,0.31,1.88,0.0,0.07,-0.07,2.19,0.37,1.82,,,,,,1,0,1,-0.82,66.9,63.82,,,46.07,1.57,0.31,343,28,15,5,9.55,16.13,8.79,5,3,18,6,12,196.5,85.7,3.47,1.93,77.77,56.33,0,Sporting KC 0-1 San Diego,2026-03-07
Sporting KC,0.37,2.19,-1.82,0.31,2.19,-1.88,0.07,0.0,0.07,0.37,2.19,-1.82,,,,,,0,1,-1,0.82,33.1,36.18,,,47.98,0.31,1.57,186,12,5,15,16.13,9.55,29.95,3,5,16,2,11,32.8,14.3,176.0,98.07,60.3,43.67,3,Sporting KC 0-1 San Diego,2026-03-07
SJ Earthquakes,1.43,1.57,-0.14,1.43,1.2,0.23,0.0,0.38,-0.38,1.43,1.57,-0.14,,,,,,1,0,1,1.14,50.1,36.94,,,40.67,0.7,0.93,135,11,8,13,11.43,13.98,7.73,4,6,12,1,16,58.9,29.29,20.67,22.85,32.63,18.65,2,Philadelphia Union 0-1 SJ Earthquakes,2026-03-07
Philadelphia Union,1.57,1.43,0.14,1.2,1.43,-0.23,0.38,0.0,0.38,1.57,1.43,0.14,,,,,,0,1,-1,-1.14,49.9,63.06,,,52.32,0.93,0.7,233,25,13,8,13.98,11.43,7.33,6,4,27,11,20,142.2,70.71,69.8,77.15,142.37,81.35,10,Philadelphia Union 0-1 SJ Earthquakes,2026-03-07
Chicago Fire,1.13,2.07,-0.94,1.12,1.98,-0.86,0.01,0.08,-0.07,1.13,2.07,-0.94,,,,,,0,0,0,0.94,49.8,36.29,,,41.1,0.46,0.41,175,8,7,13,15.22,31.71,18.43,3,5,7,3,10,49.8,27.93,38.67,32.92,45.67,21.73,0,Columbus Crew 0-0 Chicago Fire,2026-03-07
Columbus Crew,2.07,1.13,0.94,1.98,1.12,0.86,0.08,0.01,0.07,2.07,1.13,0.94,,,,,,0,0,0,-0.94,50.2,63.71,,,49.12,0.41,0.46,241,5,13,7,31.71,15.22,13.59,5,3,20,7,11,128.5,72.07,78.8,67.08,164.5,78.27,0,Columbus Crew 0-0 Chicago Fire,2026-03-07
Austin,0.18,2.74,-2.56,0.18,2.54,-2.36,0.0,0.2,-0.2,0.18,2.74,-2.56,,,,,,1,3,-2,0.56,28.5,21.66,,,41.32,0.17,0.8,90,3,6,25,35.29,31.25,24.06,0,4,14,3,12,9.1,2.49,136.8,90.28,13.37,2.5,4,Charlotte 3-1 Austin,2026-03-07
Charlotte,2.74,0.18,2.56,2.54,0.18,2.36,0.2,0.0,0.2,2.74,0.18,2.56,,,,,,3,1,2,-0.56,71.5,78.34,,,55.8,0.8,0.17,425,34,25,6,31.25,35.29,7.55,4,0,26,12,9,356.3,97.51,14.73,9.72,520.79,97.5,1,Charlotte 3-1 Austin,2026-03-07
Real Salt Lake,1.8,1.38,0.42,1.8,1.35,0.45,0.0,0.03,-0.03,1.8,1.38,0.42,,,,,,3,2,1,0.58,37.3,31.44,,,40.93,0.45,1.07,145,11,11,16,24.44,14.95,22.76,3,6,6,2,4,18.4,9.33,95.93,83.81,83.1,57.59,0,Atlanta United 2-3 Real Salt Lake,2026-03-07
Atlanta United,1.38,1.8,-0.42,1.35,1.8,-0.45,0.03,0.0,0.03,1.38,1.8,-0.42,,,,,,2,3,-1,-0.58,62.7,68.56,,,48.33,1.07,0.45,348,21,16,11,14.95,24.44,12.77,6,3,28,4,12,178.9,90.67,18.53,16.19,61.2,42.41,0,Atlanta United 2-3 Real Salt Lake,2026-03-07
Inter Miami,1.19,1.64,-0.45,1.17,1.45,-0.28,0.02,0.19,-0.17,1.19,1.64,-0.45,,,,,,2,1,1,1.45,63.9,40.69,,,41.35,0.5,0.59,211,9,8,15,16.0,25.42,10.69,5,12,2,1,8,50.5,28.1,7.07,4.19,21.4,11.05,0,DC United 1-2 Inter Miami,2026-03-07
DC United,1.64,1.19,0.45,1.45,1.17,0.28,0.19,0.02,0.17,1.64,1.19,0.45,,,,,,1,2,-1,-1.45,36.1,59.31,,,51.12,0.59,0.5,213,13,15,8,25.42,16.0,13.04,12,5,20,8,16,129.2,71.9,161.47,95.81,172.3,88.95,2,DC United 1-2 Inter Miami,2026-03-07
Orlando City,0.26,2.73,-2.47,0.2,1.9,-1.7,0.06,0.07,-0.01,0.26,1.97,-1.71,,,,,,0,5,-5,-2.53,29.5,22.94,,,40.11,0.33,1.22,81,5,4,13,12.12,10.66,35.88,0,4,9,2,7,7.7,3.81,174.07,90.47,8.47,2.41,1,NYCFC 5-0 Orlando City,2026-03-07
NYCFC,2.73,0.26,2.47,1.9,0.2,1.7,0.07,0.06,0.01,1.97,0.26,1.71,,,,,,5,0,5,2.53,70.5,77.06,,,50.29,1.22,0.33,360,18,13,4,10.66,12.12,8.65,4,0,27,5,17,194.6,96.19,18.33,9.53,342.61,97.59,0,NYCFC 5-0 Orlando City,2026-03-07
St. Louis City,1.13,1.13,0.0,1.13,1.08,0.05,0.0,0.05,-0.05,1.13,1.13,0.0,,,,,,0,2,-2,-2.0,34.9,33.57,,,41.75,0.47,0.74,142,5,6,10,12.77,13.51,24.43,6,7,6,2,12,52.0,25.67,204.93,90.04,93.23,38.59,0,San Diego 2-0 St. Louis City,2026-03-01
San Diego,1.13,1.13,0.0,1.08,1.13,-0.05,0.05,0.0,0.05,1.13,1.13,0.0,,,,,,2,0,2,2.0,65.1,66.43,,,43.44,0.74,0.47,323,16,10,6,13.51,12.77,11.66,7,6,21,7,10,150.6,74.33,22.67,9.96,148.33,61.41,0,San Diego 2-0 St. Louis City,2026-03-01
Inter Miami,1.31,1.49,-0.18,1.27,1.45,-0.18,0.05,0.05,0.0,1.31,1.49,-0.18,,,,,,4,2,2,2.18,61.0,75.15,,,50.87,0.66,0.37,351,15,15,10,22.73,27.03,9.76,6,3,19,8,14,224.9,88.89,54.53,36.75,183.1,76.79,0,Orlando City 2-4 Inter Miami,2026-03-01
Orlando City,1.49,1.31,0.18,1.45,1.27,0.18,0.05,0.05,0.0,1.49,1.31,0.18,,,,,,2,4,-2,-2.18,39.0,24.85,,,42.8,0.37,0.66,132,11,10,15,27.03,22.73,15.13,3,6,4,2,16,28.1,11.11,93.87,63.25,55.33,23.21,1,Orlando City 2-4 Inter Miami,2026-03-01
NYCFC,2.14,2.32,-0.18,2.08,1.49,0.59,0.06,0.07,-0.01,2.14,1.56,0.58,,,,,,2,1,1,1.18,52.0,32.56,,,42.4,0.88,1.03,179,15,13,16,14.77,15.53,9.81,4,8,7,4,14,124.2,33.31,20.07,16.51,76.5,25.43,0,Philadelphia Union 1-2 NYCFC,2026-03-01
Philadelphia Union,2.32,2.14,0.18,1.49,2.08,-0.59,0.07,0.06,0.01,1.56,2.14,-0.58,,,,,,1,2,-1,-1.18,48.0,67.44,,,57.97,1.03,0.88,332,21,16,13,15.53,14.77,10.83,8,4,23,5,12,248.7,66.69,101.47,83.49,224.3,74.57,4,Philadelphia Union 1-2 NYCFC,2026-03-01
DC United,0.35,2.36,-2.01,0.3,0.95,-0.65,0.05,1.42,-1.37,0.35,2.36,-2.01,,,,,,0,1,-1,1.01,46.0,50.67,,,49.14,0.26,0.19,161,9,7,18,26.92,94.74,9.82,4,3,18,4,18,48.7,35.14,75.47,75.93,77.77,53.38,0,Austin 1-0 DC United,2026-03-01
Austin,2.36,0.35,2.01,0.95,0.3,0.65,1.42,0.05,1.37,2.36,0.35,2.01,,,,,,1,0,1,-1.01,54.0,49.33,,,42.99,0.19,0.26,156,10,18,7,94.74,26.92,7.47,3,4,19,11,14,89.9,64.86,23.93,24.07,67.93,46.62,2,Austin 1-0 DC United,2026-03-01
Charlotte,0.18,4.22,-4.04,0.13,3.98,-3.85,0.05,0.24,-0.19,0.18,4.22,-4.04,,,,,,0,3,-3,1.04,37.2,45.11,,,47.04,0.43,0.83,189,8,4,14,9.3,16.87,22.0,4,1,11,5,14,44.4,26.3,206.67,92.04,33.2,11.99,0,LA Galaxy 3-0 Charlotte,2026-02-28
LA Galaxy,4.22,0.18,4.04,3.98,0.13,3.85,0.24,0.05,0.19,4.22,0.18,4.04,,,,,,3,0,3,-1.04,62.8,54.89,,,41.58,0.83,0.43,210,10,14,4,16.87,9.3,13.12,1,4,7,4,9,124.4,73.7,17.87,7.96,243.77,88.01,1,LA Galaxy 3-0 Charlotte,2026-02-28
Toronto,0.41,2.48,-2.07,0.41,0.25,0.16,0.0,1.48,-1.48,0.41,1.72,-1.31,,,,,,0,3,-3,-0.93,40.2,36.79,,,41.42,0.38,0.49,97,12,5,10,13.16,20.41,11.25,5,1,9,1,14,33.8,25.39,75.27,78.29,21.57,9.9,1,Vancouver Whitecaps 3-0 Toronto,2026-02-28
Vancouver Whitecaps,2.48,0.41,2.07,0.25,0.41,-0.16,1.48,0.0,1.48,1.72,0.41,1.31,,,,,,3,0,3,0.93,59.8,63.21,,,44.4,0.49,0.38,177,8,10,5,20.41,13.16,8.59,1,5,14,5,11,99.3,74.61,20.87,21.71,196.37,90.1,1,Vancouver Whitecaps 3-0 Toronto,2026-02-28
Columbus Crew,3.61,1.41,2.2,2.85,1.34,1.51,0.0,0.08,-0.08,2.85,1.41,1.44,,,,,,2,2,0,-2.2,58.3,64.04,,,52.62,1.31,0.4,323,13,10,8,7.63,20.0,10.12,7,10,30,4,13,244.4,80.03,24.4,25.52,199.7,76.13,0,Sporting KC 2-2 Columbus Crew,2026-02-28
Sporting KC,1.41,3.61,-2.2,1.34,2.85,-1.51,0.08,0.0,0.08,1.41,2.85,-1.44,,,,,,2,2,0,2.2,41.7,35.96,,,44.53,0.4,1.31,166,10,8,10,20.0,7.63,12.19,10,7,16,4,9,61.0,19.97,71.2,74.48,62.6,23.87,5,Sporting KC 2-2 Columbus Crew,2026-02-28
LAFC,1.02,1.27,-0.25,0.97,1.06,-0.09,0.05,0.2,-0.15,1.02,1.27,-0.25,,,,,,2,0,2,2.25,70.1,76.72,,,57.16,0.84,0.69,510,18,18,12,21.43,17.39,10.83,2,3,13,8,14,334.8,86.09,30.53,18.94,257.87,81.56,0,Houston Dynamo 0-2 LAFC,2026-02-28
Houston Dynamo,1.27,1.02,0.25,1.06,0.97,0.09,0.2,0.05,0.15,1.27,1.02,0.25,,,,,,0,2,-2,-2.25,29.9,23.28,,,45.69,0.69,0.84,137,12,12,18,17.39,21.43,23.82,3,2,9,4,7,54.1,13.91,130.67,81.06,58.3,18.44,3,Houston Dynamo 0-2 LAFC,2026-02-28
Nashville SC,0.39,0.62,-0.23,0.33,0.62,-0.29,0.06,0.0,0.06,0.39,0.62,-0.23,,,,,,0,0,0,0.23,51.3,44.54,,,41.27,0.33,0.48,145,8,6,7,18.18,14.58,12.55,1,3,4,2,12,48.0,43.24,17.4,17.58,29.7,21.43,2,Dallas 0-0 Nashville SC,2026-02-28
Dallas,0.62,0.39,0.23,0.62,0.33,0.29,0.0,0.06,-0.06,0.62,0.39,0.23,,,,,,0,0,0,-0.23,48.7,55.46,,,51.51,0.48,0.33,186,12,7,6,14.58,18.18,16.79,3,1,16,2,8,63.0,56.76,81.6,82.42,108.9,78.57,2,Dallas 0-0 Nashville SC,2026-02-28
Atlanta United,0.94,2.33,-1.39,0.92,2.22,-1.3,0.02,0.11,-0.09,0.94,2.33,-1.39,,,,,,0,2,-2,-0.61,54.0,50.69,,,40.2,0.67,1.08,177,12,8,11,11.94,10.19,11.69,2,6,10,4,19,97.9,49.82,17.6,14.81,67.13,27.44,0,SJ Earthquakes 2-0 Atlanta United,2026-02-28
SJ Earthquakes,2.33,0.94,1.39,2.22,0.92,1.3,0.11,0.02,0.09,2.33,0.94,1.39,,,,,,2,0,2,0.61,46.0,49.31,,,46.07,1.08,0.67,187,13,11,8,10.19,11.94,13.26,6,2,24,7,9,98.6,50.18,101.2,85.19,177.5,72.56,1,SJ Earthquakes 2-0 Atlanta United,2026-02-28
Seattle Sounders,1.53,1.97,-0.44,1.12,1.65,-0.53,0.41,0.32,0.09,1.53,1.97,-0.44,,,,,,1,2,-1,-0.56,61.2,64.22,,,50.04,0.6,0.76,289,12,14,16,23.33,21.05,11.44,9,3,31,10,7,137.2,59.97,34.67,29.2,90.7,41.28,9,Real Salt Lake 2-1 Seattle Sounders,2026-02-28
Real Salt Lake,1.97,1.53,0.44,1.65,1.12,0.53,0.32,0.41,-0.09,1.97,1.53,0.44,,,,,,2,1,1,0.56,38.8,35.78,,,45.11,0.76,0.6,151,12,16,14,21.05,23.33,21.0,3,9,14,5,9,91.6,40.03,84.07,70.8,129.03,58.72,1,Real Salt Lake 2-1 Seattle Sounders,2026-02-28
Cincinnati,1.26,2.29,-1.03,0.59,2.08,-1.49,0.67,0.21,0.46,1.26,2.29,-1.03,,,,,,0,1,-1,0.03,54.3,60.12,,,49.82,0.95,0.46,253,22,13,16,13.68,34.78,10.13,6,6,26,12,6,117.1,60.61,42.53,47.61,109.13,56.39,4,Minnesota United 1-0 Cincinnati,2026-02-28
Minnesota United,2.29,1.26,1.03,2.08,0.59,1.49,0.21,0.67,-0.46,2.29,1.26,1.03,,,,,,1,0,1,-0.03,45.7,39.88,,,45.46,0.46,0.95,167,9,16,13,34.78,13.68,18.84,6,6,12,5,9,76.1,39.39,46.8,52.39,84.4,43.61,4,Minnesota United 1-0 Cincinnati,2026-02-28
Portland Timbers,0.96,2.45,-1.49,0.83,1.79,-0.96,0.13,0.66,-0.53,0.96,2.45,-1.49,,,,,,0,2,-2,-0.51,46.1,46.69,,,47.4,0.53,0.37,179,9,12,25,22.64,67.57,13.93,5,1,23,6,15,66.3,31.27,97.6,75.66,58.07,25.44,1,Colorado Rapids 2-0 Portland Timbers,2026-02-28
Colorado Rapids,2.45,0.96,1.49,1.79,0.83,0.96,0.66,0.13,0.53,2.45,0.96,1.49,,,,,,2,0,2,0.51,53.9,53.31,,,43.82,0.37,0.53,196,22,25,12,67.57,22.64,11.8,1,5,20,12,12,145.7,68.73,31.4,24.34,170.23,74.56,0,Colorado Rapids 2-0 Portland Timbers,2026-02-28
New England,0.47,0.96,-0.49,0.45,0.64,-0.19,0.02,0.32,-0.3,0.47,0.96,-0.49,,,,,,0,1,-1,-0.51,35.5,29.77,,,44.1,0.47,1.32,133,9,5,12,10.64,9.09,11.77,2,3,12,6,19,28.5,11.78,101.67,87.35,41.93,19.93,0,New York RB 1-0 New England,2026-02-28
New York RB,0.96,0.47,0.49,0.64,0.45,0.19,0.32,0.02,0.3,0.96,0.47,0.49,,,,,,1,0,1,0.51,64.5,70.23,,,53.06,1.32,0.47,337,25,12,5,9.09,10.64,6.62,3,2,20,6,14,213.5,88.22,14.73,12.65,168.5,80.07,0,New York RB 1-0 New England,2026-02-28
Montréal,0.06,3.39,-3.33,0.04,2.19,-2.15,0.02,0.44,-0.42,0.06,2.63,-2.57,,,,,,0,3,-3,0.33,55.9,53.95,,,43.05,0.23,0.33,160,8,4,17,17.39,51.52,7.49,6,6,10,3,13,32.1,27.3,38.27,28.36,32.7,16.6,2,Chicago Fire 3-0 Montréal,2026-02-28
Chicago Fire,3.39,0.06,3.33,2.19,0.04,2.15,0.44,0.02,0.42,2.63,0.06,2.57,,,,,,3,0,3,-0.33,44.1,46.05,,,41.65,0.33,0.23,134,12,17,4,51.52,17.39,11.08,6,6,14,9,12,85.5,72.7,96.67,71.64,164.3,83.4,0,Chicago Fire 3-0 Montréal,2026-02-28
Colorado Rapids,0.99,1.32,-0.33,0.72,1.23,-0.51,0.27,0.09,0.18,0.99,1.32,-0.33,,,,,,0,2,-2,-1.67,56.9,44.86,,,44.21,0.21,0.71,232,7,8,15,38.1,21.13,10.8,5,15,23,4,17,81.1,46.37,15.47,11.31,52.17,19.49,0,Seattle Sounders 2-0 Colorado Rapids,2026-02-22
Seattle Sounders,1.32,0.99,0.33,1.23,0.72,0.51,0.09,0.27,-0.18,1.32,0.99,0.33,,,,,,2,0,2,1.67,43.1,55.14,,,49.88,0.71,0.21,233,12,15,8,21.13,38.1,9.48,15,5,18,8,10,93.8,53.63,121.33,88.69,215.47,80.51,2,Seattle Sounders 2-0 Colorado Rapids,2026-02-22
NYCFC,1.46,0.47,0.99,0.7,0.46,0.24,0.0,0.01,-0.01,0.7,0.47,0.23,,,,,,1,1,0,-0.99,64.0,68.59,,,53.86,0.94,0.38,407,16,10,8,10.64,21.05,8.43,7,7,19,2,16,196.2,81.51,20.8,15.35,115.3,57.86,0,LA Galaxy 1-1 NYCFC,2026-02-22
LA Galaxy,0.47,1.46,-0.99,0.46,0.7,-0.24,0.01,0.0,0.01,0.47,0.7,-0.23,,,,,,1,1,0,0.99,36.0,31.41,,,46.31,0.38,0.94,148,10,8,10,21.05,10.64,13.17,7,7,7,1,15,44.5,18.49,114.67,84.65,83.97,42.14,1,LA Galaxy 1-1 NYCFC,2026-02-22
Sporting KC,0.99,2.93,-1.94,0.93,1.78,-0.85,0.06,1.15,-1.09,0.99,2.93,-1.94,,,,,,0,3,-3,-1.06,55.5,44.78,,,44.17,0.27,1.04,199,5,7,17,25.93,16.35,10.57,2,3,12,3,12,65.7,31.74,31.07,21.23,16.2,5.42,2,SJ Earthquakes 3-0 Sporting KC,2026-02-21
SJ Earthquakes,2.93,0.99,1.94,1.78,0.93,0.85,1.15,0.06,1.09,2.93,0.99,1.94,,,,,,3,0,3,1.06,44.5,55.22,,,49.77,1.04,0.27,195,20,17,7,16.35,25.93,11.54,3,2,34,15,16,141.3,68.26,115.27,78.77,282.86,94.58,0,SJ Earthquakes 3-0 Sporting KC,2026-02-21
Montréal,0.54,1.84,-1.3,0.5,1.6,-1.1,0.04,0.24,-0.2,0.54,1.84,-1.3,,,,,,0,5,-5,-3.7,31.3,35.22,,,42.9,0.35,1.04,113,4,6,10,17.14,9.62,19.77,5,6,10,2,13,33.4,18.56,194.2,91.86,104.87,27.91,0,San Diego 5-0 Montréal,2026-02-21
San Diego,1.84,0.54,1.3,1.6,0.5,1.1,0.24,0.04,0.2,1.84,0.54,1.3,,,,,,5,0,5,3.7,68.7,64.78,,,44.58,1.04,0.35,295,20,10,6,9.62,17.14,9.37,6,5,12,5,12,146.6,81.44,17.2,8.14,270.94,72.09,0,San Diego 5-0 Montréal,2026-02-21
Columbus Crew,1.02,0.99,0.03,0.9,0.84,0.06,0.12,0.15,-0.03,1.02,0.99,0.03,,,,,,2,3,-1,-1.03,54.6,64.3,,,52.43,0.97,0.78,351,24,15,12,15.46,15.38,17.08,9,2,27,8,6,196.9,76.26,51.13,50.69,181.47,76.75,0,Portland Timbers 3-2 Columbus Crew,2026-02-21
Portland Timbers,0.99,1.02,-0.03,0.84,0.9,-0.06,0.15,0.12,0.03,0.99,1.02,-0.03,,,,,,3,2,1,1.03,45.4,35.7,,,46.53,0.78,0.97,235,15,12,15,15.38,15.46,19.45,2,9,30,6,5,61.3,23.74,49.73,49.31,54.97,23.25,0,Portland Timbers 3-2 Columbus Crew,2026-02-21
Inter Miami,0.87,3.98,-3.11,0.87,3.87,-3.0,0.0,0.11,-0.11,0.87,3.98,-3.11,,,,,,0,3,-3,0.11,68.5,73.03,,,49.4,1.12,0.86,425,10,12,15,10.71,17.44,8.18,9,1,17,3,15,202.4,74.41,10.67,5.85,84.93,37.65,0,LAFC 3-0 Inter Miami,2026-02-21
LAFC,3.98,0.87,3.11,3.87,0.87,3.0,0.11,0.0,0.11,3.98,0.87,3.11,,,,,,3,0,3,-0.11,31.5,26.97,,,42.04,0.86,1.12,131,9,15,12,17.44,10.71,24.54,1,9,7,4,14,69.6,25.59,171.73,94.15,140.62,62.35,0,LAFC 3-0 Inter Miami,2026-02-21
New England,1.21,4.13,-2.92,1.21,3.61,-2.4,0.0,0.52,-0.52,1.21,4.13,-2.92,,,,,,1,4,-3,-0.08,44.0,53.21,,,50.0,0.28,0.84,254,5,4,14,14.29,16.67,17.52,2,4,14,2,11,98.3,49.75,81.13,65.08,41.42,15.83,0,Nashville SC 4-1 New England,2026-02-21
Nashville SC,4.13,1.21,2.92,3.61,1.21,2.4,0.52,0.0,0.52,4.13,1.21,2.92,,,,,,4,1,3,0.08,56.0,46.79,,,44.59,0.84,0.28,264,15,14,4,16.67,14.29,11.26,4,2,10,3,16,99.3,50.25,43.53,34.92,220.28,84.17,1,Nashville SC 4-1 New England,2026-02-21
Chicago Fire,0.66,1.26,-0.6,0.63,1.23,-0.6,0.04,0.02,0.02,0.66,1.26,-0.6,,,,,,1,2,-1,-0.4,57.3,67.14,,,46.18,0.25,0.27,254,4,6,10,24.0,37.04,10.65,3,7,13,5,20,119.5,73.63,26.93,25.76,100.63,60.0,0,Houston Dynamo 2-1 Chicago Fire,2026-02-21
Houston Dynamo,1.26,0.66,0.6,1.23,0.63,0.6,0.02,0.04,-0.02,1.26,0.66,0.6,,,,,,2,1,1,0.4,42.7,32.86,,,43.14,0.27,0.25,128,6,10,6,37.04,24.0,11.62,7,3,15,3,11,42.8,26.37,77.6,74.24,67.1,40.0,4,Houston Dynamo 2-1 Chicago Fire,2026-02-21
Toronto,2.55,1.95,0.6,2.48,1.95,0.53,0.07,0.0,0.07,2.55,1.95,0.6,,,,,,2,3,-1,-1.6,55.3,61.05,,,49.12,0.69,0.7,271,16,12,13,17.39,18.57,10.78,8,7,21,7,11,131.1,59.86,41.07,33.3,79.13,45.15,4,Dallas 3-2 Toronto,2026-02-21
Dallas,1.95,2.55,-0.6,1.95,2.48,-0.53,0.0,0.07,-0.07,1.95,2.55,-0.6,,,,,,3,2,1,1.6,44.7,38.95,,,48.96,0.7,0.69,219,12,13,12,18.57,17.39,10.61,7,8,16,3,18,87.9,40.14,82.27,66.7,96.13,54.85,1,Dallas 3-2 Toronto,2026-02-21
Minnesota United,1.76,1.57,0.19,1.01,1.38,-0.37,0.75,0.18,0.57,1.76,1.57,0.19,,,,,,2,2,0,-0.19,42.9,41.55,,,46.34,0.74,0.69,176,13,11,10,14.86,14.49,13.69,3,7,14,8,16,61.3,33.77,92.53,75.81,69.2,46.04,4,Austin 2-2 Minnesota United,2026-02-21
Austin,1.57,1.76,-0.19,1.38,1.01,0.37,0.18,0.75,-0.57,1.57,1.76,-0.19,,,,,,2,2,0,0.19,57.1,58.45,,,48.44,0.69,0.74,249,10,10,11,14.49,14.86,11.7,7,3,24,7,8,120.2,66.23,29.53,24.19,81.1,53.96,3,Austin 2-2 Minnesota United,2026-02-21
Real Salt Lake,0.43,1.61,-1.18,0.35,1.53,-1.18,0.08,0.08,0.0,0.43,1.61,-1.18,,,,,,0,1,-1,0.18,41.8,39.73,,,44.33,0.33,0.63,161,4,10,13,30.3,20.63,13.42,4,8,13,5,15,46.3,22.84,102.33,78.35,62.97,34.51,1,Vancouver Whitecaps 1-0 Real Salt Lake,2026-02-21
Vancouver Whitecaps,1.61,0.43,1.18,1.53,0.35,1.18,0.08,0.08,0.0,1.61,0.43,1.18,,,,,,1,0,1,-0.18,58.2,60.27,,,45.76,0.63,0.33,239,12,13,10,20.63,30.3,7.6,8,4,20,7,15,156.4,77.16,28.27,21.65,119.5,65.49,0,Vancouver Whitecaps 1-0 Real Salt Lake,2026-02-21
New York RB,4.21,2.47,1.74,3.47,2.1,1.37,0.74,0.37,0.37,4.21,2.47,1.74,,,,,,2,1,1,-0.74,51.3,64.34,,,53.24,1.85,0.75,264,23,22,17,11.89,22.67,12.62,7,5,14,9,15,225.7,77.37,46.87,46.8,237.67,89.37,0,Orlando City 1-2 New York RB,2026-02-21
Orlando City,2.47,4.21,-1.74,2.1,3.47,-1.37,0.37,0.74,-0.37,2.47,4.21,-1.74,,,,,,1,2,-1,0.74,48.7,35.66,,,43.58,0.75,1.85,165,14,17,22,22.67,11.89,9.71,5,7,26,5,7,66.0,22.63,53.27,53.2,28.27,10.63,6,Orlando City 1-2 New York RB,2026-02-21
Philadelphia Union,0.98,1.36,-0.38,0.77,1.36,-0.59,0.21,0.0,0.21,0.98,1.36,-0.38,,,,,,0,1,-1,-0.62,51.5,50.76,,,45.03,0.29,0.54,184,6,12,7,41.38,12.96,7.58,6,8,12,5,16,59.6,54.58,35.73,43.15,47.1,40.07,3,DC United 1-0 Philadelphia Union,2026-02-21
DC United,1.36,0.98,0.38,1.36,0.77,0.59,0.0,0.21,-0.21,1.36,0.98,0.38,,,,,,1,0,1,0.62,48.5,49.24,,,43.36,0.54,0.29,157,10,7,12,12.96,41.38,9.09,8,6,9,1,19,49.6,45.42,47.07,56.85,70.43,59.93,0,DC United 1-0 Philadelphia Union,2026-02-21
Atlanta United,0.52,2.87,-2.35,0.5,2.37,-1.87,0.02,0.5,-0.48,0.52,2.87,-2.35,,,,,,0,2,-2,0.35,46.4,40.54,,,44.88,0.52,0.77,153,7,8,11,15.38,14.29,7.93,2,2,12,2,18,57.9,32.13,54.07,59.33,63.63,34.52,0,Cincinnati 2-0 Atlanta United,2026-02-21
Cincinnati,2.87,0.52,2.35,2.37,0.5,1.87,0.5,0.02,0.48,2.87,0.52,2.35,,,,,,2,0,2,-0.35,53.6,59.46,,,47.21,0.77,0.52,186,14,11,8,14.29,15.38,8.94,2,2,24,5,10,122.3,67.87,37.07,40.67,120.7,65.48,2,Cincinnati 2-0 Atlanta United,2026-02-21
Charlotte,0.79,3.01,-2.22,0.79,2.48,-1.69,0.0,0.53,-0.53,0.79,3.01,-2.22,,,,,,1,1,0,2.22,48.9,46.9,,,47.52,0.28,0.98,230,12,8,22,28.57,22.45,16.82,5,8,10,1,9,63.4,31.78,76.87,57.14,55.13,33.16,3,St. Louis City 1-1 Charlotte,2026-02-21
St. Louis City,3.01,0.79,2.22,2.48,0.79,1.69,0.53,0.0,0.53,3.01,0.79,2.22,,,,,,1,1,0,-2.22,51.1,53.1,,,50.52,0.98,0.28,259,18,22,8,22.45,28.57,10.36,8,5,23,6,12,136.1,68.22,57.67,42.86,111.13,66.84,0,St. Louis City 1-1 Charlotte,2026-02-21
