Team,xG,xGA,xGD,Open Play xG,Open Play xGA,Open Play xGD,Set Piece xG,Set Piece xGA,Set Piece xGD,npxG,npxGA,npxGD,xG within 5s of Crosses,xGA within 5s of Crosses,xG within 15s of Set Pieces,xGA within 15s of Set Pieces,xGD within 15s of Set Pieces,Goals,Goals Conceded,GD,GD-xGD,Possession,Field Tilt,Vertical Tendency,Opponent Vertical Tendency,Avg Pass Height,xT,xT Against,Passes in Opposition Half,Passes into Box,Shots,Shots Faced,Shots per 1.0 xT,Shots Faced per 1.0 xT Against,PPDA,High Recoveries,High Recoveries Against,Crosses,Corners,Fouls,On-Ball Pressure,On-Ball Pressure Share,Off-Ball Pressure,Off-Ball Pressure Share,Game Control,Game Control Share,Throw-Ins into the Box,Match,Date
Melgar,2.58,0.46,2.12,2.32,0.46,1.86,0.26,0.00,0.26,2.58,0.46,2.12,0.85,0.38,0.44,0.00,0.44,0,1,-1,-3.12,59.90,52.94,20.9,27.5,49.49,1.91,0.68,280,22,22,8,11.52,11.76,16.59,3,2,25,4,5,147.7,68.1,16.0,15.76,105.4,51.53,0,Atlético Grau 1-0 Melgar,2026-09-01
Atlético Grau,0.46,2.58,-2.12,0.46,2.32,-1.86,0.00,0.26,-0.26,0.46,2.58,-2.12,0.38,0.85,0.00,0.44,-0.44,1,0,1,3.12,40.10,47.06,27.5,20.9,48.09,0.68,1.91,184,10,8,22,11.76,11.52,28.81,2,3,18,0,12,69.2,31.9,85.53,84.24,99.13,48.47,0,Atlético Grau 1-0 Melgar,2026-09-01
Cusco,0.85,2.35,-1.50,0.85,1.55,-0.70,0.00,0.03,-0.03,0.85,1.59,-0.74,0.29,0.12,0.04,0.08,-0.04,2,1,1,2.50,47.20,32.2,20.0,25.9,39.23,0.48,0.68,102,8,11,22,22.92,32.35,9.81,2,5,9,3,14,33.3,20.49,32.67,45.63,25.0,17.54,1,Cienciano 1-2 Cusco,2026-08-30
Cienciano,2.35,0.85,1.50,1.55,0.85,0.70,0.03,0.00,0.03,1.59,0.85,0.74,0.12,0.29,0.08,0.04,0.04,1,2,-1,-2.50,52.80,67.8,25.9,20.0,49.61,0.68,0.48,206,10,22,11,32.35,22.92,7.83,5,2,33,6,14,129.2,79.51,38.93,54.37,117.57,82.46,0,Cienciano 1-2 Cusco,2026-08-30
Sporting Cristal,0.22,3.75,-3.53,0.22,0.99,-0.77,0.00,2.77,-2.77,0.22,3.75,-3.53,0.07,0.34,0.07,0.20,-0.13,0,1,-1,2.53,45.90,45.76,20.0,22.9,46.11,0.42,0.72,183,3,5,13,11.9,18.06,12.31,4,3,14,2,10,30.2,24.34,74.53,71.21,44.43,33.24,1,Sport Boys 1-0 Sporting Cristal,2026-08-30
Sport Boys,3.75,0.22,3.53,0.99,0.22,0.77,2.77,0.00,2.77,3.75,0.22,3.53,0.34,0.07,0.20,0.07,0.13,1,0,1,-2.53,54.10,54.24,22.9,20.0,44.30,0.72,0.42,186,15,13,5,18.06,11.9,8.78,3,4,18,6,17,93.9,75.66,30.13,28.79,89.23,66.76,3,Sport Boys 1-0 Sporting Cristal,2026-08-30
Sport Huancayo,1.34,0.54,0.80,0.58,0.41,0.17,0.00,0.14,-0.14,0.58,0.54,0.04,0.36,0.10,0.37,0.33,0.04,3,1,2,1.20,37.80,41.92,22.0,19.7,44.26,0.24,0.44,93,5,9,13,37.5,29.55,9.67,3,4,5,0,18,49.5,38.95,70.0,86.92,128.67,88.7,1,ADT 1-3 Sport Huancayo,2026-08-30
ADT,0.54,1.34,-0.80,0.41,0.58,-0.17,0.14,0.00,0.14,0.54,0.58,-0.04,0.10,0.36,0.33,0.37,-0.04,1,3,-2,-1.20,62.20,58.08,19.7,22.0,45.64,0.44,0.24,158,4,13,9,29.55,37.5,5.91,4,3,23,9,14,77.6,61.05,10.53,13.08,16.4,11.3,3,ADT 1-3 Sport Huancayo,2026-08-30
Alianza Atlético,2.60,2.15,0.45,2.39,2.03,0.36,0.21,0.12,0.09,2.60,2.15,0.45,0.35,0.00,1.16,0.36,0.80,4,1,3,2.55,47.20,48.5,26.8,25.0,44.52,0.78,0.53,141,10,19,9,24.36,16.98,10.97,2,5,21,4,15,79.9,64.59,34.8,50.09,92.5,72.0,4,Deportivo Moquegua 1-4 Alianza Atlético,2026-08-30
Deportivo Moquegua,2.15,2.60,-0.45,2.03,2.39,-0.36,0.12,0.21,-0.09,2.15,2.60,-0.45,0.00,0.35,0.36,1.16,-0.80,1,4,-3,-2.55,52.80,51.5,25.0,26.8,45.44,0.53,0.78,144,5,9,19,16.98,24.36,8.84,5,2,21,5,12,43.8,35.41,34.67,49.91,35.97,28.0,3,Deportivo Moquegua 1-4 Alianza Atlético,2026-08-30
Deportivo Garcilaso,2.0,3.21,-1.21,1.24,2.61,-1.37,0.0,0.61,-0.61,1.24,3.21,-1.97,0.09,0.92,0.21,1.19,-0.98,1,0,1,2.21,29.0,23.74,24.6,24.1,45.24,0.27,3.17,77,4,8,30,29.63,9.46,13.81,1,7,8,2,16,5.7,1.91,108.87,98.85,30.6,18.07,0,Alianza Lima 0-1 Deportivo Garcilaso,2026-08-29
Alianza Lima,3.21,2.0,1.21,2.61,1.24,1.37,0.61,0.0,0.61,3.21,1.24,1.97,0.92,0.09,1.19,0.21,0.98,0,1,-1,-2.21,71.0,76.26,24.1,24.6,54.45,3.17,0.27,316,49,30,8,9.46,29.63,4.74,7,1,39,10,13,293.4,98.09,1.27,1.15,138.7,81.93,0,Alianza Lima 0-1 Deportivo Garcilaso,2026-08-29
Universitario,1.88,1.28,0.6,1.29,1.28,0.01,0.59,0.0,0.59,1.88,1.28,0.6,0.28,0.09,0.71,0.08,0.63,4,2,2,1.4,50.4,48.48,24.4,22.0,49.79,0.85,0.78,211,18,22,15,25.88,19.23,12.96,3,5,23,8,4,96.7,61.51,61.4,76.18,95.13,69.37,1,UTC Cajamarca 2-4 Universitario,2026-08-29
UTC Cajamarca,1.28,1.88,-0.6,1.28,1.29,-0.01,0.0,0.59,-0.59,1.28,1.88,-0.6,0.09,0.28,0.08,0.71,-0.63,2,4,-2,-1.4,49.6,51.52,22.0,24.4,48.22,0.78,0.85,197,4,15,22,19.23,25.88,12.38,5,3,16,3,16,60.5,38.49,19.2,23.82,42.0,30.63,0,UTC Cajamarca 2-4 Universitario,2026-08-29
Juan Pablo II College,3.47,2.04,1.43,1.95,1.97,-0.02,0.0,0.07,-0.07,1.95,2.04,-0.09,0.39,0.25,0.06,0.38,-0.32,4,3,1,-0.43,44.4,35.41,22.9,24.2,43.05,1.58,1.4,121,16,19,18,12.03,12.86,19.43,3,6,7,2,8,46.3,32.18,60.73,79.64,81.7,56.62,1,Los Chankas 3-4 Juan Pablo II College,2026-08-29
Los Chankas,2.04,3.47,-1.43,1.97,1.95,0.02,0.07,0.0,0.07,2.04,1.95,0.09,0.25,0.39,0.38,0.06,0.32,3,4,-1,0.43,55.6,64.59,24.2,22.9,48.01,1.4,1.58,237,20,18,19,12.86,12.03,14.91,6,3,25,4,9,97.6,67.82,15.53,20.36,62.6,43.38,0,Los Chankas 3-4 Juan Pablo II College,2026-08-29
FC Cajamarca,1.06,3.24,-2.18,1.04,2.26,-1.22,0.02,0.22,-0.2,1.06,2.48,-1.42,0.43,0.69,0.24,0.57,-0.33,3,2,1,3.18,28.7,33.22,26.9,26.4,46.22,0.64,1.17,94,5,13,27,20.31,23.08,13.59,4,6,10,3,17,30.3,14.74,123.2,98.35,98.07,62.78,2,Comerciantes Unidos 2-3 FC Cajamarca,2026-08-28
Comerciantes Unidos,3.24,1.06,2.18,2.26,1.04,1.22,0.22,0.02,0.2,2.48,1.06,1.42,0.69,0.43,0.57,0.24,0.33,2,3,-1,-3.18,71.3,66.78,26.4,26.9,48.16,1.17,0.64,262,16,27,13,23.08,20.31,5.38,6,4,29,5,10,175.2,85.26,2.07,1.65,58.13,37.22,8,Comerciantes Unidos 2-3 FC Cajamarca,2026-08-28
Los Chankas,0.13,3.28,-3.15,0.1,2.06,-1.96,0.03,0.46,-0.43,0.13,2.52,-2.39,0.03,0.07,0.03,0.65,-0.62,0,3,-3,0.15,39.6,28.81,17.2,16.5,40.11,0.08,0.94,99,3,4,15,50.0,15.96,9.92,4,11,12,2,12,11.5,5.68,86.93,81.91,4.92,2.38,0,Universitario 3-0 Los Chankas,2026-08-23
Universitario,3.28,0.13,3.15,2.06,0.1,1.96,0.46,0.03,0.43,2.52,0.13,2.39,0.07,0.03,0.65,0.03,0.62,3,0,3,-0.15,60.4,71.19,16.5,17.2,54.64,0.94,0.08,324,13,15,4,15.96,50.0,7.38,11,4,19,3,15,190.9,94.32,19.2,18.09,202.18,97.62,0,Universitario 3-0 Los Chankas,2026-08-23
Alianza Lima,0.98,1.76,-0.78,0.56,1.76,-1.2,0.43,0.0,0.43,0.98,1.76,-0.78,0.1,0.33,0.65,0.34,0.31,1,1,0,0.78,46.8,34.14,24.2,26.8,39.53,0.34,1.16,122,3,15,13,44.12,11.21,13.82,3,11,10,2,8,51.8,29.27,30.8,34.84,41.73,22.18,0,Melgar 1-1 Alianza Lima,2026-08-23
Melgar,1.76,0.98,0.78,1.76,0.56,1.2,0.0,0.43,-0.43,1.76,0.98,0.78,0.33,0.1,0.34,0.65,-0.31,1,1,0,-0.78,53.2,65.86,26.8,24.2,50.02,1.16,0.34,259,11,13,15,11.21,44.12,8.34,11,3,18,3,12,125.2,70.73,57.6,65.16,146.43,77.82,1,Melgar 1-1 Alianza Lima,2026-08-23
Cienciano,1.98,1.79,0.19,1.73,1.69,0.04,0.25,0.1,0.15,1.98,1.79,0.19,0.44,0.68,0.61,0.45,0.16,1,5,-4,-4.19,49.9,51.14,20.6,29.4,48.43,0.46,0.96,179,11,15,14,32.61,14.58,7.72,3,3,27,8,14,78.2,44.46,45.67,64.44,44.85,25.97,0,Sport Boys 5-1 Cienciano,2026-08-23
Sport Boys,1.79,1.98,-0.19,1.69,1.73,-0.04,0.1,0.25,-0.15,1.79,1.98,-0.19,0.68,0.44,0.45,0.61,-0.16,5,1,4,4.19,50.1,48.86,29.4,20.6,47.61,0.96,0.46,171,18,14,15,14.58,32.61,7.64,3,3,15,3,11,97.7,55.54,25.2,35.56,127.82,74.03,1,Sport Boys 5-1 Cienciano,2026-08-23
Cusco,1.29,2.12,-0.83,0.97,1.31,-0.34,0.31,0.05,0.26,1.29,1.36,-0.07,0.61,0.12,0.9,0.12,0.78,1,4,-3,-2.17,53.2,52.8,24.2,21.1,44.6,0.58,0.65,159,15,15,17,25.86,26.15,11.88,2,8,24,8,13,86.2,57.58,27.67,28.82,44.93,30.92,1,Deportivo Garcilaso 4-1 Cusco,2026-08-22
Deportivo Garcilaso,2.12,1.29,0.83,1.31,0.97,0.34,0.05,0.31,-0.26,1.36,1.29,0.07,0.12,0.61,0.12,0.9,-0.78,4,1,3,2.17,46.8,47.2,21.1,24.2,49.91,0.65,0.58,191,9,17,15,26.15,25.86,9.09,8,2,19,4,13,63.5,42.42,68.33,71.18,100.37,69.08,0,Deportivo Garcilaso 4-1 Cusco,2026-08-22
ADT,1.2,2.31,-1.11,0.78,1.55,-0.77,0.42,0.0,0.42,1.2,1.55,-0.35,0.15,0.71,0.52,0.03,0.49,1,5,-4,-2.89,55.3,52.63,18.1,21.7,45.62,0.51,0.83,190,9,13,10,25.49,12.05,8.76,4,3,20,6,12,73.4,60.76,26.0,33.74,35.44,20.31,5,Juan Pablo II College 5-1 ADT,2026-08-22
Juan Pablo II College,2.31,1.2,1.11,1.55,0.78,0.77,0.0,0.42,-0.42,1.55,1.2,0.35,0.71,0.15,0.03,0.52,-0.49,5,1,4,2.89,44.7,47.37,21.7,18.1,44.92,0.83,0.51,140,12,10,13,12.05,25.49,10.58,3,4,9,2,16,47.4,39.24,51.07,66.26,139.07,79.69,1,Juan Pablo II College 5-1 ADT,2026-08-22
Comerciantes Unidos,3.54,1.64,1.9,2.0,1.32,0.68,0.02,0.32,-0.3,2.02,1.64,0.38,0.93,0.63,0.03,0.55,-0.52,3,1,2,0.1,51.8,40.0,21.8,25.0,45.24,0.89,1.09,145,17,22,19,24.72,17.43,9.48,1,2,15,6,15,85.7,45.93,29.2,35.87,80.23,53.25,1,UTC Cajamarca 1-3 Comerciantes Unidos,2026-08-22
UTC Cajamarca,1.64,3.54,-1.9,1.32,2.0,-0.68,0.32,0.02,0.3,1.64,2.02,-0.38,0.63,0.93,0.55,0.03,0.52,1,3,-2,-0.1,48.2,60.0,25.0,21.8,47.25,1.09,0.89,146,21,19,22,17.43,24.72,10.52,2,1,27,7,14,100.9,54.07,52.2,64.13,70.43,46.75,1,UTC Cajamarca 1-3 Comerciantes Unidos,2026-08-22
Deportivo Moquegua,1.98,4.81,-2.83,1.98,3.4,-1.42,0.0,1.4,-1.4,1.98,4.81,-2.83,0.31,1.93,0.93,2.55,-1.62,2,0,2,4.83,25.0,16.98,11.4,31.3,40.11,0.51,2.26,51,7,12,42,23.53,18.58,12.79,7,5,5,1,9,9.6,2.54,98.8,99.8,48.87,21.95,0,Sport Huancayo 0-2 Deportivo Moquegua,2026-08-22
Sport Huancayo,4.81,1.98,2.83,3.4,1.98,1.42,1.4,0.0,1.4,4.81,1.98,2.83,1.93,0.31,2.55,0.93,1.62,0,2,-2,-4.83,75.0,83.02,31.3,11.4,55.64,2.26,0.51,358,35,42,12,18.58,23.53,4.69,5,7,52,10,12,367.7,97.46,0.2,0.2,173.77,78.05,3,Sport Huancayo 0-2 Deportivo Moquegua,2026-08-22
Sporting Cristal,0.93,4.25,-3.32,0.86,2.63,-1.77,0.07,0.1,-0.03,0.93,2.73,-1.8,0.0,0.32,0.16,0.55,-0.39,1,3,-2,1.32,57.4,46.12,27.6,24.4,43.29,0.51,0.5,171,16,9,19,17.65,38.0,7.0,1,3,16,5,19,59.5,37.42,10.2,15.12,44.83,24.86,1,Alianza Atlético 3-1 Sporting Cristal,2026-08-21
Alianza Atlético,4.25,0.93,3.32,2.63,0.86,1.77,0.1,0.07,0.03,2.73,0.93,1.8,0.32,0.0,0.55,0.16,0.39,3,1,2,-1.32,42.6,53.88,24.4,27.6,46.06,0.5,0.51,142,12,19,9,38.0,17.65,11.24,3,1,19,6,16,99.5,62.58,57.27,84.88,135.5,75.14,4,Alianza Atlético 3-1 Sporting Cristal,2026-08-21
Atlético Grau,2.25,3.36,-1.11,0.65,3.17,-2.52,0.09,0.19,-0.1,0.73,3.36,-2.63,0.06,0.89,0.27,0.49,-0.22,3,1,2,3.11,41.7,43.71,28.0,25.9,47.79,0.84,0.72,162,12,15,20,17.86,27.78,18.26,1,5,13,4,10,104.8,46.54,76.67,88.26,135.9,70.33,1,FC Cajamarca 1-3 Atlético Grau,2026-08-21
FC Cajamarca,3.36,2.25,1.11,3.17,0.65,2.52,0.19,0.09,0.1,3.36,0.73,2.63,0.89,0.06,0.49,0.27,0.22,1,3,-2,-3.11,58.3,56.29,25.9,28.0,45.75,0.72,0.84,207,13,20,15,27.78,17.86,8.58,5,1,20,4,8,120.4,53.46,10.2,11.74,57.33,29.67,1,FC Cajamarca 1-3 Atlético Grau,2026-08-21
Deportivo Garcilaso,1.07,1.76,-0.69,0.31,1.76,-1.45,0.0,0.0,0.0,0.31,1.76,-1.45,0.06,0.49,0.06,0.14,-0.08,0,0,0,0.69,46.2,39.02,17.5,18.4,42.22,0.3,0.57,104,7,8,13,26.67,22.81,8.71,6,5,8,1,12,38.0,26.37,42.67,51.99,40.2,27.68,2,Cienciano 0-0 Deportivo Garcilaso,2026-08-16
Cienciano,1.76,1.07,0.69,1.76,0.31,1.45,0.0,0.0,0.0,1.76,0.31,1.45,0.49,0.06,0.14,0.06,0.08,0,0,0,-0.69,53.8,60.98,18.4,17.5,46.76,0.57,0.3,159,11,13,8,22.81,26.67,7.83,5,6,15,6,10,106.1,73.63,39.4,48.01,105.03,72.32,0,Cienciano 0-0 Deportivo Garcilaso,2026-08-16
Universitario,1.78,2.16,-0.38,1.02,0.35,0.67,0.0,0.29,-0.29,1.02,0.64,0.38,0.0,0.0,0.04,0.34,-0.3,3,2,1,1.38,42.0,35.66,16.9,29.3,44.03,0.98,0.48,115,10,8,16,8.16,33.33,11.57,3,2,10,3,14,49.4,30.46,63.27,75.02,75.27,72.35,1,FC Cajamarca 2-3 Universitario,2026-08-16
FC Cajamarca,2.16,1.78,0.38,0.35,1.02,-0.67,0.29,0.0,0.29,0.64,1.02,-0.38,0.0,0.0,0.34,0.04,0.3,2,3,-1,-1.38,58.0,64.34,29.3,16.9,50.47,0.48,0.98,234,5,16,8,33.33,8.16,8.63,2,3,18,6,15,112.8,69.54,21.07,24.98,28.77,27.65,0,FC Cajamarca 2-3 Universitario,2026-08-16
Sport Boys,1.66,0.83,0.83,1.64,0.83,0.81,0.02,0.0,0.02,1.66,0.83,0.83,0.16,0.03,0.12,0.0,0.12,1,1,0,-0.83,57.5,69.32,20.5,24.6,47.83,0.58,1.06,180,9,19,4,32.76,3.77,5.77,1,1,31,11,20,144.4,83.37,30.53,37.02,128.0,76.28,3,Deportivo Moquegua 1-1 Sport Boys,2026-08-16
Deportivo Moquegua,0.83,1.66,-0.83,0.83,1.64,-0.81,0.0,0.02,-0.02,0.83,1.66,-0.83,0.03,0.16,0.0,0.12,-0.12,1,1,0,0.83,42.5,30.68,24.6,20.5,41.32,1.06,0.58,90,9,4,19,3.77,32.76,9.33,1,1,5,1,17,28.8,16.63,51.93,62.98,39.8,23.72,1,Deportivo Moquegua 1-1 Sport Boys,2026-08-16
Sport Huancayo,1.8,1.96,-0.16,1.76,1.37,0.39,0.04,0.59,-0.55,1.8,1.96,-0.16,0.49,0.0,0.07,0.69,-0.62,1,4,-3,-2.84,47.6,62.23,22.2,22.8,50.8,0.55,0.57,210,9,14,13,25.45,22.81,9.82,6,4,12,4,12,96.5,63.36,60.73,69.54,71.99,43.21,1,Sporting Cristal 4-1 Sport Huancayo,2026-08-16
Sporting Cristal,1.96,1.8,0.16,1.37,1.76,-0.39,0.59,0.04,0.55,1.96,1.8,0.16,0.0,0.49,0.69,0.07,0.62,4,1,3,2.84,52.4,37.77,22.8,22.2,41.73,0.57,0.55,155,13,13,14,22.81,25.45,6.98,4,6,24,11,18,55.8,36.64,26.6,30.46,94.62,56.79,0,Sporting Cristal 4-1 Sport Huancayo,2026-08-16
UTC Cajamarca,0.05,2.44,-2.39,0.05,2.01,-1.96,0.0,0.43,-0.43,0.05,2.44,-2.39,0.0,0.98,0.0,0.79,-0.79,0,1,-1,1.39,36.3,17.82,20.8,18.9,36.8,0.18,1.86,82,4,2,26,11.11,13.98,14.5,5,12,2,1,9,1.6,0.51,76.0,67.98,1.8,0.56,1,Alianza Lima 1-0 UTC Cajamarca,2026-08-15
Alianza Lima,2.44,0.05,2.39,2.01,0.05,1.96,0.43,0.0,0.43,2.44,0.05,2.39,0.98,0.0,0.79,0.0,0.79,1,0,1,-1.39,63.7,82.18,18.9,20.8,55.82,1.86,0.18,364,28,26,2,13.98,11.11,6.58,12,5,25,8,12,314.8,99.49,35.8,32.02,318.4,99.44,2,Alianza Lima 1-0 UTC Cajamarca,2026-08-15
Melgar,1.24,1.22,0.02,1.11,0.76,0.35,0.13,0.46,-0.33,1.24,1.22,0.02,0.15,0.0,0.16,0.78,-0.62,3,0,3,2.98,42.2,33.17,18.0,24.1,43.08,0.5,0.97,154,9,9,20,18.0,20.62,18.57,2,6,9,3,11,45.3,17.9,71.4,60.04,37.07,20.34,2,Los Chankas 0-3 Melgar,2026-08-15
Los Chankas,1.22,1.24,-0.02,0.76,1.11,-0.35,0.46,0.13,0.33,1.22,1.24,-0.02,0.0,0.15,0.78,0.16,0.62,0,3,-3,-2.98,57.8,66.83,24.1,18.0,51.67,0.97,0.5,302,20,20,9,20.62,18.0,12.77,6,2,28,7,8,207.8,82.1,47.53,39.96,145.2,79.66,4,Los Chankas 0-3 Melgar,2026-08-15
Alianza Atlético,1.18,2.99,-1.81,0.42,1.97,-1.55,0.76,0.26,0.5,1.18,2.23,-1.05,0.03,1.19,0.83,1.21,-0.38,1,1,0,1.81,37.6,40.52,30.6,30.2,49.19,0.37,0.92,120,6,7,19,18.92,20.65,10.5,3,4,14,4,15,31.1,19.29,58.27,86.2,45.27,33.51,2,ADT 1-1 Alianza Atlético,2026-08-15
ADT,2.99,1.18,1.81,1.97,0.42,1.55,0.26,0.76,-0.5,2.23,1.18,1.05,1.19,0.03,1.21,0.83,0.38,1,1,0,-1.81,62.4,59.48,30.2,30.6,48.69,0.92,0.37,205,24,19,7,20.65,18.92,6.43,4,3,31,15,12,130.1,80.71,9.33,13.8,89.83,66.49,6,ADT 1-1 Alianza Atlético,2026-08-15
Juan Pablo II College,1.22,1.73,-0.51,1.22,1.42,-0.2,0.0,0.3,-0.3,1.22,1.73,-0.51,0.0,0.56,0.46,0.48,-0.02,0,2,-2,-1.49,40.6,45.83,20.5,24.8,47.75,0.58,1.04,159,8,12,18,20.69,17.31,14.96,1,3,17,5,13,41.9,26.91,96.27,95.13,89.87,52.01,0,Cusco 2-0 Juan Pablo II College,2026-08-14
Cusco,1.73,1.22,0.51,1.42,1.22,0.2,0.3,0.0,0.3,1.73,1.22,0.51,0.56,0.0,0.48,0.46,0.02,2,0,2,1.49,59.4,54.17,24.8,20.5,46.3,1.04,0.58,217,18,18,12,17.31,20.69,10.31,3,1,22,8,12,113.8,73.09,4.93,4.87,82.93,47.99,0,Cusco 2-0 Juan Pablo II College,2026-08-14
Comerciantes Unidos,1.45,1.34,0.11,1.45,1.07,0.38,0.0,0.27,-0.27,1.45,1.34,0.11,0.45,0.26,0.18,0.41,-0.23,0,1,-1,-1.11,56.0,54.39,22.0,29.9,43.26,0.88,0.53,158,9,13,16,14.77,30.19,9.73,5,7,15,0,7,78.3,52.91,37.8,36.21,69.2,40.8,3,Atlético Grau 1-0 Comerciantes Unidos,2026-08-14
Atlético Grau,1.34,1.45,-0.11,1.07,1.45,-0.38,0.27,0.0,0.27,1.34,1.45,-0.11,0.26,0.45,0.41,0.18,0.23,1,0,1,1.11,44.0,45.61,29.9,22.0,44.41,0.53,0.88,140,11,16,13,30.19,14.77,8.98,7,5,19,5,20,69.7,47.09,66.6,63.79,100.4,59.2,1,Atlético Grau 1-0 Comerciantes Unidos,2026-08-14
FC Cajamarca,2.93,1.9,1.03,1.72,0.64,1.08,0.44,1.26,-0.82,2.17,1.9,0.27,0.0,0.49,0.52,1.29,-0.77,4,2,2,0.97,32.0,36.4,26.2,26.0,45.65,0.66,0.93,108,7,17,18,25.76,19.35,13.58,3,8,7,4,15,77.7,34.69,109.0,96.52,132.73,70.53,1,Melgar 2-4 FC Cajamarca,2026-08-09
Melgar,1.9,2.93,-1.03,0.64,1.72,-1.08,1.26,0.44,0.82,1.9,2.17,-0.27,0.49,0.0,1.29,0.52,0.77,2,4,-2,-0.97,68.0,63.6,26.0,26.2,48.79,0.93,0.66,249,20,18,17,19.35,25.76,5.79,8,3,32,10,7,146.3,65.31,3.93,3.48,55.47,29.47,2,Melgar 2-4 FC Cajamarca,2026-08-09
Deportivo Moquegua,0.49,1.28,-0.79,0.46,1.26,-0.8,0.03,0.02,0.01,0.49,1.28,-0.79,0.2,0.45,0.03,0.02,0.01,0,2,-2,-1.21,53.4,48.76,19.0,18.1,44.2,0.42,0.38,167,8,9,10,21.43,26.32,9.09,2,5,15,4,10,60.4,49.23,47.67,37.48,49.7,32.25,2,Deportivo Garcilaso 2-0 Deportivo Moquegua,2026-08-09
Deportivo Garcilaso,1.28,0.49,0.79,1.26,0.46,0.8,0.02,0.03,-0.01,1.28,0.49,0.79,0.45,0.2,0.02,0.03,-0.01,2,0,2,1.21,46.6,51.24,18.1,19.0,47.06,0.38,0.42,178,2,10,9,26.32,21.43,10.3,5,2,14,5,15,62.3,50.77,79.53,62.52,104.43,67.75,0,Deportivo Garcilaso 2-0 Deportivo Moquegua,2026-08-09
Alianza Lima,0.33,0.66,-0.33,0.3,0.66,-0.36,0.04,0.0,0.04,0.33,0.66,-0.33,0.15,0.13,0.01,0.18,-0.17,1,1,0,0.33,63.4,75.2,23.6,21.7,50.2,1.12,0.34,254,10,9,6,8.04,17.65,13.84,2,2,15,4,9,149.3,90.65,15.27,17.73,94.9,81.11,0,Sport Boys 1-1 Alianza Lima,2026-08-08
Sport Boys,0.66,0.33,0.33,0.66,0.3,0.36,0.0,0.04,-0.04,0.66,0.33,0.33,0.13,0.15,0.18,0.01,0.17,1,1,0,-0.33,36.6,24.8,21.7,23.6,41.75,0.34,1.12,97,5,6,9,17.65,8.04,12.29,2,2,5,0,14,15.4,9.35,70.87,82.27,22.1,18.89,2,Sport Boys 1-1 Alianza Lima,2026-08-08
Atlético Grau,1.22,2.18,-0.96,1.22,2.08,-0.86,0.0,0.1,-0.1,1.22,2.18,-0.96,0.03,0.96,0.03,0.19,-0.16,0,0,0,0.96,42.6,41.32,25.0,23.5,45.95,0.47,1.19,158,7,9,17,19.15,14.29,16.0,4,2,10,1,16,44.3,25.56,42.47,71.9,53.8,32.33,2,Juan Pablo II College 0-0 Atlético Grau,2026-08-08
Juan Pablo II College,2.18,1.22,0.96,2.08,1.22,0.86,0.1,0.0,0.1,2.18,1.22,0.96,0.96,0.03,0.19,0.03,0.16,0,0,0,-0.96,57.4,58.68,23.5,25.0,47.3,1.19,0.47,226,16,17,9,14.29,19.15,19.19,2,4,25,9,2,129.0,74.44,16.6,28.1,112.63,67.67,1,Juan Pablo II College 0-0 Atlético Grau,2026-08-08
ADT,1.8,1.89,-0.09,1.73,0.91,0.82,0.06,0.22,-0.16,1.8,1.13,0.67,0.0,0.47,0.39,0.24,0.15,1,1,0,0.09,32.5,31.27,22.9,25.0,48.51,0.61,1.13,124,5,15,17,24.59,15.04,19.5,0,4,5,1,12,31.6,18.04,105.93,89.07,74.7,51.89,4,UTC Cajamarca 1-1 ADT,2026-08-08
UTC Cajamarca,1.89,1.8,0.09,0.91,1.73,-0.82,0.22,0.06,0.16,1.13,1.8,-0.67,0.47,0.0,0.24,0.39,-0.15,1,1,0,-0.09,67.5,68.73,25.0,22.9,52.92,1.13,0.61,318,16,17,15,15.04,24.59,6.0,4,0,32,7,9,143.6,81.96,13.0,10.93,69.27,48.11,2,UTC Cajamarca 1-1 ADT,2026-08-08
Sporting Cristal,1.12,1.1,0.02,0.36,1.04,-0.68,0.0,0.06,-0.06,0.36,1.1,-0.74,0.27,0.54,0.06,0.12,-0.06,1,1,0,-0.02,56.1,46.15,14.3,22.8,49.02,0.46,0.78,242,5,7,14,15.22,17.95,7.1,4,4,27,4,15,48.0,26.29,31.13,30.28,24.7,13.84,1,Universitario 1-1 Sporting Cristal,2026-08-07
Universitario,1.1,1.12,-0.02,1.04,0.36,0.68,0.06,0.0,0.06,1.1,0.36,0.74,0.54,0.27,0.12,0.06,0.06,1,1,0,0.02,43.9,53.85,22.8,14.3,51.86,0.78,0.46,208,12,14,7,17.95,15.22,10.71,4,4,18,2,15,134.6,73.71,71.67,69.72,153.83,86.16,0,Universitario 1-1 Sporting Cristal,2026-08-07
Cusco,0.67,0.89,-0.22,0.64,0.68,-0.04,0.03,0.21,-0.18,0.67,0.89,-0.22,0.39,0.3,0.25,0.31,-0.06,1,3,-2,-1.78,56.9,46.12,23.3,23.4,39.78,0.72,0.75,152,7,5,11,6.94,14.67,11.0,1,4,7,1,13,42.2,36.25,27.67,20.6,30.03,19.23,2,Comerciantes Unidos 3-1 Cusco,2026-08-07
Comerciantes Unidos,0.89,0.67,0.22,0.68,0.64,0.04,0.21,0.03,0.18,0.89,0.67,0.22,0.3,0.39,0.31,0.25,0.06,3,1,2,1.78,43.1,53.88,23.4,23.3,47.17,0.75,0.72,163,11,11,5,14.67,6.94,15.0,4,1,13,1,11,74.2,63.75,106.67,79.4,126.13,80.77,6,Comerciantes Unidos 3-1 Cusco,2026-08-07
Los Chankas,0.23,3.64,-3.41,0.23,3.3,-3.07,0.0,0.34,-0.34,0.23,3.64,-3.41,0.07,0.62,0.04,0.57,-0.53,1,1,0,3.41,33.7,29.25,19.6,29.3,41.55,0.34,1.89,86,5,7,26,20.59,13.76,17.15,2,6,11,2,8,12.5,4.68,61.4,76.63,9.47,4.1,3,Sport Huancayo 1-1 Los Chankas,2026-08-07
Sport Huancayo,3.64,0.23,3.41,3.3,0.23,3.07,0.34,0.0,0.34,3.64,0.23,3.41,0.62,0.07,0.57,0.04,0.53,1,1,0,-3.41,66.3,70.75,29.3,19.6,53.53,1.89,0.34,281,33,26,7,13.76,20.59,6.45,6,2,36,12,12,254.8,95.32,18.73,23.37,221.6,95.9,4,Sport Huancayo 1-1 Los Chankas,2026-08-07
Cienciano,1.27,3.5,-2.23,1.27,3.41,-2.14,0.0,0.09,-0.09,1.27,3.5,-2.23,0.37,2.46,0.08,0.16,-0.08,0,1,-1,1.23,56.9,51.45,30.9,22.4,47.87,1.51,2.03,215,18,12,17,7.95,8.37,8.63,3,4,21,2,11,65.0,45.97,33.47,33.69,65.0,35.5,0,Alianza Atlético 1-0 Cienciano,2026-08-06
Alianza Atlético,3.5,1.27,2.23,3.41,1.27,2.14,0.09,0.0,0.09,3.5,1.27,2.23,2.46,0.37,0.16,0.08,0.08,1,0,1,-1.23,43.1,48.55,22.4,30.9,47.76,2.03,1.51,161,20,17,12,8.37,7.95,12.96,4,3,31,5,15,76.4,54.03,65.87,66.31,118.1,64.5,1,Alianza Atlético 1-0 Cienciano,2026-08-06
Universitario,1.34,3.7,-2.36,1.34,3.17,-1.83,0.0,0.53,-0.53,1.34,3.7,-2.36,1.05,2.24,0.04,0.58,-0.54,0,2,-2,0.36,40.8,37.69,22.5,20.6,46.36,0.54,1.3,165,5,7,25,12.96,19.23,25.93,0,6,18,2,6,24.9,11.85,79.0,89.84,28.3,14.3,1,Cienciano 2-0 Universitario,2026-08-02
Cienciano,3.7,1.34,2.36,3.17,1.34,1.83,0.53,0.0,0.53,3.7,1.34,2.36,2.24,1.05,0.58,0.04,0.54,2,0,2,-0.36,59.2,62.31,20.6,22.5,51.96,1.3,0.54,285,17,25,7,19.23,12.96,8.77,6,0,41,7,8,185.3,88.15,8.93,10.16,169.6,85.7,0,Cienciano 2-0 Universitario,2026-08-02
Melgar,0.79,0.91,-0.12,0.79,0.86,-0.07,0.0,0.05,-0.05,0.79,0.91,-0.12,0.23,0.0,0.17,0.16,0.01,0,0,0,0.12,70.7,62.45,18.8,26.9,46.66,0.83,0.19,286,17,9,11,10.84,57.89,7.39,6,7,22,5,10,131.1,79.55,0.53,0.31,55.0,30.54,0,Deportivo Moquegua 0-0 Melgar,2026-08-02
Deportivo Moquegua,0.91,0.79,0.12,0.86,0.79,0.07,0.05,0.0,0.05,0.91,0.79,0.12,0.0,0.23,0.16,0.17,-0.01,0,0,0,-0.12,29.3,37.55,26.9,18.8,44.45,0.19,0.83,111,9,11,9,57.89,10.84,17.9,7,6,11,3,10,33.7,20.45,168.0,99.69,125.07,69.46,1,Deportivo Moquegua 0-0 Melgar,2026-08-02
Deportivo Garcilaso,1.68,0.85,0.83,0.92,0.85,0.07,0.0,0.0,0.0,0.92,0.85,0.07,0.1,0.03,0.62,0.19,0.43,1,0,1,0.17,40.4,59.59,13.7,25.8,51.91,0.58,0.48,128,10,13,8,22.41,16.67,8.03,7,3,20,5,11,93.6,71.78,84.53,95.62,147.23,94.02,1,ADT 0-1 Deportivo Garcilaso,2026-08-02
ADT,0.85,1.68,-0.83,0.85,0.92,-0.07,0.0,0.0,0.0,0.85,0.92,-0.07,0.03,0.1,0.19,0.62,-0.43,0,1,-1,-0.17,59.6,40.41,25.8,13.7,42.56,0.48,0.58,132,5,8,13,16.67,22.41,5.93,3,7,14,6,18,36.8,28.22,3.87,4.38,9.37,5.98,0,ADT 0-1 Deportivo Garcilaso,2026-08-02
Juan Pablo II College,1.1,1.66,-0.56,0.92,1.64,-0.72,0.18,0.02,0.16,1.1,1.66,-0.56,0.06,0.07,0.29,1.01,-0.72,0,2,-2,-1.44,39.2,36.45,22.8,22.0,42.07,0.79,0.7,117,9,9,15,11.39,21.43,13.79,3,11,9,2,12,26.3,16.37,78.13,80.71,29.67,19.79,1,Sporting Cristal 2-0 Juan Pablo II College,2026-08-02
Sporting Cristal,1.66,1.1,0.56,1.64,0.92,0.72,0.02,0.18,-0.16,1.66,1.1,0.56,0.07,0.06,1.01,0.29,0.72,2,0,2,1.44,60.8,63.55,22.0,22.8,49.28,0.7,0.79,268,7,15,9,21.43,11.39,6.7,11,3,29,6,12,134.4,83.63,18.67,19.29,120.27,80.21,0,Sporting Cristal 2-0 Juan Pablo II College,2026-08-02
Alianza Atlético,1.57,2.4,-0.83,1.33,1.77,-0.44,0.24,0.63,-0.39,1.57,2.4,-0.83,0.0,0.4,0.78,0.84,-0.06,1,3,-2,-1.17,27.0,20.21,22.0,17.6,40.38,0.26,1.57,74,8,8,20,30.77,12.74,28.27,2,8,10,3,10,23.8,9.1,135.93,97.79,57.2,32.61,3,Alianza Lima 3-1 Alianza Atlético,2026-08-01
Alianza Lima,2.4,1.57,0.83,1.77,1.33,0.44,0.63,0.24,0.39,2.4,1.57,0.83,0.4,0.0,0.84,0.78,0.06,3,1,2,1.17,73.0,79.79,17.6,22.0,50.44,1.57,0.26,296,25,20,8,12.74,30.77,7.23,8,2,30,8,6,237.7,90.9,3.07,2.21,118.23,67.39,1,Alianza Lima 3-1 Alianza Atlético,2026-08-01
UTC Cajamarca,1.2,3.41,-2.21,1.2,1.73,-0.53,0.0,0.16,-0.16,1.2,1.89,-0.69,0.05,0.25,0.13,0.16,-0.03,1,4,-3,-0.79,43.1,46.94,20.8,14.2,46.04,0.3,0.88,151,6,16,13,53.33,14.77,17.71,4,4,7,3,10,63.2,45.43,70.93,86.36,61.48,45.41,0,Cusco 4-1 UTC Cajamarca,2026-08-01
Cusco,3.41,1.2,2.21,1.73,1.2,0.53,0.16,0.0,0.16,1.89,1.2,0.69,0.25,0.05,0.16,0.13,0.03,4,1,3,0.79,56.9,53.06,14.2,20.8,44.86,0.88,0.3,197,12,13,16,14.77,53.33,11.0,4,4,18,1,10,75.9,54.57,11.2,13.64,73.9,54.59,0,Cusco 4-1 UTC Cajamarca,2026-08-01
Sport Boys,1.35,1.72,-0.37,1.27,1.66,-0.39,0.08,0.06,0.02,1.35,1.72,-0.37,0.32,0.27,0.39,0.2,0.19,1,0,1,1.37,44.6,42.77,23.9,30.8,46.93,1.05,1.2,158,14,12,15,11.43,12.5,12.76,7,4,18,5,6,43.6,31.69,60.0,82.95,82.3,63.93,1,Atlético Grau 0-1 Sport Boys,2026-08-01
Atlético Grau,1.72,1.35,0.37,1.66,1.27,0.39,0.06,0.08,-0.02,1.72,1.35,0.37,0.27,0.32,0.2,0.39,-0.19,0,1,-1,-1.37,55.4,57.23,30.8,23.9,47.26,1.2,1.05,226,16,15,12,12.5,11.43,12.72,4,7,28,7,11,94.0,68.31,12.33,17.05,46.43,36.07,1,Atlético Grau 0-1 Sport Boys,2026-08-01
Sport Huancayo,2.17,0.38,1.79,1.93,0.38,1.55,0.24,0.0,0.24,2.17,0.38,1.79,1.17,0.02,0.58,0.11,0.47,2,0,2,0.21,38.5,45.74,26.3,31.8,45.15,0.73,0.69,155,9,12,9,16.44,13.04,12.72,2,5,10,2,20,79.3,53.22,115.53,95.53,177.8,92.33,2,FC Cajamarca 0-2 Sport Huancayo,2026-08-01
FC Cajamarca,0.38,2.17,-1.79,0.38,1.93,-1.55,0.0,0.24,-0.24,0.38,2.17,-1.79,0.02,1.17,0.11,0.58,-0.47,0,2,-2,-0.21,61.5,54.26,31.8,26.3,44.12,0.69,0.73,220,5,9,12,13.04,16.44,6.21,5,2,10,1,15,69.7,46.78,5.4,4.47,14.77,7.67,0,FC Cajamarca 0-2 Sport Huancayo,2026-08-01
Comerciantes Unidos,2.06,3.18,-1.12,1.89,2.27,-0.38,0.17,0.15,0.02,2.06,2.42,-0.36,0.27,0.66,0.36,0.56,-0.2,2,3,-1,0.12,62.5,59.84,14.4,28.1,46.16,1.29,0.73,222,29,20,14,15.5,19.18,7.12,8,1,29,7,15,113.1,83.28,6.13,5.92,46.1,33.85,5,Los Chankas 3-2 Comerciantes Unidos,2026-07-31
Los Chankas,3.18,2.06,1.12,2.27,1.89,0.38,0.15,0.17,-0.02,2.42,2.06,0.36,0.66,0.27,0.56,0.36,0.2,3,2,1,-0.12,37.5,40.16,28.1,14.4,42.41,0.73,1.29,107,7,14,20,19.18,15.5,12.73,1,8,13,5,16,22.7,16.72,97.33,94.08,90.1,66.15,3,Los Chankas 3-2 Comerciantes Unidos,2026-07-31
FC Cajamarca,1.05,1.88,-0.83,1.05,1.54,-0.49,0.0,0.33,-0.33,1.05,1.88,-0.83,0.16,0.49,0.11,0.4,-0.29,1,2,-1,-0.17,55.0,54.72,21.4,23.3,45.84,0.63,0.71,193,12,18,12,28.57,16.9,11.38,5,3,10,3,12,99.8,57.16,30.67,32.77,47.1,23.92,0,Deportivo Garcilaso 2-1 FC Cajamarca,2026-07-26
Deportivo Garcilaso,1.88,1.05,0.83,1.54,1.05,0.49,0.33,0.0,0.33,1.88,1.05,0.83,0.49,0.16,0.4,0.11,0.29,2,1,1,0.17,45.0,45.28,23.3,21.4,45.01,0.71,0.63,149,9,12,18,16.9,28.57,10.1,3,5,8,2,17,74.8,42.84,62.93,67.23,149.77,76.08,0,Deportivo Garcilaso 2-1 FC Cajamarca,2026-07-26
Alianza Lima,2.16,1.17,0.99,2.15,1.17,0.98,0.01,0.0,0.01,2.16,1.17,0.99,0.35,0.7,1.12,0.33,0.79,2,2,0,-0.99,36.5,45.85,25.4,22.0,45.05,0.44,1.03,123,8,16,15,36.36,14.56,16.7,2,6,12,2,12,65.5,43.18,107.27,88.7,125.13,76.83,1,Comerciantes Unidos 2-2 Alianza Lima,2026-07-26
Comerciantes Unidos,1.17,2.16,-0.99,1.17,2.15,-0.98,0.0,0.01,-0.01,1.17,2.16,-0.99,0.7,0.35,0.33,1.12,-0.79,2,2,0,0.99,63.5,54.15,22.0,25.4,45.42,1.03,0.44,215,15,15,16,14.56,36.36,7.11,6,2,20,1,17,86.2,56.82,13.67,11.3,37.73,23.17,6,Comerciantes Unidos 2-2 Alianza Lima,2026-07-26
Deportivo Moquegua,0.49,1.19,-0.7,0.49,1.19,-0.7,0.0,0.0,0.0,0.49,1.19,-0.7,0.12,0.7,0.21,0.05,0.16,0,0,0,0.7,30.6,26.67,21.5,20.6,41.9,0.22,1.63,97,6,12,14,54.55,8.59,16.38,2,4,4,1,15,41.7,17.81,147.6,94.05,79.77,46.36,1,UTC Cajamarca 0-0 Deportivo Moquegua,2026-07-26
UTC Cajamarca,1.19,0.49,0.7,1.19,0.49,0.7,0.0,0.0,0.0,1.19,0.49,0.7,0.7,0.12,0.05,0.21,-0.16,0,0,0,-0.7,69.4,73.33,20.6,21.5,49.58,1.63,0.22,342,19,14,12,8.59,54.55,6.82,4,2,26,7,14,192.5,82.19,9.33,5.95,92.3,53.64,1,UTC Cajamarca 0-0 Deportivo Moquegua,2026-07-26
Sporting Cristal,0.9,4.06,-3.16,0.76,2.87,-2.11,0.14,0.42,-0.28,0.9,3.3,-2.4,0.2,0.14,0.15,0.48,-0.33,1,2,-1,2.16,44.0,35.69,27.0,16.4,44.36,0.37,0.9,205,8,11,29,29.73,32.22,18.84,4,3,14,2,12,13.1,7.86,58.2,58.32,23.03,10.57,0,Melgar 2-1 Sporting Cristal,2026-07-25
Melgar,4.06,0.9,3.16,2.87,0.76,2.11,0.42,0.14,0.28,3.3,0.9,2.4,0.14,0.2,0.48,0.15,0.33,2,1,1,-2.16,56.0,64.31,16.4,27.0,48.62,0.9,0.37,276,18,29,11,32.22,29.73,13.37,3,4,14,5,6,153.6,92.14,41.6,41.68,194.9,89.43,1,Melgar 2-1 Sporting Cristal,2026-07-25
Cienciano,0.67,1.1,-0.43,0.36,0.9,-0.54,0.31,0.2,0.11,0.67,1.1,-0.43,0.08,0.7,0.56,0.56,0.0,0,2,-2,-1.57,49.2,46.95,29.3,25.0,48.69,0.66,1.33,192,13,7,16,10.61,12.03,11.07,2,4,21,5,12,44.9,26.63,36.13,49.63,45.67,24.44,3,Juan Pablo II College 2-0 Cienciano,2026-07-25
Juan Pablo II College,1.1,0.67,0.43,0.9,0.36,0.54,0.2,0.31,-0.11,1.1,0.67,0.43,0.7,0.08,0.56,0.56,0.0,2,0,2,1.57,50.8,53.05,25.0,29.3,47.33,1.33,0.66,189,16,16,7,12.03,10.61,9.88,4,2,23,7,8,123.7,73.37,36.67,50.37,141.2,75.56,2,Juan Pablo II College 2-0 Cienciano,2026-07-25
Atlético Grau,0.62,2.8,-2.18,0.62,2.27,-1.65,0.0,0.52,-0.52,0.62,2.8,-2.18,0.06,0.55,0.13,0.63,-0.5,0,2,-2,0.18,36.4,27.1,22.7,19.7,41.0,0.41,1.49,98,5,9,27,21.95,18.12,28.57,0,3,9,2,5,7.9,3.2,88.53,79.47,9.43,3.82,0,Sport Huancayo 2-0 Atlético Grau,2026-07-25
Sport Huancayo,2.8,0.62,2.18,2.27,0.62,1.65,0.52,0.0,0.52,2.8,0.62,2.18,0.55,0.06,0.63,0.13,0.5,2,0,2,-0.18,63.6,72.9,19.7,22.7,51.92,1.49,0.41,296,24,27,9,18.12,21.95,11.42,3,0,40,10,10,238.9,96.8,22.87,20.53,237.57,96.18,0,Sport Huancayo 2-0 Atlético Grau,2026-07-25
ADT,1.34,3.08,-1.74,1.01,1.45,-0.44,0.33,0.11,0.22,1.34,1.56,-0.22,0.33,0.08,1.17,0.15,1.02,0,2,-2,-0.26,46.8,43.12,15.7,20.4,49.84,0.65,0.81,172,17,6,16,9.23,19.75,15.55,3,5,11,2,9,67.9,33.81,31.2,50.87,68.6,32.8,3,Sport Boys 2-0 ADT,2026-07-25
Sport Boys,3.08,1.34,1.74,1.45,1.01,0.44,0.11,0.33,-0.22,1.56,1.34,0.22,0.08,0.33,0.15,1.17,-1.02,2,0,2,0.26,53.2,56.88,20.4,15.7,49.52,0.81,0.65,188,15,16,6,19.75,9.23,8.45,5,3,24,6,10,132.9,66.19,30.13,49.13,140.53,67.2,2,Sport Boys 2-0 ADT,2026-07-25
Cusco,0.89,1.36,-0.47,0.89,1.15,-0.26,0.01,0.22,-0.21,0.89,1.36,-0.47,0.53,0.34,0.09,0.35,-0.26,1,2,-1,-0.53,52.1,46.58,21.2,19.0,47.92,1.1,0.75,257,7,9,18,8.18,24.0,11.41,5,5,30,4,12,38.3,21.44,32.2,32.2,22.53,10.2,2,Universitario 2-1 Cusco,2026-07-24
Universitario,1.36,0.89,0.47,1.15,0.89,0.26,0.22,0.01,0.21,1.36,0.89,0.47,0.34,0.53,0.35,0.09,0.26,2,1,1,0.53,47.9,53.42,19.0,21.2,52.93,0.75,1.1,280,17,18,9,24.0,8.18,13.42,5,5,19,3,7,140.3,78.56,67.8,67.8,198.33,89.8,0,Universitario 2-1 Cusco,2026-07-24
Los Chankas,1.94,2.11,-0.17,1.47,2.07,-0.6,0.47,0.03,0.44,1.94,2.11,-0.17,0.39,0.57,1.4,0.22,1.18,1,3,-2,-1.83,47.8,51.16,14.5,22.3,45.58,0.58,0.78,152,9,16,17,27.59,21.79,9.56,5,3,21,6,11,59.3,49.29,57.33,79.12,50.77,43.85,2,Alianza Atlético 3-1 Los Chankas,2026-07-24
Alianza Atlético,2.11,1.94,0.17,2.07,1.47,0.6,0.03,0.47,-0.44,2.11,1.94,0.17,0.57,0.39,0.22,1.4,-1.18,3,1,2,1.83,52.2,48.84,22.3,14.5,46.32,0.78,0.58,172,14,17,16,21.79,27.59,7.63,3,5,19,2,17,61.0,50.71,15.13,20.88,65.0,56.15,1,Alianza Atlético 3-1 Los Chankas,2026-07-24
Sport Huancayo,0.35,2.83,-2.48,0.28,2.08,-1.8,0.07,0.75,-0.68,0.35,2.83,-2.48,0.13,0.56,0.16,0.94,-0.78,1,2,-1,1.48,35.1,26.58,26.4,18.2,44.79,0.42,1.79,135,7,8,24,19.05,13.41,15.96,5,3,12,2,9,32.5,10.75,104.53,86.39,36.7,16.35,3,Alianza Lima 2-1 Sport Huancayo,2026-07-19
Alianza Lima,2.83,0.35,2.48,2.08,0.28,1.8,0.75,0.07,0.68,2.83,0.35,2.48,0.56,0.13,0.94,0.16,0.78,2,1,1,-1.48,64.9,73.42,18.2,26.4,54.51,1.79,0.42,378,23,24,8,13.41,19.05,8.28,3,5,27,11,12,269.7,89.25,16.47,13.61,187.83,83.65,1,Alianza Lima 2-1 Sport Huancayo,2026-07-19
Sport Boys,1.31,1.34,-0.03,0.48,1.32,-0.84,0.07,0.02,0.05,0.55,1.34,-0.79,0.0,0.35,0.07,0.24,-0.17,0,1,-1,-0.97,46.1,47.08,25.3,18.1,48.72,0.75,1.18,169,17,6,17,8.0,14.41,10.45,5,3,14,5,14,56.4,34.37,42.13,59.79,62.7,35.32,4,Los Chankas 1-0 Sport Boys,2026-07-19
Los Chankas,1.34,1.31,0.03,1.32,0.48,0.84,0.02,0.07,-0.05,1.34,0.55,0.79,0.35,0.0,0.24,0.07,0.17,1,0,1,0.97,53.9,52.92,18.1,25.3,46.57,1.18,0.75,177,18,17,6,14.41,8.0,8.68,3,5,24,5,10,107.7,65.63,28.33,40.21,114.8,64.68,3,Los Chankas 1-0 Sport Boys,2026-07-19
Alianza Atlético,0.93,3.4,-2.47,0.93,3.23,-2.3,0.0,0.17,-0.17,0.93,3.4,-2.47,0.0,0.42,0.34,0.9,-0.56,1,4,-3,-0.53,42.8,44.03,21.2,18.1,46.37,0.19,1.59,175,5,14,18,73.68,11.32,16.61,4,6,17,2,6,70.3,34.03,106.07,85.96,81.28,37.27,1,Cusco 4-1 Alianza Atlético,2026-07-18
Cusco,3.4,0.93,2.47,3.23,0.93,2.3,0.17,0.0,0.17,3.4,0.93,2.47,0.42,0.0,0.9,0.34,0.56,4,1,3,0.53,57.2,55.97,18.1,21.2,47.9,1.59,0.19,266,26,18,14,11.32,73.68,12.21,6,4,20,8,11,136.3,65.97,17.33,14.04,136.81,62.73,0,Cusco 4-1 Alianza Atlético,2026-07-18
UTC Cajamarca,0.83,1.37,-0.54,0.67,0.94,-0.27,0.16,0.44,-0.28,0.83,1.37,-0.54,0.04,0.27,0.21,0.46,-0.25,1,3,-2,-1.46,63.4,60.38,24.4,29.1,46.76,0.9,0.73,225,11,10,15,11.11,20.55,9.69,5,5,13,4,11,58.8,51.26,18.67,17.22,14.47,9.04,0,Atlético Grau 3-1 UTC Cajamarca,2026-07-18
Atlético Grau,1.37,0.83,0.54,0.94,0.67,0.27,0.44,0.16,0.28,1.37,0.83,0.54,0.27,0.04,0.46,0.21,0.25,3,1,2,1.46,36.6,39.62,29.1,24.4,45.73,0.73,0.9,134,14,15,10,20.55,11.11,11.2,5,5,13,2,15,55.9,48.74,89.73,82.78,145.6,90.96,1,Atlético Grau 3-1 UTC Cajamarca,2026-07-18
Universitario,1.58,0.61,0.97,1.55,0.52,1.03,0.04,0.09,-0.05,1.58,0.61,0.97,0.1,0.02,0.15,0.15,0.0,2,1,1,0.03,42.1,38.57,24.2,18.8,46.8,0.67,0.5,137,11,13,14,19.4,28.0,16.09,5,1,13,4,12,56.9,30.76,81.67,80.17,95.1,60.83,0,ADT 1-2 Universitario,2026-07-18
ADT,0.61,1.58,-0.97,0.52,1.55,-1.03,0.09,0.04,0.05,0.61,1.58,-0.97,0.02,0.1,0.15,0.15,0.0,1,2,-1,-0.03,57.9,61.43,18.8,24.2,50.12,0.5,0.67,242,8,14,13,28.0,19.4,9.76,1,5,20,2,8,128.1,69.24,20.2,19.83,61.23,39.17,2,ADT 1-2 Universitario,2026-07-18
Comerciantes Unidos,1.66,3.41,-1.75,1.56,3.35,-1.79,0.1,0.06,0.04,1.66,3.41,-1.75,0.11,0.05,0.25,0.06,0.19,2,2,0,1.75,58.9,60.48,26.4,22.6,45.75,1.05,1.06,192,11,17,17,16.19,16.04,10.57,6,5,21,3,15,127.2,67.37,32.27,29.79,74.77,51.19,6,Deportivo Moquegua 2-2 Comerciantes Unidos,2026-07-18
Deportivo Moquegua,3.41,1.66,1.75,3.35,1.56,1.79,0.06,0.1,-0.04,3.41,1.66,1.75,0.05,0.11,0.06,0.25,-0.19,2,2,0,-1.75,41.1,39.52,22.6,26.4,42.84,1.06,1.05,111,11,17,17,16.04,16.19,12.41,5,6,16,5,7,61.6,32.63,76.07,70.21,71.3,48.81,0,Deportivo Moquegua 2-2 Comerciantes Unidos,2026-07-18
Melgar,3.6,1.6,2.0,2.81,1.27,1.54,0.03,0.33,-0.3,2.84,1.6,1.24,0.25,0.2,0.06,0.49,-0.43,3,1,2,0.0,65.0,54.86,13.5,20.6,47.7,0.84,0.4,248,17,20,14,23.81,35.0,9.0,4,6,14,4,10,141.1,66.06,18.07,12.12,68.13,40.16,0,Cienciano 1-3 Melgar,2026-07-17
Cienciano,1.6,3.6,-2.0,1.27,2.81,-1.54,0.33,0.03,0.3,1.6,2.84,-1.24,0.2,0.25,0.49,0.06,0.43,1,3,-2,0.0,35.0,45.14,20.6,13.5,51.32,0.4,0.84,165,10,14,20,35.0,23.81,20.77,6,4,18,2,5,72.5,33.94,131.07,87.88,101.53,59.84,0,Cienciano 1-3 Melgar,2026-07-17
Deportivo Garcilaso,0.87,1.71,-0.84,0.87,1.48,-0.61,0.0,0.23,-0.23,0.87,1.71,-0.84,0.0,0.53,0.0,0.25,-0.25,0,1,-1,-0.16,34.5,28.22,21.9,21.3,40.83,0.44,0.93,96,7,3,16,6.82,17.2,12.54,5,9,10,3,15,10.3,5.35,104.4,91.84,47.7,23.58,0,Sporting Cristal 1-0 Deportivo Garcilaso,2026-07-17
Sporting Cristal,1.71,0.87,0.84,1.48,0.87,0.61,0.23,0.0,0.23,1.71,0.87,0.84,0.53,0.0,0.25,0.0,0.25,1,0,1,0.16,65.5,71.78,21.3,21.9,49.7,0.93,0.44,303,20,16,3,17.2,6.82,5.74,9,5,39,10,16,182.1,94.65,9.27,8.16,154.57,76.42,1,Sporting Cristal 1-0 Deportivo Garcilaso,2026-07-17
Juan Pablo II College,0.82,2.38,-1.56,0.59,1.62,-1.03,0.23,0.0,0.23,0.82,1.62,-0.8,0.11,0.0,0.44,0.0,0.44,2,2,0,1.56,45.0,49.09,22.8,26.0,41.31,0.46,0.52,118,5,11,15,23.91,28.85,10.1,8,3,10,4,13,51.4,40.16,48.2,57.52,59.4,36.28,0,FC Cajamarca 2-2 Juan Pablo II College,2026-07-17
FC Cajamarca,2.38,0.82,1.56,1.62,0.59,1.03,0.0,0.23,-0.23,1.62,0.82,0.8,0.0,0.11,0.0,0.44,-0.44,2,2,0,-1.56,55.0,50.91,26.0,22.8,41.97,0.52,0.46,153,7,15,11,28.85,23.91,9.33,3,8,7,1,15,76.6,59.84,35.6,42.48,104.33,63.72,0,FC Cajamarca 2-2 Juan Pablo II College,2026-07-17
Sporting Cristal,0.56,3.31,-2.75,0.55,3.02,-2.47,0.02,0.29,-0.27,0.56,3.31,-2.75,,,,,,2,3,-1,1.75,43.8,36.2,,,41.37,0.29,2.11,115,6,10,26,34.48,12.32,24.23,0,6,14,5,4,26.3,12.57,53.13,50.7,33.57,22.44,0,Cienciano 3-2 Sporting Cristal,2026-05-31
Cienciano,3.31,0.56,2.75,3.02,0.55,2.47,0.29,0.02,0.27,3.31,0.56,2.75,,,,,,3,2,1,-1.75,56.2,63.8,,,53.5,2.11,0.29,243,23,26,10,12.32,34.48,12.74,6,0,44,6,8,183.0,87.43,51.67,49.3,116.0,77.56,2,Cienciano 3-2 Sporting Cristal,2026-05-31
UTC Cajamarca,2.09,1.18,0.91,1.68,1.16,0.52,0.41,0.02,0.39,2.09,1.18,0.91,,,,,,2,2,0,-0.91,50.6,46.28,,,45.72,0.99,0.81,161,10,16,14,16.16,17.28,8.49,4,6,21,7,18,69.1,62.59,37.2,46.66,49.8,35.54,0,Los Chankas 2-2 UTC Cajamarca,2026-05-31
Los Chankas,1.18,2.09,-0.91,1.16,1.68,-0.52,0.02,0.41,-0.39,1.18,2.09,-0.91,,,,,,2,2,0,0.91,49.4,53.72,,,46.63,0.81,0.99,175,11,14,16,17.28,16.16,7.32,6,4,21,5,14,41.3,37.41,42.53,53.34,90.33,64.46,0,Los Chankas 2-2 UTC Cajamarca,2026-05-31
Alianza Lima,0.55,0.46,0.09,0.55,0.44,0.11,0.0,0.02,-0.02,0.55,0.46,0.09,,,,,,1,1,0,-0.09,58.2,51.18,,,47.05,0.74,0.37,198,10,12,8,16.22,21.62,9.29,5,2,12,1,10,73.6,55.51,13.8,14.72,31.43,23.92,1,FC Cajamarca 1-1 Alianza Lima,2026-05-31
FC Cajamarca,0.46,0.55,-0.09,0.44,0.55,-0.11,0.02,0.0,0.02,0.46,0.55,-0.09,,,,,,1,1,0,0.09,41.8,48.82,,,49.21,0.37,0.74,168,11,8,12,21.62,16.22,13.59,2,5,9,2,10,59.0,44.49,79.93,85.28,99.97,76.08,4,FC Cajamarca 1-1 Alianza Lima,2026-05-31
Alianza Atlético,0.23,4.22,-3.99,0.21,3.68,-3.47,0.02,0.54,-0.52,0.23,4.22,-3.99,,,,,,1,3,-2,1.99,40.6,20.63,,,42.87,0.13,1.35,145,0,11,20,84.62,14.81,24.62,3,6,5,1,8,10.6,4.15,73.13,81.62,11.13,4.06,1,Melgar 3-1 Alianza Atlético,2026-05-31
Melgar,4.22,0.23,3.99,3.68,0.21,3.47,0.54,0.02,0.52,4.22,0.23,3.99,,,,,,3,1,2,-1.99,59.4,79.37,,,55.58,1.35,0.13,364,23,20,11,14.81,84.62,10.47,6,3,30,5,10,245.1,95.85,16.47,18.38,263.09,95.94,2,Melgar 3-1 Alianza Atlético,2026-05-31
Sport Huancayo,0.43,1.75,-1.32,0.3,1.6,-1.3,0.13,0.15,-0.02,0.43,1.75,-1.32,,,,,,1,2,-1,0.32,42.6,38.94,,,48.65,0.23,1.27,170,7,10,16,43.48,12.6,15.18,0,2,20,5,12,34.5,17.28,68.33,72.18,23.03,12.71,1,Universitario 2-1 Sport Huancayo,2026-05-30
Universitario,1.75,0.43,1.32,1.6,0.3,1.3,0.15,0.13,0.02,1.75,0.43,1.32,,,,,,2,1,1,-0.32,57.4,61.06,,,53.35,1.27,0.23,270,19,16,10,12.6,43.48,10.84,2,0,31,12,9,165.2,82.72,26.33,27.82,158.13,87.29,0,Universitario 2-1 Sport Huancayo,2026-05-30
Comerciantes Unidos,0.92,1.69,-0.77,0.92,1.54,-0.62,0.0,0.15,-0.15,0.92,1.69,-0.77,,,,,,0,1,-1,-0.23,51.4,44.66,,,45.15,0.33,0.71,153,8,14,14,42.42,19.72,6.12,1,6,16,3,23,53.1,36.55,23.07,33.86,40.67,28.47,9,Sport Boys 1-0 Comerciantes Unidos,2026-05-30
Sport Boys,1.69,0.92,0.77,1.54,0.92,0.62,0.15,0.0,0.15,1.69,0.92,0.77,,,,,,1,0,1,0.23,48.6,55.34,,,48.73,0.71,0.33,162,21,14,14,19.72,42.42,6.35,6,1,28,8,16,92.2,63.45,45.07,66.14,102.17,71.53,3,Sport Boys 1-0 Comerciantes Unidos,2026-05-30
Juan Pablo II College,1.53,2.31,-0.78,0.72,2.31,-1.59,0.05,0.0,0.05,0.77,2.31,-1.54,,,,,,1,4,-3,-2.22,50.8,59.16,,,43.69,0.34,0.63,135,5,10,13,29.41,20.63,10.45,1,4,15,3,5,54.1,51.28,24.13,35.17,30.52,16.72,1,Deportivo Garcilaso 4-1 Juan Pablo II College,2026-05-30
Deportivo Garcilaso,2.31,1.53,0.78,2.31,0.72,1.59,0.0,0.05,-0.05,2.31,0.77,1.54,,,,,,4,1,3,2.22,49.2,40.84,,,42.04,0.63,0.34,112,8,13,10,20.63,29.41,10.31,4,1,2,0,19,51.4,48.72,44.47,64.83,152.06,83.28,0,Deportivo Garcilaso 4-1 Juan Pablo II College,2026-05-30
Cusco,1.18,2.97,-1.79,1.18,2.01,-0.83,0.0,0.2,-0.2,1.18,2.21,-1.03,,,,,,2,1,1,2.79,41.8,28.34,,,43.56,1.09,0.99,126,8,7,21,6.42,21.21,25.77,0,0,6,0,9,26.3,12.83,46.2,59.9,35.37,22.25,0,ADT 1-2 Cusco,2026-05-30
ADT,2.97,1.18,1.79,2.01,1.18,0.83,0.2,0.0,0.2,2.21,1.18,1.03,,,,,,1,2,-1,-2.79,58.2,71.66,,,50.7,0.99,1.09,233,15,21,7,21.21,6.42,12.87,0,0,35,12,12,178.7,87.17,30.93,40.1,123.6,77.75,1,ADT 1-2 Cusco,2026-05-30
Deportivo Moquegua,0.98,3.39,-2.41,0.98,3.33,-2.35,0.0,0.06,-0.06,0.98,3.39,-2.41,,,,,,0,1,-1,1.41,39.6,42.29,,,46.14,0.48,1.06,111,7,8,16,16.67,15.09,14.83,3,2,18,4,11,34.8,23.05,97.27,86.39,67.73,48.37,1,Atlético Grau 1-0 Deportivo Moquegua,2026-05-29
Atlético Grau,3.39,0.98,2.41,3.33,0.98,2.35,0.06,0.0,0.06,3.39,0.98,2.41,,,,,,1,0,1,-1.41,60.4,57.71,,,43.78,1.06,0.48,162,13,16,8,15.09,16.67,7.57,2,3,11,4,14,116.2,76.95,15.33,13.61,72.3,51.63,4,Atlético Grau 1-0 Deportivo Moquegua,2026-05-29
Deportivo Garcilaso,0.54,3.24,-2.7,0.54,3.07,-2.53,0.0,0.18,-0.18,0.54,3.24,-2.7,,,,,,0,0,0,2.7,37.3,41.07,,,46.71,0.24,0.83,112,2,7,27,29.17,32.53,12.79,5,1,12,3,11,31.2,15.27,57.93,85.19,45.83,24.68,3,Comerciantes Unidos 0-0 Deportivo Garcilaso,2026-05-25
Comerciantes Unidos,3.24,0.54,2.7,3.07,0.54,2.53,0.18,0.0,0.18,3.24,0.54,2.7,,,,,,0,0,0,-2.7,62.7,58.93,,,46.61,0.83,0.24,195,21,27,7,32.53,29.17,6.3,1,5,24,6,12,173.1,84.73,10.07,14.81,139.87,75.32,11,Comerciantes Unidos 0-0 Deportivo Garcilaso,2026-05-25
FC Cajamarca,2.24,1.9,0.34,2.24,1.83,0.41,0.0,0.08,-0.08,2.24,1.9,0.34,,,,,,1,1,0,-0.34,44.1,36.43,,,42.0,0.67,1.56,119,7,9,24,13.43,15.38,11.55,5,3,6,0,12,33.1,18.05,39.8,61.54,31.1,18.41,1,Alianza Atlético 1-1 FC Cajamarca,2026-05-24
Alianza Atlético,1.9,2.24,-0.34,1.83,2.24,-0.41,0.08,0.0,0.08,1.9,2.24,-0.34,,,,,,1,1,0,0.34,55.9,63.57,,,49.55,1.56,0.67,218,18,24,9,15.38,13.43,9.9,3,5,27,7,11,150.3,81.95,24.87,38.46,137.87,81.59,2,Alianza Atlético 1-1 FC Cajamarca,2026-05-24
Cienciano,1.27,2.19,-0.92,1.16,2.12,-0.96,0.1,0.07,0.03,1.27,2.19,-0.92,,,,,,2,2,0,0.92,49.8,35.23,,,41.67,0.9,0.73,132,8,9,19,10.0,26.03,11.86,3,4,11,3,11,35.1,19.33,29.33,41.74,37.08,16.29,0,Sport Huancayo 2-2 Cienciano,2026-05-24
Sport Huancayo,2.19,1.27,0.92,2.12,1.16,0.96,0.07,0.1,-0.03,2.19,1.27,0.92,,,,,,2,2,0,-0.92,50.2,64.77,,,48.38,0.73,0.9,198,12,19,9,26.03,10.0,14.52,4,3,15,4,13,146.5,80.67,40.93,58.26,190.53,83.71,1,Sport Huancayo 2-2 Cienciano,2026-05-24
ADT,0.65,2.91,-2.26,0.65,2.44,-1.79,0.0,0.47,-0.47,0.65,2.91,-2.26,,,,,,1,2,-1,1.26,36.9,28.89,,,43.48,0.24,2.05,107,3,3,26,12.5,12.68,14.5,2,3,7,0,15,6.6,2.52,73.73,74.13,16.67,8.43,1,Sporting Cristal 2-1 ADT,2026-05-24
Sporting Cristal,2.91,0.65,2.26,2.44,0.65,1.79,0.47,0.0,0.47,2.91,0.65,2.26,,,,,,2,1,1,-1.26,63.1,71.11,,,55.54,2.05,0.24,354,26,26,3,12.68,12.5,10.84,3,2,32,12,6,255.2,97.48,25.73,25.87,181.07,91.57,1,Sporting Cristal 2-1 ADT,2026-05-24
Los Chankas,1.23,1.56,-0.33,1.23,1.48,-0.25,0.0,0.08,-0.08,1.23,1.56,-0.33,,,,,,0,3,-3,-2.67,51.0,50.0,,,47.3,0.49,0.66,155,4,14,13,28.57,19.7,8.62,3,4,11,1,10,53.5,44.0,45.13,58.36,31.73,23.48,0,Alianza Lima 3-0 Los Chankas,2026-05-23
Alianza Lima,1.56,1.23,0.33,1.48,1.23,0.25,0.08,0.0,0.08,1.56,1.23,0.33,,,,,,3,0,3,2.67,49.0,50.0,,,45.09,0.66,0.49,156,13,13,14,19.7,28.57,8.74,4,3,10,3,17,68.1,56.0,32.2,41.64,103.4,76.52,3,Alianza Lima 3-0 Los Chankas,2026-05-23
Atlético Grau,0.9,0.94,-0.04,0.9,0.92,-0.02,0.0,0.02,-0.02,0.9,0.94,-0.04,,,,,,0,1,-1,-0.96,31.6,32.05,,,48.7,0.68,0.93,140,7,9,15,13.24,16.13,30.2,1,3,10,2,11,44.9,18.71,107.53,86.96,47.67,30.93,1,Cusco 1-0 Atlético Grau,2026-05-23
Cusco,0.94,0.9,0.04,0.92,0.9,0.02,0.02,0.0,0.02,0.94,0.9,0.04,,,,,,1,0,1,0.96,68.4,67.95,,,51.91,0.93,0.68,352,9,15,9,16.13,13.24,10.7,3,1,28,4,7,195.1,81.29,16.13,13.04,106.47,69.07,1,Cusco 1-0 Atlético Grau,2026-05-23
Sport Boys,0.81,0.9,-0.09,0.7,0.72,-0.02,0.11,0.19,-0.08,0.81,0.9,-0.09,,,,,,0,0,0,0.09,54.8,46.28,,,49.13,0.38,0.54,222,8,18,12,47.37,22.22,9.37,4,3,17,4,11,92.8,49.39,34.33,28.96,50.63,33.0,0,UTC Cajamarca 0-0 Sport Boys,2026-05-23
UTC Cajamarca,0.9,0.81,0.09,0.72,0.7,0.02,0.19,0.11,0.08,0.9,0.81,0.09,,,,,,0,0,0,-0.09,45.2,53.72,,,51.47,0.54,0.38,185,12,12,18,22.22,47.37,12.89,3,4,16,4,14,95.1,50.61,84.2,71.04,102.8,67.0,1,UTC Cajamarca 0-0 Sport Boys,2026-05-23
Universitario,1.18,0.93,0.25,0.97,0.17,0.8,0.21,0.0,0.21,1.18,0.17,1.01,,,,,,0,0,0,-0.25,58.4,55.56,,,49.22,0.92,0.38,192,16,12,10,13.04,26.32,7.0,5,7,26,3,7,104.6,69.23,22.53,27.81,81.1,57.92,0,Deportivo Moquegua 0-0 Universitario,2026-05-23
Deportivo Moquegua,0.93,1.18,-0.25,0.17,0.97,-0.8,0.0,0.21,-0.21,0.17,1.18,-1.01,,,,,,0,0,0,0.25,41.6,44.44,,,49.92,0.38,0.92,137,7,10,12,26.32,13.04,10.17,7,5,17,3,12,46.5,30.77,58.47,72.19,58.93,42.08,2,Deportivo Moquegua 0-0 Universitario,2026-05-23
Melgar,3.68,1.4,2.28,3.68,1.11,2.57,0.0,0.29,-0.29,3.68,1.4,2.28,,,,,,1,1,0,-2.28,55.7,48.32,,,45.75,0.76,0.56,199,16,19,14,25.0,25.0,10.69,2,4,17,4,9,103.1,59.25,18.0,21.05,77.77,53.87,2,Juan Pablo II College 1-1 Melgar,2026-05-22
Juan Pablo II College,1.4,3.68,-2.28,1.11,3.68,-2.57,0.29,0.0,0.29,1.4,3.68,-2.28,,,,,,1,1,0,2.28,44.3,51.68,,,49.18,0.56,0.76,187,11,14,19,25.0,25.0,15.52,4,2,23,6,12,70.9,40.75,67.53,78.95,66.6,46.13,1,Juan Pablo II College 1-1 Melgar,2026-05-22
Deportivo Moquegua,0.5,1.29,-0.79,0.47,1.22,-0.75,0.03,0.08,-0.05,0.5,1.29,-0.79,,,,,,0,1,-1,-0.21,44.7,56.06,,,53.42,0.35,0.69,192,7,14,16,40.0,23.19,9.74,7,5,25,6,11,84.6,49.19,87.4,70.11,109.93,60.29,3,Los Chankas 1-0 Deportivo Moquegua,2026-05-17
Los Chankas,1.29,0.5,0.79,1.22,0.47,0.75,0.08,0.03,0.05,1.29,0.5,0.79,,,,,,1,0,1,0.21,55.3,43.94,,,42.42,0.69,0.35,138,12,16,14,23.19,40.0,8.85,5,7,19,5,9,87.4,50.81,37.27,29.89,72.4,39.71,2,Los Chankas 1-0 Deportivo Moquegua,2026-05-17
UTC Cajamarca,0.67,1.54,-0.87,0.4,1.37,-0.97,0.27,0.17,0.1,0.67,1.54,-0.87,,,,,,0,2,-2,-1.13,54.5,59.34,,,48.44,0.58,0.77,163,11,10,12,17.24,15.58,6.87,6,3,21,6,13,90.7,63.38,30.4,52.12,95.2,56.72,1,Deportivo Garcilaso 2-0 UTC Cajamarca,2026-05-17
Deportivo Garcilaso,1.54,0.67,0.87,1.37,0.4,0.97,0.17,0.27,-0.1,1.54,0.67,0.87,,,,,,2,0,2,1.13,45.5,40.66,,,42.5,0.77,0.58,114,8,12,10,15.58,17.24,8.65,3,6,11,1,11,52.4,36.62,27.93,47.88,72.63,43.28,3,Deportivo Garcilaso 2-0 UTC Cajamarca,2026-05-17
Comerciantes Unidos,1.29,1.2,0.09,0.99,1.18,-0.19,0.3,0.02,0.28,1.29,1.2,0.09,,,,,,0,2,-2,-2.09,44.6,56.76,,,47.33,1.04,0.53,154,14,14,10,13.46,18.87,11.94,4,2,30,9,13,81.7,51.87,84.07,89.94,89.2,54.29,4,ADT 2-0 Comerciantes Unidos,2026-05-17
ADT,1.2,1.29,-0.09,1.18,0.99,0.19,0.02,0.3,-0.28,1.2,1.29,-0.09,,,,,,2,0,2,2.09,55.4,43.24,,,45.69,0.53,1.04,175,7,10,14,18.87,13.46,7.94,2,4,10,3,12,75.8,48.13,9.4,10.06,75.1,45.71,0,ADT 2-0 Comerciantes Unidos,2026-05-17
Cusco,0.52,2.65,-2.13,0.45,1.81,-1.36,0.07,0.08,-0.01,0.52,1.89,-1.37,,,,,,0,1,-1,1.13,51.8,39.29,,,44.12,0.52,0.68,167,10,7,20,13.46,29.41,10.07,3,3,13,3,12,33.7,19.47,32.73,35.81,26.7,13.12,0,Sport Boys 1-0 Cusco,2026-05-16
Sport Boys,2.65,0.52,2.13,1.81,0.45,1.36,0.08,0.07,0.01,1.89,0.52,1.37,,,,,,1,0,1,-1.13,48.2,60.71,,,49.59,0.68,0.52,196,23,20,7,29.41,13.46,12.72,3,3,24,7,10,139.4,80.53,58.67,64.19,176.73,86.88,2,Sport Boys 1-0 Cusco,2026-05-16
Alianza Lima,0.58,1.13,-0.55,0.58,0.73,-0.15,0.0,0.4,-0.4,0.58,1.13,-0.55,,,,,,1,0,1,1.55,42.1,39.72,,,40.41,0.19,0.73,83,0,8,16,42.11,21.92,17.42,1,5,4,1,10,22.5,19.23,49.47,67.95,32.1,35.6,1,Cienciano 0-1 Alianza Lima,2026-05-16
Cienciano,1.13,0.58,0.55,0.73,0.58,0.15,0.4,0.0,0.4,1.13,0.58,0.55,,,,,,0,1,-1,-1.55,57.9,60.28,,,49.04,0.73,0.19,199,9,16,8,21.92,42.11,9.48,5,1,33,7,7,94.5,80.77,23.33,32.05,58.07,64.4,0,Cienciano 0-1 Alianza Lima,2026-05-16
Alianza Atlético,2.54,0.46,2.08,2.22,0.42,1.8,0.32,0.04,0.28,2.54,0.46,2.08,,,,,,2,0,2,-0.08,44.8,51.89,,,48.47,0.86,0.62,164,14,21,7,24.42,11.29,10.9,10,4,14,5,12,108.4,74.66,80.2,80.14,178.6,91.0,0,Juan Pablo II College 0-2 Alianza Atlético,2026-05-16
Juan Pablo II College,0.46,2.54,-2.08,0.42,2.22,-1.8,0.04,0.32,-0.28,0.46,2.54,-2.08,,,,,,0,2,-2,0.08,55.2,48.11,,,43.75,0.62,0.86,151,10,7,21,11.29,24.42,10.12,4,10,22,5,8,36.8,25.34,19.87,19.86,17.67,9.0,0,Juan Pablo II College 0-2 Alianza Atlético,2026-05-16
Sport Huancayo,2.93,1.54,1.39,2.88,0.72,2.16,0.05,0.82,-0.77,2.93,1.54,1.39,,,,,,1,4,-3,-4.39,43.4,48.79,,,48.95,1.04,1.11,175,14,17,15,16.35,13.51,17.25,4,4,25,3,12,101.6,52.05,110.8,75.99,135.82,55.64,2,Melgar 4-1 Sport Huancayo,2026-05-16
Melgar,1.54,2.93,-1.39,0.72,2.88,-2.16,0.82,0.05,0.77,1.54,2.93,-1.39,,,,,,4,1,3,4.39,56.6,51.21,,,46.8,1.11,1.04,226,15,15,17,13.51,16.35,10.46,4,4,14,5,8,93.6,47.95,35.0,24.01,108.29,44.36,0,Melgar 4-1 Sport Huancayo,2026-05-16
Atlético Grau,0.58,1.51,-0.93,0.58,1.42,-0.84,0.0,0.09,-0.09,0.58,1.51,-0.93,,,,,,1,0,1,1.93,37.1,34.44,,,42.64,0.37,0.9,109,2,4,15,10.81,16.67,11.94,2,6,8,0,11,19.1,11.3,78.0,78.63,37.13,29.27,1,Universitario 0-1 Atlético Grau,2026-05-15
Universitario,1.51,0.58,0.93,1.42,0.58,0.84,0.09,0.0,0.09,1.51,0.58,0.93,,,,,,0,1,-1,-1.93,62.9,65.56,,,50.19,0.9,0.37,261,14,15,4,16.67,10.81,8.37,6,2,32,8,8,149.9,88.7,21.2,21.37,89.73,70.73,0,Universitario 0-1 Atlético Grau,2026-05-15
Sporting Cristal,0.79,2.0,-1.21,0.79,1.76,-0.97,0.0,0.23,-0.23,0.79,2.0,-1.21,,,,,,1,3,-2,-0.79,55.8,55.56,,,45.07,0.53,0.96,184,10,12,17,22.64,17.71,10.0,5,3,14,3,9,65.7,57.53,14.8,20.9,42.23,43.78,1,FC Cajamarca 3-1 Sporting Cristal,2026-05-15
FC Cajamarca,2.0,0.79,1.21,1.76,0.79,0.97,0.23,0.0,0.23,2.0,0.79,1.21,,,,,,3,1,2,0.79,44.2,44.44,,,44.96,0.96,0.53,139,15,17,12,17.71,22.64,14.07,3,5,18,6,12,48.5,42.47,56.0,79.1,54.23,56.22,0,FC Cajamarca 3-1 Sporting Cristal,2026-05-15
Universitario,0.38,1.47,-1.09,0.35,1.35,-1.0,0.03,0.12,-0.09,0.38,1.47,-1.09,,,,,,0,0,0,1.09,25.3,23.74,,,41.29,0.19,1.53,68,4,7,17,36.84,11.11,17.56,3,6,8,2,11,10.3,5.79,161.8,100.0,57.8,52.03,2,Sport Boys 0-0 Universitario,2026-05-11
Sport Boys,1.47,0.38,1.09,1.35,0.35,1.0,0.12,0.03,0.09,1.47,0.38,1.09,,,,,,0,0,0,-1.09,74.7,76.26,,,50.01,1.53,0.19,287,22,17,7,11.11,36.84,5.0,6,3,19,3,15,167.6,94.21,0.0,0.0,53.3,47.97,0,Sport Boys 0-0 Universitario,2026-05-11
Alianza Atlético,0.79,2.01,-1.22,0.71,1.79,-1.08,0.08,0.22,-0.14,0.79,2.01,-1.22,,,,,,1,2,-1,0.22,44.1,40.24,,,44.21,0.43,0.52,148,4,13,14,30.23,26.92,12.72,3,2,13,2,10,36.2,32.35,63.53,65.41,43.17,39.97,2,Deportivo Garcilaso 2-1 Alianza Atlético,2026-05-11
Deportivo Garcilaso,2.01,0.79,1.22,1.79,0.71,1.08,0.22,0.08,0.14,2.01,0.79,1.22,,,,,,2,1,1,-0.22,55.9,59.76,,,44.85,0.52,0.43,178,8,14,13,26.92,30.23,9.22,2,3,14,7,10,75.7,67.65,33.6,34.59,64.83,60.03,0,Deportivo Garcilaso 2-1 Alianza Atlético,2026-05-11
Los Chankas,0.62,3.16,-2.54,0.53,2.98,-2.45,0.1,0.17,-0.07,0.62,3.16,-2.54,,,,,,1,1,0,2.54,48.0,47.54,,,43.31,0.75,0.77,135,5,14,20,18.67,25.97,14.22,2,7,20,4,10,67.6,40.5,47.87,57.08,73.5,40.99,0,Cusco 1-1 Los Chankas,2026-05-10
Cusco,3.16,0.62,2.54,2.98,0.53,2.45,0.17,0.1,0.07,3.16,0.62,2.54,,,,,,1,1,0,-2.54,52.0,52.46,,,48.73,0.77,0.75,196,12,20,14,25.97,18.67,9.76,7,2,15,5,9,99.3,59.5,36.0,42.92,105.83,59.01,2,Cusco 1-1 Los Chankas,2026-05-10
Melgar,0.69,2.95,-2.26,0.61,2.83,-2.22,0.08,0.12,-0.04,0.69,2.95,-2.26,,,,,,1,1,0,2.26,52.8,48.7,,,46.51,0.38,0.85,180,6,12,19,31.58,22.35,12.29,2,7,11,3,13,75.7,48.06,24.07,28.52,70.13,43.12,0,Comerciantes Unidos 1-1 Melgar,2026-05-10
Comerciantes Unidos,2.95,0.69,2.26,2.83,0.61,2.22,0.12,0.08,0.04,2.95,0.69,2.26,,,,,,1,1,0,-2.26,47.2,51.3,,,44.73,0.85,0.38,145,10,19,12,22.35,31.58,8.74,7,2,15,3,10,81.8,51.94,60.33,71.48,92.5,56.88,6,Comerciantes Unidos 1-1 Melgar,2026-05-10
Juan Pablo II College,0.89,2.93,-2.04,0.87,2.17,-1.3,0.02,0.0,0.02,0.89,2.17,-1.28,,,,,,1,2,-1,1.04,43.1,40.78,,,45.44,0.71,1.03,130,9,3,17,4.23,16.5,12.4,0,4,17,5,12,31.5,18.85,43.8,47.54,13.8,8.77,1,Sport Huancayo 2-1 Juan Pablo II College,2026-05-10
Sport Huancayo,2.93,0.89,2.04,2.17,0.87,1.3,0.0,0.02,-0.02,2.17,0.89,1.28,,,,,,2,1,1,-1.04,56.9,59.22,,,49.9,1.03,0.71,205,17,17,3,16.5,4.23,7.09,4,0,17,8,13,135.6,81.15,48.33,52.46,143.53,91.23,3,Sport Huancayo 2-1 Juan Pablo II College,2026-05-10
Sporting Cristal,1.61,0.79,0.82,1.61,0.79,0.82,0.0,0.0,0.0,1.61,0.79,0.82,,,,,,1,1,0,-0.82,43.8,33.23,,,43.48,0.45,1.6,150,3,10,15,22.22,9.38,8.95,10,7,14,2,12,26.4,14.39,52.27,55.88,31.1,19.95,0,Alianza Lima 1-1 Sporting Cristal,2026-05-09
Alianza Lima,0.79,1.61,-0.82,0.79,1.61,-0.82,0.0,0.0,0.0,0.79,1.61,-0.82,,,,,,1,1,0,0.82,56.2,66.77,,,51.62,1.6,0.45,257,21,15,10,9.38,22.22,8.17,7,10,29,1,14,157.1,85.61,41.27,44.12,124.8,80.05,0,Alianza Lima 1-1 Sporting Cristal,2026-05-09
Cienciano,2.37,1.23,1.14,2.33,1.16,1.17,0.04,0.06,-0.02,2.37,1.23,1.14,,,,,,2,1,1,-0.14,47.7,41.3,,,43.6,0.99,1.5,129,11,18,14,18.18,9.33,12.14,4,6,18,5,14,78.2,44.03,36.8,57.56,78.03,41.62,0,Atlético Grau 1-2 Cienciano,2026-05-09
Atlético Grau,1.23,2.37,-1.14,1.16,2.33,-1.17,0.06,0.04,0.02,1.23,2.37,-1.14,,,,,,1,2,-1,0.14,52.3,58.7,,,48.63,1.5,0.99,178,18,14,18,9.33,18.18,6.9,6,4,23,3,10,99.4,55.97,27.13,42.44,109.47,58.38,1,Atlético Grau 1-2 Cienciano,2026-05-09
ADT,1.34,1.25,0.09,1.34,0.41,0.93,0.0,0.08,-0.08,1.34,0.49,0.85,,,,,,2,2,0,-0.09,53.3,52.48,,,44.15,0.93,0.64,158,8,10,11,10.75,17.19,9.24,4,1,8,0,11,83.8,58.28,12.53,15.92,60.23,39.15,1,Deportivo Moquegua 2-2 ADT,2026-05-09
Deportivo Moquegua,1.25,1.34,-0.09,0.41,1.34,-0.93,0.08,0.0,0.08,0.49,1.34,-0.85,,,,,,2,2,0,0.09,46.7,47.52,,,47.24,0.64,0.93,146,8,11,10,17.19,10.75,12.04,1,4,14,3,11,60.0,41.72,66.2,84.08,93.6,60.85,3,Deportivo Moquegua 2-2 ADT,2026-05-09
FC Cajamarca,1.38,1.43,-0.05,1.33,1.33,0.0,0.05,0.1,-0.05,1.38,1.43,-0.05,,,,,,2,1,1,1.05,38.5,40.0,,,42.16,0.52,0.94,96,12,9,10,17.31,10.64,11.29,4,3,7,3,16,57.7,37.23,82.8,88.15,94.73,69.86,2,UTC Cajamarca 1-2 FC Cajamarca,2026-05-08
UTC Cajamarca,1.43,1.38,0.05,1.33,1.33,0.0,0.1,0.05,0.05,1.43,1.38,0.05,,,,,,1,2,-1,-1.05,61.5,60.0,,,46.18,0.94,0.52,190,16,10,9,10.64,17.31,5.4,3,4,14,8,18,97.3,62.77,11.13,11.85,40.87,30.14,1,UTC Cajamarca 1-2 FC Cajamarca,2026-05-08
Deportivo Garcilaso,0.35,2.48,-2.13,0.21,2.17,-1.96,0.14,0.31,-0.17,0.35,2.48,-2.13,,,,,,1,0,1,3.13,34.1,31.07,,,41.12,0.41,1.4,92,5,8,15,19.51,10.71,10.67,5,4,8,4,16,13.7,7.91,67.27,92.06,43.13,31.48,1,Los Chankas 0-1 Deportivo Garcilaso,2026-05-04
Los Chankas,2.48,0.35,2.13,2.17,0.21,1.96,0.31,0.14,0.17,2.48,0.35,2.13,,,,,,0,1,-1,-3.13,65.9,68.93,,,48.74,1.4,0.41,264,19,15,8,10.71,19.51,6.82,4,5,39,6,11,159.6,92.09,5.8,7.94,93.87,68.52,4,Los Chankas 0-1 Deportivo Garcilaso,2026-05-04
UTC Cajamarca,0.48,0.78,-0.3,0.46,0.34,0.12,0.02,0.45,-0.43,0.48,0.78,-0.3,,,,,,0,2,-2,-1.7,37.5,37.83,,,44.73,0.39,0.96,129,6,7,20,17.95,20.83,21.57,2,9,9,1,11,33.1,19.96,95.2,82.93,64.67,37.99,0,Melgar 2-0 UTC Cajamarca,2026-05-03
Melgar,0.78,0.48,0.3,0.34,0.46,-0.12,0.45,0.02,0.43,0.78,0.48,0.3,,,,,,2,0,2,1.7,62.5,62.17,,,45.73,0.96,0.39,218,13,20,7,20.83,17.95,8.53,9,2,26,11,9,132.7,80.04,19.6,17.07,105.57,62.01,0,Melgar 2-0 UTC Cajamarca,2026-05-03
Sport Huancayo,0.44,2.13,-1.69,0.28,1.33,-1.05,0.16,0.03,0.13,0.44,1.37,-0.93,,,,,,1,4,-3,-1.31,46.5,50.0,,,46.82,0.5,1.39,173,9,9,14,18.0,10.07,21.18,1,2,13,4,9,66.6,35.22,72.2,69.64,61.44,25.05,1,Alianza Atlético 4-1 Sport Huancayo,2026-05-03
Alianza Atlético,2.13,0.44,1.69,1.33,0.28,1.05,0.03,0.16,-0.13,1.37,0.44,0.93,,,,,,4,1,3,1.31,53.5,50.0,,,43.64,1.39,0.5,167,19,14,9,10.07,18.0,12.54,2,1,15,4,10,122.5,64.78,31.47,30.36,183.8,74.95,2,Alianza Atlético 4-1 Sport Huancayo,2026-05-03
Universitario,2.03,0.89,1.14,1.81,0.13,1.68,0.21,0.0,0.21,2.03,0.13,1.9,,,,,,4,1,3,1.86,63.4,72.69,,,53.91,1.24,0.13,258,20,18,6,14.52,46.15,5.49,6,1,25,9,24,190.1,96.35,25.13,26.0,178.7,91.69,0,Juan Pablo II College 1-4 Universitario,2026-05-03
Juan Pablo II College,0.89,2.03,-1.14,0.13,1.81,-1.68,0.0,0.21,-0.21,0.13,2.03,-1.9,,,,,,1,4,-3,-1.86,36.6,27.31,,,42.12,0.13,1.24,74,2,6,18,46.15,14.52,12.0,1,6,3,0,6,7.2,3.65,71.53,74.0,16.2,8.31,1,Juan Pablo II College 1-4 Universitario,2026-05-03
Cusco,1.81,2.48,-0.67,1.81,2.11,-0.3,0.0,0.37,-0.37,1.81,2.48,-0.67,,,,,,2,2,0,0.67,49.7,46.79,,,44.29,0.57,1.13,167,9,9,23,15.79,20.35,13.44,3,13,12,3,8,54.3,31.21,63.47,57.94,67.1,37.24,1,Sporting Cristal 2-2 Cusco,2026-05-03
Sporting Cristal,2.48,1.81,0.67,2.11,1.81,0.3,0.37,0.0,0.37,2.48,1.81,0.67,,,,,,2,2,0,-0.67,50.3,53.21,,,47.17,1.13,0.57,194,13,23,9,20.35,15.79,10.58,13,3,31,7,13,119.7,68.79,46.07,42.06,113.1,62.76,1,Sporting Cristal 2-2 Cusco,2026-05-03
Deportivo Moquegua,0.51,2.57,-2.06,0.51,2.48,-1.97,0.0,0.09,-0.09,0.51,2.57,-2.06,,,,,,1,2,-1,1.06,33.3,28.0,,,45.32,0.21,1.26,107,3,7,17,33.33,13.49,13.15,3,9,6,0,12,22.4,10.52,125.13,96.55,54.27,29.45,1,Alianza Lima 2-1 Deportivo Moquegua,2026-05-02
Alianza Lima,2.57,0.51,2.06,2.48,0.51,1.97,0.09,0.0,0.09,2.57,0.51,2.06,,,,,,2,1,1,-1.06,66.7,72.0,,,48.48,1.26,0.21,256,21,17,7,13.49,33.33,8.1,9,3,11,1,12,190.5,89.48,4.47,3.45,130.0,70.55,2,Alianza Lima 2-1 Deportivo Moquegua,2026-05-02
Comerciantes Unidos,0.55,1.78,-1.23,0.55,1.24,-0.69,0.0,0.54,-0.54,0.55,1.78,-1.23,,,,,,0,1,-1,0.23,35.8,38.71,,,46.63,0.45,1.07,102,7,6,18,13.33,16.82,8.28,2,3,18,2,19,28.3,15.96,63.2,90.45,41.0,28.05,5,Cienciano 1-0 Comerciantes Unidos,2026-05-02
Cienciano,1.78,0.55,1.23,1.24,0.55,0.69,0.54,0.0,0.54,1.78,0.55,1.23,,,,,,1,0,1,-0.23,64.2,61.29,,,50.25,1.07,0.45,226,15,18,6,16.82,13.33,6.23,3,2,39,4,11,149.0,84.04,6.67,9.55,105.17,71.95,0,Cienciano 1-0 Comerciantes Unidos,2026-05-02
Atlético Grau,1.08,1.67,-0.59,0.93,1.64,-0.71,0.15,0.04,0.11,1.08,1.67,-0.59,,,,,,0,1,-1,-0.41,45.1,42.86,,,45.37,0.88,0.85,166,10,12,19,13.64,22.35,13.07,4,5,23,6,11,60.1,34.09,80.07,68.71,64.3,34.09,1,ADT 1-0 Atlético Grau,2026-05-02
ADT,1.67,1.08,0.59,1.64,0.93,0.71,0.04,0.15,-0.11,1.67,1.08,0.59,,,,,,1,0,1,0.41,54.9,57.14,,,47.53,0.85,0.88,215,14,19,12,22.35,13.64,11.37,5,4,15,1,8,116.2,65.91,36.47,31.29,124.3,65.91,2,ADT 1-0 Atlético Grau,2026-05-02
Sport Boys,3.06,1.57,1.49,2.78,1.57,1.21,0.28,0.0,0.28,3.06,1.57,1.49,,,,,,2,3,-1,-2.49,60.9,58.91,,,48.99,1.21,0.4,197,19,20,13,16.53,32.5,6.74,0,4,21,4,12,99.5,80.96,17.2,18.79,76.63,62.05,2,FC Cajamarca 3-2 Sport Boys,2026-05-02
FC Cajamarca,1.57,3.06,-1.49,1.57,2.78,-1.21,0.0,0.28,-0.28,1.57,3.06,-1.49,,,,,,3,2,1,2.49,39.1,41.09,,,46.65,0.4,1.21,112,10,13,20,32.5,16.53,8.5,4,0,5,2,24,23.4,19.04,74.33,81.21,46.87,37.95,1,FC Cajamarca 3-2 Sport Boys,2026-05-02
Melgar,0.77,1.81,-1.04,0.77,1.8,-1.03,0.0,0.02,-0.02,0.77,1.81,-1.04,,,,,,0,1,-1,0.04,57.7,53.98,,,47.55,0.66,0.39,207,7,11,10,16.67,25.64,7.94,3,6,15,2,12,100.9,62.87,31.33,32.52,79.67,48.08,1,Deportivo Garcilaso 1-0 Melgar,2026-04-27
Deportivo Garcilaso,1.81,0.77,1.04,1.8,0.77,1.03,0.02,0.0,0.02,1.81,0.77,1.04,,,,,,1,0,1,-0.04,42.3,46.02,,,46.53,0.39,0.66,164,8,10,11,25.64,16.67,12.09,6,3,15,3,14,59.6,37.13,65.0,67.48,86.03,51.92,1,Deportivo Garcilaso 1-0 Melgar,2026-04-27
Los Chankas,1.5,1.71,-0.21,1.5,1.5,0.0,0.0,0.21,-0.21,1.5,1.71,-0.21,,,,,,0,4,-4,-3.79,44.6,45.23,,,43.22,0.85,1.0,130,9,13,15,15.29,15.0,11.28,1,6,18,2,8,47.9,37.1,53.27,71.6,53.3,40.66,0,ADT 4-0 Los Chankas,2026-04-27
ADT,1.71,1.5,0.21,1.5,1.5,0.0,0.21,0.0,0.21,1.71,1.5,0.21,,,,,,4,0,4,3.79,55.4,54.77,,,47.63,1.0,0.85,184,16,15,13,15.0,15.29,11.28,6,1,18,2,16,81.2,62.9,21.13,28.4,77.79,59.34,1,ADT 4-0 Los Chankas,2026-04-27
Alianza Atlético,1.97,1.88,0.09,1.96,1.62,0.34,0.01,0.26,-0.25,1.97,1.88,0.09,,,,,,2,1,1,0.91,37.7,23.85,,,40.77,0.43,1.1,107,5,14,17,32.56,15.45,18.45,1,4,8,1,6,16.5,6.65,69.27,67.82,30.0,15.92,0,Universitario 1-2 Alianza Atlético,2026-04-26
Universitario,1.88,1.97,-0.09,1.62,1.96,-0.34,0.26,0.01,0.25,1.88,1.97,-0.09,,,,,,1,2,-1,-0.91,62.3,76.15,,,55.48,1.1,0.43,350,20,17,14,15.45,32.56,10.62,4,1,39,4,11,231.5,93.35,32.87,32.18,158.5,84.08,0,Universitario 1-2 Alianza Atlético,2026-04-26
Alianza Lima,1.13,0.53,0.6,1.09,0.53,0.56,0.04,0.0,0.04,1.13,0.53,0.6,,,,,,1,0,1,0.4,65.1,64.16,,,50.24,0.94,0.78,273,15,12,8,12.77,10.26,4.9,8,1,15,4,9,131.8,79.98,1.27,1.15,67.07,51.41,3,Atlético Grau 0-1 Alianza Lima,2026-04-26
Atlético Grau,0.53,1.13,-0.6,0.53,1.09,-0.56,0.0,0.04,-0.04,0.53,1.13,-0.6,,,,,,0,1,-1,-0.4,34.9,35.84,,,46.83,0.78,0.94,119,13,8,12,10.26,12.77,15.16,1,8,11,1,15,33.0,20.02,109.2,98.85,63.4,48.59,4,Atlético Grau 0-1 Alianza Lima,2026-04-26
Sport Huancayo,0.98,2.78,-1.8,0.66,2.51,-1.85,0.32,0.27,0.05,0.98,2.78,-1.8,,,,,,1,2,-1,0.8,48.2,47.35,,,50.32,0.63,0.98,217,9,13,11,20.63,11.22,14.04,2,3,22,5,7,83.9,43.61,75.73,57.31,87.1,44.45,1,Cusco 2-1 Sport Huancayo,2026-04-26
Cusco,2.78,0.98,1.8,2.51,0.66,1.85,0.27,0.32,-0.05,2.78,0.98,1.8,,,,,,2,1,1,-0.8,51.8,52.65,,,49.69,0.98,0.63,241,16,11,13,11.22,20.63,12.31,3,2,21,3,11,108.5,56.39,56.4,42.69,108.87,55.55,1,Cusco 2-1 Sport Huancayo,2026-04-26
Cienciano,3.29,1.43,1.86,1.34,1.43,-0.09,0.42,0.0,0.42,1.77,1.43,0.34,,,,,,2,2,0,-1.86,56.2,54.61,,,51.63,0.89,0.96,220,16,13,11,14.61,11.46,6.71,4,0,34,10,10,101.7,55.97,24.07,44.52,91.0,52.23,1,UTC Cajamarca 2-2 Cienciano,2026-04-26
UTC Cajamarca,1.43,3.29,-1.86,1.43,1.34,0.09,0.0,0.42,-0.42,1.43,1.77,-0.34,,,,,,2,2,0,1.86,43.8,45.39,,,47.96,0.96,0.89,140,16,11,13,11.46,14.61,10.48,0,4,11,3,17,80.0,44.03,30.0,55.48,83.23,47.77,0,UTC Cajamarca 2-2 Cienciano,2026-04-26
Juan Pablo II College,2.23,1.51,0.72,1.3,1.29,0.01,0.18,0.22,-0.04,1.47,1.51,-0.04,,,,,,1,1,0,-0.72,50.5,52.63,,,47.6,0.44,0.8,132,6,11,9,25.0,11.25,6.72,6,4,12,3,6,47.8,48.28,28.27,42.74,38.97,42.39,0,Sport Boys 1-1 Juan Pablo II College,2026-04-25
Sport Boys,1.51,2.23,-0.72,1.29,1.3,-0.01,0.22,0.18,0.04,1.51,1.47,0.04,,,,,,1,1,0,0.72,49.5,47.37,,,47.1,0.8,0.44,123,12,9,11,11.25,25.0,7.71,4,6,22,10,18,51.2,51.72,37.87,57.26,52.97,57.61,3,Sport Boys 1-1 Juan Pablo II College,2026-04-25
Sporting Cristal,1.18,1.24,-0.06,1.17,1.15,0.02,0.01,0.09,-0.08,1.18,1.24,-0.06,,,,,,0,1,-1,-0.94,68.1,68.98,,,50.51,1.24,0.23,272,30,20,13,16.13,56.52,7.92,3,1,26,5,8,199.6,89.75,3.93,3.22,107.83,63.22,4,Comerciantes Unidos 1-0 Sporting Cristal,2026-04-25
Comerciantes Unidos,1.24,1.18,0.06,1.15,1.17,-0.02,0.09,0.01,0.08,1.24,1.18,0.06,,,,,,1,0,1,0.94,31.9,31.02,,,47.11,0.23,1.24,115,8,13,20,56.52,16.13,12.52,1,3,11,3,16,22.8,10.25,118.13,96.78,62.73,36.78,7,Comerciantes Unidos 1-0 Sporting Cristal,2026-04-25
FC Cajamarca,1.84,1.39,0.45,0.99,1.17,-0.18,0.09,0.22,-0.13,1.08,1.39,-0.31,,,,,,1,2,-1,-1.45,52.1,44.49,,,45.46,0.72,0.86,130,5,11,17,15.28,19.77,8.93,3,3,9,3,9,31.3,30.24,12.73,26.23,16.73,11.71,0,Deportivo Moquegua 2-1 FC Cajamarca,2026-04-25
Deportivo Moquegua,1.39,1.84,-0.45,1.17,0.99,0.18,0.22,0.09,0.13,1.39,1.08,0.31,,,,,,2,1,1,1.45,47.9,55.51,,,48.04,0.86,0.72,135,18,17,11,19.77,15.28,9.22,3,3,18,5,13,72.2,69.76,35.8,73.77,126.13,88.29,1,Deportivo Moquegua 2-1 FC Cajamarca,2026-04-25
Cienciano,1.21,2.88,-1.67,0.72,2.29,-1.57,0.49,0.59,-0.1,1.21,2.88,-1.67,,,,,,0,1,-1,0.67,46.7,55.43,,,50.12,0.58,0.89,153,12,13,12,22.41,13.48,7.82,1,2,26,10,18,90.7,64.69,56.87,85.47,117.83,79.85,2,Los Chankas 1-0 Cienciano,2026-04-23
Los Chankas,2.88,1.21,1.67,2.29,0.72,1.57,0.59,0.49,0.1,2.88,1.21,1.67,,,,,,1,0,1,-0.67,53.3,44.57,,,42.4,0.89,0.58,119,8,12,13,13.48,22.41,9.95,2,1,16,4,10,49.5,35.31,9.67,14.53,29.73,20.15,0,Los Chankas 1-0 Cienciano,2026-04-23
Deportivo Garcilaso,1.22,3.19,-1.97,1.22,1.77,-0.55,0.0,0.66,-0.66,1.22,2.43,-1.21,,,,,,1,4,-3,-1.03,45.8,37.39,,,48.52,0.37,1.65,185,9,9,24,24.32,14.55,8.86,8,6,9,1,9,48.9,18.7,59.87,71.79,24.2,8.28,3,Universitario 4-1 Deportivo Garcilaso,2026-04-22
Universitario,3.19,1.22,1.97,1.77,1.22,0.55,0.66,0.0,0.66,2.43,1.22,1.21,,,,,,4,1,3,1.03,54.2,62.61,,,53.31,1.65,0.37,251,23,24,9,14.55,24.32,8.57,6,8,27,10,11,212.6,81.3,23.53,28.21,267.96,91.72,0,Universitario 4-1 Deportivo Garcilaso,2026-04-22
FC Cajamarca,0.47,2.5,-2.03,0.44,1.66,-1.22,0.03,0.08,-0.05,0.47,1.74,-1.27,,,,,,0,1,-1,1.03,33.0,34.59,,,41.97,0.33,1.06,96,3,9,16,27.27,15.09,23.85,3,5,7,2,11,8.8,5.23,127.27,90.47,48.87,34.33,0,Cusco 1-0 FC Cajamarca,2026-04-22
Cusco,2.5,0.47,2.03,1.66,0.44,1.22,0.08,0.03,0.05,1.74,0.47,1.27,,,,,,1,0,1,-1.03,67.0,65.41,,,50.68,1.06,0.33,329,16,16,9,15.09,27.27,9.14,5,3,30,5,7,159.3,94.77,13.4,9.53,93.5,65.67,1,Cusco 1-0 FC Cajamarca,2026-04-22
Sporting Cristal,0.96,1.63,-0.67,0.96,1.35,-0.39,0.0,0.27,-0.27,0.96,1.63,-0.67,,,,,,1,4,-3,-2.33,58.5,35.27,,,40.24,0.99,1.2,136,12,5,21,5.05,17.5,10.14,2,6,10,0,9,40.0,22.16,13.2,11.79,5.3,2.27,0,Atlético Grau 4-1 Sporting Cristal,2026-04-22
Atlético Grau,1.63,0.96,0.67,1.35,0.96,0.39,0.27,0.0,0.27,1.63,0.96,0.67,,,,,,4,1,3,2.33,41.5,64.73,,,49.24,1.2,0.99,160,17,21,5,17.5,5.05,12.21,6,2,22,8,15,140.5,77.84,98.8,88.21,228.43,97.73,3,Atlético Grau 4-1 Sporting Cristal,2026-04-22
Alianza Atlético,0.55,1.15,-0.6,0.44,1.15,-0.71,0.12,0.0,0.12,0.55,1.15,-0.6,,,,,,0,1,-1,-0.4,50.7,53.28,,,48.06,0.33,0.43,149,7,13,10,39.39,23.26,7.36,5,3,15,2,9,62.4,47.34,21.33,36.24,53.87,37.12,7,Comerciantes Unidos 1-0 Alianza Atlético,2026-04-22
Comerciantes Unidos,1.15,0.55,0.6,1.15,0.44,0.71,0.0,0.12,-0.12,1.15,0.55,0.6,,,,,,1,0,1,0.4,49.3,46.72,,,44.83,0.43,0.33,116,9,10,13,23.26,39.39,10.95,3,5,8,0,13,69.4,52.66,37.53,63.76,91.27,62.88,3,Comerciantes Unidos 1-0 Alianza Atlético,2026-04-22
Deportivo Moquegua,0.13,2.33,-2.2,0.13,2.03,-1.9,0.0,0.3,-0.3,0.13,2.33,-2.2,,,,,,1,2,-1,1.2,41.4,33.94,,,46.15,0.29,2.03,133,7,6,23,20.69,11.33,17.37,1,3,11,1,7,13.1,7.12,45.8,63.61,6.97,4.37,3,Cienciano 2-1 Deportivo Moquegua,2026-04-19
Cienciano,2.33,0.13,2.2,2.03,0.13,1.9,0.3,0.0,0.3,2.33,0.13,2.2,,,,,,2,1,1,-1.2,58.6,66.06,,,51.58,2.03,0.29,223,17,23,6,11.33,20.69,9.43,3,1,36,5,10,171.0,92.88,26.2,36.39,152.57,95.63,0,Cienciano 2-1 Deportivo Moquegua,2026-04-19
Universitario,1.28,1.59,-0.31,1.21,1.59,-0.38,0.08,0.0,0.08,1.28,1.59,-0.31,,,,,,1,2,-1,-0.69,53.6,62.18,,,50.69,1.09,0.6,222,16,12,9,11.01,15.0,10.0,8,2,33,2,14,117.2,81.5,40.53,49.43,111.33,70.28,1,Melgar 2-1 Universitario,2026-04-19
Melgar,1.59,1.28,0.31,1.59,1.21,0.38,0.0,0.08,-0.08,1.59,1.28,0.31,,,,,,2,1,1,0.69,46.4,37.82,,,44.2,0.6,1.09,147,7,9,12,15.0,11.01,13.56,2,8,5,1,9,26.6,18.5,41.47,50.57,47.07,29.72,0,Melgar 2-1 Universitario,2026-04-19
Sport Boys,1.05,1.07,-0.02,0.8,0.82,-0.02,0.25,0.25,0.0,1.05,1.07,-0.02,,,,,,1,0,1,1.02,43.2,48.78,,,49.42,0.74,0.38,141,14,16,11,21.62,28.95,9.45,6,6,24,6,13,76.4,58.32,43.8,66.23,90.6,66.36,2,Alianza Atlético 0-1 Sport Boys,2026-04-19
Alianza Atlético,1.07,1.05,0.02,0.82,0.8,0.02,0.25,0.25,0.0,1.07,1.05,0.02,,,,,,0,1,-1,-1.02,56.8,51.22,,,46.59,0.38,0.74,171,5,11,16,28.95,21.62,5.74,6,6,15,5,18,54.6,41.68,22.33,33.77,45.93,33.64,1,Alianza Atlético 0-1 Sport Boys,2026-04-19
UTC Cajamarca,3.23,2.14,1.09,3.18,2.14,1.04,0.05,0.0,0.05,3.23,2.14,1.09,,,,,,2,3,-1,-2.09,42.1,47.1,,,46.6,0.86,0.89,144,9,15,10,17.44,11.24,11.74,11,6,17,4,14,117.1,57.74,91.13,74.62,125.67,60.18,0,Sporting Cristal 3-2 UTC Cajamarca,2026-04-19
Sporting Cristal,2.14,3.23,-1.09,2.14,3.18,-1.04,0.0,0.05,-0.05,2.14,3.23,-1.09,,,,,,3,2,1,2.09,57.9,52.9,,,44.76,0.89,0.86,211,12,10,15,11.24,17.44,10.0,6,11,22,7,9,85.7,42.26,31.0,25.38,83.17,39.82,0,Sporting Cristal 3-2 UTC Cajamarca,2026-04-19
Cusco,0.66,3.97,-3.31,0.63,3.92,-3.29,0.03,0.05,-0.02,0.66,3.97,-3.31,,,,,,0,8,-8,-4.69,42.7,26.75,,,45.73,0.31,1.31,147,4,7,28,22.58,21.37,18.44,1,4,11,1,7,23.4,7.75,75.0,62.78,4.17,0.62,0,Alianza Lima 8-0 Cusco,2026-04-18
Alianza Lima,3.97,0.66,3.31,3.92,0.63,3.29,0.05,0.03,0.02,3.97,0.66,3.31,,,,,,8,0,8,4.69,57.3,73.25,,,52.31,1.31,0.31,273,29,28,7,21.37,22.58,10.32,4,1,12,4,12,278.4,92.25,44.47,37.22,672.97,99.38,0,Alianza Lima 8-0 Cusco,2026-04-18
Deportivo Garcilaso,1.39,2.37,-0.98,1.02,2.29,-1.27,0.37,0.08,0.29,1.39,2.37,-0.98,,,,,,1,2,-1,-0.02,43.1,40.38,,,46.48,0.92,1.97,145,12,11,21,11.96,10.66,13.92,4,4,24,7,10,55.5,29.47,56.93,66.41,65.07,44.48,1,Sport Huancayo 2-1 Deportivo Garcilaso,2026-04-18
Sport Huancayo,2.37,1.39,0.98,2.29,1.02,1.27,0.08,0.37,-0.29,2.37,1.39,0.98,,,,,,2,1,1,0.02,56.9,59.62,,,50.83,1.97,0.92,224,22,21,11,10.66,11.96,9.1,4,4,29,4,11,132.8,70.53,28.8,33.59,81.23,55.52,3,Sport Huancayo 2-1 Deportivo Garcilaso,2026-04-18
Comerciantes Unidos,2.35,0.78,1.57,1.95,0.57,1.38,0.4,0.22,0.18,2.35,0.78,1.57,,,,,,2,2,0,-1.57,50.9,53.7,,,46.63,0.93,0.38,161,15,20,10,21.51,26.32,10.04,2,2,26,6,7,101.0,73.03,35.13,43.77,83.97,66.52,5,Juan Pablo II College 2-2 Comerciantes Unidos,2026-04-18
Juan Pablo II College,0.78,2.35,-1.57,0.57,1.95,-1.38,0.22,0.4,-0.18,0.78,2.35,-1.57,,,,,,2,2,0,1.57,49.1,46.3,,,47.67,0.38,0.93,154,8,10,20,26.32,21.51,12.9,2,2,18,6,11,37.3,26.97,45.13,56.23,42.27,33.48,3,Juan Pablo II College 2-2 Comerciantes Unidos,2026-04-18
ADT,1.19,0.75,0.44,0.29,0.69,-0.4,0.14,0.07,0.07,0.43,0.75,-0.32,,,,,,2,2,0,-0.44,63.3,59.56,,,48.38,0.52,0.47,245,7,14,10,26.92,21.28,10.42,2,3,12,5,7,91.9,74.05,14.67,15.13,60.07,46.59,0,FC Cajamarca 2-2 ADT,2026-04-18
FC Cajamarca,0.75,1.19,-0.44,0.69,0.29,0.4,0.07,0.14,-0.07,0.75,0.43,0.32,,,,,,2,2,0,0.44,36.7,40.44,,,40.77,0.47,0.52,98,6,10,14,21.28,26.92,16.58,3,2,9,3,12,32.2,25.95,82.27,84.87,68.87,53.41,0,FC Cajamarca 2-2 ADT,2026-04-18
Atlético Grau,2.5,1.74,0.76,1.0,1.64,-0.64,0.74,0.1,0.64,1.74,1.74,0.0,,,,,,0,2,-2,-2.76,43.3,54.04,,,47.0,0.83,0.65,151,11,12,15,14.46,23.08,10.94,2,4,14,2,17,63.3,46.99,75.67,64.49,54.43,41.53,1,Los Chankas 2-0 Atlético Grau,2026-04-17
Los Chankas,1.74,2.5,-0.76,1.64,1.0,0.64,0.1,0.74,-0.64,1.74,1.74,0.0,,,,,,2,0,2,2.76,56.7,45.96,,,43.29,0.65,0.83,164,11,15,12,23.08,14.46,7.47,4,2,19,7,10,71.4,53.01,41.67,35.51,76.63,58.47,2,Los Chankas 2-0 Atlético Grau,2026-04-17
Sport Huancayo,1.34,1.55,-0.21,1.34,1.43,-0.09,0.0,0.13,-0.13,1.34,1.55,-0.21,,,,,,2,2,0,0.21,37.9,37.28,,,47.36,0.64,1.2,134,5,9,13,14.06,10.83,9.53,2,1,11,1,19,28.8,18.29,83.93,98.21,58.27,44.98,1,UTC Cajamarca 2-2 Sport Huancayo,2026-04-15
UTC Cajamarca,1.55,1.34,0.21,1.43,1.34,0.09,0.13,0.0,0.13,1.55,1.34,0.21,,,,,,2,2,0,-0.21,62.1,62.72,,,47.76,1.2,0.64,246,13,13,9,10.83,14.06,6.9,1,2,18,2,18,128.7,81.71,1.53,1.79,71.27,55.02,2,UTC Cajamarca 2-2 Sport Huancayo,2026-04-15
Melgar,3.13,1.43,1.7,2.37,0.45,1.92,0.0,0.22,-0.22,2.37,0.67,1.7,,,,,,3,1,2,0.3,40.8,29.05,,,44.43,0.77,1.13,110,13,11,13,14.29,11.5,12.38,4,7,8,2,12,46.0,24.93,52.47,74.38,100.8,69.95,0,Sport Boys 1-3 Melgar,2026-04-14
Sport Boys,1.43,3.13,-1.7,0.45,2.37,-1.92,0.22,0.0,0.22,0.67,2.37,-1.7,,,,,,1,3,-2,-0.3,59.2,70.95,,,55.04,1.13,0.77,252,16,13,11,11.5,14.29,7.38,7,4,36,6,8,138.5,75.07,18.07,25.62,43.3,30.05,2,Sport Boys 1-3 Melgar,2026-04-14
Alianza Lima,0.74,0.66,0.08,0.74,0.61,0.13,0.0,0.06,-0.06,0.74,0.66,0.08,,,,,,1,0,1,0.92,21.2,22.29,,,45.72,0.28,1.13,62,8,8,16,28.57,14.16,18.17,3,1,7,3,7,11.4,5.24,140.33,98.0,69.6,54.49,2,ADT 0-1 Alianza Lima,2026-04-14
ADT,0.66,0.74,-0.08,0.61,0.74,-0.13,0.06,0.0,0.06,0.66,0.74,-0.08,,,,,,0,1,-1,-0.92,78.8,77.71,,,54.46,1.13,0.28,370,11,16,8,14.16,28.57,6.5,1,3,26,3,11,206.3,94.76,2.87,2.0,58.13,45.51,1,ADT 0-1 Alianza Lima,2026-04-14
Juan Pablo II College,0.96,0.62,0.34,0.96,0.6,0.36,0.0,0.01,-0.01,0.96,0.62,0.34,,,,,,0,3,-3,-3.34,45.6,53.02,,,46.77,0.29,0.98,119,9,9,5,31.03,5.1,10.0,2,2,15,5,8,78.3,65.47,40.47,70.58,70.39,60.02,1,Deportivo Moquegua 3-0 Juan Pablo II College,2026-04-14
Deportivo Moquegua,0.62,0.96,-0.34,0.6,0.96,-0.36,0.01,0.0,0.01,0.62,0.96,-0.34,,,,,,3,0,3,3.34,54.4,46.98,,,45.4,0.98,0.29,134,8,5,9,5.1,31.03,7.93,2,2,12,3,18,41.3,34.53,16.87,29.42,46.89,39.98,1,Deportivo Moquegua 3-0 Juan Pablo II College,2026-04-14
Los Chankas,1.01,1.66,-0.65,0.97,1.66,-0.69,0.04,0.0,0.04,1.01,1.66,-0.65,,,,,,1,0,1,1.65,54.4,52.54,,,42.47,0.82,0.83,173,11,17,11,20.73,13.25,9.36,2,4,11,5,10,103.4,64.67,31.53,32.04,80.77,63.02,3,FC Cajamarca 0-1 Los Chankas,2026-04-06
FC Cajamarca,1.66,1.01,0.65,1.66,0.97,0.69,0.0,0.04,-0.04,1.66,1.01,0.65,,,,,,0,1,-1,-1.65,45.6,47.46,,,48.25,0.83,0.82,193,6,11,17,13.25,20.73,11.72,4,2,20,5,19,56.5,35.33,66.87,67.96,47.4,36.98,2,FC Cajamarca 0-1 Los Chankas,2026-04-06
UTC Cajamarca,0.81,2.51,-1.7,0.78,2.47,-1.69,0.03,0.04,-0.01,0.81,2.51,-1.7,,,,,,1,2,-1,0.7,57.2,64.73,,,49.57,1.04,0.72,202,15,9,8,8.65,11.11,9.18,3,3,25,7,17,104.5,68.89,18.13,23.07,69.77,44.0,0,Juan Pablo II College 2-1 UTC Cajamarca,2026-04-05
Juan Pablo II College,2.51,0.81,1.7,2.47,0.78,1.69,0.04,0.03,0.01,2.51,0.81,1.7,,,,,,2,1,1,-0.7,42.8,35.27,,,46.3,0.72,1.04,136,8,8,9,11.11,8.65,10.06,3,3,14,3,11,47.2,31.11,60.47,76.93,88.8,56.0,2,Juan Pablo II College 2-1 UTC Cajamarca,2026-04-05
Comerciantes Unidos,0.94,1.43,-0.49,0.94,1.43,-0.49,0.0,0.0,0.0,0.94,1.43,-0.49,,,,,,1,1,0,0.49,29.4,26.99,,,39.54,0.79,1.25,72,6,7,20,8.86,16.0,18.22,1,0,10,1,14,7.5,3.87,88.27,99.1,22.27,17.16,0,Sport Huancayo 1-1 Comerciantes Unidos,2026-04-05
Sport Huancayo,1.43,0.94,0.49,1.43,0.94,0.49,0.0,0.0,0.0,1.43,0.94,0.49,,,,,,1,1,0,-0.49,70.6,73.01,,,52.78,1.25,0.79,318,12,20,7,16.0,8.86,9.81,0,1,32,4,8,186.2,96.13,0.8,0.9,107.5,82.84,1,Sport Huancayo 1-1 Comerciantes Unidos,2026-04-05
Alianza Lima,0.4,0.72,-0.32,0.33,0.59,-0.26,0.06,0.12,-0.06,0.4,0.72,-0.32,,,,,,0,1,-1,-0.68,50.3,49.81,,,44.31,0.63,0.55,152,15,10,10,15.87,18.18,11.23,2,8,10,2,12,71.1,50.5,37.07,48.06,54.17,44.24,2,Universitario 1-0 Alianza Lima,2026-04-04
Universitario,0.72,0.4,0.32,0.59,0.33,0.26,0.12,0.06,0.06,0.72,0.4,0.32,,,,,,1,0,1,0.68,49.7,50.19,,,50.78,0.55,0.63,189,12,10,10,18.18,15.87,6.34,8,2,15,3,17,69.7,49.5,40.07,51.94,68.27,55.76,0,Universitario 1-0 Alianza Lima,2026-04-04
Cusco,1.64,1.25,0.39,0.75,1.22,-0.47,0.13,0.04,0.09,0.88,1.25,-0.37,,,,,,3,1,2,1.61,37.1,29.21,,,44.01,0.4,1.09,129,6,10,13,25.0,11.93,19.21,3,4,10,4,9,21.9,12.7,137.07,88.97,115.13,82.18,0,Melgar 1-3 Cusco,2026-04-04
Melgar,1.25,1.64,-0.39,1.22,0.75,0.47,0.04,0.13,-0.09,1.25,0.88,0.37,,,,,,1,3,-2,-1.61,62.9,70.79,,,49.52,1.09,0.4,311,14,13,10,11.93,25.0,11.54,4,3,23,5,9,150.5,87.3,17.0,11.03,24.97,17.82,0,Melgar 1-3 Cusco,2026-04-04
Sport Boys,1.59,1.95,-0.36,0.81,1.95,-1.14,0.78,0.0,0.78,1.59,1.95,-0.36,,,,,,2,3,-1,-0.64,37.3,28.57,,,42.11,0.17,1.02,98,3,5,20,29.41,19.61,11.77,1,8,6,2,15,29.7,15.25,91.6,86.2,41.5,31.47,0,Deportivo Garcilaso 3-2 Sport Boys,2026-04-04
Deportivo Garcilaso,1.95,1.59,0.36,1.95,0.81,1.14,0.0,0.78,-0.78,1.95,1.59,0.36,,,,,,3,2,1,0.64,62.7,71.43,,,51.04,1.02,0.17,273,12,20,5,19.61,29.41,6.88,8,1,18,2,14,165.0,84.75,14.67,13.8,90.37,68.53,0,Deportivo Garcilaso 3-2 Sport Boys,2026-04-04
ADT,1.55,2.78,-1.23,1.46,1.09,0.37,0.1,0.17,-0.07,1.55,1.26,0.29,,,,,,2,3,-1,0.23,56.4,61.25,,,46.75,0.6,0.6,164,13,16,11,26.67,18.33,7.69,4,7,18,4,11,101.5,70.73,28.93,41.13,95.03,63.77,1,Cienciano 3-2 ADT,2026-04-03
Cienciano,2.78,1.55,1.23,1.09,1.46,-0.37,0.17,0.1,0.07,1.26,1.55,-0.29,,,,,,3,2,1,-0.23,43.6,38.75,,,44.17,0.6,0.6,107,8,11,16,18.33,26.67,8.33,7,4,12,4,18,42.0,29.27,41.4,58.87,54.0,36.23,1,Cienciano 3-2 ADT,2026-04-03
Atlético Grau,1.06,1.23,-0.17,0.83,1.1,-0.27,0.23,0.13,0.1,1.06,1.23,-0.17,,,,,,2,2,0,0.17,38.8,38.6,,,42.42,0.38,1.21,87,5,8,17,21.05,14.05,10.78,2,3,15,7,22,25.7,20.88,62.0,87.32,55.47,50.59,1,Alianza Atlético 2-2 Atlético Grau,2026-04-03
Alianza Atlético,1.23,1.06,0.17,1.1,0.83,0.27,0.13,0.23,-0.1,1.23,1.06,0.17,,,,,,2,2,0,-0.17,61.2,61.4,,,46.79,1.21,0.38,166,18,17,8,14.05,21.05,6.96,3,2,19,3,6,97.4,79.12,9.0,12.68,54.17,49.41,2,Alianza Atlético 2-2 Atlético Grau,2026-04-03
Deportivo Moquegua,2.36,2.63,-0.27,2.36,1.1,1.26,0.0,0.77,-0.77,2.36,1.87,0.49,,,,,,2,1,1,1.27,22.9,25.56,,,43.72,0.28,1.31,77,4,10,11,35.71,8.4,18.28,5,5,10,2,14,17.4,8.73,141.8,97.79,95.17,63.6,1,Sporting Cristal 1-2 Deportivo Moquegua,2026-04-03
Sporting Cristal,2.63,2.36,0.27,1.1,2.36,-1.26,0.77,0.0,0.77,1.87,2.36,-0.49,,,,,,1,2,-1,-1.27,77.1,74.44,,,48.9,1.31,0.28,285,21,11,10,8.4,35.71,6.41,5,5,32,10,5,181.8,91.27,3.2,2.21,54.47,36.4,1,Sporting Cristal 1-2 Deportivo Moquegua,2026-04-03
Sport Huancayo,0.85,2.0,-1.15,0.85,1.9,-1.05,0.0,0.1,-0.1,0.85,2.0,-1.15,,,,,,0,3,-3,-1.85,50.8,48.08,,,46.08,1.12,0.68,186,15,12,15,10.71,22.06,8.85,7,9,11,2,8,83.0,48.79,48.27,59.84,74.07,47.52,3,Sport Boys 3-0 Sport Huancayo,2026-03-22
Sport Boys,2.0,0.85,1.15,1.9,0.85,1.05,0.1,0.0,0.1,2.0,0.85,1.15,,,,,,3,0,3,1.85,49.2,51.92,,,45.89,0.68,1.12,182,9,15,12,22.06,10.71,6.25,9,7,21,7,26,87.1,51.21,32.4,40.16,81.8,52.48,1,Sport Boys 3-0 Sport Huancayo,2026-03-22
Deportivo Garcilaso,1.44,1.08,0.36,1.35,0.88,0.47,0.09,0.19,-0.1,1.44,1.08,0.36,,,,,,0,0,0,-0.36,39.9,36.24,,,42.47,0.67,0.91,110,9,13,17,19.4,18.68,10.27,5,6,9,3,8,43.7,25.16,56.4,75.6,70.7,37.31,3,Atlético Grau 0-0 Deportivo Garcilaso,2026-03-22
Atlético Grau,1.08,1.44,-0.36,0.88,1.35,-0.47,0.19,0.09,0.1,1.08,1.44,-0.36,,,,,,0,0,0,0.36,60.1,63.76,,,48.79,0.91,0.67,219,11,17,13,18.68,19.4,7.68,6,5,23,7,18,130.0,74.84,18.2,24.4,118.8,62.69,4,Atlético Grau 0-0 Deportivo Garcilaso,2026-03-22
Alianza Atlético,1.76,0.8,0.96,1.68,0.69,0.99,0.08,0.11,-0.03,1.76,0.8,0.96,,,,,,1,1,0,-0.96,48.8,42.39,,,43.61,0.7,0.78,152,12,10,9,14.29,11.54,15.77,1,6,20,4,1,46.1,35.03,49.53,60.51,45.97,33.89,1,UTC Cajamarca 1-1 Alianza Atlético,2026-03-22
UTC Cajamarca,0.8,1.76,-0.96,0.69,1.68,-0.99,0.11,0.08,0.03,0.8,1.76,-0.96,,,,,,1,1,0,0.96,51.2,57.61,,,48.08,0.78,0.7,210,11,9,10,11.54,14.29,10.75,6,1,18,3,15,85.5,64.97,32.33,39.49,89.67,66.11,0,UTC Cajamarca 1-1 Alianza Atlético,2026-03-22
Juan Pablo II College,0.18,1.52,-1.34,0.18,1.47,-1.29,0.0,0.04,-0.04,0.18,1.52,-1.34,,,,,,0,2,-2,-0.66,41.1,38.75,,,47.77,0.25,0.84,128,6,2,15,8.0,17.86,8.31,2,0,6,1,14,6.9,5.63,59.07,78.61,26.73,20.94,1,Alianza Lima 2-0 Juan Pablo II College,2026-03-21
Alianza Lima,1.52,0.18,1.34,1.47,0.18,1.29,0.04,0.0,0.04,1.52,0.18,1.34,,,,,,2,0,2,0.66,58.9,61.25,,,49.55,0.84,0.25,191,14,15,2,17.86,8.0,7.1,0,2,24,5,11,115.7,94.37,16.07,21.39,100.93,79.06,0,Alianza Lima 2-0 Juan Pablo II College,2026-03-21
Sporting Cristal,1.28,1.9,-0.62,1.04,1.81,-0.77,0.23,0.1,0.13,1.28,1.9,-0.62,,,,,,2,3,-1,-0.38,66.1,66.55,,,48.44,1.05,0.5,275,13,13,9,12.38,18.0,9.62,4,0,31,9,11,137.3,79.83,6.47,5.09,61.13,37.6,0,Los Chankas 3-2 Sporting Cristal,2026-03-21
Los Chankas,1.9,1.28,0.62,1.81,1.04,0.77,0.1,0.23,-0.13,1.9,1.28,0.62,,,,,,3,2,1,0.38,33.9,33.45,,,40.85,0.5,1.05,93,8,9,13,18.0,12.38,35.46,0,4,11,5,9,34.7,20.17,120.6,94.91,101.47,62.4,0,Los Chankas 3-2 Sporting Cristal,2026-03-21
Universitario,1.39,1.68,-0.29,1.1,1.19,-0.09,0.29,0.49,-0.2,1.39,1.68,-0.29,,,,,,0,0,0,0.29,59.9,60.82,,,49.75,0.61,0.44,232,14,23,11,37.7,25.0,8.83,5,3,32,9,9,158.3,76.03,18.6,24.47,118.8,70.71,2,Comerciantes Unidos 0-0 Universitario,2026-03-21
Comerciantes Unidos,1.68,1.39,0.29,1.19,1.1,0.09,0.49,0.29,0.2,1.68,1.39,0.29,,,,,,0,0,0,-0.29,40.1,39.18,,,45.41,0.44,0.61,125,7,11,23,25.0,37.7,15.86,3,5,16,2,10,49.9,23.97,57.4,75.53,49.2,29.29,0,Comerciantes Unidos 0-0 Universitario,2026-03-21
Cusco,1.96,1.07,0.89,1.89,1.07,0.82,0.07,0.0,0.07,1.96,1.07,0.89,,,,,,2,1,1,0.11,52.1,46.56,,,41.49,0.37,0.76,135,9,11,13,29.73,17.11,12.95,4,3,21,3,11,72.1,45.4,31.0,42.31,83.97,48.01,3,Deportivo Moquegua 1-2 Cusco,2026-03-21
Deportivo Moquegua,1.07,1.96,-0.89,1.07,1.89,-0.82,0.0,0.07,-0.07,1.07,1.96,-0.89,,,,,,1,2,-1,-0.11,47.9,53.44,,,47.09,0.76,0.37,152,8,13,11,17.11,29.73,11.85,3,4,22,4,10,86.7,54.6,42.27,57.69,90.93,51.99,3,Deportivo Moquegua 1-2 Cusco,2026-03-21
FC Cajamarca,0.02,4.36,-4.34,0.02,4.34,-4.32,0.0,0.02,-0.02,0.02,4.36,-4.34,,,,,,0,3,-3,1.34,30.9,26.67,,,42.22,0.07,1.55,81,3,1,28,14.29,18.06,23.18,0,10,1,0,7,3.5,1.42,110.4,96.17,1.7,0.49,2,Cienciano 3-0 FC Cajamarca,2026-03-20
Cienciano,4.36,0.02,4.34,4.34,0.02,4.32,0.02,0.0,0.02,4.36,0.02,4.34,,,,,,3,0,3,-1.34,69.1,73.33,,,52.42,1.55,0.07,303,20,28,1,18.06,14.29,6.41,10,0,38,9,10,243.6,98.58,4.4,3.83,344.27,99.51,2,Cienciano 3-0 FC Cajamarca,2026-03-20
Melgar,0.84,1.15,-0.31,0.58,1.15,-0.57,0.26,0.0,0.26,0.84,1.15,-0.31,,,,,,1,1,0,0.31,47.9,45.39,,,48.13,0.7,0.74,171,13,15,17,21.43,22.97,8.68,5,1,17,5,11,100.6,45.77,46.33,55.38,70.83,43.79,1,ADT 1-1 Melgar,2026-03-20
ADT,1.15,0.84,0.31,1.15,0.58,0.57,0.0,0.26,-0.26,1.15,0.84,0.31,,,,,,1,1,0,-0.31,52.1,54.61,,,48.28,0.74,0.7,185,6,17,15,22.97,21.43,8.25,1,5,12,3,16,119.2,54.23,37.33,44.62,90.93,56.21,0,ADT 1-1 Melgar,2026-03-20
Cienciano,0.69,0.82,-0.13,0.67,0.62,0.05,0.02,0.2,-0.18,0.69,0.82,-0.13,,,,,,2,1,1,1.13,43.0,50.38,,,50.0,1.0,0.53,175,17,11,12,11.0,22.64,10.86,6,2,29,4,15,63.9,48.56,60.13,81.33,94.33,61.64,1,Cusco 1-2 Cienciano,2026-03-15
Cusco,0.82,0.69,0.13,0.62,0.67,-0.05,0.2,0.02,0.18,0.82,0.69,0.13,,,,,,1,2,-1,-1.13,57.0,49.62,,,43.79,0.53,1.0,164,9,12,11,22.64,11.0,8.42,2,6,21,4,12,67.7,51.44,13.8,18.67,58.7,38.36,0,Cusco 1-2 Cienciano,2026-03-15
Deportivo Moquegua,1.22,1.62,-0.4,1.09,1.53,-0.44,0.13,0.09,0.04,1.22,1.62,-0.4,,,,,,0,3,-3,-2.6,42.0,44.4,,,46.67,0.7,0.81,145,11,11,13,15.71,16.05,18.36,2,3,18,3,9,70.4,38.53,90.87,80.27,81.81,45.24,2,Alianza Atlético 3-0 Deportivo Moquegua,2026-03-15
Alianza Atlético,1.62,1.22,0.4,1.53,1.09,0.44,0.09,0.13,-0.04,1.62,1.22,0.4,,,,,,3,0,3,2.6,58.0,55.6,,,45.41,0.81,0.7,207,8,13,11,16.05,15.71,10.74,3,2,19,8,8,112.3,61.47,22.33,19.73,99.04,54.76,0,Alianza Atlético 3-0 Deportivo Moquegua,2026-03-15
Atlético Grau,1.45,0.9,0.55,0.65,0.5,0.15,0.03,0.4,-0.37,0.69,0.9,-0.21,,,,,,0,0,0,-0.55,33.3,42.32,,,48.73,0.43,0.39,134,4,12,17,27.91,43.59,19.91,4,5,18,5,15,46.3,24.77,123.53,95.13,108.73,55.89,1,Melgar 0-0 Atlético Grau,2026-03-15
Melgar,0.9,1.45,-0.55,0.5,0.65,-0.15,0.4,0.03,0.37,0.9,0.69,0.21,,,,,,0,0,0,0.55,66.7,57.68,,,48.12,0.39,0.43,246,16,17,12,43.59,27.91,8.72,5,4,28,6,9,140.6,75.23,6.33,4.87,85.83,44.11,0,Melgar 0-0 Atlético Grau,2026-03-15
Sport Boys,0.61,2.15,-1.54,0.58,1.63,-1.05,0.04,0.52,-0.48,0.61,2.15,-1.54,,,,,,0,3,-3,-1.46,42.9,39.7,,,44.82,0.5,1.29,148,7,14,15,28.0,11.63,17.04,8,3,16,3,5,45.1,24.88,58.8,66.82,26.44,10.9,1,Sporting Cristal 3-0 Sport Boys,2026-03-15
Sporting Cristal,2.15,0.61,1.54,1.63,0.58,1.05,0.52,0.04,0.48,2.15,0.61,1.54,,,,,,3,0,3,1.46,57.1,60.3,,,46.64,1.29,0.5,221,18,15,14,11.63,28.0,19.69,3,8,16,4,7,136.2,75.12,29.2,33.18,216.2,89.1,0,Sporting Cristal 3-0 Sport Boys,2026-03-15
UTC Cajamarca,0.6,2.23,-1.63,0.53,1.26,-0.73,0.08,0.21,-0.13,0.6,1.47,-0.87,,,,,,0,2,-2,-0.37,43.5,30.49,,,43.88,0.54,1.16,136,5,12,20,22.22,17.24,16.55,1,9,13,2,9,20.8,10.62,56.33,55.88,14.63,7.69,1,Universitario 2-0 UTC Cajamarca,2026-03-14
Universitario,2.23,0.6,1.63,1.26,0.53,0.73,0.21,0.08,0.13,1.47,0.6,0.87,,,,,,2,0,2,0.37,56.5,69.51,,,55.32,1.16,0.54,328,23,20,12,17.24,22.22,10.09,9,1,32,8,7,175.1,89.38,44.47,44.12,175.57,92.31,1,Universitario 2-0 UTC Cajamarca,2026-03-14
Alianza Lima,0.98,0.29,0.69,0.92,0.29,0.63,0.06,0.0,0.06,0.98,0.29,0.69,,,,,,1,1,0,-0.69,67.2,63.52,,,51.03,0.75,0.24,252,9,15,7,20.0,29.17,5.81,5,4,17,3,12,146.6,76.12,11.0,11.07,93.8,56.38,1,Deportivo Garcilaso 1-1 Alianza Lima,2026-03-14
Deportivo Garcilaso,0.29,0.98,-0.69,0.29,0.92,-0.63,0.0,0.06,-0.06,0.29,0.98,-0.69,,,,,,1,1,0,0.69,32.8,36.48,,,46.7,0.24,0.75,94,3,7,15,29.17,20.0,8.29,4,5,8,1,13,46.0,23.88,88.4,88.93,72.57,43.62,1,Deportivo Garcilaso 1-1 Alianza Lima,2026-03-14
Los Chankas,1.62,0.97,0.65,1.29,0.63,0.66,0.33,0.34,-0.01,1.62,0.97,0.65,,,,,,3,2,1,0.35,37.7,31.72,,,42.18,0.37,0.88,102,10,8,16,21.62,18.18,16.29,2,2,14,3,10,43.9,22.32,83.53,86.83,69.37,56.64,0,Juan Pablo II College 2-3 Los Chankas,2026-03-14
Juan Pablo II College,0.97,1.62,-0.65,0.63,1.29,-0.66,0.34,0.33,0.01,0.97,1.62,-0.65,,,,,,2,3,-1,-0.35,62.3,68.28,,,51.84,0.88,0.37,279,12,16,8,18.18,21.62,9.75,2,2,22,8,12,152.8,77.68,12.67,13.17,53.1,43.36,0,Juan Pablo II College 2-3 Los Chankas,2026-03-14
ADT,0.36,0.46,-0.1,0.27,0.41,-0.14,0.09,0.04,0.05,0.36,0.46,-0.1,,,,,,1,0,1,1.1,47.0,34.11,,,43.17,0.08,0.46,114,3,8,4,100.0,8.7,17.89,2,0,7,3,10,40.8,37.43,42.67,48.78,39.47,40.37,0,Sport Huancayo 0-1 ADT,2026-03-14
Sport Huancayo,0.46,0.36,0.1,0.41,0.27,0.14,0.04,0.09,-0.05,0.46,0.36,0.1,,,,,,0,1,-1,-1.1,53.0,65.89,,,47.86,0.46,0.08,174,9,4,8,8.7,100.0,12.04,0,2,19,5,6,68.2,62.57,44.8,51.22,58.3,59.63,4,Sport Huancayo 0-1 ADT,2026-03-14
Comerciantes Unidos,2.51,1.12,1.39,1.49,0.87,0.62,0.26,0.25,0.01,1.75,1.12,0.63,,,,,,4,3,1,-0.39,53.6,57.14,,,47.86,0.8,0.35,168,12,14,11,17.5,31.43,8.97,3,2,18,6,10,105.7,70.51,32.07,39.36,79.0,62.02,0,FC Cajamarca 3-4 Comerciantes Unidos,2026-03-13
FC Cajamarca,1.12,2.51,-1.39,0.87,1.49,-0.62,0.25,0.26,-0.01,1.12,1.75,-0.63,,,,,,3,4,-1,0.39,46.4,42.86,,,43.62,0.35,0.8,125,3,11,14,31.43,17.5,13.18,2,3,15,3,11,44.2,29.49,49.4,60.64,48.37,37.98,0,FC Cajamarca 3-4 Comerciantes Unidos,2026-03-13
Melgar,1.76,3.83,-2.07,0.74,3.42,-2.68,0.26,0.42,-0.16,1.0,3.83,-2.83,,,,,,1,3,-2,0.07,51.0,38.52,,,43.77,0.51,1.32,156,12,12,22,23.53,16.67,16.47,3,8,10,4,7,48.5,24.88,34.67,41.47,43.23,19.13,0,Alianza Lima 3-1 Melgar,2026-03-09
Alianza Lima,3.83,1.76,2.07,3.42,0.74,2.68,0.42,0.26,0.16,3.83,1.0,2.83,,,,,,3,1,2,-0.07,49.0,61.48,,,50.05,1.32,0.51,179,14,22,12,16.67,23.53,15.57,8,3,12,3,7,146.4,75.12,48.93,58.53,182.7,80.87,0,Alianza Lima 3-1 Melgar,2026-03-09
Sport Boys,0.51,3.59,-3.08,0.38,2.68,-2.3,0.13,0.15,-0.02,0.51,2.83,-2.32,,,,,,1,3,-2,1.08,41.0,35.16,,,43.36,0.39,0.49,121,8,8,13,20.51,26.53,14.52,2,7,15,4,6,46.8,29.45,53.87,66.39,44.37,30.7,2,Cienciano 3-1 Sport Boys,2026-03-09
Cienciano,3.59,0.51,3.08,2.68,0.38,2.3,0.15,0.13,0.02,2.83,0.51,2.32,,,,,,3,1,2,-1.08,59.0,64.84,,,51.09,0.49,0.39,264,9,13,8,26.53,20.51,7.1,7,2,22,3,10,112.1,70.55,27.27,33.61,100.17,69.3,0,Cienciano 3-1 Sport Boys,2026-03-09
Universitario,1.94,2.54,-0.6,1.7,2.54,-0.84,0.24,0.0,0.24,1.94,2.54,-0.6,,,,,,1,3,-2,-1.4,61.5,64.35,,,53.42,0.88,0.82,333,18,13,9,14.77,10.98,10.4,7,3,33,9,12,148.5,81.33,26.67,25.45,92.97,64.25,0,Los Chankas 3-1 Universitario,2026-03-08
Los Chankas,2.54,1.94,0.6,2.54,1.7,0.84,0.0,0.24,-0.24,2.54,1.94,0.6,,,,,,3,1,2,1.4,38.5,35.65,,,43.0,0.82,0.88,137,6,9,13,10.98,14.77,19.32,3,7,6,0,11,34.1,18.67,78.13,74.55,51.73,35.75,0,Los Chankas 3-1 Universitario,2026-03-08
Juan Pablo II College,2.53,3.83,-1.3,1.55,3.5,-1.95,0.97,0.33,0.64,2.53,3.83,-1.3,,,,,,3,2,1,2.3,28.7,26.82,,,48.35,0.58,1.69,82,6,9,25,15.52,14.79,14.29,0,2,7,2,10,19.7,8.14,78.6,96.41,48.53,27.76,1,ADT 2-3 Juan Pablo II College,2026-03-08
ADT,3.83,2.53,1.3,3.5,1.55,1.95,0.33,0.97,-0.64,3.83,2.53,1.3,,,,,,2,3,-1,-2.3,71.3,73.18,,,53.78,1.69,0.58,272,26,25,9,14.79,15.52,7.56,2,0,41,12,6,222.4,91.86,2.93,3.59,126.27,72.24,4,ADT 2-3 Juan Pablo II College,2026-03-08
Deportivo Garcilaso,0.82,0.55,0.27,0.79,0.55,0.24,0.03,0.0,0.03,0.82,0.55,0.27,,,,,,0,1,-1,-1.27,33.6,46.12,,,43.4,0.57,0.67,114,6,13,13,22.81,19.4,19.64,3,1,16,1,11,44.5,35.4,119.2,90.3,100.3,74.74,1,Cusco 1-0 Deportivo Garcilaso,2026-03-07
Cusco,0.55,0.82,-0.27,0.55,0.79,-0.24,0.0,0.03,-0.03,0.55,0.82,-0.27,,,,,,1,0,1,1.27,66.4,53.88,,,45.44,0.67,0.57,235,9,13,13,19.4,22.81,8.38,1,3,19,2,12,81.2,64.6,12.8,9.7,33.9,25.26,1,Cusco 1-0 Deportivo Garcilaso,2026-03-07
Alianza Atlético,1.37,2.0,-0.63,1.02,1.75,-0.73,0.35,0.25,0.1,1.37,2.0,-0.63,,,,,,1,3,-2,-1.37,33.7,46.98,,,43.66,0.64,0.72,113,6,18,16,28.12,22.22,27.0,3,2,16,3,14,109.4,42.9,107.53,86.82,115.2,45.28,1,Sporting Cristal 3-1 Alianza Atlético,2026-03-07
Sporting Cristal,2.0,1.37,0.63,1.75,1.02,0.73,0.25,0.35,-0.1,2.0,1.37,0.63,,,,,,3,1,2,1.37,66.3,53.02,,,41.27,0.72,0.64,169,9,16,18,22.22,28.12,9.83,2,3,12,2,6,145.6,57.1,16.33,13.18,139.23,54.72,0,Sporting Cristal 3-1 Alianza Atlético,2026-03-07
UTC Cajamarca,1.19,0.36,0.83,0.99,0.33,0.66,0.2,0.03,0.17,1.19,0.36,0.83,,,,,,2,1,1,0.17,63.2,59.7,,,51.12,1.02,0.56,260,13,15,7,14.71,12.5,8.7,5,1,27,7,12,121.8,85.35,26.6,23.42,98.97,66.32,0,Comerciantes Unidos 1-2 UTC Cajamarca,2026-03-07
Comerciantes Unidos,0.36,1.19,-0.83,0.33,0.99,-0.66,0.03,0.2,-0.17,0.36,1.19,-0.83,,,,,,1,2,-1,-0.17,36.8,40.3,,,42.63,0.56,1.02,112,10,7,15,12.5,14.71,17.5,1,5,14,5,10,20.9,14.65,87.0,76.58,50.27,33.68,2,Comerciantes Unidos 1-2 UTC Cajamarca,2026-03-07
Sport Huancayo,1.51,1.83,-0.32,0.74,1.02,-0.28,0.01,0.05,-0.04,0.75,1.07,-0.32,,,,,,1,2,-1,-0.68,58.5,39.34,,,42.67,0.44,0.64,138,5,8,17,18.18,26.56,6.67,0,6,17,4,11,20.4,19.69,5.33,7.26,5.7,4.12,0,Deportivo Moquegua 2-1 Sport Huancayo,2026-03-07
Deportivo Moquegua,1.83,1.51,0.32,1.02,0.74,0.28,0.05,0.01,0.04,1.07,0.75,0.32,,,,,,2,1,1,0.68,41.5,60.66,,,48.5,0.64,0.44,133,13,17,8,26.56,18.18,7.87,6,0,11,3,21,83.2,80.31,68.13,92.74,132.6,95.88,2,Deportivo Moquegua 2-1 Sport Huancayo,2026-03-07
FC Cajamarca,0.57,2.06,-1.49,0.51,1.29,-0.78,0.06,0.01,0.05,0.57,1.3,-0.73,,,,,,0,1,-1,0.49,59.3,57.38,,,46.45,0.86,0.68,213,14,8,9,9.3,13.24,7.51,10,2,16,1,11,82.9,51.33,10.73,11.92,48.73,25.89,1,Atlético Grau 1-0 FC Cajamarca,2026-03-06
Atlético Grau,2.06,0.57,1.49,1.29,0.51,0.78,0.01,0.06,-0.05,1.3,0.57,0.73,,,,,,1,0,1,-0.49,40.7,42.62,,,47.46,0.68,0.86,164,10,9,8,13.24,9.3,12.94,2,10,13,3,17,78.6,48.67,79.27,88.08,139.47,74.11,1,Atlético Grau 1-0 FC Cajamarca,2026-03-06
FC Cajamarca,0.31,1.82,-1.51,0.31,1.73,-1.42,0.0,0.09,-0.09,0.31,1.82,-1.51,,,,,,0,1,-1,0.51,37.8,34.28,,,43.5,0.61,0.89,118,10,7,14,11.48,15.73,14.45,2,6,12,2,9,33.9,18.27,59.0,69.58,30.9,18.97,2,Universitario 1-0 FC Cajamarca,2026-03-01
Universitario,1.82,0.31,1.51,1.73,0.31,1.42,0.09,0.0,0.09,1.82,0.31,1.51,,,,,,1,0,1,-0.51,62.2,65.72,,,51.75,0.89,0.61,295,8,14,7,15.73,11.48,11.0,6,2,25,5,5,151.7,81.73,25.8,30.42,132.0,81.03,1,Universitario 1-0 FC Cajamarca,2026-03-01
Cusco,2.79,0.79,2.0,2.79,0.79,2.0,0.0,0.0,0.0,2.79,0.79,2.0,,,,,,1,2,-1,-3.0,68.8,64.86,,,46.06,1.48,0.32,244,11,15,6,10.14,18.75,7.21,8,1,25,2,11,137.7,82.31,2.8,1.81,68.77,37.33,1,Juan Pablo II College 2-1 Cusco,2026-03-01
Juan Pablo II College,0.79,2.79,-2.0,0.79,2.79,-2.0,0.0,0.0,0.0,0.79,2.79,-2.0,,,,,,2,1,1,3.0,31.2,35.14,,,45.65,0.32,1.48,107,7,6,15,18.75,10.14,14.74,1,8,11,0,15,29.6,17.69,152.0,98.19,115.47,62.67,0,Juan Pablo II College 2-1 Cusco,2026-03-01
Atlético Grau,1.43,3.46,-2.03,0.67,2.7,-2.03,0.0,0.0,0.0,0.67,2.7,-2.03,,,,,,1,3,-2,0.03,55.6,50.21,,,48.06,0.49,0.86,166,6,14,19,28.57,22.09,9.58,1,0,34,8,15,63.0,44.55,27.73,38.73,41.37,26.73,4,Comerciantes Unidos 3-1 Atlético Grau,2026-03-01
Comerciantes Unidos,3.46,1.43,2.03,2.7,0.67,2.03,0.0,0.0,0.0,2.7,0.67,2.03,,,,,,3,1,2,-0.03,44.4,49.79,,,46.82,0.86,0.49,121,13,19,14,22.09,28.57,11.28,0,1,12,4,7,78.4,55.45,43.87,61.27,113.4,73.27,1,Comerciantes Unidos 3-1 Atlético Grau,2026-03-01
Deportivo Moquegua,1.75,1.58,0.17,1.75,1.58,0.17,0.0,0.0,0.0,1.75,1.58,0.17,,,,,,0,0,0,-0.17,30.7,39.72,,,49.14,0.38,0.92,122,8,15,19,39.47,20.65,10.32,9,5,16,6,17,30.0,20.31,138.87,100.0,100.93,66.97,1,Sport Boys 0-0 Deportivo Moquegua,2026-02-28
Sport Boys,1.58,1.75,-0.17,1.58,1.75,-0.17,0.0,0.0,0.0,1.58,1.75,-0.17,,,,,,0,0,0,0.17,69.3,60.28,,,46.72,0.92,0.38,223,15,19,15,20.65,39.47,5.18,5,9,22,2,10,117.7,79.69,0.0,0.0,49.77,33.03,4,Sport Boys 0-0 Deportivo Moquegua,2026-02-28
Alianza Lima,0.39,0.36,0.03,0.13,0.29,-0.16,0.26,0.07,0.19,0.39,0.36,0.03,,,,,,1,0,1,0.97,53.8,59.62,,,51.61,0.64,0.25,241,8,8,8,12.5,32.0,11.92,2,2,22,7,10,123.8,72.74,30.13,45.42,114.73,73.39,4,UTC Cajamarca 0-1 Alianza Lima,2026-02-28
UTC Cajamarca,0.36,0.39,-0.03,0.29,0.13,0.16,0.07,0.26,-0.19,0.36,0.39,-0.03,,,,,,0,1,-1,-0.97,46.2,40.38,,,46.25,0.25,0.64,165,5,8,8,32.0,12.5,11.96,2,2,14,4,12,46.4,27.26,36.2,54.58,41.6,26.61,1,UTC Cajamarca 0-1 Alianza Lima,2026-02-28
Sporting Cristal,1.62,3.24,-1.62,0.86,3.1,-2.24,0.0,0.14,-0.14,0.86,3.24,-2.38,,,,,,1,2,-1,0.62,53.4,37.61,,,38.64,0.23,0.93,102,2,7,24,30.43,25.81,8.3,5,4,9,2,13,20.4,11.92,9.27,10.67,13.73,5.76,0,Sport Huancayo 2-1 Sporting Cristal,2026-02-28
Sport Huancayo,3.24,1.62,1.62,3.1,0.86,2.24,0.14,0.0,0.14,3.24,0.86,2.38,,,,,,2,1,1,-0.62,46.6,62.39,,,49.95,0.93,0.23,164,20,24,7,25.81,30.43,10.09,4,5,29,8,11,150.8,88.08,77.6,89.33,224.67,94.24,2,Sport Huancayo 2-1 Sporting Cristal,2026-02-28
Cienciano,3.12,1.73,1.39,1.98,0.9,1.08,0.38,0.07,0.31,2.36,0.97,1.39,,,,,,3,2,1,-0.39,44.9,50.46,,,47.92,0.61,1.22,115,10,17,12,27.87,9.84,9.52,2,3,23,6,15,69.2,62.12,48.67,76.29,97.3,77.86,0,Deportivo Garcilaso 2-3 Cienciano,2026-02-27
Deportivo Garcilaso,1.73,3.12,-1.39,0.9,1.98,-1.08,0.07,0.38,-0.31,0.97,2.36,-1.39,,,,,,2,3,-1,0.39,55.1,49.54,,,46.25,1.22,0.61,147,10,12,17,9.84,27.87,7.64,3,2,26,4,6,42.2,37.88,15.13,23.71,27.67,22.14,0,Deportivo Garcilaso 2-3 Cienciano,2026-02-27
Los Chankas,1.24,0.9,0.34,0.77,0.81,-0.04,0.48,0.09,0.39,1.24,0.9,0.34,,,,,,2,1,1,0.66,63.3,61.47,,,50.12,1.06,0.72,301,15,21,13,19.81,18.06,12.43,8,3,30,10,7,162.4,76.6,22.2,16.88,111.33,52.34,0,Melgar 1-2 Los Chankas,2026-02-27
Melgar,0.9,1.24,-0.34,0.81,0.77,0.04,0.09,0.48,-0.39,0.9,1.24,-0.34,,,,,,1,2,-1,-0.66,36.7,38.53,,,45.97,0.72,1.06,142,16,13,21,18.06,19.81,18.42,3,8,11,5,8,49.6,23.4,109.33,83.12,101.37,47.66,2,Melgar 1-2 Los Chankas,2026-02-27
ADT,0.49,0.8,-0.31,0.42,0.8,-0.38,0.07,0.0,0.07,0.49,0.8,-0.31,,,,,,0,0,0,0.31,44.3,37.76,,,41.03,0.4,0.77,112,8,11,10,27.5,12.99,9.67,1,7,5,3,13,24.3,23.92,47.0,68.91,32.67,35.3,0,Alianza Atlético 0-0 ADT,2026-02-27
Alianza Atlético,0.8,0.49,0.31,0.8,0.42,0.38,0.0,0.07,-0.07,0.8,0.49,0.31,,,,,,0,0,0,-0.31,55.7,62.24,,,50.81,0.77,0.4,226,10,10,11,12.99,27.5,6.78,7,1,17,0,20,77.3,76.08,21.2,31.09,59.87,64.7,1,Alianza Atlético 0-0 ADT,2026-02-27
Deportivo Garcilaso,1.14,1.12,0.02,1.02,1.12,-0.1,0.12,0.0,0.12,1.14,1.12,0.02,,,,,,0,1,-1,-1.02,67.5,62.66,,,46.06,0.65,0.64,184,13,13,6,20.0,9.38,4.74,5,0,32,7,12,93.7,73.61,5.53,5.6,49.77,35.81,2,Deportivo Moquegua 1-0 Deportivo Garcilaso,2026-02-23
Deportivo Moquegua,1.12,1.14,-0.02,1.12,1.02,0.1,0.0,0.12,-0.12,1.12,1.14,-0.02,,,,,,1,0,1,1.02,32.5,37.34,,,47.1,0.64,0.65,95,7,6,13,9.38,20.0,10.86,0,5,12,3,16,33.6,26.39,93.27,94.4,89.2,64.19,1,Deportivo Moquegua 1-0 Deportivo Garcilaso,2026-02-23
Comerciantes Unidos,0.91,3.87,-2.96,0.49,2.35,-1.86,0.42,0.0,0.42,0.91,2.35,-1.44,,,,,,1,3,-2,0.96,37.2,37.19,,,45.9,0.4,1.24,113,5,9,20,22.5,16.13,20.47,1,5,15,3,10,46.4,20.59,86.2,82.1,68.53,33.1,2,Cusco 3-1 Comerciantes Unidos,2026-02-22
Cusco,3.87,0.91,2.96,2.35,0.49,1.86,0.0,0.42,-0.42,2.35,0.91,1.44,,,,,,3,1,2,-0.96,62.8,62.81,,,49.75,1.24,0.4,232,16,20,9,16.13,22.5,8.76,5,1,24,2,12,179.0,79.41,18.8,17.9,138.53,66.9,0,Cusco 3-1 Comerciantes Unidos,2026-02-22
Juan Pablo II College,1.36,1.48,-0.12,1.22,1.44,-0.22,0.14,0.04,0.1,1.36,1.48,-0.12,,,,,,2,1,1,1.12,45.9,48.01,,,47.05,0.7,1.11,163,14,12,12,17.14,10.81,13.31,6,4,16,5,5,88.0,45.38,42.73,69.82,96.87,48.42,1,Atlético Grau 1-2 Juan Pablo II College,2026-02-22
Atlético Grau,1.48,1.36,0.12,1.44,1.22,0.22,0.04,0.14,-0.1,1.48,1.36,0.12,,,,,,1,2,-1,-1.12,54.1,51.99,,,47.44,1.11,0.7,208,15,12,12,10.81,17.14,11.88,4,6,23,7,13,105.9,54.62,18.47,30.18,103.2,51.58,0,Atlético Grau 1-2 Juan Pablo II College,2026-02-22
Sport Huancayo,2.13,1.95,0.18,1.37,1.19,0.18,0.0,0.0,0.0,1.37,1.19,0.18,,,,,,2,3,-1,-1.18,48.0,40.08,,,41.19,0.3,0.62,113,6,9,10,30.0,16.13,11.08,4,6,12,2,10,45.4,31.64,23.53,34.47,36.77,26.0,1,Los Chankas 3-2 Sport Huancayo,2026-02-22
Los Chankas,1.95,2.13,-0.18,1.19,1.37,-0.18,0.0,0.0,0.0,1.19,1.37,-0.18,,,,,,3,2,1,1.18,52.0,59.92,,,48.84,0.62,0.3,201,10,10,9,16.13,30.0,11.58,6,4,26,4,8,98.1,68.36,44.73,65.53,104.67,74.0,0,Los Chankas 3-2 Sport Huancayo,2026-02-22
UTC Cajamarca,1.4,1.69,-0.29,1.32,0.82,0.5,0.08,0.11,-0.03,1.4,0.93,0.47,,,,,,2,2,0,0.29,41.7,46.52,,,45.2,0.72,0.72,118,10,14,16,19.44,22.22,11.97,3,3,12,4,15,71.5,48.44,47.67,75.98,77.8,54.18,0,ADT 2-2 UTC Cajamarca,2026-02-22
ADT,1.69,1.4,0.29,0.82,1.32,-0.5,0.11,0.08,0.03,0.93,1.4,-0.47,,,,,,2,2,0,-0.29,58.3,53.48,,,46.99,0.72,0.72,169,11,16,14,22.22,19.44,8.48,3,3,22,7,10,76.1,51.56,15.07,24.02,65.8,45.82,1,ADT 2-2 UTC Cajamarca,2026-02-22
Alianza Atlético,0.73,0.67,0.06,0.59,0.67,-0.08,0.14,0.0,0.14,0.73,0.67,0.06,,,,,,1,1,0,-0.06,42.6,47.41,,,45.37,0.41,1.01,142,9,12,11,29.27,10.89,26.94,1,2,13,5,12,66.0,53.61,75.0,86.41,93.03,79.2,1,Cienciano 1-1 Alianza Atlético,2026-02-21
Cienciano,0.67,0.73,-0.06,0.67,0.59,0.08,0.0,0.14,-0.14,0.67,0.73,-0.06,,,,,,1,1,0,0.06,57.4,52.59,,,46.6,1.01,0.41,214,9,11,12,10.89,29.27,12.12,2,1,23,3,7,57.1,46.39,11.8,13.59,24.43,20.8,1,Cienciano 1-1 Alianza Atlético,2026-02-21
Universitario,1.75,2.92,-1.17,0.99,1.7,-0.71,0.0,0.47,-0.47,0.99,2.16,-1.17,,,,,,2,2,0,1.17,35.1,24.4,,,42.59,0.33,0.95,99,2,8,28,24.24,29.47,13.24,1,7,18,6,14,18.5,6.43,95.93,87.8,49.23,31.28,0,Sporting Cristal 2-2 Universitario,2026-02-21
Sporting Cristal,2.92,1.75,1.17,1.7,0.99,0.71,0.47,0.0,0.47,2.16,0.99,1.17,,,,,,2,2,0,-1.17,64.9,75.6,,,54.54,0.95,0.33,338,19,28,8,29.47,24.24,7.31,7,1,36,8,13,269.0,93.57,13.33,12.2,108.13,68.72,0,Sporting Cristal 2-2 Universitario,2026-02-21
Melgar,0.8,1.22,-0.42,0.69,1.22,-0.53,0.12,0.0,0.12,0.8,1.22,-0.42,,,,,,1,3,-2,-1.58,43.1,38.75,,,44.69,0.39,0.73,140,10,9,14,23.08,19.18,12.5,3,2,14,7,13,48.5,32.88,58.13,68.71,77.07,47.29,2,FC Cajamarca 3-1 Melgar,2026-02-21
FC Cajamarca,1.22,0.8,0.42,1.22,0.69,0.53,0.0,0.12,-0.12,1.22,0.8,0.42,,,,,,3,1,2,1.58,56.9,61.25,,,47.72,0.73,0.39,212,9,14,9,19.18,23.08,9.12,2,3,14,5,11,99.0,67.12,26.47,31.29,85.9,52.71,0,FC Cajamarca 3-1 Melgar,2026-02-21
Sport Boys,0.37,1.94,-1.57,0.37,1.27,-0.9,0.0,0.67,-0.67,0.37,1.94,-1.57,,,,,,0,1,-1,0.57,39.8,34.7,,,45.24,0.12,0.48,136,1,7,14,58.33,29.17,11.15,4,6,4,2,12,26.8,16.0,56.87,75.48,35.3,19.92,2,Alianza Lima 1-0 Sport Boys,2026-02-20
Alianza Lima,1.94,0.37,1.57,1.27,0.37,0.9,0.67,0.0,0.67,1.94,0.37,1.57,,,,,,1,0,1,-0.57,60.2,65.3,,,51.52,0.48,0.12,265,8,14,7,29.17,58.33,6.73,6,4,21,10,18,140.7,84.0,18.47,24.52,141.9,80.08,0,Alianza Lima 1-0 Sport Boys,2026-02-20
Deportivo Moquegua,0.45,3.76,-3.31,0.31,2.23,-1.92,0.14,0.01,0.13,0.45,2.24,-1.79,,,,,,0,4,-4,-0.69,27.6,34.13,,,45.03,0.46,1.16,82,3,7,14,15.22,12.07,20.39,4,6,13,5,10,31.8,15.88,147.67,93.11,61.83,28.8,1,Melgar 4-0 Deportivo Moquegua,2026-02-15
Melgar,3.76,0.45,3.31,2.23,0.31,1.92,0.01,0.14,-0.13,2.24,0.45,1.79,,,,,,4,0,4,0.69,72.4,65.87,,,47.65,1.16,0.46,273,15,14,7,12.07,15.22,6.62,6,4,13,3,11,168.5,84.12,10.93,6.89,152.89,71.2,0,Melgar 4-0 Deportivo Moquegua,2026-02-15
Los Chankas,0.82,1.27,-0.45,0.82,1.2,-0.38,0.0,0.08,-0.08,0.82,1.27,-0.45,,,,,,1,1,0,0.45,45.5,43.51,,,45.3,0.45,1.04,148,7,7,11,15.56,10.58,17.16,2,3,5,0,11,34.6,27.61,50.93,75.2,43.9,40.73,2,Comerciantes Unidos 1-1 Los Chankas,2026-02-15
Comerciantes Unidos,1.27,0.82,0.45,1.2,0.82,0.38,0.08,0.0,0.08,1.27,0.82,0.45,,,,,,1,1,0,-0.45,54.5,56.49,,,46.22,1.04,0.45,184,16,11,7,10.58,15.56,10.03,3,2,20,4,7,90.7,72.39,16.8,24.8,63.87,59.27,4,Comerciantes Unidos 1-1 Los Chankas,2026-02-15
FC Cajamarca,0.71,1.27,-0.56,0.32,1.2,-0.88,0.39,0.07,0.32,0.71,1.27,-0.56,,,,,,0,2,-2,-1.44,52.9,56.79,,,49.54,1.02,0.6,197,12,7,11,6.86,18.33,7.66,3,5,21,6,18,94.4,54.92,40.67,44.82,78.2,59.51,0,Sport Huancayo 2-0 FC Cajamarca,2026-02-15
Sport Huancayo,1.27,0.71,0.56,1.2,0.32,0.88,0.07,0.39,-0.32,1.27,0.71,0.56,,,,,,2,0,2,1.44,47.1,43.21,,,49.76,0.6,1.02,159,10,11,7,18.33,6.86,7.78,5,3,20,5,14,77.5,45.08,50.07,55.18,53.2,40.49,1,Sport Huancayo 2-0 FC Cajamarca,2026-02-15
Alianza Lima,1.19,0.42,0.77,1.16,0.42,0.74,0.04,0.0,0.04,1.19,0.42,0.77,,,,,,0,0,0,-0.77,57.5,57.98,,,44.29,0.86,0.47,160,15,11,10,12.79,21.28,9.19,3,3,19,5,9,69.7,64.9,13.47,21.94,65.7,49.08,3,Alianza Atlético 0-0 Alianza Lima,2026-02-14
Alianza Atlético,0.42,1.19,-0.77,0.42,1.16,-0.74,0.0,0.04,-0.04,0.42,1.19,-0.77,,,,,,0,0,0,0.77,42.5,42.02,,,45.64,0.47,0.86,129,6,10,11,21.28,12.79,11.03,3,3,12,1,15,37.7,35.1,47.93,78.06,68.17,50.92,3,Alianza Atlético 0-0 Alianza Lima,2026-02-14
Atlético Grau,0.53,1.02,-0.49,0.5,0.98,-0.48,0.03,0.04,-0.01,0.53,1.02,-0.49,,,,,,0,1,-1,-0.51,61.5,62.14,,,50.9,0.73,0.58,289,16,8,14,10.96,24.14,7.22,2,3,19,2,15,110.1,72.82,18.27,21.0,89.17,54.37,5,Sport Boys 1-0 Atlético Grau,2026-02-14
Sport Boys,1.02,0.53,0.49,0.98,0.5,0.48,0.04,0.03,0.01,1.02,0.53,0.49,,,,,,1,0,1,0.51,38.5,37.86,,,46.11,0.58,0.73,137,13,14,8,24.14,10.96,10.23,3,2,17,7,12,41.1,27.18,68.73,79.0,74.83,45.63,0,Sport Boys 1-0 Atlético Grau,2026-02-14
Sporting Cristal,3.56,0.84,2.72,3.34,0.84,2.5,0.22,0.0,0.22,3.56,0.84,2.72,,,,,,2,0,2,-0.72,61.4,72.9,,,52.8,0.84,0.42,282,22,24,11,28.57,26.19,7.34,4,1,32,9,16,207.5,90.97,8.93,10.35,163.83,85.26,3,Juan Pablo II College 0-2 Sporting Cristal,2026-02-14
Juan Pablo II College,0.84,3.56,-2.72,0.84,3.34,-2.5,0.0,0.22,-0.22,0.84,3.56,-2.72,,,,,,0,2,-2,0.72,38.6,27.1,,,42.85,0.42,0.84,98,6,11,24,26.19,28.57,22.93,1,4,7,1,8,20.6,9.03,77.33,89.65,28.33,14.74,1,Juan Pablo II College 0-2 Sporting Cristal,2026-02-14
ADT,0.44,0.97,-0.53,0.42,0.96,-0.54,0.02,0.01,0.01,0.44,0.97,-0.53,,,,,,0,1,-1,-0.47,46.8,47.96,,,45.95,0.23,0.63,165,4,7,10,30.43,15.87,13.24,2,10,13,4,8,57.5,39.14,55.6,48.8,49.07,30.15,0,Deportivo Garcilaso 1-0 ADT,2026-02-14
Deportivo Garcilaso,0.97,0.44,0.53,0.96,0.42,0.54,0.01,0.02,-0.01,0.97,0.44,0.53,,,,,,1,0,1,0.47,53.2,52.04,,,48.19,0.63,0.23,220,8,10,7,15.87,30.43,9.34,10,2,10,5,16,89.4,60.86,58.33,51.2,113.7,69.85,0,Deportivo Garcilaso 1-0 ADT,2026-02-14
Cienciano,2.51,1.88,0.63,2.51,1.88,0.63,0.0,0.0,0.0,2.51,1.88,0.63,,,,,,1,2,-1,-1.63,36.6,30.33,,,46.67,0.87,1.27,134,7,12,15,13.79,11.81,10.66,8,2,13,1,10,21.0,9.99,83.4,95.94,35.67,15.49,1,Universitario 2-1 Cienciano,2026-02-13
Universitario,1.88,2.51,-0.63,1.88,2.51,-0.63,0.0,0.0,0.0,1.88,2.51,-0.63,,,,,,2,1,1,1.63,63.4,69.67,,,52.02,1.27,0.87,312,16,15,12,11.81,13.79,9.75,2,8,26,4,14,189.2,90.01,3.53,4.06,194.63,84.51,0,Universitario 2-1 Cienciano,2026-02-13
Cusco,1.02,2.81,-1.79,0.93,1.95,-1.02,0.09,0.1,-0.01,1.02,2.05,-1.03,,,,,,0,1,-1,0.79,62.2,47.39,,,43.86,0.69,1.35,204,12,13,22,18.84,16.3,19.5,3,11,27,7,6,80.7,40.11,10.27,8.6,53.63,21.3,0,UTC Cajamarca 1-0 Cusco,2026-02-13
UTC Cajamarca,2.81,1.02,1.79,1.95,0.93,1.02,0.1,0.09,0.01,2.05,1.02,1.03,,,,,,1,0,1,-0.79,37.8,52.61,,,50.13,1.35,0.69,173,17,22,13,16.3,18.84,22.9,11,3,16,7,3,120.5,59.89,109.13,91.4,198.2,78.7,1,UTC Cajamarca 1-0 Cusco,2026-02-13
Deportivo Garcilaso,1.15,0.65,0.5,0.68,0.6,0.08,0.46,0.05,0.41,1.15,0.65,0.5,,,,,,1,1,0,-0.5,57.8,43.67,,,41.93,0.29,0.65,148,12,15,6,51.72,9.23,7.64,5,3,18,6,9,75.7,58.23,23.53,21.33,46.43,32.19,2,FC Cajamarca 1-1 Deportivo Garcilaso,2026-02-09
FC Cajamarca,0.65,1.15,-0.5,0.6,0.68,-0.08,0.05,0.46,-0.41,0.65,1.15,-0.5,,,,,,1,1,0,0.5,42.2,56.33,,,47.45,0.65,0.29,144,9,6,15,9.23,51.72,9.62,3,5,19,3,23,54.3,41.77,86.8,78.67,97.8,67.81,0,FC Cajamarca 1-1 Deportivo Garcilaso,2026-02-09
Comerciantes Unidos,0.88,3.65,-2.77,0.86,2.6,-1.74,0.02,0.29,-0.27,0.88,2.89,-2.01,,,,,,1,2,-1,1.77,33.1,26.75,,,43.25,0.28,1.71,73,5,6,21,21.43,12.28,12.27,3,7,6,2,7,14.6,6.55,97.53,98.39,28.3,17.59,4,Alianza Lima 2-1 Comerciantes Unidos,2026-02-08
Alianza Lima,3.65,0.88,2.77,2.6,0.86,1.74,0.29,0.02,0.27,2.89,0.88,2.01,,,,,,2,1,1,-1.77,66.9,73.25,,,48.77,1.71,0.28,219,27,21,6,12.28,21.43,5.67,7,3,21,8,13,208.3,93.45,1.6,1.61,132.57,82.41,2,Alianza Lima 2-1 Comerciantes Unidos,2026-02-08
Juan Pablo II College,1.55,3.8,-2.25,1.21,3.03,-1.82,0.35,0.77,-0.42,1.55,3.8,-2.25,,,,,,1,6,-5,-2.75,49.4,48.16,,,47.17,0.52,1.46,130,14,11,19,21.15,13.01,8.15,2,4,13,6,8,48.1,35.5,19.07,39.08,30.33,16.5,3,Cienciano 6-1 Juan Pablo II College,2026-02-08
Cienciano,3.8,1.55,2.25,3.03,1.21,1.82,0.77,0.35,0.42,3.8,1.55,2.25,,,,,,6,1,5,2.75,50.6,51.84,,,51.33,1.46,0.52,151,15,19,11,13.01,21.15,8.0,4,2,20,4,16,87.4,64.5,29.73,60.92,153.52,83.5,0,Cienciano 6-1 Juan Pablo II College,2026-02-08
Alianza Atlético,0.67,2.02,-1.35,0.63,1.85,-1.22,0.04,0.18,-0.14,0.67,2.02,-1.35,,,,,,0,1,-1,0.35,41.2,49.06,,,43.66,0.63,0.92,125,8,11,13,17.46,14.13,11.56,4,2,12,3,12,53.6,40.85,77.6,75.19,81.07,60.44,1,Los Chankas 1-0 Alianza Atlético,2026-02-08
Los Chankas,2.02,0.67,1.35,1.85,0.63,1.22,0.18,0.04,0.14,2.02,0.67,1.35,,,,,,1,0,1,-0.35,58.8,50.94,,,38.78,0.92,0.63,123,11,13,11,14.13,17.46,10.52,2,4,13,5,11,77.6,59.15,25.6,24.81,53.07,39.56,0,Los Chankas 1-0 Alianza Atlético,2026-02-08
Melgar,1.6,2.37,-0.77,0.56,1.49,-0.93,1.04,0.89,0.15,1.6,2.37,-0.77,,,,,,2,1,1,1.77,35.8,35.15,,,45.4,0.48,0.97,104,12,11,20,22.92,20.62,22.81,1,3,9,5,7,37.7,20.73,98.4,88.23,70.3,49.15,1,Sporting Cristal 1-2 Melgar,2026-02-08
Sporting Cristal,2.37,1.6,0.77,1.49,0.56,0.93,0.89,1.04,-0.15,2.37,1.6,0.77,,,,,,1,2,-1,-1.77,64.2,64.85,,,50.23,0.97,0.48,252,12,20,11,20.62,22.92,9.27,3,1,34,8,10,144.2,79.27,13.13,11.77,72.73,50.85,1,Sporting Cristal 1-2 Melgar,2026-02-08
Universitario,1.01,2.07,-1.06,1.01,1.25,-0.24,0.0,0.06,-0.06,1.01,1.31,-0.3,,,,,,1,1,0,1.06,35.5,41.31,,,46.95,0.81,0.92,151,7,12,18,14.81,19.57,26.11,2,4,20,2,10,57.6,31.67,116.2,93.76,115.5,68.25,0,Cusco 1-1 Universitario,2026-02-07
Cusco,2.07,1.01,1.06,1.25,1.01,0.24,0.06,0.0,0.06,1.31,1.01,0.3,,,,,,1,1,0,-1.06,64.5,58.69,,,49.28,0.92,0.81,312,12,18,12,19.57,14.81,10.5,4,2,31,6,12,124.3,68.33,7.73,6.24,53.73,31.75,0,Cusco 1-1 Universitario,2026-02-07
Sport Huancayo,0.19,1.39,-1.2,0.17,1.38,-1.21,0.02,0.02,0.0,0.19,1.39,-1.2,,,,,,0,0,0,1.2,41.8,37.54,,,47.62,0.07,0.81,175,5,5,14,71.43,17.28,14.5,8,5,13,3,7,40.0,21.51,88.53,84.15,61.07,39.08,3,Atlético Grau 0-0 Sport Huancayo,2026-02-07
Atlético Grau,1.39,0.19,1.2,1.38,0.17,1.21,0.02,0.02,0.0,1.39,0.19,1.2,,,,,,0,0,0,-1.2,58.2,62.46,,,51.27,0.81,0.07,297,16,14,5,17.28,71.43,7.52,5,8,27,5,17,146.0,78.49,16.67,15.85,95.2,60.92,5,Atlético Grau 0-0 Sport Huancayo,2026-02-07
Sport Boys,0.69,1.32,-0.63,0.69,1.3,-0.61,0.0,0.02,-0.02,0.69,1.32,-0.63,,,,,,0,1,-1,-0.37,45.7,42.15,,,45.91,0.42,0.84,145,10,12,16,28.57,19.05,10.7,6,6,12,5,11,55.3,32.0,58.47,71.95,53.23,35.68,0,ADT 1-0 Sport Boys,2026-02-07
ADT,1.32,0.69,0.63,1.3,0.69,0.61,0.02,0.0,0.02,1.32,0.69,0.63,,,,,,1,0,1,0.37,54.3,57.85,,,47.45,0.84,0.42,187,12,16,12,19.05,28.57,9.1,6,6,15,4,10,117.5,68.0,22.8,28.05,95.97,64.32,1,ADT 1-0 Sport Boys,2026-02-07
UTC Cajamarca,3.82,1.26,2.56,2.72,0.5,2.22,0.34,0.0,0.34,3.06,0.5,2.56,,,,,,3,2,1,-1.56,67.1,73.07,,,53.45,1.86,0.9,306,31,21,7,11.29,7.78,7.12,6,2,26,7,10,251.1,93.03,10.8,10.73,165.24,80.42,0,Deportivo Moquegua 2-3 UTC Cajamarca,2026-02-06
Deportivo Moquegua,1.26,3.82,-2.56,0.5,2.72,-2.22,0.0,0.34,-0.34,0.5,3.06,-2.56,,,,,,2,3,-1,1.56,32.9,26.93,,,41.47,0.9,1.86,96,4,7,21,7.78,11.29,18.14,2,6,9,1,12,18.8,6.97,89.87,89.27,40.23,19.58,1,Deportivo Moquegua 2-3 UTC Cajamarca,2026-02-06
Deportivo Moquegua,0.16,0.69,-0.53,0.16,0.66,-0.5,0.0,0.03,-0.03,0.16,0.69,-0.53,,,,,,0,1,-1,-0.47,51.7,55.24,,,46.55,0.62,0.34,138,8,6,10,9.68,29.41,6.21,3,1,19,3,15,36.0,40.49,27.73,41.19,25.3,28.73,3,Comerciantes Unidos 1-0 Deportivo Moquegua,2026-02-02
Comerciantes Unidos,0.69,0.16,0.53,0.66,0.16,0.5,0.03,0.0,0.03,0.69,0.16,0.53,,,,,,1,0,1,0.47,48.3,44.76,,,43.01,0.34,0.62,105,5,10,6,29.41,9.68,7.41,1,3,13,5,17,52.9,59.51,39.6,58.81,62.77,71.27,4,Comerciantes Unidos 1-0 Deportivo Moquegua,2026-02-02
ADT,0.04,1.57,-1.53,0.04,1.49,-1.45,0.0,0.08,-0.08,0.04,1.57,-1.53,,,,,,0,2,-2,-0.47,45.4,33.33,,,41.07,0.23,1.02,134,5,3,13,13.04,12.75,10.63,3,12,6,3,12,24.2,11.6,44.8,48.03,5.9,2.61,3,Universitario 2-0 ADT,2026-02-01
Universitario,1.57,0.04,1.53,1.49,0.04,1.45,0.08,0.0,0.08,1.57,0.04,1.53,,,,,,2,0,2,0.47,54.6,66.67,,,54.66,1.02,0.23,282,16,13,3,12.75,13.04,6.85,12,3,31,13,19,184.5,88.4,48.47,51.97,220.43,97.39,2,Universitario 2-0 ADT,2026-02-01
Cusco,0.73,1.59,-0.86,0.45,1.55,-1.1,0.27,0.03,0.24,0.73,1.59,-0.86,,,,,,0,1,-1,-0.14,76.3,55.34,,,40.34,0.43,0.46,226,6,8,14,18.6,30.43,10.81,1,2,16,3,6,62.8,46.01,0.0,0.0,3.77,1.35,0,Alianza Atlético 1-0 Cusco,2026-02-01
Alianza Atlético,1.59,0.73,0.86,1.55,0.45,1.1,0.03,0.27,-0.24,1.59,0.73,0.86,,,,,,1,0,1,0.14,23.7,44.66,,,49.83,0.46,0.43,108,4,14,8,30.43,18.6,22.93,2,1,13,3,8,73.7,53.99,259.07,100.0,275.43,98.65,1,Alianza Atlético 1-0 Cusco,2026-02-01
Sporting Cristal,1.24,1.15,0.09,1.15,1.11,0.04,0.09,0.04,0.05,1.24,1.15,0.09,,,,,,1,1,0,-0.09,52.9,52.76,,,47.55,0.74,0.36,214,12,14,16,18.92,44.44,10.06,8,7,13,3,11,106.1,65.94,50.53,46.39,97.63,63.06,0,Deportivo Garcilaso 1-1 Sporting Cristal,2026-02-01
Deportivo Garcilaso,1.15,1.24,-0.09,1.11,1.15,-0.04,0.04,0.09,-0.05,1.15,1.24,-0.09,,,,,,1,1,0,0.09,47.1,47.24,,,43.39,0.36,0.74,150,8,16,14,44.44,18.92,8.77,7,8,11,3,15,54.8,34.06,58.4,53.61,57.2,36.94,2,Deportivo Garcilaso 1-1 Sporting Cristal,2026-02-01
Cienciano,0.71,2.17,-1.46,0.63,1.83,-1.2,0.08,0.34,-0.26,0.71,2.17,-1.46,,,,,,0,2,-2,-0.54,51.0,50.71,,,49.75,0.86,1.13,181,10,13,12,15.12,10.62,6.61,5,3,28,9,10,63.5,35.88,21.07,36.92,58.5,26.94,3,Melgar 2-0 Cienciano,2026-01-31
Melgar,2.17,0.71,1.46,1.83,0.63,1.2,0.34,0.08,0.26,2.17,0.71,1.46,,,,,,2,0,2,0.54,49.0,49.29,,,50.08,1.13,0.86,171,17,12,13,10.62,15.12,8.55,3,5,20,9,17,113.5,64.12,36.0,63.08,158.67,73.06,2,Melgar 2-0 Cienciano,2026-01-31
FC Cajamarca,2.08,2.06,0.02,1.3,0.37,0.93,0.02,0.17,-0.15,1.32,0.54,0.78,,,,,,3,3,0,-0.02,45.9,57.35,,,50.24,1.03,0.52,185,17,12,10,11.65,19.23,12.69,3,1,13,4,15,88.2,58.6,75.53,74.59,120.3,76.43,1,Juan Pablo II College 3-3 FC Cajamarca,2026-01-31
Juan Pablo II College,2.06,2.08,-0.02,0.37,1.3,-0.93,0.17,0.02,0.15,0.54,1.32,-0.78,,,,,,3,3,0,0.02,54.1,42.65,,,46.82,0.52,1.03,189,10,10,12,19.23,11.65,10.48,1,3,13,4,7,62.3,41.4,25.73,25.41,37.1,23.57,0,Juan Pablo II College 3-3 FC Cajamarca,2026-01-31
Los Chankas,0.5,1.44,-0.94,0.48,1.44,-0.96,0.02,0.0,0.02,0.5,1.44,-0.94,,,,,,1,1,0,0.94,36.5,31.5,,,42.85,0.28,0.59,100,5,9,16,32.14,27.12,13.7,1,6,12,3,14,23.6,16.1,94.13,90.57,68.17,56.62,1,Sport Boys 1-1 Los Chankas,2026-01-31
Sport Boys,1.44,0.5,0.94,1.44,0.48,0.96,0.0,0.02,-0.02,1.44,0.5,0.94,,,,,,1,1,0,-0.94,63.5,68.5,,,50.08,0.59,0.28,261,9,16,9,27.12,32.14,5.26,6,1,16,1,17,123.0,83.9,9.8,9.43,52.23,43.38,1,Sport Boys 1-1 Los Chankas,2026-01-31
Atlético Grau,0.78,0.52,0.26,0.78,0.49,0.29,0.0,0.03,-0.03,0.78,0.52,0.26,,,,,,0,2,-2,-2.26,55.8,45.04,,,44.93,0.24,0.44,191,2,7,7,29.17,15.91,12.85,4,7,9,2,7,45.9,46.6,12.67,19.08,15.93,11.84,1,UTC Cajamarca 2-0 Atlético Grau,2026-01-30
UTC Cajamarca,0.52,0.78,-0.26,0.49,0.78,-0.29,0.03,0.0,0.03,0.52,0.78,-0.26,,,,,,2,0,2,2.26,44.2,54.96,,,46.67,0.44,0.24,164,5,7,7,15.91,29.17,11.21,7,4,11,2,9,52.6,53.4,53.73,80.92,118.6,88.16,0,UTC Cajamarca 2-0 Atlético Grau,2026-01-30
