Team,xG,xGA,xGD,Open Play xG,Open Play xGA,Open Play xGD,Set Piece xG,Set Piece xGA,Set Piece xGD,npxG,npxGA,npxGD,xG within 5s of Crosses,xGA within 5s of Crosses,xG within 15s of Set Pieces,xGA within 15s of Set Pieces,xGD within 15s of Set Pieces,Goals,Goals Conceded,GD,GD-xGD,Possession,Field Tilt,Vertical Tendency,Opponent Vertical Tendency,Avg Pass Height,xT,xT Against,Passes in Opposition Half,Passes into Box,Shots,Shots Faced,Shots per 1.0 xT,Shots Faced per 1.0 xT Against,PPDA,High Recoveries,High Recoveries Against,Crosses,Corners,Fouls,On-Ball Pressure,On-Ball Pressure Share,Off-Ball Pressure,Off-Ball Pressure Share,Game Control,Game Control Share,Throw-Ins into the Box,Match,Date
Málaga,1.39,1.41,-0.02,1.34,1.25,0.09,0.05,0.17,-0.12,1.39,1.41,-0.02,0.05,0.46,0.05,0.18,-0.13,2,1,1,1.02,50.60,48.72,15.8,25.3,48.38,0.33,0.9,221,12,12,13,36.36,14.44,14.05,4,3,8,7,5,103.2,45.99,39.4,36.78,75.43,47.65,1,Almería 1-2 Málaga,2026-06-20
Almería,1.41,1.39,0.02,1.25,1.34,-0.09,0.17,0.05,0.12,1.41,1.39,0.02,0.46,0.05,0.18,0.05,0.13,1,2,-1,-1.02,49.40,51.28,25.3,15.8,50.64,0.9,0.33,221,16,13,12,14.44,36.36,13.00,3,4,34,7,10,121.2,54.01,67.73,63.22,82.87,52.35,0,Almería 1-2 Málaga,2026-06-20
Almería,1.21,0.7,0.51,0.97,0.63,0.34,0.24,0.07,0.17,1.21,0.7,0.51,0.25,0.2,1.08,0.07,1.01,0,0,0,-0.51,42.1,46.03,26.1,8.4,44.1,0.54,0.35,151,7,9,11,16.67,31.43,13.94,5,7,17,2,11,40.8,32.36,73.47,80.85,59.7,55.36,0,Málaga 0-0 Almería,2026-06-14
Málaga,0.7,1.21,-0.51,0.63,0.97,-0.34,0.07,0.24,-0.17,0.7,1.21,-0.51,0.2,0.25,0.07,1.08,-1.01,0,0,0,0.51,57.9,53.97,8.4,26.1,47.88,0.35,0.54,268,8,11,9,31.43,16.67,8.05,7,5,10,4,12,85.3,67.64,17.4,19.15,48.13,44.64,0,Málaga 0-0 Almería,2026-06-14
Las Palmas,1.44,1.65,-0.21,1.44,1.49,-0.05,0.0,0.16,-0.16,1.44,1.65,-0.21,,,,,,1,1,0,0.21,51.5,43.23,,,42.34,0.38,0.58,185,5,11,15,28.95,25.86,11.44,5,5,10,2,9,68.6,34.16,63.6,43.94,60.7,39.64,1,Málaga 1-1 Las Palmas,2026-06-10
Málaga,1.65,1.44,0.21,1.49,1.44,0.05,0.16,0.0,0.16,1.65,1.44,0.21,,,,,,1,1,0,-0.21,48.5,56.77,,,48.81,0.58,0.38,250,12,15,11,25.86,28.95,13.34,5,5,15,7,13,132.2,65.84,81.13,56.06,92.43,60.36,0,Málaga 1-1 Las Palmas,2026-06-10
Castellón,0.83,2.22,-1.39,0.71,1.19,-0.48,0.12,1.03,-0.91,0.83,2.22,-1.39,,,,,,2,3,-1,0.39,52.8,48.86,,,46.66,0.54,0.54,180,9,10,13,18.52,24.07,7.67,3,3,23,7,14,81.0,42.54,34.13,37.07,56.87,35.58,1,Almería 3-2 Castellón,2026-06-09
Almería,2.22,0.83,1.39,1.19,0.71,0.48,1.03,0.12,0.91,2.22,0.83,1.39,,,,,,3,2,1,-0.39,47.2,51.14,,,45.3,0.54,0.54,142,12,13,10,24.07,18.52,8.1,3,3,17,5,20,109.4,57.46,57.93,62.93,102.97,64.42,1,Almería 3-2 Castellón,2026-06-09
Málaga,1.66,0.69,0.97,1.51,0.39,1.12,0.14,0.3,-0.16,1.66,0.69,0.97,,,,,,1,0,1,0.03,39.7,37.36,,,41.72,0.36,0.5,147,13,11,12,30.56,24.0,15.06,6,6,5,2,16,64.7,36.06,89.2,76.81,108.37,59.46,0,Las Palmas 0-1 Málaga,2026-06-07
Las Palmas,0.69,1.66,-0.97,0.39,1.51,-1.12,0.3,0.14,0.16,0.69,1.66,-0.97,,,,,,0,1,-1,-0.03,60.3,62.64,,,45.79,0.5,0.36,256,7,12,11,24.0,30.56,8.61,6,6,17,4,10,114.7,63.94,26.93,23.19,73.9,40.54,0,Las Palmas 0-1 Málaga,2026-06-07
Almería,0.31,2.46,-2.15,0.31,0.53,-0.22,0.0,1.93,-1.93,0.31,2.46,-2.15,,,,,,1,1,0,2.15,39.3,22.38,,,39.63,0.35,1.19,82,5,4,15,11.43,12.61,7.79,3,6,6,0,18,14.8,6.39,57.67,66.9,19.73,8.76,1,Castellón 1-1 Almería,2026-06-06
Castellón,2.46,0.31,2.15,0.53,0.31,0.22,1.93,0.0,1.93,2.46,0.31,2.15,,,,,,1,1,0,-2.15,60.7,77.62,,,52.07,1.19,0.35,255,21,15,4,12.61,11.43,7.42,6,3,29,8,15,216.8,93.61,28.53,33.1,205.6,91.24,2,Castellón 1-1 Almería,2026-06-06
Mirandés,1.63,0.47,1.16,0.99,0.43,0.56,0.64,0.04,0.6,1.63,0.47,1.16,,,,,,0,1,-1,-2.16,63.6,57.45,,,48.83,0.48,0.34,186,13,12,7,25.0,20.59,5.97,1,10,25,3,14,106.6,73.16,18.27,18.23,56.7,48.98,3,Leganés 1-0 Mirandés,2026-05-31
Leganés,0.47,1.63,-1.16,0.43,0.99,-0.56,0.04,0.64,-0.6,0.47,1.63,-1.16,,,,,,1,0,1,2.16,36.4,42.55,,,47.85,0.34,0.48,109,5,7,12,20.59,25.0,6.67,10,1,16,5,20,39.1,26.84,81.93,81.77,59.07,51.02,2,Leganés 1-0 Mirandés,2026-05-31
Huesca,0.87,2.99,-2.12,0.69,2.65,-1.96,0.18,0.34,-0.16,0.87,2.99,-2.12,,,,,,1,1,0,2.12,39.4,36.93,,,46.54,0.53,0.82,149,12,13,22,24.53,26.83,13.92,6,3,9,4,10,66.6,25.45,54.0,65.22,78.07,27.21,1,Córdoba 1-1 Huesca,2026-05-31
Córdoba,2.99,0.87,2.12,2.65,0.69,1.96,0.34,0.18,0.16,2.99,0.87,2.12,,,,,,1,1,0,-2.12,60.6,63.07,,,50.48,0.82,0.53,254,18,22,13,26.83,24.53,9.07,3,6,16,9,14,195.1,74.55,28.8,34.78,208.87,72.79,2,Córdoba 1-1 Huesca,2026-05-31
Eibar,0.99,3.01,-2.02,0.91,2.57,-1.66,0.07,0.44,-0.37,0.99,3.01,-2.02,,,,,,1,2,-1,1.02,46.0,30.7,,,40.81,1.1,1.12,131,13,12,21,10.91,18.75,17.39,1,9,21,6,7,58.7,20.54,33.73,31.94,39.23,12.97,0,Castellón 2-1 Eibar,2026-05-31
Castellón,3.01,0.99,2.02,2.57,0.91,1.66,0.44,0.07,0.37,3.01,0.99,2.02,,,,,,2,1,1,-1.02,54.0,69.3,,,55.04,1.12,1.1,291,19,21,12,18.75,10.91,10.06,9,1,20,8,15,227.1,79.46,71.87,68.06,263.17,87.03,1,Castellón 2-1 Eibar,2026-05-31
FC Andorra,0.94,1.43,-0.49,0.93,1.35,-0.42,0.01,0.08,-0.07,0.94,1.43,-0.49,,,,,,0,1,-1,-0.51,66.1,61.35,,,49.53,0.43,0.87,294,4,13,11,30.23,12.64,8.42,4,9,14,2,12,138.3,72.07,11.93,8.27,66.4,34.25,0,Burgos 1-0 FC Andorra,2026-05-31
Burgos,1.43,0.94,0.49,1.35,0.93,0.42,0.08,0.01,0.07,1.43,0.94,0.49,,,,,,1,0,1,0.51,33.9,38.65,,,49.68,0.87,0.43,147,13,11,13,12.64,30.23,14.35,9,4,13,2,7,53.6,27.93,132.4,91.73,127.47,65.75,4,Burgos 1-0 FC Andorra,2026-05-31
Málaga,2.79,0.25,2.54,1.6,0.07,1.53,0.42,0.18,0.24,2.03,0.25,1.78,,,,,,2,0,2,-0.54,56.0,59.31,,,48.21,0.51,0.27,246,18,17,5,33.33,18.52,8.79,5,5,9,6,13,164.0,80.31,34.47,31.28,151.73,82.23,0,Real Zaragoza 0-2 Málaga,2026-05-31
Real Zaragoza,0.25,2.79,-2.54,0.07,1.6,-1.53,0.18,0.42,-0.24,0.25,2.03,-1.78,,,,,,0,2,-2,0.54,44.0,40.69,,,45.66,0.27,0.51,172,4,5,17,18.52,33.33,12.74,5,5,15,3,11,40.2,19.69,75.73,68.72,32.8,17.77,0,Real Zaragoza 0-2 Málaga,2026-05-31
Cádiz,2.1,5.06,-2.96,2.1,4.66,-2.56,0.0,0.4,-0.4,2.1,5.06,-2.96,,,,,,1,4,-3,-0.04,51.7,42.5,,,42.84,0.69,1.26,196,8,12,21,17.39,16.67,20.72,4,7,12,3,8,73.1,28.6,30.2,28.56,35.96,9.32,1,Racing de Santander 4-1 Cádiz,2026-05-31
Racing de Santander,5.06,2.1,2.96,4.66,2.1,2.56,0.4,0.0,0.4,5.06,2.1,2.96,,,,,,4,1,3,0.04,48.3,57.5,,,49.17,1.26,0.69,241,22,21,12,16.67,17.39,19.35,7,4,10,3,10,182.5,71.4,75.53,71.44,350.08,90.68,0,Racing de Santander 4-1 Cádiz,2026-05-31
Real Valladolid,1.12,3.17,-2.05,1.12,2.35,-1.23,0.0,0.06,-0.06,1.12,2.41,-1.29,,,,,,0,1,-1,1.05,52.8,39.44,,,42.22,0.55,1.44,166,6,8,25,14.55,17.36,9.03,4,1,11,2,10,37.3,18.69,30.0,23.64,8.37,3.79,0,Almería 1-0 Real Valladolid,2026-05-31
Almería,3.17,1.12,2.05,2.35,1.12,1.23,0.06,0.0,0.06,2.41,1.12,1.29,,,,,,1,0,1,-1.05,47.2,60.56,,,52.23,1.44,0.55,207,23,25,8,17.36,14.55,9.71,1,4,17,2,17,162.3,81.31,96.93,76.36,212.3,96.21,3,Almería 1-0 Real Valladolid,2026-05-31
Las Palmas,0.92,0.33,0.59,0.92,0.33,0.59,0.0,0.0,0.0,0.92,0.33,0.59,,,,,,2,1,1,0.41,56.2,71.15,,,48.32,0.38,0.46,335,9,5,6,13.16,13.04,14.03,6,3,6,5,8,130.2,71.42,82.47,47.29,134.4,77.17,0,Deportivo de La Coruña 1-2 Las Palmas,2026-05-31
Deportivo de La Coruña,0.33,0.92,-0.59,0.33,0.92,-0.59,0.0,0.0,0.0,0.33,0.92,-0.59,,,,,,1,2,-1,-0.41,43.8,28.85,,,39.16,0.46,0.38,152,7,6,5,13.04,13.16,23.31,3,6,6,1,11,52.1,28.58,91.93,52.71,39.77,22.83,0,Deportivo de La Coruña 1-2 Las Palmas,2026-05-31
Sporting de Gijón,0.82,0.96,-0.14,0.79,0.92,-0.13,0.03,0.04,-0.01,0.82,0.96,-0.14,,,,,,2,1,1,1.14,42.6,52.99,,,49.28,0.45,0.44,182,9,9,10,20.0,22.73,15.48,7,2,13,5,11,75.5,52.1,116.4,90.42,87.7,55.33,2,Granada 1-2 Sporting de Gijón,2026-05-30
Granada,0.96,0.82,0.14,0.92,0.79,0.13,0.04,0.03,0.01,0.96,0.82,0.14,,,,,,1,2,-1,-1.14,57.4,47.01,,,40.41,0.44,0.45,169,7,10,9,22.73,20.0,15.25,2,7,15,2,9,69.4,47.9,12.33,9.58,70.8,44.67,0,Granada 1-2 Sporting de Gijón,2026-05-30
Cultural Leonesa,0.95,1.17,-0.22,0.95,0.95,0.0,0.0,0.22,-0.22,0.95,1.17,-0.22,,,,,,1,1,0,0.22,60.5,66.46,,,49.54,0.91,1.0,296,15,11,12,12.09,12.0,7.92,10,7,10,4,11,133.2,73.47,29.4,26.49,88.27,61.67,1,Real Sociedad II 1-1 Cultural Leonesa,2026-05-30
Real Sociedad II,1.17,0.95,0.22,0.95,0.95,0.0,0.22,0.0,0.22,1.17,0.95,0.22,,,,,,1,1,0,-0.22,39.5,33.54,,,41.53,1.0,0.91,131,14,12,11,12.0,12.09,12.14,7,10,20,6,12,48.1,26.53,81.6,73.51,54.87,38.33,1,Real Sociedad II 1-1 Cultural Leonesa,2026-05-30
Albacete,1.27,0.8,0.47,1.05,0.76,0.29,0.22,0.04,0.18,1.27,0.8,0.47,,,,,,0,1,-1,-1.47,39.8,40.92,,,49.9,0.87,0.7,178,19,11,8,12.64,11.43,9.72,7,5,20,4,12,67.1,32.8,112.27,93.45,93.77,45.44,4,Ceuta 1-0 Albacete,2026-05-30
Ceuta,0.8,1.27,-0.47,0.76,1.05,-0.29,0.04,0.22,-0.18,0.8,1.27,-0.47,,,,,,1,0,1,1.47,60.2,59.08,,,49.24,0.7,0.87,271,17,8,11,11.43,12.64,9.88,5,7,22,6,14,137.5,67.2,7.87,6.55,112.57,54.56,0,Ceuta 1-0 Albacete,2026-05-30
Leganés,0.84,1.76,-0.92,0.78,1.37,-0.59,0.06,0.39,-0.33,0.84,1.76,-0.92,,,,,,0,3,-3,-2.08,58.3,54.42,,,48.17,0.76,0.1,207,12,12,12,15.79,120.0,8.45,2,4,22,6,10,78.2,54.95,34.6,31.86,52.54,29.84,1,Cádiz 3-0 Leganés,2026-05-24
Cádiz,1.76,0.84,0.92,1.37,0.78,0.59,0.39,0.06,0.33,1.76,0.84,0.92,,,,,,3,0,3,2.08,41.7,45.58,,,47.53,0.1,0.76,161,7,12,12,120.0,15.79,11.12,4,2,10,4,14,64.1,45.05,74.0,68.14,123.56,70.16,0,Cádiz 3-0 Leganés,2026-05-24
Almería,1.95,2.29,-0.34,1.36,2.19,-0.83,0.59,0.1,0.49,1.95,2.29,-0.34,,,,,,1,3,-2,-1.66,64.1,63.75,,,47.32,1.25,0.79,249,21,20,13,16.0,16.46,6.74,7,2,27,8,12,124.3,76.82,20.47,14.75,70.8,35.28,0,Sporting de Gijón 3-1 Almería,2026-05-24
Sporting de Gijón,2.29,1.95,0.34,2.19,1.36,0.83,0.1,0.59,-0.49,2.29,1.95,0.34,,,,,,3,1,2,1.66,35.9,36.25,,,45.63,0.79,1.25,129,13,13,20,16.46,16.0,12.39,2,7,9,4,16,37.5,23.18,118.27,85.25,129.9,64.72,3,Sporting de Gijón 3-1 Almería,2026-05-24
Granada,2.71,2.53,0.18,2.48,1.6,0.88,0.24,0.93,-0.69,2.71,2.53,0.18,,,,,,1,3,-2,-2.18,62.2,57.26,,,45.63,0.58,0.87,218,10,10,18,17.24,20.69,7.75,8,4,25,6,6,93.2,48.07,18.2,15.12,51.33,23.54,1,Mirandés 3-1 Granada,2026-05-24
Mirandés,2.53,2.71,-0.18,1.6,2.48,-0.88,0.93,0.24,0.69,2.53,2.71,-0.18,,,,,,3,1,2,2.18,37.8,42.74,,,45.78,0.87,0.58,133,19,18,10,20.69,17.24,17.88,4,8,18,5,11,100.7,51.93,102.2,84.88,166.73,76.46,0,Mirandés 3-1 Granada,2026-05-24
Deportivo de La Coruña,1.18,1.98,-0.8,1.07,1.97,-0.9,0.11,0.01,0.1,1.18,1.98,-0.8,,,,,,2,0,2,2.8,36.3,34.06,,,43.91,0.26,0.64,125,6,9,15,34.62,23.44,14.97,5,3,10,3,5,34.8,21.78,109.87,86.28,116.07,83.24,0,Real Valladolid 0-2 Deportivo de La Coruña,2026-05-24
Real Valladolid,1.98,1.18,0.8,1.97,1.07,0.9,0.01,0.11,-0.1,1.98,1.18,0.8,,,,,,0,2,-2,-2.8,63.7,65.94,,,48.62,0.64,0.26,281,9,15,9,23.44,34.62,12.57,3,5,25,6,15,125.0,78.22,17.47,13.72,23.37,16.76,2,Real Valladolid 0-2 Deportivo de La Coruña,2026-05-24
Córdoba,2.11,1.28,0.83,1.67,1.24,0.43,0.44,0.04,0.4,2.11,1.28,0.83,,,,,,0,2,-2,-2.83,59.2,66.03,,,49.21,0.78,0.32,262,21,20,9,25.64,28.12,9.0,8,6,32,13,17,185.6,83.72,16.27,14.5,88.1,48.92,2,Eibar 2-0 Córdoba,2026-05-24
Eibar,1.28,2.11,-0.83,1.24,1.67,-0.43,0.04,0.44,-0.4,1.28,2.11,-0.83,,,,,,2,0,2,2.83,40.8,33.97,,,41.8,0.32,0.78,117,9,9,20,28.12,25.64,10.76,6,8,8,2,11,36.1,16.28,95.93,85.5,92.0,51.08,1,Eibar 2-0 Córdoba,2026-05-24
Castellón,2.34,1.0,1.34,2.25,0.94,1.31,0.09,0.06,0.03,2.34,1.0,1.34,,,,,,1,0,1,-0.34,59.5,65.95,,,53.3,0.83,0.91,280,18,16,7,19.28,7.69,8.28,8,6,20,9,12,194.3,88.76,11.47,15.43,158.63,86.84,3,Huesca 0-1 Castellón,2026-05-24
Huesca,1.0,2.34,-1.34,0.94,2.25,-1.31,0.06,0.09,-0.03,1.0,2.34,-1.34,,,,,,0,1,-1,0.34,40.5,34.05,,,44.58,0.91,0.83,135,9,7,16,7.69,19.28,10.42,6,8,13,2,11,24.6,11.24,62.87,84.57,24.03,13.16,2,Huesca 0-1 Castellón,2026-05-24
Burgos,1.72,1.0,0.72,0.96,0.9,0.06,0.0,0.1,-0.1,0.96,1.0,-0.04,,,,,,2,0,2,1.28,24.9,30.21,,,47.06,0.17,0.59,83,3,9,16,52.94,27.12,11.24,10,3,13,0,16,19.3,9.09,138.87,94.68,116.0,68.38,1,Cultural Leonesa 0-2 Burgos,2026-05-24
Cultural Leonesa,1.0,1.72,-0.72,0.9,0.96,-0.06,0.1,0.0,0.1,1.0,0.96,0.04,,,,,,0,2,-2,-1.28,75.1,69.79,,,51.01,0.59,0.17,334,11,16,9,27.12,52.94,5.56,3,10,22,9,13,193.0,90.91,7.8,5.32,53.63,31.62,2,Cultural Leonesa 0-2 Burgos,2026-05-24
Racing de Santander,1.78,1.93,-0.15,1.56,1.67,-0.11,0.22,0.26,-0.04,1.78,1.93,-0.15,,,,,,1,1,0,0.15,53.5,57.35,,,47.38,0.8,0.7,224,17,21,17,26.25,24.29,9.76,4,7,17,7,15,108.5,74.37,39.47,43.37,98.67,61.94,0,Málaga 1-1 Racing de Santander,2026-05-24
Málaga,1.93,1.78,0.15,1.67,1.56,0.11,0.26,0.22,0.04,1.93,1.78,0.15,,,,,,1,1,0,-0.15,46.5,42.65,,,43.87,0.7,0.8,173,11,17,21,24.29,26.25,12.47,7,4,5,5,10,37.4,25.63,51.53,56.63,60.63,38.06,0,Málaga 1-1 Racing de Santander,2026-05-24
Real Zaragoza,0.86,2.09,-1.23,0.77,1.64,-0.87,0.1,0.44,-0.34,0.86,2.09,-1.23,,,,,,1,1,0,1.23,44.9,44.23,,,46.56,0.6,1.07,191,6,8,13,13.33,12.15,11.85,4,5,19,6,14,47.4,31.94,58.0,70.5,51.7,36.34,0,Las Palmas 1-1 Real Zaragoza,2026-05-24
Las Palmas,2.09,0.86,1.23,1.64,0.77,0.87,0.44,0.1,0.34,2.09,0.86,1.23,,,,,,1,1,0,-1.23,55.1,55.77,,,48.73,1.07,0.6,249,14,13,8,12.15,13.33,10.18,5,4,13,4,6,101.0,68.06,24.27,29.5,90.57,63.66,0,Las Palmas 1-1 Real Zaragoza,2026-05-24
Real Sociedad II,1.25,1.81,-0.56,1.23,1.28,-0.05,0.02,0.52,-0.5,1.25,1.81,-0.56,,,,,,1,3,-2,-1.44,62.8,57.82,,,45.09,0.95,1.55,220,9,12,20,12.63,12.9,13.33,4,6,23,6,6,91.4,51.78,10.53,8.3,35.67,14.87,0,Albacete 3-1 Real Sociedad II,2026-05-24
Albacete,1.81,1.25,0.56,1.28,1.23,0.05,0.52,0.02,0.5,1.81,1.25,0.56,,,,,,3,1,2,1.44,37.2,42.18,,,46.82,1.55,0.95,149,25,20,12,12.9,12.63,16.86,6,4,20,6,13,85.1,48.22,116.4,91.7,204.2,85.13,3,Albacete 3-1 Real Sociedad II,2026-05-24
Ceuta,0.35,1.29,-0.94,0.35,1.29,-0.94,0.0,0.0,0.0,0.35,1.29,-0.94,,,,,,2,0,2,2.94,48.7,46.62,,,43.01,0.27,0.94,170,7,5,11,18.52,11.7,7.68,5,5,14,0,20,46.8,29.9,37.53,35.27,49.27,21.54,1,FC Andorra 0-2 Ceuta,2026-05-24
FC Andorra,1.29,0.35,0.94,1.29,0.35,0.94,0.0,0.0,0.0,1.29,0.35,0.94,,,,,,0,2,-2,-2.94,51.3,53.38,,,47.81,0.94,0.27,196,20,11,5,11.7,18.52,8.12,5,5,16,2,14,109.7,70.1,68.87,64.73,179.5,78.46,0,FC Andorra 0-2 Ceuta,2026-05-24
Huesca,0.47,1.13,-0.66,0.34,1.12,-0.78,0.13,0.02,0.11,0.47,1.13,-0.66,,,,,,0,0,0,0.66,46.9,44.97,,,42.93,0.33,0.61,165,9,10,13,30.3,21.31,15.62,1,7,23,7,9,80.8,44.08,40.6,48.49,93.87,44.28,0,Leganés 0-0 Huesca,2026-05-18
Leganés,1.13,0.47,0.66,1.12,0.34,0.78,0.02,0.13,-0.11,1.13,0.47,0.66,,,,,,0,0,0,-0.66,53.1,55.03,,,46.97,0.61,0.33,208,8,13,10,21.31,30.3,9.16,7,1,26,3,15,102.5,55.92,43.13,51.51,118.1,55.72,5,Leganés 0-0 Huesca,2026-05-18
Sporting de Gijón,2.93,1.16,1.77,1.85,0.89,0.96,0.32,0.27,0.05,2.17,1.16,1.01,,,,,,3,1,2,0.23,44.0,41.27,,,47.71,0.72,0.57,165,12,10,16,13.89,28.07,10.59,4,1,12,2,19,76.2,34.79,74.07,68.88,106.47,52.91,2,Real Zaragoza 1-3 Sporting de Gijón,2026-05-17
Real Zaragoza,1.16,2.93,-1.77,0.89,1.85,-0.96,0.27,0.32,-0.05,1.16,2.17,-1.01,,,,,,1,3,-2,-0.23,56.0,58.73,,,49.05,0.57,0.72,229,15,16,10,28.07,13.89,8.13,1,4,37,9,10,142.8,65.21,33.47,31.12,94.77,47.09,0,Real Zaragoza 1-3 Sporting de Gijón,2026-05-17
FC Andorra,1.02,2.8,-1.78,1.02,2.72,-1.7,0.0,0.08,-0.08,1.02,2.8,-1.78,,,,,,1,2,-1,0.78,64.9,56.51,,,48.2,0.65,0.88,283,11,11,14,16.92,15.91,6.49,4,7,15,1,14,127.7,55.72,14.6,10.73,56.67,30.79,0,Deportivo de La Coruña 2-1 FC Andorra,2026-05-17
Deportivo de La Coruña,2.8,1.02,1.78,2.72,1.02,1.7,0.08,0.0,0.08,2.8,1.02,1.78,,,,,,2,1,1,-0.78,35.1,43.49,,,51.96,0.88,0.65,170,18,14,11,15.91,16.92,13.17,7,4,20,2,11,101.5,44.28,121.53,89.27,127.4,69.21,2,Deportivo de La Coruña 2-1 FC Andorra,2026-05-17
Las Palmas,1.33,2.72,-1.39,1.33,2.62,-1.29,0.0,0.1,-0.1,1.33,2.72,-1.39,,,,,,2,1,1,2.39,46.0,37.0,,,45.68,0.21,1.81,173,4,14,18,66.67,9.94,11.11,5,5,12,5,10,57.9,26.49,81.53,61.18,50.13,30.93,1,Almería 1-2 Las Palmas,2026-05-16
Almería,2.72,1.33,1.39,2.62,1.33,1.29,0.1,0.0,0.1,2.72,1.33,1.39,,,,,,1,2,-1,-2.39,54.0,63.0,,,50.09,1.81,0.21,265,16,18,14,9.94,66.67,11.25,5,5,25,5,20,160.7,73.51,51.73,38.82,111.93,69.07,0,Almería 1-2 Las Palmas,2026-05-16
Real Valladolid,1.68,2.9,-1.22,1.01,1.65,-0.64,0.66,0.49,0.17,1.68,2.14,-0.46,,,,,,1,4,-3,-1.78,46.6,42.96,,,45.14,0.51,0.53,168,4,11,11,21.57,20.75,11.12,6,3,18,2,11,56.1,39.87,59.53,61.59,56.87,33.37,1,Racing de Santander 4-1 Real Valladolid,2026-05-16
Racing de Santander,2.9,1.68,1.22,1.65,1.01,0.64,0.49,0.66,-0.17,2.14,1.68,0.46,,,,,,4,1,3,1.78,53.4,57.04,,,46.46,0.53,0.51,201,12,11,11,20.75,21.57,11.03,3,6,15,6,13,84.6,60.13,37.13,38.41,113.53,66.63,2,Racing de Santander 4-1 Real Valladolid,2026-05-16
Burgos,1.1,0.49,0.61,1.1,0.22,0.88,0.0,0.26,-0.26,1.1,0.49,0.61,,,,,,1,0,1,0.39,45.1,53.03,,,43.02,0.41,0.19,135,6,8,8,19.51,42.11,9.7,3,5,11,5,14,60.9,51.31,67.33,78.29,90.43,71.94,2,Granada 0-1 Burgos,2026-05-16
Granada,0.49,1.1,-0.61,0.22,1.1,-0.88,0.26,0.0,0.26,0.49,1.1,-0.61,,,,,,0,1,-1,-0.39,54.9,46.97,,,42.01,0.19,0.41,153,7,8,8,42.11,19.51,9.59,5,3,13,3,17,57.8,48.69,18.67,21.71,35.27,28.06,2,Granada 0-1 Burgos,2026-05-16
Málaga,2.16,0.8,1.36,2.16,0.76,1.4,0.0,0.03,-0.03,2.16,0.8,1.36,,,,,,4,1,3,1.64,51.6,45.65,,,41.2,0.52,0.52,175,10,11,15,21.15,28.85,12.34,3,3,2,1,11,58.0,32.95,39.87,31.44,98.27,63.98,0,Ceuta 1-4 Málaga,2026-05-16
Ceuta,0.8,2.16,-1.36,0.76,2.16,-1.4,0.03,0.0,0.03,0.8,2.16,-1.36,,,,,,1,4,-3,-1.64,48.4,54.35,,,47.09,0.52,0.52,216,7,15,11,28.85,21.15,11.35,3,3,18,5,17,118.0,67.05,86.93,68.56,55.33,36.02,0,Ceuta 1-4 Málaga,2026-05-16
Eibar,1.68,1.45,0.23,0.89,1.45,-0.56,0.04,0.0,0.04,0.92,1.45,-0.53,,,,,,1,2,-1,-1.23,46.5,45.82,,,42.85,0.76,0.45,150,12,14,8,18.42,17.78,12.24,5,2,13,4,11,75.5,45.87,72.0,55.35,68.57,46.24,3,Cultural Leonesa 2-1 Eibar,2026-05-16
Cultural Leonesa,1.45,1.68,-0.23,1.45,0.89,0.56,0.0,0.04,-0.04,1.45,0.92,0.53,,,,,,2,1,1,1.23,53.5,54.18,,,46.16,0.45,0.76,243,6,8,14,17.78,18.42,11.87,2,5,13,4,12,89.1,54.13,58.07,44.65,79.73,53.76,1,Cultural Leonesa 2-1 Eibar,2026-05-16
Mirandés,0.8,1.44,-0.64,0.18,0.84,-0.66,0.61,0.59,0.02,0.8,1.44,-0.64,,,,,,2,2,0,0.64,43.2,38.85,,,43.24,0.3,0.86,136,5,3,17,10.0,19.77,11.59,4,4,11,2,15,12.8,7.57,61.87,65.44,22.07,19.8,1,Real Sociedad II 2-2 Mirandés,2026-05-16
Real Sociedad II,1.44,0.8,0.64,0.84,0.18,0.66,0.59,0.61,-0.02,1.44,0.8,0.64,,,,,,2,2,0,-0.64,56.8,61.15,,,49.4,0.86,0.3,224,13,17,3,19.77,10.0,10.45,4,4,32,5,13,156.3,92.43,32.67,34.56,89.37,80.2,2,Real Sociedad II 2-2 Mirandés,2026-05-16
Albacete,2.48,2.44,0.04,1.77,2.15,-0.38,0.71,0.29,0.42,2.48,2.44,0.04,,,,,,2,1,1,0.96,24.9,21.99,,,45.52,0.37,1.58,91,11,12,31,32.43,19.62,14.63,3,9,14,7,6,16.6,4.39,120.8,96.74,46.3,22.06,4,Córdoba 1-2 Albacete,2026-05-15
Córdoba,2.44,2.48,-0.04,2.15,1.77,0.38,0.29,0.71,-0.42,2.44,2.48,-0.04,,,,,,1,2,-1,-0.96,75.1,78.01,,,56.76,1.58,0.37,440,34,31,12,19.62,32.43,6.44,9,3,41,12,9,361.6,95.61,4.07,3.26,163.57,77.94,1,Córdoba 1-2 Albacete,2026-05-15
Cádiz,0.74,3.29,-2.55,0.29,2.93,-2.64,0.45,0.36,0.09,0.74,3.29,-2.55,,,,,,1,1,0,2.55,38.1,19.77,,,38.84,0.08,1.46,97,2,4,19,50.0,13.01,11.29,2,10,4,1,14,10.3,3.24,65.67,64.21,13.07,4.24,0,Castellón 1-1 Cádiz,2026-05-15
Castellón,3.29,0.74,2.55,2.93,0.29,2.64,0.36,0.45,-0.09,3.29,0.74,2.55,,,,,,1,1,0,-2.55,61.9,80.23,,,55.6,1.46,0.08,351,27,19,4,13.01,50.0,7.18,10,2,29,6,14,308.0,96.76,36.6,35.79,295.2,95.76,3,Castellón 1-1 Cádiz,2026-05-15
Real Sociedad II,2.21,1.64,0.57,2.04,1.44,0.6,0.17,0.2,-0.03,2.21,1.64,0.57,,,,,,2,1,1,0.43,38.6,39.42,,,46.12,0.76,0.85,123,11,16,19,21.05,22.35,12.85,4,9,15,7,14,55.9,32.73,72.47,79.93,109.17,62.79,4,Huesca 1-2 Real Sociedad II,2026-05-11
Huesca,1.64,2.21,-0.57,1.44,2.04,-0.6,0.2,0.17,0.03,1.64,2.21,-0.57,,,,,,1,2,-1,-0.43,61.4,60.58,,,47.53,0.85,0.76,216,16,19,16,22.35,21.05,6.84,9,4,33,9,9,114.9,67.27,18.2,20.07,64.7,37.21,3,Huesca 1-2 Real Sociedad II,2026-05-11
Granada,0.53,2.74,-2.21,0.34,2.63,-2.29,0.18,0.11,0.07,0.53,2.74,-2.21,,,,,,0,1,-1,1.21,44.9,27.67,,,42.54,0.27,1.31,132,5,6,19,22.22,14.5,9.4,1,9,12,2,16,25.6,10.72,49.53,55.7,18.9,8.7,0,Córdoba 1-0 Granada,2026-05-10
Córdoba,2.74,0.53,2.21,2.63,0.34,2.29,0.11,0.18,-0.07,2.74,0.53,2.21,,,,,,1,0,1,-1.21,55.1,72.33,,,54.64,1.31,0.27,253,18,19,6,14.5,22.22,5.58,9,1,22,3,18,213.3,89.28,39.4,44.3,198.37,91.3,5,Córdoba 1-0 Granada,2026-05-10
Eibar,1.05,1.36,-0.31,0.99,1.25,-0.26,0.06,0.11,-0.05,1.05,1.36,-0.31,,,,,,1,0,1,1.31,44.5,44.79,,,44.02,0.63,0.66,145,12,8,19,12.7,28.79,12.23,2,5,10,4,11,66.7,38.44,57.73,52.52,66.43,51.13,2,Mirandés 0-1 Eibar,2026-05-10
Mirandés,1.36,1.05,0.31,1.25,0.99,0.26,0.11,0.06,0.05,1.36,1.05,0.31,,,,,,0,1,-1,-1.31,55.5,55.21,,,47.55,0.66,0.63,224,9,19,8,28.79,12.7,11.11,5,2,24,6,11,106.8,61.56,52.2,47.48,63.5,48.87,4,Mirandés 0-1 Eibar,2026-05-10
Racing de Santander,1.72,2.43,-0.71,0.65,2.09,-1.44,0.31,0.34,-0.03,0.96,2.43,-1.47,,,,,,2,1,1,1.71,40.9,40.17,,,45.21,0.36,0.99,116,8,13,10,36.11,10.1,7.39,4,3,4,3,22,64.8,42.27,71.8,69.89,113.07,63.04,0,Leganés 1-2 Racing de Santander,2026-05-10
Leganés,2.43,1.72,0.71,2.09,0.65,1.44,0.34,0.31,0.03,2.43,0.96,1.47,,,,,,1,2,-1,-1.71,59.1,59.83,,,45.93,0.99,0.36,199,9,10,13,10.1,36.11,6.26,3,4,26,5,19,88.5,57.73,30.93,30.11,66.3,36.96,6,Leganés 1-2 Racing de Santander,2026-05-10
Las Palmas,1.37,3.62,-2.25,0.44,3.42,-2.98,0.17,0.2,-0.03,0.61,3.62,-3.01,,,,,,1,5,-4,-1.75,41.3,44.27,,,45.71,0.37,1.25,141,11,8,20,21.62,16.0,12.72,5,6,12,4,12,46.5,24.92,108.47,92.18,105.5,50.69,1,FC Andorra 5-1 Las Palmas,2026-05-10
FC Andorra,3.62,1.37,2.25,3.42,0.44,2.98,0.2,0.17,0.03,3.62,0.61,3.01,,,,,,5,1,4,1.75,58.7,55.73,,,43.88,1.25,0.37,195,11,20,8,16.0,21.62,7.94,6,5,13,3,13,140.1,75.08,9.2,7.82,102.63,49.31,0,FC Andorra 5-1 Las Palmas,2026-05-10
Sporting de Gijón,1.77,2.83,-1.06,1.55,2.68,-1.13,0.22,0.14,0.08,1.77,2.83,-1.06,,,,,,1,2,-1,0.06,34.2,21.43,,,45.89,0.84,1.17,136,11,5,24,5.95,20.51,20.45,4,6,8,1,11,34.9,7.59,114.2,89.08,44.2,14.44,1,Málaga 2-1 Sporting de Gijón,2026-05-09
Málaga,2.83,1.77,1.06,2.68,1.55,1.13,0.14,0.22,-0.08,2.83,1.77,1.06,,,,,,2,1,1,-0.06,65.8,78.57,,,58.61,1.17,0.84,452,20,24,5,20.51,5.95,12.61,6,4,21,9,4,424.9,92.41,14.0,10.92,262.0,85.56,0,Málaga 2-1 Sporting de Gijón,2026-05-09
Real Zaragoza,0.59,1.14,-0.55,0.45,1.02,-0.57,0.14,0.11,0.03,0.59,1.14,-0.55,,,,,,0,2,-2,-1.45,56.4,63.4,,,50.79,0.66,0.18,230,10,8,6,12.12,33.33,8.34,2,2,23,4,18,105.5,81.34,30.53,41.48,89.73,66.08,0,Real Valladolid 2-0 Real Zaragoza,2026-05-09
Real Valladolid,1.14,0.59,0.55,1.02,0.45,0.57,0.11,0.14,-0.03,1.14,0.59,0.55,,,,,,2,0,2,1.45,43.6,36.6,,,41.16,0.18,0.66,119,4,6,8,33.33,12.12,10.34,2,2,10,2,22,24.2,18.66,43.07,58.52,46.07,33.92,1,Real Valladolid 2-0 Real Zaragoza,2026-05-09
Cultural Leonesa,0.85,2.22,-1.37,0.79,1.25,-0.46,0.06,0.21,-0.15,0.85,1.46,-0.61,,,,,,1,2,-1,0.37,60.0,54.55,,,49.38,1.27,0.81,283,15,12,17,9.45,20.99,14.6,3,6,16,5,11,135.2,60.55,17.13,13.7,59.5,30.49,1,Albacete 2-1 Cultural Leonesa,2026-05-09
Albacete,2.22,0.85,1.37,1.25,0.79,0.46,0.21,0.06,0.15,1.46,0.85,0.61,,,,,,2,1,1,-0.37,40.0,45.45,,,49.65,0.81,1.27,183,15,17,12,20.99,9.45,14.93,6,3,15,3,10,88.1,39.45,107.87,86.3,135.63,69.51,4,Albacete 2-1 Cultural Leonesa,2026-05-09
Almería,1.53,1.4,0.13,1.38,1.0,0.38,0.15,0.39,-0.24,1.53,1.4,0.13,,,,,,0,0,0,-0.13,46.0,45.49,,,45.95,0.46,0.74,169,6,20,20,43.48,27.03,16.04,4,6,19,4,9,72.0,42.08,46.33,56.92,79.03,45.45,1,Burgos 0-0 Almería,2026-05-09
Burgos,1.4,1.53,-0.13,1.0,1.38,-0.38,0.39,0.15,0.24,1.4,1.53,-0.13,,,,,,0,0,0,0.13,54.0,54.51,,,46.58,0.74,0.46,188,16,20,20,27.03,43.48,11.28,6,4,32,10,7,99.1,57.92,35.07,43.08,94.87,54.55,1,Burgos 0-0 Almería,2026-05-09
Castellón,2.86,1.39,1.47,1.95,0.55,1.4,0.91,0.08,0.83,2.86,0.63,2.23,,,,,,1,1,0,-1.47,50.2,60.83,,,54.51,0.89,0.5,240,24,18,8,20.22,16.0,7.93,8,3,19,6,15,169.7,83.55,68.8,82.3,224.73,90.92,2,Ceuta 1-1 Castellón,2026-05-09
Ceuta,1.39,2.86,-1.47,0.55,1.95,-1.4,0.08,0.91,-0.83,0.63,2.86,-2.23,,,,,,1,1,0,1.47,49.8,39.17,,,41.14,0.5,0.89,143,7,8,18,16.0,20.22,10.58,3,8,12,6,15,33.4,16.45,14.8,17.7,22.43,9.08,0,Ceuta 1-1 Castellón,2026-05-09
Deportivo de La Coruña,2.57,0.74,1.83,2.01,0.57,1.44,0.55,0.17,0.38,2.57,0.74,1.83,,,,,,1,0,1,-0.83,58.6,63.58,,,51.17,1.55,0.3,250,25,19,7,12.26,23.33,7.31,9,2,23,9,18,183.0,92.52,37.73,34.32,157.8,87.15,0,Cádiz 0-1 Deportivo de La Coruña,2026-05-08
Cádiz,0.74,2.57,-1.83,0.57,2.01,-1.44,0.17,0.55,-0.38,0.74,2.57,-1.83,,,,,,0,1,-1,0.83,41.4,36.42,,,44.19,0.3,1.55,144,4,7,19,23.33,12.26,10.31,2,9,14,3,10,14.8,7.48,72.2,65.68,23.27,12.85,0,Cádiz 0-1 Deportivo de La Coruña,2026-05-08
Mirandés,1.73,1.33,0.4,1.67,0.43,1.24,0.06,0.14,-0.08,1.73,0.57,1.16,,,,,,2,4,-2,-2.4,40.6,35.41,,,43.98,0.63,1.02,129,8,12,11,19.05,10.78,11.94,3,5,15,6,14,36.3,23.68,77.8,93.14,120.47,77.44,2,Almería 4-2 Mirandés,2026-05-04
Almería,1.33,1.73,-0.4,0.43,1.67,-1.24,0.14,0.06,0.08,0.57,1.73,-1.16,,,,,,4,2,2,2.4,59.4,64.59,,,47.67,1.02,0.63,233,10,11,12,10.78,19.05,8.17,5,3,25,5,11,117.0,76.32,5.73,6.86,35.1,22.56,2,Almería 4-2 Mirandés,2026-05-04
Real Valladolid,1.33,0.9,0.43,0.52,0.86,-0.34,0.81,0.04,0.77,1.33,0.9,0.43,,,,,,1,2,-1,-1.43,44.4,25.38,,,35.33,0.29,0.39,100,9,8,12,27.59,30.77,14.87,3,7,14,7,15,29.5,15.91,87.6,53.81,14.67,6.12,1,Las Palmas 2-1 Real Valladolid,2026-05-03
Las Palmas,0.9,1.33,-0.43,0.86,0.52,0.34,0.04,0.81,-0.77,0.9,1.33,-0.43,,,,,,2,1,1,1.43,55.6,74.62,,,50.59,0.39,0.29,309,10,12,8,30.77,27.59,9.7,7,3,8,3,9,155.9,84.09,75.2,46.19,225.0,93.88,0,Las Palmas 2-1 Real Valladolid,2026-05-03
Burgos,0.56,0.91,-0.35,0.54,0.91,-0.37,0.02,0.0,0.02,0.56,0.91,-0.35,,,,,,0,0,0,0.35,50.3,43.73,,,44.01,0.64,0.82,178,10,7,15,10.94,18.29,10.15,5,10,12,2,10,62.5,35.55,39.2,38.53,51.93,29.17,0,Real Sociedad II 0-0 Burgos,2026-05-03
Real Sociedad II,0.91,0.56,0.35,0.91,0.54,0.37,0.0,0.02,-0.02,0.91,0.56,0.35,,,,,,0,0,0,-0.35,49.7,56.27,,,50.66,0.82,0.64,226,10,15,7,18.29,10.94,8.11,10,5,13,2,23,113.3,64.45,62.53,61.47,126.07,70.83,0,Real Sociedad II 0-0 Burgos,2026-05-03
Ceuta,1.75,1.99,-0.24,1.68,1.89,-0.21,0.07,0.1,-0.03,1.75,1.99,-0.24,,,,,,2,1,1,1.24,53.4,42.94,,,43.07,0.47,1.26,217,13,18,9,38.3,7.14,13.58,3,5,9,2,11,106.9,49.1,27.4,19.99,59.33,23.91,0,Sporting de Gijón 1-2 Ceuta,2026-05-03
Sporting de Gijón,1.99,1.75,0.24,1.89,1.68,0.21,0.1,0.07,0.03,1.99,1.75,0.24,,,,,,1,2,-1,-1.24,46.6,57.06,,,50.99,1.26,0.47,274,17,9,18,7.14,38.3,14.47,5,3,24,6,16,110.8,50.9,109.67,80.01,188.8,76.09,2,Sporting de Gijón 1-2 Ceuta,2026-05-03
Huesca,1.22,3.8,-2.58,0.39,2.85,-2.46,0.07,0.94,-0.87,0.46,3.8,-3.34,,,,,,2,4,-2,0.58,35.8,29.23,,,42.73,0.26,1.39,125,10,9,25,34.62,17.99,11.1,6,8,12,3,15,36.7,11.91,97.87,84.41,44.37,18.44,0,Racing de Santander 4-2 Huesca,2026-05-03
Racing de Santander,3.8,1.22,2.58,2.85,0.39,2.46,0.94,0.07,0.87,3.8,0.46,3.34,,,,,,4,2,2,-0.58,64.2,70.77,,,53.87,1.39,0.26,395,28,25,9,17.99,34.62,8.21,8,6,22,12,11,271.4,88.09,18.07,15.59,196.27,81.56,2,Racing de Santander 4-2 Huesca,2026-05-03
Málaga,2.73,2.65,0.08,1.97,2.64,-0.67,0.0,0.02,-0.02,1.97,2.65,-0.68,,,,,,4,2,2,1.92,58.1,65.33,,,46.94,0.74,0.53,326,14,19,13,25.68,24.53,13.27,6,4,11,6,7,172.5,75.23,39.47,21.65,87.93,60.53,1,Eibar 2-4 Málaga,2026-05-02
Eibar,2.65,2.73,-0.08,2.64,1.97,0.67,0.02,0.0,0.02,2.65,1.97,0.68,,,,,,2,4,-2,-1.92,41.9,34.67,,,41.2,0.53,0.74,152,8,13,19,24.53,25.68,17.24,4,6,16,2,8,56.8,24.77,142.87,78.35,57.33,39.47,1,Eibar 2-4 Málaga,2026-05-02
Córdoba,2.94,2.53,0.41,2.87,2.03,0.84,0.07,0.5,-0.43,2.94,2.53,0.41,,,,,,2,1,1,0.59,44.3,34.41,,,40.2,0.51,1.64,112,6,12,24,23.53,14.63,7.55,4,5,8,3,23,22.6,10.14,37.87,45.96,22.7,12.13,5,Castellón 1-2 Córdoba,2026-05-02
Castellón,2.53,2.94,-0.41,2.03,2.87,-0.84,0.5,0.07,0.43,2.53,2.94,-0.41,,,,,,1,2,-1,-0.59,55.7,65.59,,,48.58,1.64,0.51,209,26,24,12,14.63,23.53,6.74,5,4,27,12,10,200.2,89.86,44.53,54.04,164.47,87.87,1,Castellón 1-2 Córdoba,2026-05-02
Cádiz,1.03,1.47,-0.44,0.83,1.47,-0.64,0.2,0.0,0.2,1.03,1.47,-0.44,,,,,,2,2,0,0.44,42.2,39.87,,,46.41,0.42,0.9,162,5,9,14,21.43,15.56,13.15,3,3,16,4,11,32.3,21.72,60.13,67.21,46.6,35.2,0,Cultural Leonesa 2-2 Cádiz,2026-05-02
Cultural Leonesa,1.47,1.03,0.44,1.47,0.83,0.64,0.0,0.2,-0.2,1.47,1.03,0.44,,,,,,2,2,0,-0.44,57.8,60.13,,,49.74,0.9,0.42,234,15,14,9,15.56,21.43,9.93,3,3,17,4,13,116.4,78.28,29.33,32.79,85.8,64.8,4,Cultural Leonesa 2-2 Cádiz,2026-05-02
Granada,1.46,1.09,0.37,1.19,1.09,0.1,0.27,0.0,0.27,1.46,1.09,0.37,,,,,,1,0,1,0.63,53.4,40.0,,,44.63,0.29,0.4,154,8,11,7,37.93,17.5,6.47,3,6,16,7,17,73.6,52.31,13.2,16.67,44.43,32.87,1,Real Zaragoza 0-1 Granada,2026-05-01
Real Zaragoza,1.09,1.46,-0.37,1.09,1.19,-0.1,0.0,0.27,-0.27,1.09,1.46,-0.37,,,,,,0,1,-1,-0.63,46.6,60.0,,,52.27,0.4,0.29,179,10,7,11,17.5,37.93,7.85,6,3,31,7,16,67.1,47.69,66.0,83.33,90.73,67.13,6,Real Zaragoza 0-1 Granada,2026-05-01
Leganés,2.08,2.56,-0.48,1.32,2.37,-1.05,0.0,0.19,-0.19,1.32,2.56,-1.24,,,,,,1,2,-1,-0.52,42.3,31.74,,,41.94,0.89,1.38,138,7,14,16,15.73,11.59,15.25,3,4,11,2,11,49.1,18.99,69.47,54.64,38.47,16.09,2,Deportivo de La Coruña 2-1 Leganés,2026-05-01
Deportivo de La Coruña,2.56,2.08,0.48,2.37,1.32,1.05,0.19,0.0,0.19,2.56,1.32,1.24,,,,,,2,1,1,0.52,57.7,68.26,,,54.28,1.38,0.89,315,17,16,14,11.59,15.73,11.52,4,3,21,9,12,209.4,81.01,57.67,45.36,200.57,83.91,0,Deportivo de La Coruña 2-1 Leganés,2026-05-01
Albacete,1.4,1.81,-0.41,1.4,1.81,-0.41,0.0,0.0,0.0,1.4,1.81,-0.41,,,,,,1,0,1,1.41,22.7,21.25,,,45.78,0.52,0.9,101,4,4,25,7.69,27.78,25.61,5,1,7,2,10,0.3,0.07,175.53,99.62,19.77,7.0,1,FC Andorra 0-1 Albacete,2026-05-01
FC Andorra,1.81,1.4,0.41,1.81,1.4,0.41,0.0,0.0,0.0,1.81,1.4,0.41,,,,,,0,1,-1,-1.41,77.3,78.75,,,56.91,0.9,0.52,509,17,25,4,27.78,7.69,8.7,1,5,39,6,10,422.5,99.93,0.67,0.38,262.7,93.0,1,FC Andorra 0-1 Albacete,2026-05-01
Las Palmas,1.13,1.02,0.11,1.01,0.46,0.55,0.12,0.56,-0.44,1.13,1.02,0.11,,,,,,2,1,1,0.89,51.6,45.28,,,45.12,0.14,0.38,206,8,14,11,100.0,28.95,14.52,7,6,10,5,8,75.3,51.12,48.4,53.23,81.97,59.07,0,Cádiz 1-2 Las Palmas,2026-04-27
Cádiz,1.02,1.13,-0.11,0.46,1.01,-0.55,0.56,0.12,0.44,1.02,1.13,-0.11,,,,,,1,2,-1,-0.89,48.4,54.72,,,44.31,0.38,0.14,191,7,11,14,28.95,100.0,16.39,6,7,20,6,9,72.0,48.88,42.53,46.77,56.8,40.93,0,Cádiz 1-2 Las Palmas,2026-04-27
Racing de Santander,3.2,0.59,2.61,2.38,0.59,1.79,0.82,0.0,0.82,3.2,0.59,2.61,,,,,,0,0,0,-2.61,59.8,67.45,,,51.05,0.65,0.57,267,25,19,6,29.23,10.53,5.43,9,3,13,9,13,183.6,94.3,35.4,33.59,160.67,87.59,0,Ceuta 0-0 Racing de Santander,2026-04-26
Ceuta,0.59,3.2,-2.61,0.59,2.38,-1.79,0.0,0.82,-0.82,0.59,3.2,-2.61,,,,,,0,0,0,2.61,40.2,32.55,,,38.9,0.57,0.65,103,8,6,19,10.53,29.23,11.41,3,9,10,1,17,11.1,5.7,70.0,66.41,22.77,12.41,0,Ceuta 0-0 Racing de Santander,2026-04-26
FC Andorra,2.68,2.83,-0.15,2.41,2.72,-0.31,0.26,0.11,0.15,2.68,2.83,-0.15,,,,,,4,0,4,4.15,56.5,50.57,,,43.6,0.58,1.06,174,13,15,17,25.86,16.04,9.77,3,1,7,5,13,94.8,46.56,23.27,20.65,88.43,50.85,0,Leganés 0-4 FC Andorra,2026-04-26
Leganés,2.83,2.68,0.15,2.72,2.41,0.31,0.11,0.26,-0.15,2.83,2.68,0.15,,,,,,0,4,-4,-4.15,43.5,49.43,,,45.65,1.06,0.58,158,14,17,15,16.04,25.86,13.55,1,3,23,9,12,108.8,53.44,89.4,79.35,85.47,49.15,1,Leganés 0-4 FC Andorra,2026-04-26
Real Zaragoza,2.19,3.2,-1.01,1.24,1.54,-0.3,0.95,0.14,0.81,2.19,1.68,0.51,,,,,,0,1,-1,0.01,60.8,64.39,,,50.47,0.52,0.44,262,11,7,12,13.46,27.27,7.03,1,1,20,5,20,127.2,67.16,19.87,28.63,108.87,57.94,6,Huesca 1-0 Real Zaragoza,2026-04-26
Huesca,3.2,2.19,1.01,1.54,1.24,0.3,0.14,0.95,-0.81,1.68,2.19,-0.51,,,,,,1,0,1,-0.01,39.2,35.61,,,45.65,0.44,0.52,139,7,12,7,27.27,13.46,10.86,1,1,14,1,15,62.2,32.84,49.53,71.37,79.03,42.06,0,Huesca 1-0 Real Zaragoza,2026-04-26
Almería,2.26,0.68,1.58,1.4,0.65,0.75,0.11,0.03,0.08,1.5,0.68,0.82,,,,,,4,2,2,0.42,48.7,53.6,,,42.92,1.16,0.31,131,15,19,10,16.38,32.26,9.4,2,3,10,3,14,108.7,75.12,49.2,58.25,147.7,88.51,0,Granada 2-4 Almería,2026-04-26
Granada,0.68,2.26,-1.58,0.65,1.4,-0.75,0.03,0.11,-0.08,0.68,1.5,-0.82,,,,,,2,4,-2,-0.42,51.3,46.4,,,43.8,0.31,1.16,134,6,10,19,32.26,16.38,11.43,3,2,19,4,11,36.0,24.88,35.27,41.75,19.17,11.49,1,Granada 2-4 Almería,2026-04-26
Cultural Leonesa,0.75,1.65,-0.9,0.67,0.97,-0.3,0.08,0.68,-0.6,0.75,1.65,-0.9,,,,,,1,2,-1,-0.1,48.5,48.59,,,47.77,0.32,0.82,162,6,10,20,31.25,24.39,12.7,2,2,9,2,19,43.1,30.52,45.67,47.8,29.2,23.3,4,Mirandés 2-1 Cultural Leonesa,2026-04-26
Mirandés,1.65,0.75,0.9,0.97,0.67,0.3,0.68,0.08,0.6,1.65,0.75,0.9,,,,,,2,1,1,0.1,51.5,51.41,,,48.94,0.82,0.32,186,16,20,10,24.39,31.25,11.92,2,2,27,6,6,98.1,69.48,49.87,52.2,96.1,76.7,3,Mirandés 2-1 Cultural Leonesa,2026-04-26
Sporting de Gijón,1.16,1.93,-0.77,1.02,1.49,-0.47,0.14,0.44,-0.3,1.16,1.93,-0.77,,,,,,2,3,-1,-0.23,39.8,43.23,,,48.99,0.56,1.13,165,14,8,16,14.29,14.16,11.88,2,5,9,3,11,60.9,27.9,69.07,80.69,68.0,34.78,5,Córdoba 3-2 Sporting de Gijón,2026-04-26
Córdoba,1.93,1.16,0.77,1.49,1.02,0.47,0.44,0.14,0.3,1.93,1.16,0.77,,,,,,3,2,1,0.23,60.2,56.77,,,49.64,1.13,0.56,233,17,16,8,14.16,14.29,9.18,5,2,25,9,12,157.4,72.1,16.53,19.31,127.5,65.22,2,Córdoba 3-2 Sporting de Gijón,2026-04-26
Castellón,2.25,2.49,-0.24,2.25,1.73,0.52,0.0,0.0,0.0,2.25,1.73,0.52,,,,,,3,2,1,1.24,44.5,58.36,,,51.02,0.79,0.94,202,16,13,12,16.46,12.77,11.08,3,3,14,3,23,137.1,63.06,100.93,89.06,192.0,84.89,0,Málaga 2-3 Castellón,2026-04-25
Málaga,2.49,2.25,0.24,1.73,2.25,-0.52,0.0,0.0,0.0,1.73,2.25,-0.52,,,,,,2,3,-1,-1.24,55.5,41.64,,,39.31,0.94,0.79,157,15,12,13,12.77,16.46,6.95,3,3,7,1,12,80.3,36.94,12.4,10.94,34.17,15.11,1,Málaga 2-3 Castellón,2026-04-25
Deportivo de La Coruña,0.44,1.54,-1.1,0.44,0.44,0.0,0.0,0.33,-0.33,0.44,0.78,-0.34,,,,,,1,1,0,1.1,50.6,47.22,,,46.48,0.03,1.06,223,6,7,12,233.33,11.32,12.67,0,4,12,3,15,77.6,41.12,37.07,36.7,49.8,33.88,0,Burgos 1-1 Deportivo de La Coruña,2026-04-25
Burgos,1.54,0.44,1.1,0.44,0.44,0.0,0.33,0.0,0.33,0.78,0.44,0.34,,,,,,1,1,0,-1.1,49.4,52.78,,,48.28,1.06,0.03,231,16,12,7,11.32,233.33,10.15,4,0,23,7,13,111.1,58.88,63.93,63.3,97.17,66.12,1,Burgos 1-1 Deportivo de La Coruña,2026-04-25
Real Sociedad II,1.02,0.87,0.15,0.78,0.83,-0.05,0.24,0.03,0.21,1.02,0.87,0.15,,,,,,0,1,-1,-1.15,45.4,41.85,,,45.58,0.78,1.07,159,4,11,11,14.1,10.28,12.03,2,5,12,1,12,63.1,40.42,70.0,57.13,74.67,45.82,0,Real Valladolid 1-0 Real Sociedad II,2026-04-25
Real Valladolid,0.87,1.02,-0.15,0.83,0.78,0.05,0.03,0.24,-0.21,0.87,1.02,-0.15,,,,,,1,0,1,1.15,54.6,58.15,,,46.48,1.07,0.78,201,13,11,11,10.28,14.1,9.44,5,2,30,9,12,93.0,59.58,52.53,42.87,88.3,54.18,1,Real Valladolid 1-0 Real Sociedad II,2026-04-25
Eibar,1.6,1.46,0.14,1.39,0.88,0.51,0.21,0.58,-0.37,1.6,1.46,0.14,,,,,,3,0,3,2.86,38.9,28.23,,,38.69,0.31,0.92,117,7,11,25,35.48,27.17,24.14,3,8,9,3,6,44.1,16.59,108.13,69.97,123.97,57.66,0,Albacete 0-3 Eibar,2026-04-24
Albacete,1.46,1.6,-0.14,0.88,1.39,-0.51,0.58,0.21,0.37,1.46,1.6,-0.14,,,,,,0,3,-3,-2.86,61.1,71.77,,,52.75,0.92,0.31,402,17,25,11,27.17,35.48,18.65,8,3,42,10,7,221.8,83.41,46.4,30.03,91.03,42.34,1,Albacete 0-3 Eibar,2026-04-24
Mirandés,2.98,2.79,0.19,1.46,2.03,-0.57,0.0,0.0,0.0,1.46,2.03,-0.57,,,,,,1,3,-2,-2.19,48.0,49.57,,,45.77,0.46,0.54,163,9,12,12,26.09,22.22,7.93,4,2,15,5,16,62.2,40.84,62.8,62.67,60.97,46.45,1,Deportivo de La Coruña 3-1 Mirandés,2026-04-20
Deportivo de La Coruña,2.79,2.98,-0.19,2.03,1.46,0.57,0.0,0.0,0.0,2.03,1.46,0.57,,,,,,3,1,2,2.19,52.0,50.43,,,45.73,0.54,0.46,166,9,12,12,22.22,26.09,7.8,2,4,6,1,22,90.1,59.16,37.4,37.33,70.3,53.55,0,Deportivo de La Coruña 3-1 Mirandés,2026-04-20
Málaga,0.59,1.64,-1.05,0.52,1.51,-0.99,0.07,0.12,-0.05,0.59,1.64,-1.05,,,,,,2,3,-1,0.05,53.5,48.56,,,48.83,0.37,0.87,241,9,13,19,35.14,21.84,11.1,3,5,13,5,9,97.8,40.3,24.2,22.86,56.87,23.27,1,Almería 3-2 Málaga,2026-04-19
Almería,1.64,0.59,1.05,1.51,0.52,0.99,0.12,0.07,0.05,1.64,0.59,1.05,,,,,,3,2,1,-0.05,46.5,51.44,,,50.78,0.87,0.37,205,18,19,13,21.84,35.14,12.84,5,3,19,3,18,144.9,59.7,81.67,77.14,187.57,76.73,0,Almería 3-2 Málaga,2026-04-19
Huesca,0.59,2.25,-1.66,0.19,1.38,-1.19,0.39,0.87,-0.48,0.59,2.25,-1.66,,,,,,1,2,-1,0.66,52.3,53.58,,,47.38,0.4,0.78,238,5,6,13,15.0,16.67,16.48,5,2,16,4,10,80.7,37.17,83.0,58.07,87.83,41.12,3,Eibar 2-1 Huesca,2026-04-19
Eibar,2.25,0.59,1.66,1.38,0.19,1.19,0.87,0.39,0.48,2.25,0.59,1.66,,,,,,2,1,1,-0.66,47.7,46.42,,,42.74,0.78,0.4,163,15,13,6,16.67,15.0,17.45,2,5,13,4,10,136.4,62.83,59.93,41.93,125.77,58.88,5,Eibar 2-1 Huesca,2026-04-19
Granada,1.5,2.2,-0.7,1.32,2.17,-0.85,0.18,0.03,0.15,1.5,2.2,-0.7,,,,,,1,4,-3,-2.3,71.8,61.74,,,46.63,1.31,0.61,289,13,15,12,11.45,19.67,7.5,8,2,36,6,10,139.7,69.12,1.13,0.71,61.88,22.24,1,Albacete 4-1 Granada,2026-04-19
Albacete,2.2,1.5,0.7,2.17,1.32,0.85,0.03,0.18,-0.15,2.2,1.5,0.7,,,,,,4,1,3,2.3,28.2,38.26,,,47.19,0.61,1.31,123,13,12,15,19.67,11.45,18.66,2,8,15,3,18,62.4,30.88,158.67,99.29,216.39,77.76,6,Albacete 4-1 Granada,2026-04-19
Cádiz,0.55,3.26,-2.71,0.54,3.24,-2.7,0.01,0.02,-0.01,0.55,3.26,-2.71,,,,,,0,3,-3,-0.29,49.6,51.03,,,50.52,0.66,0.97,223,10,11,15,16.67,15.46,7.04,8,2,24,5,15,104.5,42.0,47.4,50.11,77.37,28.1,3,Sporting de Gijón 3-0 Cádiz,2026-04-19
Sporting de Gijón,3.26,0.55,2.71,3.24,0.54,2.7,0.02,0.01,0.01,3.26,0.55,2.71,,,,,,3,0,3,0.29,50.4,48.97,,,50.96,0.97,0.66,225,13,15,11,15.46,16.67,10.97,2,8,16,2,13,144.3,58.0,47.2,49.89,197.92,71.9,1,Sporting de Gijón 3-0 Cádiz,2026-04-19
Real Valladolid,0.2,1.77,-1.57,0.2,1.77,-1.57,0.0,0.0,0.0,0.2,1.77,-1.57,,,,,,0,1,-1,0.57,31.2,28.07,,,40.09,0.47,0.82,92,9,4,11,8.51,13.41,17.69,2,5,11,2,13,16.6,9.19,150.07,92.03,49.17,37.98,2,FC Andorra 1-0 Real Valladolid,2026-04-19
FC Andorra,1.77,0.2,1.57,1.77,0.2,1.57,0.0,0.0,0.0,1.77,0.2,1.57,,,,,,1,0,1,-0.57,68.8,71.93,,,46.55,0.82,0.47,292,19,11,4,13.41,8.51,9.77,5,2,22,8,10,164.0,90.81,13.0,7.97,80.3,62.02,0,FC Andorra 1-0 Real Valladolid,2026-04-19
Córdoba,1.75,2.13,-0.38,1.62,2.11,-0.49,0.13,0.02,0.11,1.75,2.13,-0.38,,,,,,2,1,1,1.38,47.2,45.24,,,44.37,0.72,0.87,141,15,19,17,26.39,19.54,7.51,4,7,20,8,15,76.7,44.49,47.0,50.36,73.37,30.99,2,Cultural Leonesa 1-2 Córdoba,2026-04-18
Cultural Leonesa,2.13,1.75,0.38,2.11,1.62,0.49,0.02,0.13,-0.11,2.13,1.75,0.38,,,,,,1,2,-1,-1.38,52.8,54.76,,,47.51,0.87,0.72,192,15,17,19,19.54,26.39,9.24,7,4,9,4,15,95.7,55.51,46.33,49.64,163.37,69.01,2,Cultural Leonesa 1-2 Córdoba,2026-04-18
Burgos,1.05,3.3,-2.25,0.28,3.21,-2.93,0.02,0.09,-0.07,0.29,3.3,-3.01,,,,,,1,3,-2,0.25,36.0,20.34,,,37.35,0.34,1.31,75,7,7,14,20.59,10.69,10.51,7,15,8,1,15,16.3,7.22,63.6,66.53,19.9,8.78,1,Castellón 3-1 Burgos,2026-04-18
Castellón,3.3,1.05,2.25,3.21,0.28,2.93,0.09,0.02,0.07,3.3,0.29,3.01,,,,,,3,1,2,-0.25,64.0,79.66,,,53.55,1.31,0.34,326,16,14,7,10.69,20.59,5.73,15,7,21,7,17,209.6,92.78,32.0,33.47,206.73,91.22,2,Castellón 3-1 Burgos,2026-04-18
Ceuta,1.11,4.82,-3.71,0.56,3.23,-2.67,0.55,0.83,-0.28,1.11,4.06,-2.95,,,,,,2,2,0,3.71,47.6,37.72,,,44.36,0.24,1.57,143,5,8,25,33.33,15.92,9.96,3,7,13,2,14,47.7,19.83,49.07,53.22,37.4,19.18,1,Real Zaragoza 2-2 Ceuta,2026-04-18
Real Zaragoza,4.82,1.11,3.71,3.23,0.56,2.67,0.83,0.55,0.28,4.06,1.11,2.95,,,,,,2,2,0,-3.71,52.4,62.28,,,52.58,1.57,0.24,228,16,25,8,15.92,33.33,8.22,7,3,35,7,15,192.8,80.17,43.13,46.78,157.57,80.82,0,Real Zaragoza 2-2 Ceuta,2026-04-18
Leganés,0.64,1.99,-1.35,0.55,1.88,-1.33,0.09,0.11,-0.02,0.64,1.99,-1.35,,,,,,0,2,-2,-0.65,54.7,58.51,,,47.15,0.37,0.37,230,13,11,12,29.73,32.43,9.05,3,4,19,5,9,105.6,66.92,38.27,36.8,59.87,42.02,1,Las Palmas 2-0 Leganés,2026-04-17
Las Palmas,1.99,0.64,1.35,1.88,0.55,1.33,0.11,0.09,0.02,1.99,0.64,1.35,,,,,,2,0,2,0.65,45.3,41.49,,,44.33,0.37,0.37,167,9,12,11,32.43,29.73,11.54,4,3,12,5,17,52.2,33.08,65.73,63.2,82.6,57.98,0,Las Palmas 2-0 Leganés,2026-04-17
Racing de Santander,1.65,2.0,-0.35,1.65,1.98,-0.33,0.0,0.02,-0.02,1.65,2.0,-0.35,,,,,,3,1,2,2.35,55.2,34.47,,,37.16,0.32,0.67,109,7,11,17,34.38,25.37,7.51,4,13,4,2,14,40.9,28.46,13.8,13.75,27.2,22.82,0,Real Sociedad II 1-3 Racing de Santander,2026-04-17
Real Sociedad II,2.0,1.65,0.35,1.98,1.65,0.33,0.02,0.0,0.02,2.0,1.65,0.35,,,,,,1,3,-2,-2.35,44.8,65.53,,,48.51,0.67,0.32,177,9,17,11,25.37,34.38,7.25,13,4,22,2,28,102.8,71.54,86.6,86.25,92.0,77.18,0,Real Sociedad II 1-3 Racing de Santander,2026-04-17
Eibar,0.0,0.89,-0.89,0.0,0.75,-0.75,0.0,0.14,-0.14,0.0,0.89,-0.89,,,,,,0,0,0,0.89,57.4,50.86,,,41.29,0.11,0.24,172,6,0,9,0.0,37.5,10.31,6,9,14,1,19,51.8,43.57,30.2,20.44,37.0,20.95,2,Real Valladolid 0-0 Eibar,2026-04-13
Real Valladolid,0.89,0.0,0.89,0.75,0.0,0.75,0.14,0.0,0.14,0.89,0.0,0.89,,,,,,0,0,0,-0.89,42.6,49.14,,,45.7,0.24,0.11,195,11,9,0,37.5,0.0,12.45,9,6,30,9,12,67.1,56.43,117.53,79.56,139.63,79.05,0,Real Valladolid 0-0 Eibar,2026-04-13
Almería,1.39,4.37,-2.98,1.39,3.62,-2.23,0.0,0.75,-0.75,1.39,4.37,-2.98,,,,,,1,5,-4,-1.02,43.6,39.17,,,45.1,0.32,1.05,170,6,10,26,31.25,24.76,13.59,5,2,15,0,13,23.8,11.02,60.53,73.23,22.2,8.98,0,Racing de Santander 5-1 Almería,2026-04-12
Racing de Santander,4.37,1.39,2.98,3.62,1.39,2.23,0.75,0.0,0.75,4.37,1.39,2.98,,,,,,5,1,4,1.02,56.4,60.83,,,49.2,1.05,0.32,238,18,26,10,24.76,31.25,9.19,2,5,15,8,15,192.2,88.98,22.13,26.77,224.91,91.02,2,Racing de Santander 5-1 Almería,2026-04-12
Castellón,3.53,2.07,1.46,2.5,1.91,0.59,1.03,0.16,0.87,3.53,2.07,1.46,,,,,,2,2,0,-1.46,50.7,65.41,,,56.12,1.78,0.26,272,22,19,10,10.67,38.46,9.71,10,7,27,7,14,205.7,85.89,66.07,73.79,259.77,89.41,1,Mirandés 2-2 Castellón,2026-04-12
Mirandés,2.07,3.53,-1.46,1.91,2.5,-0.59,0.16,1.03,-0.87,2.07,3.53,-1.46,,,,,,2,2,0,1.46,49.3,34.59,,,43.68,0.26,1.78,150,8,10,19,38.46,10.67,8.56,7,10,19,8,14,33.8,14.11,23.47,26.21,30.77,10.59,2,Mirandés 2-2 Castellón,2026-04-12
FC Andorra,0.76,1.18,-0.42,0.76,1.18,-0.42,0.0,0.0,0.0,0.76,1.18,-0.42,,,,,,1,0,1,1.42,59.2,51.14,,,47.26,0.41,0.83,253,7,7,11,17.07,13.25,11.21,2,10,10,3,13,109.7,56.29,7.67,6.53,57.93,36.54,0,Cádiz 0-1 FC Andorra,2026-04-12
Cádiz,1.18,0.76,0.42,1.18,0.76,0.42,0.0,0.0,0.0,1.18,0.76,0.42,,,,,,0,1,-1,-1.42,40.8,48.86,,,50.32,0.83,0.41,196,13,11,7,13.25,17.07,9.64,10,2,18,6,14,85.2,43.71,109.73,93.47,100.6,63.46,6,Cádiz 0-1 FC Andorra,2026-04-12
Deportivo de La Coruña,0.94,1.09,-0.15,0.73,1.09,-0.36,0.21,0.0,0.21,0.94,1.09,-0.15,,,,,,1,1,0,0.15,55.7,52.52,,,44.21,0.54,0.52,214,13,17,9,31.48,17.31,17.81,0,3,20,9,6,133.5,57.82,38.73,29.85,96.0,47.96,0,Huesca 1-1 Deportivo de La Coruña,2026-04-12
Huesca,1.09,0.94,0.15,1.09,0.73,0.36,0.0,0.21,-0.21,1.09,0.94,0.15,,,,,,1,1,0,-0.15,44.3,47.48,,,43.82,0.52,0.54,171,10,9,17,17.31,31.48,20.96,3,0,21,6,14,97.4,42.18,91.0,70.15,104.17,52.04,2,Huesca 1-1 Deportivo de La Coruña,2026-04-12
Cultural Leonesa,0.68,1.57,-0.89,0.65,0.29,0.36,0.03,0.51,-0.48,0.68,0.81,-0.13,,,,,,0,1,-1,-0.11,52.8,55.84,,,47.96,0.34,0.49,207,8,9,11,26.47,22.45,10.28,3,2,16,3,18,91.4,57.56,57.6,60.38,95.93,56.34,2,Granada 1-0 Cultural Leonesa,2026-04-12
Granada,1.57,0.68,0.89,0.29,0.65,-0.36,0.51,0.03,0.48,0.81,0.68,0.13,,,,,,1,0,1,0.11,47.2,44.16,,,41.7,0.49,0.34,130,7,11,9,22.45,26.47,9.29,2,3,14,4,13,67.4,42.44,37.8,39.62,74.33,43.66,2,Granada 1-0 Cultural Leonesa,2026-04-12
Real Zaragoza,0.74,1.4,-0.66,0.57,1.19,-0.62,0.17,0.21,-0.04,0.74,1.4,-0.66,,,,,,0,1,-1,-0.34,43.3,38.87,,,46.69,0.36,0.81,148,4,9,13,25.0,16.05,9.5,0,6,14,5,16,52.3,28.01,48.4,72.31,55.07,32.29,1,Córdoba 1-0 Real Zaragoza,2026-04-11
Córdoba,1.4,0.74,0.66,1.19,0.57,0.62,0.21,0.17,0.04,1.4,0.74,0.66,,,,,,1,0,1,0.34,56.7,61.13,,,51.74,0.81,0.36,229,12,13,9,16.05,25.0,6.51,6,0,22,5,16,134.4,71.99,18.53,27.69,115.5,67.71,3,Córdoba 1-0 Real Zaragoza,2026-04-11
Las Palmas,1.18,2.55,-1.37,0.98,2.44,-1.46,0.19,0.11,0.08,1.18,2.55,-1.37,,,,,,0,2,-2,-0.63,56.2,54.96,,,47.8,1.41,0.55,293,19,11,17,7.8,30.91,13.71,5,11,18,5,9,136.9,59.14,42.93,35.0,110.17,42.38,0,Málaga 2-0 Las Palmas,2026-04-11
Málaga,2.55,1.18,1.37,2.44,0.98,1.46,0.11,0.19,-0.08,2.55,1.18,1.37,,,,,,2,0,2,0.63,43.8,45.04,,,45.49,0.55,1.41,235,12,17,11,30.91,7.8,13.05,11,5,10,5,14,94.6,40.86,79.73,65.0,149.8,57.62,0,Málaga 2-0 Las Palmas,2026-04-11
Albacete,1.04,2.55,-1.51,1.01,1.8,-0.79,0.03,0.75,-0.72,1.04,2.55,-1.51,,,,,,1,2,-1,0.51,43.9,40.88,,,46.45,0.47,1.26,176,10,9,20,19.15,15.87,12.42,1,2,16,4,13,38.0,20.27,62.27,66.29,39.63,23.15,0,Leganés 2-1 Albacete,2026-04-11
Leganés,2.55,1.04,1.51,1.8,1.01,0.79,0.75,0.03,0.72,2.55,1.04,1.51,,,,,,2,1,1,-0.51,56.1,59.12,,,47.6,1.26,0.47,222,20,20,9,15.87,19.15,9.44,2,1,27,10,16,149.5,79.73,31.67,33.71,131.53,76.85,0,Leganés 2-1 Albacete,2026-04-11
Sporting de Gijón,0.57,1.2,-0.63,0.51,1.15,-0.64,0.06,0.05,0.01,0.57,1.2,-0.63,,,,,,0,1,-1,-0.37,51.9,64.81,,,55.06,0.39,0.66,315,6,11,10,28.21,15.15,8.47,7,4,18,4,12,193.0,73.19,34.67,38.12,157.5,73.5,2,Burgos 1-0 Sporting de Gijón,2026-04-11
Burgos,1.2,0.57,0.63,1.15,0.51,0.64,0.05,0.06,-0.01,1.2,0.57,0.63,,,,,,1,0,1,0.37,48.1,35.19,,,46.52,0.66,0.39,191,12,10,11,15.15,28.21,10.55,4,7,15,2,12,70.7,26.81,56.27,61.88,56.8,26.5,5,Burgos 1-0 Sporting de Gijón,2026-04-11
Real Sociedad II,2.26,2.0,0.26,2.1,1.96,0.14,0.16,0.04,0.12,2.26,2.0,0.26,,,,,,0,0,0,-0.26,41.4,43.51,,,47.48,0.7,0.8,148,12,16,15,22.86,18.75,6.3,9,4,20,3,25,71.9,41.02,74.6,89.59,104.23,59.89,0,Ceuta 0-0 Real Sociedad II,2026-04-10
Ceuta,2.0,2.26,-0.26,1.96,2.1,-0.14,0.04,0.16,-0.12,2.0,2.26,-0.26,,,,,,0,0,0,0.26,58.6,56.49,,,45.05,0.8,0.7,173,13,15,16,18.75,22.86,4.88,4,9,17,4,17,103.4,58.98,8.67,10.41,69.8,40.11,0,Ceuta 0-0 Real Sociedad II,2026-04-10
Real Sociedad II,0.47,3.13,-2.66,0.47,2.74,-2.27,0.0,0.39,-0.39,0.47,3.13,-2.66,,,,,,0,1,-1,1.66,44.8,31.34,,,44.23,0.54,1.58,166,8,11,21,20.37,13.29,18.67,1,1,18,3,11,53.3,18.79,65.67,65.62,43.2,16.91,2,Sporting de Gijón 1-0 Real Sociedad II,2026-04-06
Sporting de Gijón,3.13,0.47,2.66,2.74,0.47,2.27,0.39,0.0,0.39,3.13,0.47,2.66,,,,,,1,0,1,-1.66,55.2,68.66,,,51.8,1.58,0.54,283,20,21,11,13.29,20.37,16.43,1,1,22,8,7,230.3,81.21,34.4,34.38,212.33,83.09,1,Sporting de Gijón 1-0 Real Sociedad II,2026-04-06
Granada,1.74,2.27,-0.53,0.65,1.64,-0.99,0.33,0.63,-0.3,0.98,2.27,-1.29,,,,,,2,3,-1,-0.47,47.4,36.25,,,38.66,0.55,0.68,100,12,12,11,21.82,16.18,10.91,3,9,19,4,15,33.9,26.76,49.93,52.34,44.63,26.0,1,Castellón 3-2 Granada,2026-04-06
Castellón,2.27,1.74,0.53,1.64,0.65,0.99,0.63,0.33,0.3,2.27,0.98,1.29,,,,,,3,2,1,0.47,52.6,63.75,,,46.5,0.68,0.55,208,16,11,12,16.18,21.82,7.57,9,3,19,6,22,92.8,73.24,45.47,47.66,127.0,74.0,4,Castellón 3-2 Granada,2026-04-06
Mirandés,1.92,4.08,-2.16,1.59,3.26,-1.67,0.32,0.06,0.26,1.92,3.32,-1.4,,,,,,2,1,1,3.16,38.9,30.38,,,43.68,0.39,1.39,105,7,15,26,38.46,18.71,6.51,5,2,16,6,22,33.3,14.07,54.33,73.89,62.4,26.24,3,Real Zaragoza 1-2 Mirandés,2026-04-05
Real Zaragoza,4.08,1.92,2.16,3.26,1.59,1.67,0.06,0.32,-0.26,3.32,1.92,1.4,,,,,,1,2,-1,-3.16,61.1,69.62,,,55.89,1.39,0.39,243,26,26,15,18.71,38.46,5.69,2,5,38,6,16,203.3,85.93,19.2,26.11,175.37,73.76,3,Real Zaragoza 1-2 Mirandés,2026-04-05
Leganés,1.16,2.53,-1.37,1.16,2.34,-1.18,0.0,0.19,-0.19,1.16,2.53,-1.37,,,,,,1,2,-1,0.37,32.1,29.05,,,41.96,0.45,1.05,105,4,8,18,17.78,17.14,17.54,3,6,11,1,11,34.4,13.52,104.07,88.9,38.87,25.23,2,Almería 2-1 Leganés,2026-04-05
Almería,2.53,1.16,1.37,2.34,1.16,1.18,0.19,0.0,0.19,2.53,1.16,1.37,,,,,,2,1,1,-0.37,67.9,70.95,,,52.2,1.05,0.45,327,17,18,8,17.14,17.78,6.43,6,3,20,5,13,220.1,86.48,13.0,11.1,115.2,74.77,0,Almería 2-1 Leganés,2026-04-05
Huesca,1.2,1.61,-0.41,1.2,1.17,0.03,0.0,0.45,-0.45,1.2,1.61,-0.41,,,,,,1,2,-1,-0.59,36.9,36.27,,,43.16,0.51,0.4,137,10,6,13,11.76,32.5,12.21,4,6,6,1,19,39.1,19.63,141.93,84.12,66.6,50.81,4,Las Palmas 2-1 Huesca,2026-04-05
Las Palmas,1.61,1.2,0.41,1.17,1.2,-0.03,0.45,0.0,0.45,1.61,1.2,0.41,,,,,,2,1,1,0.59,63.1,63.73,,,48.14,0.4,0.51,282,8,13,6,32.5,11.76,6.77,6,4,11,4,12,160.1,80.37,26.8,15.88,64.47,49.19,0,Las Palmas 2-1 Huesca,2026-04-05
Racing de Santander,2.69,4.35,-1.66,2.59,3.55,-0.96,0.09,0.04,0.05,2.69,3.59,-0.9,,,,,,2,6,-4,-2.34,34.3,28.62,,,43.49,0.79,1.67,120,8,9,21,11.39,12.57,15.54,5,6,7,2,17,25.1,10.12,137.2,91.59,70.37,23.09,4,FC Andorra 6-2 Racing de Santander,2026-04-05
FC Andorra,4.35,2.69,1.66,3.55,2.59,0.96,0.04,0.09,-0.05,3.59,2.69,0.9,,,,,,6,2,4,2.34,65.7,71.38,,,47.4,1.67,0.79,283,18,21,9,12.57,11.39,6.29,6,5,20,6,12,222.9,89.88,12.6,8.41,234.4,76.91,0,FC Andorra 6-2 Racing de Santander,2026-04-05
Ceuta,0.43,2.14,-1.71,0.43,1.33,-0.9,0.0,0.04,-0.04,0.43,1.38,-0.95,,,,,,0,3,-3,-1.29,50.2,42.19,,,42.43,0.43,0.55,182,8,6,14,13.95,25.45,14.29,3,3,10,2,13,27.4,20.84,43.0,35.75,20.03,11.1,0,Eibar 3-0 Ceuta,2026-04-05
Eibar,2.14,0.43,1.71,1.33,0.43,0.9,0.04,0.0,0.04,1.38,0.43,0.95,,,,,,3,0,3,1.29,49.8,57.81,,,42.53,0.55,0.43,191,10,14,6,25.45,13.95,11.21,3,3,17,6,14,104.1,79.16,77.27,64.25,160.4,88.9,1,Eibar 3-0 Ceuta,2026-04-05
Real Valladolid,0.3,0.94,-0.64,0.19,0.73,-0.54,0.11,0.21,-0.1,0.3,0.94,-0.64,,,,,,0,1,-1,-0.36,55.9,58.25,,,47.05,0.45,0.49,246,9,4,7,8.89,14.29,9.89,6,3,21,2,12,93.0,57.23,37.27,27.62,62.23,32.86,1,Cultural Leonesa 1-0 Real Valladolid,2026-04-04
Cultural Leonesa,0.94,0.3,0.64,0.73,0.19,0.54,0.21,0.11,0.1,0.94,0.3,0.64,,,,,,1,0,1,0.36,44.1,41.75,,,43.5,0.49,0.45,159,12,7,4,14.29,8.89,15.71,3,6,10,3,16,69.5,42.77,97.67,72.38,127.13,67.14,1,Cultural Leonesa 1-0 Real Valladolid,2026-04-04
Málaga,0.56,1.95,-1.39,0.42,1.81,-1.39,0.14,0.14,0.0,0.56,1.95,-1.39,,,,,,1,1,0,1.39,47.4,42.76,,,46.03,0.16,0.76,172,6,13,19,81.25,25.0,11.69,3,10,17,9,13,42.7,23.16,58.53,58.45,58.4,29.37,0,Deportivo de La Coruña 1-1 Málaga,2026-04-04
Deportivo de La Coruña,1.95,0.56,1.39,1.81,0.42,1.39,0.14,0.14,0.0,1.95,0.56,1.39,,,,,,1,1,0,-1.39,52.6,57.24,,,49.23,0.76,0.16,210,22,19,13,25.0,81.25,9.18,10,3,27,11,10,141.7,76.84,41.6,41.55,140.47,70.63,1,Deportivo de La Coruña 1-1 Málaga,2026-04-04
Burgos,1.02,0.55,0.47,0.92,0.36,0.56,0.11,0.19,-0.08,1.02,0.55,0.47,,,,,,3,2,1,0.53,45.9,45.35,,,48.15,0.71,0.52,202,9,7,8,9.86,15.38,12.12,3,8,10,2,17,72.0,45.0,75.93,59.48,133.63,85.08,0,Albacete 2-3 Burgos,2026-04-04
Albacete,0.55,1.02,-0.47,0.36,0.92,-0.56,0.19,0.11,0.08,0.55,1.02,-0.47,,,,,,2,3,-1,-0.53,54.1,54.65,,,49.8,0.52,0.71,271,10,8,7,15.38,9.86,10.32,8,3,26,5,11,88.0,55.0,51.73,40.52,23.43,14.92,8,Albacete 2-3 Burgos,2026-04-04
Córdoba,3.68,1.33,2.35,2.04,1.27,0.77,0.88,0.06,0.82,2.92,1.33,1.59,,,,,,3,1,2,-0.35,58.1,58.1,,,45.25,0.46,0.9,193,4,13,10,28.26,11.11,6.18,5,6,15,5,19,120.2,69.76,19.0,17.04,106.5,56.64,0,Cádiz 1-3 Córdoba,2026-04-04
Cádiz,1.33,3.68,-2.35,1.27,2.04,-0.77,0.06,0.88,-0.82,1.33,2.92,-1.59,,,,,,1,3,-2,0.35,41.9,41.9,,,48.22,0.9,0.46,156,15,10,13,11.11,28.26,8.0,6,5,22,1,17,52.1,30.24,92.53,82.96,81.53,43.36,5,Cádiz 1-3 Córdoba,2026-04-04
Real Zaragoza,2.18,1.76,0.42,1.96,1.39,0.57,0.22,0.37,-0.15,2.18,1.76,0.42,,,,,,1,1,0,-0.42,46.5,50.93,,,47.78,0.42,1.36,176,13,22,8,52.38,5.88,13.35,4,7,23,10,9,140.6,66.6,49.6,65.37,149.07,72.12,2,Leganés 1-1 Real Zaragoza,2026-04-02
Leganés,1.76,2.18,-0.42,1.39,1.96,-0.57,0.37,0.22,0.15,1.76,2.18,-0.42,,,,,,1,1,0,0.42,53.5,49.07,,,45.85,1.36,0.42,173,13,8,22,5.88,52.38,6.43,7,4,23,3,16,70.5,33.4,26.27,34.63,57.63,27.88,6,Leganés 1-1 Real Zaragoza,2026-04-02
Almería,0.48,2.39,-1.91,0.43,1.85,-1.42,0.06,0.54,-0.48,0.48,2.39,-1.91,,,,,,0,2,-2,-0.09,55.0,39.07,,,41.38,0.23,0.52,155,8,7,19,30.43,36.54,9.13,1,7,15,5,12,38.2,20.63,29.27,23.3,21.7,8.65,1,Castellón 2-0 Almería,2026-04-02
Castellón,2.39,0.48,1.91,1.85,0.43,1.42,0.54,0.06,0.48,2.39,0.48,1.91,,,,,,2,0,2,0.09,45.0,60.93,,,51.34,0.52,0.23,209,14,19,7,36.54,30.43,11.03,7,1,18,8,16,147.0,79.37,96.33,76.7,229.17,91.35,2,Castellón 2-0 Almería,2026-04-02
Eibar,0.87,1.43,-0.56,0.73,0.36,0.37,0.14,0.31,-0.17,0.87,0.67,0.2,,,,,,1,0,1,1.56,47.7,34.26,,,37.14,0.16,0.56,122,9,11,12,68.75,21.43,17.73,4,7,6,3,15,43.7,27.99,55.87,33.59,60.57,29.64,0,Real Sociedad II 0-1 Eibar,2026-04-02
Real Sociedad II,1.43,0.87,0.56,0.36,0.73,-0.37,0.31,0.14,0.17,0.67,0.87,-0.2,,,,,,0,1,-1,-1.56,52.3,65.74,,,47.12,0.56,0.16,261,5,12,11,21.43,68.75,13.26,7,4,36,10,6,112.4,72.01,110.47,66.41,143.77,70.36,0,Real Sociedad II 0-1 Eibar,2026-04-02
Granada,1.13,2.25,-1.12,1.1,1.36,-0.26,0.03,0.89,-0.86,1.13,2.25,-1.12,,,,,,0,2,-2,-0.88,50.6,44.26,,,43.06,0.73,0.57,161,10,10,8,13.7,14.04,15.65,1,4,15,3,12,77.8,48.93,39.73,42.12,70.6,39.71,2,Las Palmas 2-0 Granada,2026-04-02
Las Palmas,2.25,1.13,1.12,1.36,1.1,0.26,0.89,0.03,0.86,2.25,1.13,1.12,,,,,,2,0,2,0.88,49.4,55.74,,,46.09,0.57,0.73,193,9,8,10,14.04,13.7,13.46,4,1,11,4,9,81.2,51.07,54.6,57.88,107.2,60.29,0,Las Palmas 2-0 Granada,2026-04-02
Sporting de Gijón,2.45,3.01,-0.56,1.55,1.86,-0.31,0.14,1.15,-1.01,1.69,3.01,-1.32,,,,,,1,3,-2,-1.44,55.8,66.35,,,52.93,1.03,0.65,299,23,15,10,14.56,15.38,10.0,8,6,19,7,12,188.7,76.96,46.8,41.83,154.53,73.44,3,Racing de Santander 3-1 Sporting de Gijón,2026-04-01
Racing de Santander,3.01,2.45,0.56,1.86,1.55,0.31,1.15,0.14,1.01,3.01,1.69,1.32,,,,,,3,1,2,1.44,44.2,33.65,,,45.62,0.65,1.03,152,16,10,15,15.38,14.56,11.09,6,8,13,3,16,56.5,23.04,65.07,58.17,55.9,26.56,2,Racing de Santander 3-1 Sporting de Gijón,2026-04-01
Cultural Leonesa,1.97,0.4,1.57,1.66,0.4,1.26,0.32,0.0,0.32,1.97,0.4,1.57,,,,,,1,1,0,-1.57,52.6,55.4,,,46.77,0.68,0.42,194,18,18,10,26.47,23.81,9.97,3,6,15,5,13,114.4,72.68,43.07,43.42,126.5,81.52,6,Huesca 1-1 Cultural Leonesa,2026-04-01
Huesca,0.4,1.97,-1.57,0.4,1.66,-1.26,0.0,0.32,-0.32,0.4,1.97,-1.57,,,,,,1,1,0,1.57,47.4,44.6,,,43.37,0.42,0.68,153,6,10,18,23.81,26.47,11.71,6,3,19,5,12,43.0,27.32,56.13,56.58,28.67,18.48,4,Huesca 1-1 Cultural Leonesa,2026-04-01
Ceuta,0.56,0.71,-0.15,0.42,0.69,-0.27,0.14,0.02,0.12,0.56,0.71,-0.15,,,,,,1,1,0,0.15,49.4,55.1,,,49.86,0.35,0.71,225,7,5,8,14.29,11.27,13.96,5,2,14,3,6,122.3,60.19,56.07,48.09,101.57,64.0,1,Burgos 1-1 Ceuta,2026-04-01
Burgos,0.71,0.56,0.15,0.69,0.42,0.27,0.02,0.14,-0.12,0.71,0.56,0.15,,,,,,1,1,0,-0.15,50.6,44.9,,,47.21,0.71,0.35,195,13,8,5,11.27,14.29,11.16,2,5,27,8,15,80.9,39.81,60.53,51.91,57.13,36.0,0,Burgos 1-1 Ceuta,2026-04-01
Málaga,2.09,1.79,0.3,0.57,1.2,-0.63,0.77,0.59,0.18,1.33,1.79,-0.46,,,,,,3,3,0,-0.3,33.7,32.4,,,43.61,0.66,0.54,128,12,12,19,18.18,35.19,15.13,1,8,11,5,16,51.3,23.03,116.67,91.48,113.13,53.58,0,FC Andorra 3-3 Málaga,2026-04-01
FC Andorra,1.79,2.09,-0.3,1.2,0.57,0.63,0.59,0.77,-0.18,1.79,1.33,0.46,,,,,,3,3,0,0.3,66.3,67.6,,,49.14,0.54,0.66,295,9,19,12,35.19,18.18,6.47,8,1,28,8,17,171.5,76.97,10.87,8.52,98.03,46.42,0,FC Andorra 3-3 Málaga,2026-04-01
Cádiz,0.75,2.0,-1.25,0.7,1.8,-1.1,0.04,0.19,-0.15,0.75,2.0,-1.25,,,,,,0,3,-3,-1.75,44.6,37.96,,,45.3,0.5,0.76,152,5,8,14,16.0,18.42,10.74,2,8,11,2,13,28.2,17.44,51.53,72.44,32.1,21.58,1,Real Valladolid 3-0 Cádiz,2026-03-31
Real Valladolid,2.0,0.75,1.25,1.8,0.7,1.1,0.19,0.04,0.15,2.0,0.75,1.25,,,,,,3,0,3,1.75,55.4,62.04,,,47.57,0.76,0.5,219,11,14,8,18.42,16.0,8.54,8,2,21,7,13,133.5,82.56,19.6,27.56,116.67,78.42,0,Real Valladolid 3-0 Cádiz,2026-03-31
Córdoba,0.7,1.77,-1.07,0.43,1.66,-1.23,0.27,0.11,0.16,0.7,1.77,-1.07,,,,,,0,2,-2,-0.93,57.2,59.27,,,51.61,0.68,0.58,250,7,13,11,19.12,18.97,5.96,8,3,23,8,18,106.0,61.7,18.8,22.95,63.27,30.41,1,Deportivo de La Coruña 2-0 Córdoba,2026-03-31
Deportivo de La Coruña,1.77,0.7,1.07,1.66,0.43,1.23,0.11,0.27,-0.16,1.77,0.7,1.07,,,,,,2,0,2,0.93,42.8,40.73,,,46.53,0.58,0.68,158,13,11,13,18.97,19.12,8.53,3,8,17,2,23,65.8,38.3,63.13,77.05,144.8,69.59,1,Deportivo de La Coruña 2-0 Córdoba,2026-03-31
Albacete,1.15,1.52,-0.37,0.32,1.5,-1.18,0.07,0.02,0.05,0.39,1.52,-1.13,,,,,,1,1,0,0.37,58.4,56.73,,,51.62,0.32,0.91,289,7,9,13,28.12,14.29,10.92,7,2,30,3,12,91.7,60.53,11.0,10.62,52.07,30.93,0,Mirandés 1-1 Albacete,2026-03-31
Mirandés,1.52,1.15,0.37,1.5,0.32,1.18,0.02,0.07,-0.05,1.52,0.39,1.13,,,,,,1,1,0,-0.37,41.6,43.27,,,47.06,0.91,0.32,158,12,13,9,14.29,28.12,19.0,2,7,27,9,9,59.8,39.47,92.6,89.38,116.27,69.07,6,Mirandés 1-1 Albacete,2026-03-31
Real Sociedad II,2.04,5.14,-3.1,1.15,2.79,-1.64,0.89,1.59,-0.7,2.04,4.38,-2.34,,,,,,1,5,-4,-0.9,52.2,54.1,,,48.33,1.2,0.78,210,17,18,29,15.0,37.18,11.1,4,9,12,7,15,85.3,40.97,44.87,54.94,62.96,21.91,1,Almería 5-1 Real Sociedad II,2026-03-29
Almería,5.14,2.04,3.1,2.79,1.15,1.64,1.59,0.89,0.7,4.38,2.04,2.34,,,,,,5,1,4,0.9,47.8,45.9,,,39.59,0.78,1.2,138,17,29,18,37.18,15.0,9.28,9,4,17,7,13,122.9,59.03,36.8,45.06,224.44,78.09,0,Almería 5-1 Real Sociedad II,2026-03-29
Racing de Santander,0.22,1.92,-1.7,0.16,1.92,-1.76,0.06,0.0,0.06,0.22,1.92,-1.7,,,,,,0,2,-2,-0.3,61.5,57.63,,,49.37,0.42,0.7,249,8,7,15,16.67,21.43,6.1,8,5,21,7,13,64.7,43.66,18.2,22.9,62.7,33.13,3,Real Zaragoza 2-0 Racing de Santander,2026-03-29
Real Zaragoza,1.92,0.22,1.7,1.92,0.16,1.76,0.0,0.06,-0.06,1.92,0.22,1.7,,,,,,2,0,2,0.3,38.5,42.37,,,44.42,0.7,0.42,123,11,15,7,21.43,16.67,9.37,5,8,20,6,14,83.5,56.34,61.27,77.1,126.57,66.87,0,Real Zaragoza 2-0 Racing de Santander,2026-03-29
FC Andorra,2.1,1.3,0.8,2.06,0.54,1.52,0.04,0.0,0.04,2.1,0.54,1.56,,,,,,4,0,4,3.2,48.0,42.5,,,44.42,0.38,0.49,185,10,11,10,28.95,20.41,12.38,3,3,9,2,15,74.8,46.14,27.27,35.26,119.53,65.08,1,Cultural Leonesa 0-4 FC Andorra,2026-03-29
Cultural Leonesa,1.3,2.1,-0.8,0.54,2.06,-1.52,0.0,0.04,-0.04,0.54,2.1,-1.56,,,,,,0,4,-4,-3.2,52.0,57.5,,,49.4,0.49,0.38,229,15,10,11,20.41,28.95,10.76,3,3,16,1,15,87.3,53.86,50.07,64.74,64.13,34.92,5,Cultural Leonesa 0-4 FC Andorra,2026-03-29
Las Palmas,2.84,2.06,0.78,2.19,2.06,0.13,0.65,0.0,0.65,2.84,2.06,0.78,,,,,,1,3,-2,-2.78,68.7,75.83,,,53.53,1.19,0.58,448,15,21,9,17.65,15.52,7.79,9,5,32,10,7,290.4,94.44,23.67,12.73,146.8,73.54,1,Eibar 3-1 Las Palmas,2026-03-29
Eibar,2.06,2.84,-0.78,2.06,2.19,-0.13,0.0,0.65,-0.65,2.06,2.84,-0.78,,,,,,3,1,2,2.78,31.3,24.17,,,42.37,0.58,1.19,120,9,9,21,15.52,17.65,17.29,5,9,14,2,15,17.1,5.56,162.27,87.27,52.83,26.46,3,Eibar 3-1 Las Palmas,2026-03-29
Deportivo de La Coruña,2.31,0.41,1.9,1.71,0.27,1.44,0.59,0.14,0.45,2.31,0.41,1.9,,,,,,1,1,0,-1.9,65.9,68.37,,,52.15,0.92,0.37,379,15,17,8,18.48,21.62,14.55,7,3,32,12,6,173.9,82.34,23.93,16.5,104.87,54.4,0,Sporting de Gijón 1-1 Deportivo de La Coruña,2026-03-28
Sporting de Gijón,0.41,2.31,-1.9,0.27,1.71,-1.44,0.14,0.59,-0.45,0.41,2.31,-1.9,,,,,,1,1,0,1.9,34.1,31.63,,,46.31,0.37,0.92,156,6,8,17,21.62,18.48,25.24,3,7,17,7,6,37.3,17.66,121.07,83.5,87.9,45.6,1,Sporting de Gijón 1-1 Deportivo de La Coruña,2026-03-28
Castellón,1.74,0.96,0.78,1.28,0.81,0.47,0.46,0.15,0.31,1.74,0.96,0.78,,,,,,1,1,0,-0.78,61.9,61.68,,,52.39,0.55,0.48,315,12,13,11,23.64,22.92,8.87,3,5,25,8,16,206.2,78.34,15.27,20.29,169.93,71.73,0,Albacete 1-1 Castellón,2026-03-28
Albacete,0.96,1.74,-0.78,0.81,1.28,-0.47,0.15,0.46,-0.31,0.96,1.74,-0.78,,,,,,1,1,0,0.78,38.1,38.32,,,46.29,0.48,0.55,155,10,11,13,22.92,23.64,12.16,5,3,20,6,12,57.0,21.66,60.0,79.71,66.97,28.27,4,Albacete 1-1 Castellón,2026-03-28
Leganés,1.18,2.71,-1.53,1.12,2.54,-1.42,0.06,0.17,-0.11,1.18,2.71,-1.53,,,,,,0,0,0,1.53,46.7,40.45,,,44.45,0.6,0.74,148,10,10,20,16.67,27.03,12.48,4,10,16,5,14,36.9,20.67,52.93,59.43,41.97,24.42,2,Málaga 0-0 Leganés,2026-03-28
Málaga,2.71,1.18,1.53,2.54,1.12,1.42,0.17,0.06,0.11,2.71,1.18,1.53,,,,,,0,0,0,-1.53,53.3,59.55,,,51.08,0.74,0.6,256,17,20,10,27.03,16.67,10.03,10,4,24,9,10,141.6,79.33,36.13,40.57,129.87,75.58,0,Málaga 0-0 Leganés,2026-03-28
Burgos,1.14,1.12,0.02,0.38,0.82,-0.44,0.0,0.3,-0.3,0.38,1.12,-0.74,,,,,,1,0,1,0.98,45.5,37.63,,,42.74,0.44,0.7,146,5,7,11,15.91,15.71,15.64,1,2,7,1,12,42.3,31.36,59.93,49.8,58.97,35.35,1,Real Valladolid 0-1 Burgos,2026-03-28
Real Valladolid,1.12,1.14,-0.02,0.82,0.38,0.44,0.3,0.0,0.3,1.12,0.38,0.74,,,,,,0,1,-1,-0.98,54.5,62.37,,,49.23,0.7,0.44,271,10,11,7,15.71,15.91,11.0,2,1,28,6,17,92.6,68.64,60.4,50.2,107.83,64.65,4,Real Valladolid 0-1 Burgos,2026-03-28
Huesca,1.75,2.06,-0.31,1.61,2.06,-0.45,0.15,0.0,0.15,1.75,2.06,-0.31,,,,,,2,4,-2,-1.69,49.0,63.03,,,49.93,0.72,0.54,210,14,14,7,19.44,12.96,9.38,6,2,29,6,15,142.7,78.02,69.33,79.69,125.58,66.09,4,Granada 4-2 Huesca,2026-03-28
Granada,2.06,1.75,0.31,2.06,1.61,0.45,0.0,0.15,-0.15,2.06,1.75,0.31,,,,,,4,2,2,1.69,51.0,36.97,,,41.82,0.54,0.72,149,10,7,14,12.96,19.44,11.32,2,6,12,2,11,40.2,21.98,17.67,20.31,64.44,33.91,2,Granada 4-2 Huesca,2026-03-28
Cádiz,0.39,1.02,-0.63,0.39,1.02,-0.63,0.0,0.0,0.0,0.39,1.02,-0.63,,,,,,1,2,-1,-0.37,47.1,45.14,,,47.82,0.63,0.24,173,9,4,9,6.35,37.5,8.58,4,0,18,2,19,53.1,36.47,45.07,59.25,56.27,36.24,5,Ceuta 2-1 Cádiz,2026-03-28
Ceuta,1.02,0.39,0.63,1.02,0.39,0.63,0.0,0.0,0.0,1.02,0.39,0.63,,,,,,2,1,1,0.37,52.9,54.86,,,48.93,0.24,0.63,200,4,9,4,37.5,6.35,8.26,0,4,20,2,15,92.5,63.53,31.0,40.75,99.0,63.76,0,Ceuta 2-1 Cádiz,2026-03-28
Mirandés,1.97,1.53,0.44,0.72,1.46,-0.74,0.48,0.07,0.41,1.21,1.53,-0.32,,,,,,2,2,0,-0.44,41.2,37.17,,,43.16,0.57,0.73,127,12,13,20,22.81,27.4,10.88,3,7,16,3,15,64.8,27.84,76.33,70.72,77.47,31.57,1,Córdoba 2-2 Mirandés,2026-03-27
Córdoba,1.53,1.97,-0.44,1.46,0.72,0.74,0.07,0.48,-0.41,1.53,1.21,0.32,,,,,,2,2,0,0.44,58.8,62.83,,,47.18,0.73,0.57,203,13,20,13,27.4,22.81,6.39,7,3,20,4,19,168.0,72.16,31.6,29.28,167.93,68.43,3,Córdoba 2-2 Mirandés,2026-03-27
Cultural Leonesa,1.83,1.68,0.15,1.07,1.68,-0.61,0.0,0.0,0.0,1.07,1.68,-0.61,,,,,,1,1,0,-0.15,48.8,51.09,,,44.77,0.43,1.12,161,7,14,13,32.56,11.61,9.17,7,9,12,4,20,80.0,48.37,48.6,57.04,74.73,47.79,4,Castellón 1-1 Cultural Leonesa,2026-03-23
Castellón,1.68,1.83,-0.15,1.68,1.07,0.61,0.0,0.0,0.0,1.68,1.07,0.61,,,,,,1,1,0,0.15,51.2,48.91,,,47.39,1.12,0.43,211,14,13,14,11.61,32.56,7.54,9,7,12,1,13,85.4,51.63,36.6,42.96,81.63,52.21,1,Castellón 1-1 Cultural Leonesa,2026-03-23
Sporting de Gijón,1.1,2.46,-1.36,0.75,2.23,-1.48,0.35,0.23,0.12,1.1,2.46,-1.36,,,,,,0,1,-1,0.36,41.5,44.22,,,49.78,0.7,0.98,224,13,9,19,12.86,19.39,20.09,2,5,16,8,12,76.1,32.45,100.73,81.15,62.7,34.31,1,Las Palmas 1-0 Sporting de Gijón,2026-03-22
Las Palmas,2.46,1.1,1.36,2.23,0.75,1.48,0.23,0.35,-0.12,2.46,1.1,1.36,,,,,,1,0,1,-0.36,58.5,55.78,,,45.78,0.98,0.7,268,17,19,9,19.39,12.86,14.91,5,2,15,7,6,158.4,67.55,23.4,18.85,120.07,65.69,1,Las Palmas 1-0 Sporting de Gijón,2026-03-22
Real Valladolid,1.14,1.72,-0.58,0.76,1.69,-0.93,0.38,0.03,0.35,1.14,1.72,-0.58,,,,,,1,2,-1,-0.42,47.8,44.12,,,44.8,0.66,0.91,143,11,14,15,21.21,16.48,9.09,4,0,19,4,16,31.8,26.37,41.47,50.28,41.53,32.04,2,Mirandés 2-1 Real Valladolid,2026-03-22
Mirandés,1.72,1.14,0.58,1.69,0.76,0.93,0.03,0.38,-0.35,1.72,1.14,0.58,,,,,,2,1,1,0.42,52.2,55.88,,,48.62,0.91,0.66,173,20,15,14,16.48,21.21,8.79,0,4,21,8,11,88.8,73.63,41.0,49.72,88.07,67.96,1,Mirandés 2-1 Real Valladolid,2026-03-22
Granada,0.43,0.86,-0.43,0.37,0.67,-0.3,0.05,0.18,-0.13,0.43,0.86,-0.43,,,,,,2,0,2,2.43,43.8,43.48,,,42.48,0.24,1.2,136,7,9,18,37.5,15.0,10.36,4,11,13,5,17,53.7,30.77,69.47,60.76,111.97,66.95,2,Real Sociedad II 0-2 Granada,2026-03-22
Real Sociedad II,0.86,0.43,0.43,0.67,0.37,0.3,0.18,0.05,0.13,0.86,0.43,0.43,,,,,,0,2,-2,-2.43,56.2,56.52,,,47.14,1.2,0.24,219,12,18,9,15.0,37.5,6.17,11,4,26,7,15,120.8,69.23,44.87,39.24,55.27,33.05,0,Real Sociedad II 0-2 Granada,2026-03-22
Córdoba,1.37,1.63,-0.26,1.07,0.3,0.77,0.3,0.57,-0.27,1.37,0.87,0.5,,,,,,0,4,-4,-3.74,57.4,66.17,,,52.81,0.96,0.14,277,15,14,9,14.58,64.29,9.29,3,5,35,15,19,187.9,74.15,24.0,32.88,134.14,56.5,1,Burgos 4-0 Córdoba,2026-03-22
Burgos,1.63,1.37,0.26,0.3,1.07,-0.77,0.57,0.3,0.27,0.87,1.37,-0.5,,,,,,4,0,4,3.74,42.6,33.83,,,42.21,0.14,0.96,129,10,9,14,64.29,14.58,8.41,5,3,10,5,11,65.5,25.85,49.0,67.12,103.29,43.5,3,Burgos 4-0 Córdoba,2026-03-22
Real Zaragoza,0.78,1.48,-0.7,0.62,1.04,-0.42,0.16,0.44,-0.28,0.78,1.48,-0.7,,,,,,1,2,-1,-0.3,44.8,38.25,,,48.08,0.63,0.45,213,15,10,15,15.87,33.33,17.72,3,4,11,1,6,91.8,37.52,106.0,74.54,92.3,56.21,0,Deportivo de La Coruña 2-1 Real Zaragoza,2026-03-21
Deportivo de La Coruña,1.48,0.78,0.7,1.04,0.62,0.42,0.44,0.16,0.28,1.48,0.78,0.7,,,,,,2,1,1,0.3,55.2,61.75,,,49.28,0.45,0.63,288,12,15,10,33.33,15.87,14.33,4,3,27,7,12,152.9,62.48,36.2,25.46,71.9,43.79,1,Deportivo de La Coruña 2-1 Real Zaragoza,2026-03-21
Málaga,2.16,0.71,1.45,2.01,0.37,1.64,0.15,0.34,-0.19,2.16,0.71,1.45,,,,,,3,0,3,1.55,53.9,66.31,,,48.92,0.44,0.35,270,14,20,7,45.45,20.0,11.69,11,5,8,2,7,189.9,86.79,33.2,33.6,177.4,91.96,0,Cádiz 0-3 Málaga,2026-03-21
Cádiz,0.71,2.16,-1.45,0.37,2.01,-1.64,0.34,0.15,0.19,0.71,2.16,-1.45,,,,,,0,3,-3,-1.55,46.1,33.69,,,43.66,0.35,0.44,181,6,7,20,20.0,45.45,14.2,5,11,19,4,15,28.9,13.21,65.6,66.4,15.5,8.04,5,Cádiz 0-3 Málaga,2026-03-21
Albacete,3.32,1.74,1.58,3.32,1.38,1.94,0.0,0.36,-0.36,3.32,1.74,1.58,,,,,,4,0,4,2.42,33.2,36.27,,,50.93,1.08,1.36,145,9,12,17,11.11,12.5,17.88,4,8,13,5,12,33.7,14.05,94.27,92.9,138.67,81.49,0,Racing de Santander 0-4 Albacete,2026-03-21
Racing de Santander,1.74,3.32,-1.58,1.38,3.32,-1.94,0.36,0.0,0.36,1.74,3.32,-1.58,,,,,,0,4,-4,-2.42,66.8,63.73,,,52.12,1.36,1.08,343,35,17,12,12.5,11.11,6.03,8,4,30,6,12,206.2,85.95,7.2,7.1,31.5,18.51,8,Racing de Santander 0-4 Albacete,2026-03-21
Eibar,0.45,0.88,-0.43,0.04,0.88,-0.84,0.41,0.0,0.41,0.45,0.88,-0.43,,,,,,1,0,1,1.43,27.9,25.62,,,39.49,0.15,0.6,100,6,5,14,33.33,23.33,27.23,4,4,8,4,11,20.4,8.31,192.0,95.18,92.37,58.96,1,FC Andorra 0-1 Eibar,2026-03-21
FC Andorra,0.88,0.45,0.43,0.88,0.04,0.84,0.0,0.41,-0.41,0.88,0.45,0.43,,,,,,0,1,-1,-1.43,72.1,74.38,,,47.9,0.6,0.15,354,12,14,5,23.33,33.33,11.22,4,4,13,5,8,225.2,91.69,9.73,4.82,64.3,41.04,0,FC Andorra 0-1 Eibar,2026-03-21
Ceuta,2.1,5.65,-3.55,0.71,4.88,-4.17,0.63,0.01,0.62,1.34,4.89,-3.55,,,,,,2,5,-3,0.55,54.4,56.34,,,50.1,0.52,1.45,202,12,14,21,26.92,14.48,8.52,4,1,20,7,8,53.9,37.43,34.8,36.45,58.73,30.54,0,Leganés 5-2 Ceuta,2026-03-21
Leganés,5.65,2.1,3.55,4.88,0.71,4.17,0.01,0.63,-0.62,4.89,1.34,3.55,,,,,,5,2,3,-0.55,45.6,43.66,,,47.65,1.45,0.52,143,21,21,14,14.48,26.92,11.11,1,4,23,4,19,90.1,62.57,60.67,63.55,133.57,69.46,1,Leganés 5-2 Ceuta,2026-03-21
Almería,2.43,0.8,1.63,1.67,0.76,0.91,0.0,0.03,-0.03,1.67,0.8,0.87,,,,,,3,1,2,0.37,48.2,43.43,,,44.17,0.28,0.86,161,7,12,14,42.86,16.28,7.71,7,0,12,5,19,62.4,35.0,46.13,39.84,77.87,45.18,1,Huesca 1-3 Almería,2026-03-20
Huesca,0.8,2.43,-1.63,0.76,1.67,-0.91,0.03,0.0,0.03,0.8,1.67,-0.87,,,,,,1,3,-2,-0.37,51.8,56.57,,,49.25,0.86,0.28,211,16,14,12,16.28,42.86,10.09,0,7,32,4,10,115.9,65.0,69.67,60.16,94.5,54.82,4,Huesca 1-3 Almería,2026-03-20
Castellón,1.64,2.98,-1.34,0.83,2.92,-2.09,0.06,0.06,0.0,0.88,2.98,-2.1,,,,,,1,4,-3,-1.66,59.0,53.64,,,49.31,1.26,0.91,265,16,15,12,11.9,13.19,11.25,6,3,10,5,10,146.8,61.78,11.53,11.19,81.03,35.93,0,Sporting de Gijón 4-1 Castellón,2026-03-15
Sporting de Gijón,2.98,1.64,1.34,2.92,0.83,2.09,0.06,0.06,0.0,2.98,0.88,2.1,,,,,,4,1,3,1.66,41.0,46.36,,,48.53,0.91,1.26,164,17,12,15,13.19,11.9,14.67,3,6,14,1,7,90.8,38.22,91.47,88.81,144.47,64.07,0,Sporting de Gijón 4-1 Castellón,2026-03-15
Huesca,3.08,3.49,-0.41,1.89,2.65,-0.76,0.42,0.08,0.34,2.32,2.73,-0.41,,,,,,3,5,-2,-1.59,41.7,41.14,,,44.33,0.44,0.54,153,11,15,16,34.09,29.63,16.82,4,5,14,5,10,65.1,32.91,92.73,86.78,74.93,40.75,1,Málaga 5-3 Huesca,2026-03-15
Málaga,3.49,3.08,0.41,2.65,1.89,0.76,0.08,0.42,-0.34,2.73,2.32,0.41,,,,,,5,3,2,1.59,58.3,58.86,,,47.22,0.54,0.44,217,15,16,15,29.63,34.09,10.65,5,4,12,2,10,132.7,67.09,14.13,13.22,108.93,59.25,2,Málaga 5-3 Huesca,2026-03-15
Burgos,0.5,0.29,0.21,0.43,0.29,0.14,0.07,0.0,0.07,0.5,0.29,0.21,,,,,,0,0,0,-0.21,36.3,22.19,,,39.49,0.18,0.36,116,4,6,6,33.33,16.67,18.13,3,9,8,2,10,23.8,11.24,159.67,81.38,69.0,38.53,0,Eibar 0-0 Burgos,2026-03-15
Eibar,0.29,0.5,-0.21,0.29,0.43,-0.14,0.0,0.07,-0.07,0.29,0.5,-0.21,,,,,,0,0,0,0.21,63.7,77.81,,,50.92,0.36,0.18,398,9,6,6,16.67,33.33,8.63,9,3,23,6,19,188.0,88.76,36.53,18.62,110.07,61.47,2,Eibar 0-0 Burgos,2026-03-15
FC Andorra,0.74,1.12,-0.38,0.63,0.93,-0.3,0.1,0.19,-0.09,0.74,1.12,-0.38,,,,,,1,1,0,0.38,61.4,60.35,,,47.1,0.3,0.49,211,4,12,11,40.0,22.45,6.23,10,4,16,9,15,108.1,68.16,18.73,19.5,71.27,49.65,1,Granada 1-1 FC Andorra,2026-03-15
Granada,1.12,0.74,0.38,0.93,0.63,0.3,0.19,0.1,0.09,1.12,0.74,0.38,,,,,,1,1,0,-0.38,38.6,39.65,,,42.14,0.49,0.3,122,10,11,12,22.45,40.0,11.39,4,10,14,6,12,50.5,31.84,77.33,80.5,72.27,50.35,2,Granada 1-1 FC Andorra,2026-03-15
Real Sociedad II,1.93,3.61,-1.68,1.17,3.24,-2.07,0.0,0.37,-0.37,1.17,3.61,-2.44,,,,,,2,0,2,3.68,25.9,22.44,,,41.8,0.45,1.48,65,7,9,27,20.0,18.24,10.11,3,4,8,2,20,11.6,3.7,107.73,97.0,46.87,38.69,0,Córdoba 0-2 Real Sociedad II,2026-03-15
Córdoba,3.61,1.93,1.68,3.24,1.17,2.07,0.37,0.0,0.37,3.61,1.17,2.44,,,,,,0,2,-2,-3.68,74.1,77.56,,,52.88,1.48,0.45,310,26,27,9,18.24,20.0,4.28,4,3,49,16,16,301.7,96.3,3.33,3.0,74.27,61.31,0,Córdoba 0-2 Real Sociedad II,2026-03-15
Deportivo de La Coruña,1.43,1.27,0.16,1.32,1.22,0.1,0.11,0.04,0.07,1.43,1.27,0.16,,,,,,2,1,1,0.84,48.6,42.02,,,40.77,0.49,0.38,139,6,11,18,22.45,47.37,10.76,4,7,14,4,11,50.5,33.51,52.27,44.65,59.4,32.29,0,Ceuta 1-2 Deportivo de La Coruña,2026-03-14
Ceuta,1.27,1.43,-0.16,1.22,1.32,-0.1,0.04,0.11,-0.07,1.27,1.43,-0.16,,,,,,1,2,-1,-0.84,51.4,57.98,,,45.92,0.38,0.49,200,7,18,11,47.37,22.45,11.15,7,4,24,3,11,100.2,66.49,64.8,55.35,124.53,67.71,0,Ceuta 1-2 Deportivo de La Coruña,2026-03-14
Almería,1.46,0.95,0.51,1.41,0.94,0.47,0.04,0.01,0.03,1.46,0.95,0.51,,,,,,0,2,-2,-2.51,61.5,55.6,,,43.86,0.65,0.24,201,12,11,10,16.92,41.67,11.08,1,6,13,5,13,108.4,69.85,9.87,8.02,64.23,37.24,0,Real Zaragoza 2-0 Almería,2026-03-14
Real Zaragoza,0.95,1.46,-0.51,0.94,1.41,-0.47,0.01,0.04,-0.03,0.95,1.46,-0.51,,,,,,2,0,2,2.51,38.5,44.4,,,46.79,0.24,0.65,154,7,10,11,41.67,16.92,14.97,6,1,12,5,11,46.8,30.15,113.27,91.98,108.23,62.76,2,Real Zaragoza 2-0 Almería,2026-03-14
Leganés,1.55,2.37,-0.82,1.26,2.23,-0.97,0.29,0.14,0.15,1.55,2.37,-0.82,,,,,,2,3,-1,-0.18,65.5,56.94,,,45.47,0.47,1.03,243,10,13,14,27.66,13.59,8.75,3,5,21,4,9,65.7,52.14,10.07,6.84,22.43,12.28,2,Real Valladolid 3-2 Leganés,2026-03-14
Real Valladolid,2.37,1.55,0.82,2.23,1.26,0.97,0.14,0.29,-0.15,2.37,1.55,0.82,,,,,,3,2,1,0.18,34.5,43.06,,,45.89,1.03,0.47,130,15,14,13,13.59,27.66,15.21,5,3,13,3,16,60.3,47.86,137.2,93.16,160.17,87.72,2,Real Valladolid 3-2 Leganés,2026-03-14
Racing de Santander,2.3,2.58,-0.28,1.9,2.2,-0.3,0.4,0.38,0.02,2.3,2.58,-0.28,,,,,,2,1,1,1.28,46.9,40.69,,,46.47,0.49,1.04,201,6,15,20,30.61,19.23,15.7,6,4,9,3,4,53.0,29.49,47.2,52.02,54.9,33.63,3,Cultural Leonesa 1-2 Racing de Santander,2026-03-14
Cultural Leonesa,2.58,2.3,0.28,2.2,1.9,0.3,0.38,0.4,-0.02,2.58,2.3,0.28,,,,,,1,2,-1,-1.28,53.1,59.31,,,49.02,1.04,0.49,248,19,20,15,19.23,30.61,20.59,4,6,19,6,10,126.7,70.51,43.53,47.98,108.33,66.37,8,Cultural Leonesa 1-2 Racing de Santander,2026-03-14
Las Palmas,1.09,2.47,-1.38,0.86,1.54,-0.68,0.23,0.17,0.06,1.09,1.71,-0.62,,,,,,1,2,-1,0.38,57.6,53.16,,,45.64,0.3,0.76,283,6,9,19,30.0,25.0,13.39,7,5,5,2,9,125.3,52.76,15.73,12.19,93.5,39.25,0,Albacete 2-1 Las Palmas,2026-03-16
Albacete,2.47,1.09,1.38,1.54,0.86,0.68,0.17,0.23,-0.06,1.71,1.09,0.62,,,,,,2,1,1,-0.38,42.4,46.84,,,47.85,0.76,0.3,217,10,19,9,25.0,30.0,13.07,5,7,20,4,17,112.2,47.24,113.33,87.81,144.7,60.75,5,Albacete 2-1 Las Palmas,2026-03-16
Cádiz,0.84,1.94,-1.1,0.84,1.88,-1.04,0.0,0.06,-0.06,0.84,1.94,-1.1,,,,,,2,0,2,3.1,40.9,35.91,,,43.8,0.32,1.09,129,7,9,22,28.12,20.18,13.86,5,4,11,2,13,34.9,21.2,54.73,67.57,63.37,56.6,2,Mirandés 0-2 Cádiz,2026-03-13
Mirandés,1.94,0.84,1.1,1.88,0.84,1.04,0.06,0.0,0.06,1.94,0.84,1.1,,,,,,0,2,-2,-3.1,59.1,64.09,,,48.07,1.09,0.32,232,12,22,9,20.18,28.12,9.06,4,5,34,3,9,129.7,78.8,26.27,32.43,48.6,43.4,3,Mirandés 0-2 Cádiz,2026-03-13
Cultural Leonesa,0.58,1.98,-1.4,0.53,1.98,-1.45,0.04,0.0,0.04,0.58,1.98,-1.4,,,,,,0,3,-3,-1.6,47.5,52.91,,,49.01,0.4,0.42,222,7,7,10,17.5,23.81,14.67,5,4,16,2,13,79.7,45.78,102.27,68.88,87.92,44.33,1,Almería 3-0 Cultural Leonesa,2026-03-09
Almería,1.98,0.58,1.4,1.98,0.53,1.45,0.0,0.04,-0.04,1.98,0.58,1.4,,,,,,3,0,3,1.6,52.5,47.09,,,44.28,0.42,0.4,210,12,10,7,23.81,17.5,15.04,4,5,11,1,9,94.4,54.22,46.2,31.12,110.42,55.67,0,Almería 3-0 Cultural Leonesa,2026-03-09
Granada,1.99,0.79,1.2,1.99,0.78,1.21,0.0,0.01,-0.01,1.99,0.79,1.2,,,,,,2,0,2,0.8,33.7,26.13,,,40.81,0.65,0.34,116,10,11,13,16.92,38.24,15.21,4,6,11,4,8,38.5,19.84,113.73,93.07,107.57,67.58,4,Deportivo de La Coruña 0-2 Granada,2026-03-08
Deportivo de La Coruña,0.79,1.99,-1.2,0.78,1.99,-1.21,0.01,0.0,0.01,0.79,1.99,-1.2,,,,,,0,2,-2,-0.8,66.3,73.87,,,50.87,0.34,0.65,352,7,13,11,38.24,16.92,9.06,6,4,28,10,10,155.6,80.16,8.47,6.93,51.6,32.42,1,Deportivo de La Coruña 0-2 Granada,2026-03-08
Eibar,0.8,1.28,-0.48,0.73,1.16,-0.43,0.07,0.12,-0.05,0.8,1.28,-0.48,,,,,,1,0,1,1.48,36.8,32.75,,,40.08,0.3,0.8,117,5,8,20,26.67,25.0,15.83,5,8,8,2,14,41.4,18.71,83.8,73.17,50.57,35.72,1,Leganés 0-1 Eibar,2026-03-08
Leganés,1.28,0.8,0.48,1.16,0.73,0.43,0.12,0.07,0.05,1.28,0.8,0.48,,,,,,0,1,-1,-1.48,63.2,67.25,,,50.79,0.8,0.3,324,16,20,8,25.0,26.67,6.93,8,5,33,10,14,179.9,81.29,30.73,26.83,91.0,64.28,0,Leganés 0-1 Eibar,2026-03-08
Córdoba,2.3,2.86,-0.56,2.26,2.57,-0.31,0.04,0.29,-0.25,2.3,2.86,-0.56,,,,,,3,4,-1,-0.44,63.6,70.37,,,53.73,1.41,0.35,345,16,19,15,13.48,42.86,6.07,14,8,35,7,13,211.0,79.98,8.47,9.13,147.4,59.95,0,Racing de Santander 4-3 Córdoba,2026-03-08
Racing de Santander,2.86,2.3,0.56,2.57,2.26,0.31,0.29,0.04,0.25,2.86,2.3,0.56,,,,,,4,3,1,0.44,36.4,29.63,,,42.67,0.35,1.41,118,12,15,19,42.86,13.48,11.34,8,14,8,6,10,52.8,20.02,84.27,90.87,98.47,40.05,2,Racing de Santander 4-3 Córdoba,2026-03-08
Sporting de Gijón,0.3,2.14,-1.84,0.3,1.78,-1.48,0.0,0.36,-0.36,0.3,2.14,-1.84,,,,,,0,1,-1,0.84,35.0,48.46,,,51.34,0.44,1.2,164,10,4,23,9.09,19.17,17.32,2,2,14,0,11,26.9,15.8,145.0,98.37,81.7,59.5,8,FC Andorra 1-0 Sporting de Gijón,2026-03-08
FC Andorra,2.14,0.3,1.84,1.78,0.3,1.48,0.36,0.0,0.36,2.14,0.3,1.84,,,,,,1,0,1,-0.84,65.0,51.54,,,46.69,1.2,0.44,249,13,23,4,19.17,9.09,11.33,2,2,19,9,8,143.4,84.2,2.4,1.63,55.6,40.5,0,FC Andorra 1-0 Sporting de Gijón,2026-03-08
Ceuta,0.26,2.72,-2.46,0.26,1.85,-1.59,0.0,0.12,-0.12,0.26,1.96,-1.7,,,,,,0,4,-4,-1.54,47.4,42.21,,,41.48,0.3,1.13,162,6,4,15,13.33,13.27,11.69,4,18,10,1,13,39.0,23.12,37.87,39.12,24.52,10.58,0,Las Palmas 4-0 Ceuta,2026-03-08
Las Palmas,2.72,0.26,2.46,1.85,0.26,1.59,0.12,0.0,0.12,1.96,0.26,1.7,,,,,,4,0,4,1.54,52.6,57.79,,,46.32,1.13,0.3,200,23,15,4,13.27,13.33,8.35,18,4,12,7,11,129.7,76.88,58.93,60.88,207.14,89.42,0,Las Palmas 4-0 Ceuta,2026-03-08
Real Valladolid,1.73,2.6,-0.87,1.55,1.84,-0.29,0.17,0.0,0.17,1.73,1.84,-0.11,,,,,,3,3,0,0.87,50.9,54.84,,,49.67,0.64,0.09,203,17,18,10,28.12,111.11,7.6,5,3,33,9,21,141.0,70.01,62.27,62.1,94.5,48.52,0,Málaga 3-3 Real Valladolid,2026-03-07
Málaga,2.6,1.73,0.87,1.84,1.55,0.29,0.0,0.17,-0.17,1.84,1.73,0.11,,,,,,3,3,0,-0.87,49.1,45.16,,,44.25,0.09,0.64,159,3,10,18,111.11,28.12,9.52,3,5,7,0,15,60.4,29.99,38.0,37.9,100.27,51.48,0,Málaga 3-3 Real Valladolid,2026-03-07
Mirandés,1.04,1.12,-0.08,0.79,1.09,-0.3,0.25,0.04,0.21,1.04,1.12,-0.08,,,,,,0,2,-2,-1.92,51.5,58.33,,,49.79,0.85,0.35,224,13,12,14,14.12,40.0,8.24,9,6,27,6,18,98.7,65.15,48.4,52.72,94.17,52.68,3,Burgos 2-0 Mirandés,2026-03-07
Burgos,1.12,1.04,0.08,1.09,0.79,0.3,0.04,0.25,-0.21,1.12,1.04,0.08,,,,,,2,0,2,1.92,48.5,41.67,,,46.76,0.35,0.85,174,6,14,12,40.0,14.12,11.57,6,9,11,1,9,52.8,34.85,43.4,47.28,84.6,47.32,1,Burgos 2-0 Mirandés,2026-03-07
Castellón,3.19,3.19,0.0,1.91,3.08,-1.17,1.28,0.11,1.17,3.19,3.19,0.0,,,,,,2,4,-2,-2.0,67.1,74.04,,,51.6,1.44,0.61,325,31,23,17,15.97,27.87,6.38,5,3,27,6,9,203.7,95.1,30.53,22.86,159.0,78.22,1,Real Sociedad II 4-2 Castellón,2026-03-07
Real Sociedad II,3.19,3.19,0.0,3.08,1.91,1.17,0.11,1.28,-1.17,3.19,3.19,0.0,,,,,,4,2,2,2.0,32.9,25.96,,,40.01,0.61,1.44,89,11,17,23,27.87,15.97,12.79,3,5,10,2,18,10.5,4.9,103.0,77.14,44.27,21.78,0,Real Sociedad II 4-2 Castellón,2026-03-07
Albacete,1.43,0.7,0.73,1.4,0.6,0.8,0.03,0.1,-0.07,1.43,0.7,0.73,,,,,,0,0,0,-0.73,55.0,62.18,,,55.59,0.92,0.35,271,11,14,9,15.22,25.71,6.9,6,1,42,12,14,136.2,74.84,42.2,44.33,136.33,70.62,1,Huesca 0-0 Albacete,2026-03-07
Huesca,0.7,1.43,-0.73,0.6,1.4,-0.8,0.1,0.03,0.07,0.7,1.43,-0.73,,,,,,0,0,0,0.73,45.0,37.82,,,45.81,0.35,0.92,151,6,9,14,25.71,15.22,12.59,1,6,25,5,11,45.8,25.16,53.0,55.67,56.73,29.38,0,Huesca 0-0 Albacete,2026-03-07
Real Zaragoza,1.82,0.83,0.99,1.82,0.65,1.17,0.0,0.18,-0.18,1.82,0.83,0.99,,,,,,1,0,1,0.01,34.0,33.16,,,47.95,0.48,0.88,137,9,10,12,20.83,13.64,15.67,5,6,12,3,11,39.9,17.51,108.53,82.06,79.67,50.28,0,Cádiz 0-1 Real Zaragoza,2026-03-06
Cádiz,0.83,1.82,-0.99,0.65,1.82,-1.17,0.18,0.0,0.18,0.83,1.82,-0.99,,,,,,0,1,-1,-0.01,66.0,66.84,,,50.64,0.88,0.48,303,10,12,10,13.64,20.83,5.55,6,5,42,6,16,188.0,82.49,23.73,17.94,78.77,49.72,2,Cádiz 0-1 Real Zaragoza,2026-03-06
FC Andorra,1.7,0.91,0.79,1.23,0.57,0.66,0.46,0.34,0.12,1.7,0.91,0.79,,,,,,4,1,3,2.21,42.0,45.06,,,44.24,0.27,0.39,139,6,13,13,48.15,33.33,9.28,6,7,6,3,10,53.9,45.03,64.07,82.63,137.23,91.76,0,Córdoba 1-4 FC Andorra,2026-03-02
Córdoba,0.91,1.7,-0.79,0.57,1.23,-0.66,0.34,0.46,-0.12,0.91,1.7,-0.79,,,,,,1,4,-3,-2.21,58.0,54.94,,,44.63,0.39,0.27,187,10,13,13,33.33,48.15,7.3,7,6,21,9,16,65.8,54.97,13.47,17.37,12.33,8.24,3,Córdoba 1-4 FC Andorra,2026-03-02
Leganés,0.36,0.96,-0.6,0.36,0.95,-0.59,0.0,0.01,-0.01,0.36,0.96,-0.6,,,,,,0,0,0,0.6,49.6,40.77,,,43.55,0.3,0.48,172,2,6,12,20.0,25.0,9.73,9,8,9,0,11,47.4,26.35,38.6,36.55,11.73,8.56,0,Sporting de Gijón 0-0 Leganés,2026-03-02
Sporting de Gijón,0.96,0.36,0.6,0.95,0.36,0.59,0.01,0.0,0.01,0.96,0.36,0.6,,,,,,0,0,0,-0.6,50.4,59.23,,,51.0,0.48,0.3,246,10,12,6,25.0,20.0,8.87,8,9,16,5,16,132.5,73.65,67.0,63.45,125.23,91.44,3,Sporting de Gijón 0-0 Leganés,2026-03-02
Cádiz,0.28,2.26,-1.98,0.28,1.43,-1.15,0.0,0.07,-0.07,0.28,1.5,-1.22,,,,,,1,3,-2,-0.02,49.1,48.85,,,43.01,0.23,0.93,200,4,6,14,26.09,15.05,15.29,3,5,16,0,12,47.3,31.1,87.53,52.16,47.34,19.8,0,Eibar 3-1 Cádiz,2026-03-01
Eibar,2.26,0.28,1.98,1.43,0.28,1.15,0.07,0.0,0.07,1.5,0.28,1.22,,,,,,3,1,2,0.02,50.9,51.15,,,42.49,0.93,0.23,196,18,14,6,15.05,26.09,15.29,5,3,12,4,10,104.8,68.9,80.27,47.84,191.7,80.2,1,Eibar 3-1 Cádiz,2026-03-01
Las Palmas,1.15,1.42,-0.27,1.15,1.38,-0.23,0.0,0.03,-0.03,1.15,1.42,-0.27,,,,,,3,0,3,3.27,48.1,47.86,,,44.97,0.38,0.72,205,10,10,12,26.32,16.67,9.54,8,2,11,4,16,90.6,56.62,53.4,51.78,109.97,69.18,1,Cultural Leonesa 0-3 Las Palmas,2026-03-01
Cultural Leonesa,1.42,1.15,0.27,1.38,1.15,0.23,0.03,0.0,0.03,1.42,1.15,0.27,,,,,,0,3,-3,-3.27,51.9,52.14,,,45.23,0.72,0.38,230,9,12,10,16.67,26.32,13.39,2,8,10,5,17,69.4,43.38,49.73,48.22,49.0,30.82,3,Cultural Leonesa 0-3 Las Palmas,2026-03-01
Ceuta,1.53,2.69,-1.16,1.53,2.18,-0.65,0.0,0.51,-0.51,1.53,2.69,-1.16,,,,,,1,0,1,2.16,53.4,51.27,,,50.28,0.63,1.26,188,14,8,20,12.7,15.87,5.56,12,2,14,4,18,85.3,47.08,23.47,32.15,75.87,47.93,1,Mirandés 0-1 Ceuta,2026-03-01
Mirandés,2.69,1.53,1.16,2.18,1.53,0.65,0.51,0.0,0.51,2.69,1.53,1.16,,,,,,0,1,-1,-2.16,46.6,48.73,,,49.69,1.26,0.63,158,18,20,8,15.87,12.7,8.93,2,12,21,8,6,95.9,52.92,49.53,67.85,82.43,52.07,1,Mirandés 0-1 Ceuta,2026-03-01
Deportivo de La Coruña,1.28,2.44,-1.16,1.22,2.37,-1.15,0.06,0.06,0.0,1.28,2.44,-1.16,,,,,,3,2,1,2.16,55.9,62.33,,,49.31,0.76,0.4,235,14,11,14,14.47,35.0,10.57,6,3,27,2,12,130.3,66.51,31.53,28.98,126.13,54.41,2,Real Sociedad II 2-3 Deportivo de La Coruña,2026-03-01
Real Sociedad II,2.44,1.28,1.16,2.37,1.22,1.15,0.06,0.06,0.0,2.44,1.28,1.16,,,,,,2,3,-1,-2.16,44.1,37.67,,,42.22,0.4,0.76,132,9,14,11,35.0,14.47,14.48,3,6,19,5,11,65.6,33.49,77.27,71.02,105.67,45.59,1,Real Sociedad II 2-3 Deportivo de La Coruña,2026-03-01
Racing de Santander,3.22,2.71,0.51,2.93,2.71,0.22,0.28,0.0,0.28,3.22,2.71,0.51,,,,,,3,1,2,1.49,36.3,26.69,,,41.66,0.72,1.37,104,7,12,15,16.67,10.95,13.23,3,3,8,3,13,30.1,13.92,63.93,80.52,99.7,65.54,0,Castellón 1-3 Racing de Santander,2026-02-28
Castellón,2.71,3.22,-0.51,2.71,2.93,-0.22,0.0,0.28,-0.28,2.71,3.22,-0.51,,,,,,1,3,-2,-1.49,63.7,73.31,,,51.81,1.37,0.72,294,19,15,12,10.95,16.67,8.3,3,3,37,3,13,186.2,86.08,15.47,19.48,52.43,34.46,2,Castellón 1-3 Racing de Santander,2026-02-28
Huesca,0.47,2.13,-1.66,0.34,2.1,-1.76,0.13,0.03,0.1,0.47,2.13,-1.66,,,,,,0,1,-1,0.66,49.2,46.03,,,46.75,0.7,1.09,198,9,9,16,12.86,14.68,12.17,6,10,20,6,12,53.2,35.37,40.13,48.55,44.7,28.86,0,Real Valladolid 1-0 Huesca,2026-02-28
Real Valladolid,2.13,0.47,1.66,2.1,0.34,1.76,0.03,0.13,-0.1,2.13,0.47,1.66,,,,,,1,0,1,-0.66,50.8,53.97,,,48.57,1.09,0.7,226,15,16,9,14.68,12.86,9.45,10,6,26,4,11,97.2,64.63,42.53,51.45,110.2,71.14,3,Real Valladolid 1-0 Huesca,2026-02-28
Málaga,2.06,1.75,0.31,1.3,1.75,-0.45,0.0,0.0,0.0,1.3,1.75,-0.45,,,,,,1,0,1,0.69,57.7,64.03,,,47.12,0.68,1.19,198,13,14,11,20.59,9.24,8.84,4,7,10,4,13,113.2,69.24,27.4,34.39,104.37,62.99,1,Granada 0-1 Málaga,2026-02-28
Granada,1.75,2.06,-0.31,1.75,1.3,0.45,0.0,0.0,0.0,1.75,1.3,0.45,,,,,,0,1,-1,-0.69,42.3,35.97,,,42.18,1.19,0.68,111,11,11,14,9.24,20.59,10.15,7,4,21,4,13,50.3,30.76,52.27,65.61,61.33,37.01,1,Granada 0-1 Málaga,2026-02-28
Burgos,1.76,1.82,-0.06,1.65,1.65,0.0,0.11,0.17,-0.06,1.76,1.82,-0.06,,,,,,1,0,1,1.06,53.6,36.07,,,44.04,0.35,1.53,168,5,8,16,22.86,10.46,9.06,4,7,8,2,14,68.7,30.64,15.6,16.35,38.83,18.67,0,Real Zaragoza 0-1 Burgos,2026-02-28
Real Zaragoza,1.82,1.76,0.06,1.65,1.65,0.0,0.17,0.11,0.06,1.82,1.76,0.06,,,,,,0,1,-1,-1.06,46.4,63.93,,,54.4,1.53,0.35,229,29,16,8,10.46,22.86,9.14,7,4,23,5,10,155.5,69.36,79.8,83.65,169.13,81.33,6,Real Zaragoza 0-1 Burgos,2026-02-28
Almería,2.78,2.38,0.4,2.6,2.34,0.26,0.18,0.04,0.14,2.78,2.38,0.4,,,,,,1,1,0,-0.4,64.9,62.14,,,48.79,1.05,0.57,272,20,19,12,18.1,21.05,8.23,2,5,28,7,8,171.6,77.44,13.13,9.56,106.33,56.05,2,Albacete 1-1 Almería,2026-02-27
Albacete,2.38,2.78,-0.4,2.34,2.6,-0.26,0.04,0.18,-0.14,2.38,2.78,-0.4,,,,,,1,1,0,0.4,35.1,37.86,,,46.57,0.57,1.05,144,12,12,19,21.05,18.1,16.03,5,2,19,5,9,50.0,22.56,124.27,90.44,83.37,43.95,3,Albacete 1-1 Almería,2026-02-27
Córdoba,2.02,0.9,1.12,1.23,0.52,0.71,0.03,0.38,-0.35,1.26,0.9,0.36,,,,,,2,3,-1,-2.12,60.8,67.19,,,51.1,0.9,0.32,272,10,12,5,13.33,15.62,6.48,4,3,23,5,17,165.8,86.72,19.4,22.54,124.43,70.53,2,Ceuta 3-2 Córdoba,2026-02-25
Ceuta,0.9,2.02,-1.12,0.52,1.23,-0.71,0.38,0.03,0.35,0.9,1.26,-0.36,,,,,,3,2,1,2.12,39.2,32.81,,,41.96,0.32,0.9,119,8,5,12,15.62,13.33,8.66,3,4,12,4,19,25.4,13.28,66.67,77.46,52.0,29.47,0,Ceuta 3-2 Córdoba,2026-02-25
Real Sociedad II,2.24,1.0,1.24,1.94,0.83,1.11,0.3,0.17,0.13,2.24,1.0,1.24,,,,,,2,0,2,0.76,56.8,57.99,,,48.47,1.5,0.34,206,19,17,14,11.33,41.18,8.36,7,5,20,3,15,127.5,72.4,28.87,28.49,100.47,63.29,2,Cádiz 0-2 Real Sociedad II,2026-02-23
Cádiz,1.0,2.24,-1.24,0.83,1.94,-1.11,0.17,0.3,-0.13,1.0,2.24,-1.24,,,,,,0,2,-2,-0.76,43.2,42.01,,,44.89,0.34,1.5,145,9,14,17,41.18,11.33,10.74,5,7,21,8,12,48.6,27.6,72.47,71.51,58.27,36.71,2,Cádiz 0-2 Real Sociedad II,2026-02-23
Albacete,0.39,1.48,-1.09,0.37,1.37,-1.0,0.02,0.1,-0.08,0.39,1.48,-1.09,,,,,,0,1,-1,0.09,45.4,41.0,,,44.04,0.51,1.1,161,8,8,15,15.69,13.64,9.25,3,3,14,3,17,33.0,18.92,61.27,56.97,42.87,22.34,1,Málaga 1-0 Albacete,2026-02-22
Málaga,1.48,0.39,1.09,1.37,0.37,1.0,0.1,0.02,0.08,1.48,0.39,1.09,,,,,,1,0,1,-0.09,54.6,59.0,,,48.02,1.1,0.51,240,25,15,8,13.64,15.69,9.16,3,3,15,4,13,141.4,81.08,46.27,43.03,149.07,77.66,0,Málaga 1-0 Albacete,2026-02-22
Burgos,0.71,0.71,0.0,0.71,0.52,0.19,0.0,0.19,-0.19,0.71,0.71,0.0,,,,,,0,1,-1,-1.0,48.0,37.64,,,47.15,0.38,0.4,218,5,10,8,26.32,20.0,13.04,6,5,23,7,8,47.0,23.79,61.93,47.2,30.0,12.93,0,Racing de Santander 1-0 Burgos,2026-02-22
Racing de Santander,0.71,0.71,0.0,0.52,0.71,-0.19,0.19,0.0,0.19,0.71,0.71,0.0,,,,,,1,0,1,1.0,52.0,62.36,,,55.02,0.4,0.38,322,11,8,10,20.0,26.32,14.41,5,6,11,5,10,150.6,76.21,69.27,52.8,201.93,87.07,0,Racing de Santander 1-0 Burgos,2026-02-22
Real Zaragoza,0.23,1.55,-1.32,0.21,1.16,-0.95,0.02,0.38,-0.36,0.23,1.55,-1.32,,,,,,1,2,-1,0.32,38.9,32.38,,,40.3,0.19,0.28,106,5,6,17,31.58,60.71,9.59,6,7,11,5,18,8.8,4.86,91.87,89.07,20.77,10.13,3,FC Andorra 2-1 Real Zaragoza,2026-02-22
FC Andorra,1.55,0.23,1.32,1.16,0.21,0.95,0.38,0.02,0.36,1.55,0.23,1.32,,,,,,2,1,1,-0.32,61.1,67.62,,,49.05,0.28,0.19,237,13,17,6,60.71,31.58,6.39,7,6,18,6,20,172.4,95.14,11.27,10.93,184.33,89.87,0,FC Andorra 2-1 Real Zaragoza,2026-02-22
Real Valladolid,2.4,1.77,0.63,1.36,1.59,-0.23,1.04,0.17,0.87,2.4,1.77,0.63,,,,,,2,2,0,-0.63,42.4,31.34,,,41.39,0.72,0.96,149,10,12,17,16.67,17.71,12.75,3,6,14,3,13,37.7,16.72,45.8,45.95,28.47,15.22,2,Sporting de Gijón 2-2 Real Valladolid,2026-02-22
Sporting de Gijón,1.77,2.4,-0.63,1.59,1.36,0.23,0.17,1.04,-0.87,1.77,2.4,-0.63,,,,,,2,2,0,0.63,57.6,68.66,,,52.79,0.96,0.72,324,12,17,12,17.71,16.67,10.62,6,3,25,6,10,187.8,83.28,53.87,54.05,158.63,84.78,0,Sporting de Gijón 2-2 Real Valladolid,2026-02-22
Castellón,2.52,1.63,0.89,2.13,0.84,1.29,0.39,0.03,0.36,2.52,0.87,1.65,,,,,,1,1,0,-0.89,56.0,59.44,,,46.01,0.77,0.45,215,9,15,10,19.48,22.22,7.79,8,4,19,4,10,111.3,77.51,24.67,25.89,80.13,56.15,1,Las Palmas 1-1 Castellón,2026-02-21
Las Palmas,1.63,2.52,-0.89,0.84,2.13,-1.29,0.03,0.39,-0.36,0.87,2.52,-1.65,,,,,,1,1,0,0.89,44.0,40.56,,,44.55,0.45,0.77,165,6,10,15,22.22,19.48,9.2,4,8,8,4,20,32.3,22.49,70.6,74.11,62.57,43.85,2,Las Palmas 1-1 Castellón,2026-02-21
Córdoba,0.66,1.59,-0.93,0.54,1.55,-1.01,0.11,0.04,0.07,0.66,1.59,-0.93,,,,,,1,2,-1,-0.07,67.9,63.28,,,50.14,0.65,0.38,275,15,12,14,18.46,36.84,4.48,4,3,27,6,11,144.9,69.43,3.87,3.26,62.57,31.93,0,Almería 2-1 Córdoba,2026-02-21
Almería,1.59,0.66,0.93,1.55,0.54,1.01,0.04,0.11,-0.07,1.59,0.66,0.93,,,,,,2,1,1,0.07,32.1,36.72,,,49.72,0.38,0.65,135,15,14,12,36.84,18.46,11.85,3,4,15,6,18,63.8,30.57,114.87,96.74,133.37,68.07,0,Almería 2-1 Córdoba,2026-02-21
Mirandés,1.39,1.88,-0.49,1.15,1.67,-0.52,0.25,0.21,0.04,1.39,1.88,-0.49,,,,,,2,1,1,1.49,43.9,41.33,,,49.76,0.55,1.7,191,11,12,20,21.82,11.76,13.54,4,4,17,4,14,57.7,23.08,80.13,80.35,103.1,50.25,5,Huesca 1-2 Mirandés,2026-02-21
Huesca,1.88,1.39,0.49,1.67,1.15,0.52,0.21,0.25,-0.04,1.88,1.39,0.49,,,,,,1,2,-1,-1.49,56.1,58.67,,,51.06,1.7,0.55,262,28,20,12,11.76,21.82,8.0,4,4,36,9,9,192.3,76.92,19.6,19.65,102.07,49.75,0,Huesca 1-2 Mirandés,2026-02-21
Eibar,0.78,1.12,-0.34,0.72,0.89,-0.17,0.06,0.22,-0.16,0.78,1.12,-0.34,,,,,,0,1,-1,-0.66,55.1,61.64,,,49.0,0.36,0.52,255,11,14,15,38.89,28.85,11.48,4,5,25,3,10,128.6,61.65,33.33,35.71,107.63,50.64,5,Deportivo de La Coruña 1-0 Eibar,2026-02-21
Deportivo de La Coruña,1.12,0.78,0.34,0.89,0.72,0.17,0.22,0.06,0.16,1.12,0.78,0.34,,,,,,1,0,1,0.66,44.9,38.36,,,46.15,0.52,0.36,201,14,15,14,28.85,38.89,12.33,5,4,14,6,14,80.0,38.35,60.0,64.29,104.9,49.36,1,Deportivo de La Coruña 1-0 Eibar,2026-02-21
Cultural Leonesa,1.57,1.3,0.27,1.57,1.23,0.34,0.0,0.07,-0.07,1.57,1.3,0.27,,,,,,1,1,0,-0.27,33.8,38.13,,,47.7,0.55,0.87,122,10,11,11,20.0,12.64,14.97,5,5,7,0,14,38.5,26.52,120.0,92.54,117.77,74.59,6,Leganés 1-1 Cultural Leonesa,2026-02-21
Leganés,1.3,1.57,-0.27,1.23,1.57,-0.34,0.07,0.0,0.07,1.3,1.57,-0.27,,,,,,1,1,0,0.27,66.2,61.87,,,48.84,0.87,0.55,264,11,11,11,12.64,20.0,7.3,5,5,23,7,7,106.7,73.48,9.67,7.46,40.13,25.41,0,Leganés 1-1 Cultural Leonesa,2026-02-21
Granada,1.27,1.69,-0.42,1.21,1.69,-0.48,0.06,0.0,0.06,1.27,1.69,-0.42,,,,,,1,2,-1,-0.58,45.3,48.34,,,44.08,0.67,0.75,143,10,11,10,16.42,13.33,8.0,4,3,24,5,14,33.4,34.29,59.67,82.11,57.8,48.15,2,Ceuta 2-1 Granada,2026-02-20
Ceuta,1.69,1.27,0.42,1.69,1.21,0.48,0.0,0.06,-0.06,1.69,1.27,0.42,,,,,,2,1,1,0.58,54.7,51.66,,,43.68,0.75,0.67,164,14,10,11,13.33,16.42,8.22,3,4,17,5,19,64.0,65.71,13.0,17.89,62.23,51.85,0,Ceuta 2-1 Granada,2026-02-20
Málaga,1.81,1.59,0.22,1.75,1.22,0.53,0.06,0.37,-0.31,1.81,1.59,0.22,,,,,,1,2,-1,-1.22,55.9,66.79,,,48.77,1.29,0.32,228,19,17,13,13.18,40.62,8.59,9,5,18,1,14,160.2,79.5,37.13,36.05,133.63,74.61,0,Real Sociedad II 2-1 Málaga,2026-02-16
Real Sociedad II,1.59,1.81,-0.22,1.22,1.75,-0.53,0.37,0.06,0.31,1.59,1.81,-0.22,,,,,,2,1,1,1.22,44.1,33.21,,,39.56,0.32,1.29,116,6,13,17,40.62,13.18,9.83,5,9,19,5,19,41.3,20.5,65.87,63.95,45.47,25.39,0,Real Sociedad II 2-1 Málaga,2026-02-16
Deportivo de La Coruña,1.26,0.33,0.93,0.99,0.33,0.66,0.28,0.0,0.28,1.26,0.33,0.93,,,,,,0,2,-2,-2.93,51.8,46.2,,,45.96,0.7,0.55,213,11,12,8,17.14,14.55,9.46,8,4,17,3,9,74.4,50.34,26.93,27.88,37.67,20.32,0,Castellón 2-0 Deportivo de La Coruña,2026-02-15
Castellón,0.33,1.26,-0.93,0.33,0.99,-0.66,0.0,0.28,-0.28,0.33,1.26,-0.93,,,,,,2,0,2,2.93,48.2,53.8,,,47.54,0.55,0.7,207,11,8,12,14.55,17.14,15.88,4,8,13,4,11,73.4,49.66,69.67,72.12,147.73,79.68,1,Castellón 2-0 Deportivo de La Coruña,2026-02-15
Sporting de Gijón,2.18,1.32,0.86,1.42,0.45,0.97,0.0,0.11,-0.11,1.42,0.56,0.86,,,,,,1,1,0,-0.86,56.1,57.89,,,51.79,0.78,0.26,274,11,9,9,11.54,34.62,14.43,2,3,16,2,12,139.3,73.39,24.53,27.22,117.17,61.47,0,Albacete 1-1 Sporting de Gijón,2026-02-15
Albacete,1.32,2.18,-0.86,0.45,1.42,-0.97,0.11,0.0,0.11,0.56,1.42,-0.86,,,,,,1,1,0,0.86,43.9,42.11,,,47.54,0.26,0.78,178,9,9,9,34.62,11.54,11.91,3,2,22,4,10,50.5,26.61,65.6,72.78,73.43,38.53,5,Albacete 1-1 Sporting de Gijón,2026-02-15
Ceuta,1.09,1.03,0.06,0.82,1.03,-0.21,0.27,0.0,0.27,1.09,1.03,0.06,,,,,,0,2,-2,-2.06,52.7,53.71,,,46.32,1.12,0.45,197,9,11,10,9.82,22.22,13.2,1,8,19,5,11,91.0,61.61,29.0,36.62,68.6,49.49,0,Huesca 2-0 Ceuta,2026-02-15
Huesca,1.03,1.09,-0.06,1.03,0.82,0.21,0.0,0.27,-0.27,1.03,1.09,-0.06,,,,,,2,0,2,2.06,47.3,46.29,,,45.68,0.45,1.12,168,9,10,11,22.22,9.82,9.76,8,1,16,2,14,56.7,38.39,50.2,63.38,70.0,50.51,1,Huesca 2-0 Ceuta,2026-02-15
Racing de Santander,1.08,2.39,-1.31,1.0,2.26,-1.26,0.08,0.12,-0.04,1.08,2.39,-1.31,,,,,,1,2,-1,0.31,51.0,41.82,,,46.53,0.46,0.93,192,12,11,15,23.91,16.13,16.53,5,11,13,5,6,55.7,28.8,50.93,47.16,52.9,32.63,4,Eibar 2-1 Racing de Santander,2026-02-15
Eibar,2.39,1.08,1.31,2.26,1.0,1.26,0.12,0.08,0.04,2.39,1.08,1.31,,,,,,2,1,1,-0.31,49.0,58.18,,,49.28,0.93,0.46,218,13,15,11,16.13,23.91,9.1,11,5,18,5,15,137.7,71.2,57.07,52.84,109.23,67.37,3,Eibar 2-1 Racing de Santander,2026-02-15
Las Palmas,1.76,0.32,1.44,1.74,0.32,1.42,0.01,0.0,0.01,1.76,0.32,1.44,,,,,,1,1,0,-1.44,68.3,66.31,,,51.94,0.76,0.14,337,13,17,6,22.37,42.86,6.34,5,3,26,5,9,209.1,96.9,13.8,9.86,110.0,79.71,1,Mirandés 1-1 Las Palmas,2026-02-15
Mirandés,0.32,1.76,-1.44,0.32,1.74,-1.42,0.0,0.01,-0.01,0.32,1.76,-1.44,,,,,,1,1,0,1.44,31.7,33.69,,,48.37,0.14,0.76,138,8,6,17,42.86,22.37,15.27,3,5,14,3,19,6.7,3.1,126.2,90.14,28.0,20.29,2,Mirandés 1-1 Las Palmas,2026-02-15
Real Valladolid,0.95,2.91,-1.96,0.88,2.9,-2.02,0.07,0.02,0.05,0.95,2.91,-1.96,,,,,,1,5,-4,-2.04,37.3,35.94,,,42.12,0.42,0.81,111,7,8,23,19.05,28.4,11.69,3,2,14,2,15,15.3,8.11,95.13,87.65,18.4,5.91,2,Granada 5-1 Real Valladolid,2026-02-14
Granada,2.91,0.95,1.96,2.9,0.88,2.02,0.02,0.07,-0.05,2.91,0.95,1.96,,,,,,5,1,4,2.04,62.7,64.06,,,45.91,0.81,0.42,211,12,23,8,28.4,19.05,8.32,2,3,30,4,14,173.4,91.89,13.4,12.35,292.95,94.09,2,Granada 5-1 Real Valladolid,2026-02-14
Real Zaragoza,1.13,1.43,-0.3,1.05,0.66,0.39,0.08,0.01,0.07,1.13,0.67,0.46,,,,,,0,0,0,0.3,53.1,52.2,,,47.8,0.54,0.63,205,6,12,13,22.22,20.63,9.93,5,7,21,8,16,82.4,49.08,38.67,56.54,81.33,51.86,7,Cultural Leonesa 0-0 Real Zaragoza,2026-02-14
Cultural Leonesa,1.43,1.13,0.3,0.66,1.05,-0.39,0.01,0.08,-0.07,0.67,1.13,-0.46,,,,,,0,0,0,-0.3,46.9,47.8,,,49.8,0.63,0.54,193,12,13,12,20.63,22.22,10.0,7,5,19,1,8,85.5,50.92,29.73,43.46,75.5,48.14,6,Cultural Leonesa 0-0 Real Zaragoza,2026-02-14
Cádiz,0.76,1.81,-1.05,0.76,1.64,-0.88,0.0,0.17,-0.17,0.76,1.81,-1.05,,,,,,1,1,0,1.05,38.0,38.65,,,47.75,0.38,1.11,173,6,5,21,13.16,18.92,17.64,1,8,10,0,14,30.1,14.26,96.53,89.66,63.33,36.36,1,Burgos 1-1 Cádiz,2026-02-14
Burgos,1.81,0.76,1.05,1.64,0.76,0.88,0.17,0.0,0.17,1.81,0.76,1.05,,,,,,1,1,0,-1.05,62.0,61.35,,,48.14,1.11,0.38,271,18,21,5,18.92,13.16,9.58,8,1,28,6,6,181.0,85.74,11.13,10.34,110.83,63.64,0,Burgos 1-1 Cádiz,2026-02-14
Leganés,1.67,3.11,-1.44,1.42,2.95,-1.53,0.25,0.16,0.09,1.67,3.11,-1.44,,,,,,1,2,-1,0.44,55.7,50.18,,,45.11,0.69,0.7,178,15,17,22,24.64,31.43,9.52,4,9,19,4,6,64.1,38.59,31.4,35.49,37.33,19.51,1,Córdoba 2-1 Leganés,2026-02-14
Córdoba,3.11,1.67,1.44,2.95,1.42,1.53,0.16,0.25,-0.09,3.11,1.67,1.44,,,,,,2,1,1,-0.44,44.3,49.82,,,46.49,0.7,0.69,160,17,22,17,31.43,24.64,8.66,9,4,13,7,16,102.0,61.41,57.07,64.51,153.97,80.49,0,Córdoba 2-1 Leganés,2026-02-14
FC Andorra,1.65,2.8,-1.15,0.82,2.55,-1.73,0.07,0.25,-0.18,0.89,2.8,-1.91,,,,,,2,3,-1,0.15,58.6,44.94,,,41.79,0.31,0.44,178,4,15,15,48.39,34.09,9.09,3,5,14,5,19,56.2,43.94,9.47,8.52,34.47,19.13,0,Almería 3-2 FC Andorra,2026-02-13
Almería,2.8,1.65,1.15,2.55,0.82,1.73,0.25,0.07,0.18,2.8,0.89,1.91,,,,,,3,2,1,-0.15,41.4,55.06,,,47.93,0.44,0.31,177,9,15,15,34.09,48.39,10.35,5,3,17,6,12,71.7,56.06,101.73,91.48,145.73,80.87,1,Almería 3-2 FC Andorra,2026-02-13
Mirandés,0.59,2.91,-2.32,0.31,2.4,-2.09,0.27,0.51,-0.24,0.59,2.91,-2.32,,,,,,0,1,-1,1.32,49.3,41.41,,,48.62,0.37,0.86,193,8,8,19,21.62,22.09,10.7,4,5,16,3,15,41.6,22.28,35.8,47.61,27.13,15.61,3,Racing de Santander 1-0 Mirandés,2026-02-09
Racing de Santander,2.91,0.59,2.32,2.4,0.31,2.09,0.51,0.27,0.24,2.91,0.59,2.32,,,,,,1,0,1,-1.32,50.7,58.59,,,55.04,0.86,0.37,267,15,19,8,22.09,21.62,10.67,5,4,21,7,12,145.1,77.72,39.4,52.39,146.63,84.39,5,Racing de Santander 1-0 Mirandés,2026-02-09
Cultural Leonesa,0.09,1.48,-1.39,0.09,1.41,-1.32,0.0,0.07,-0.07,0.09,1.48,-1.39,,,,,,1,2,-1,0.39,37.3,27.25,,,42.32,0.2,0.7,129,6,3,18,15.0,25.71,13.9,2,3,9,2,17,14.1,5.55,112.87,79.04,39.93,20.44,7,Málaga 2-1 Cultural Leonesa,2026-02-08
Málaga,1.48,0.09,1.39,1.41,0.09,1.32,0.07,0.0,0.07,1.48,0.09,1.39,,,,,,2,1,1,-0.39,62.7,72.75,,,52.65,0.7,0.2,328,18,18,3,25.71,15.0,9.22,3,2,14,8,8,240.1,94.45,29.93,20.96,155.4,79.56,0,Málaga 2-1 Cultural Leonesa,2026-02-08
Huesca,0.93,0.95,-0.02,0.84,0.84,0.0,0.09,0.1,-0.01,0.93,0.95,-0.02,,,,,,1,2,-1,-0.98,53.0,44.06,,,46.58,0.35,0.57,217,12,9,12,25.71,21.05,14.0,4,6,18,4,8,80.8,46.38,63.2,43.33,54.77,32.62,1,Sporting de Gijón 2-1 Huesca,2026-02-08
Sporting de Gijón,0.95,0.93,0.02,0.84,0.84,0.0,0.1,0.09,0.01,0.95,0.93,0.02,,,,,,2,1,1,0.98,47.0,55.94,,,52.02,0.57,0.35,252,9,12,9,21.05,25.71,9.98,6,4,14,6,15,93.4,53.62,82.67,56.67,113.13,67.38,0,Sporting de Gijón 2-1 Huesca,2026-02-08
Albacete,2.63,0.52,2.11,2.63,0.49,2.14,0.0,0.03,-0.03,2.63,0.52,2.11,,,,,,1,2,-1,-3.11,46.1,46.05,,,51.18,1.46,0.47,257,17,16,13,10.96,27.66,12.81,5,3,19,1,10,131.8,46.56,88.4,73.71,148.13,59.28,1,Deportivo de La Coruña 2-1 Albacete,2026-02-08
Deportivo de La Coruña,0.52,2.63,-2.11,0.49,2.63,-2.14,0.03,0.0,0.03,0.52,2.63,-2.11,,,,,,2,1,1,3.11,53.9,53.95,,,49.1,0.47,1.46,287,10,13,16,27.66,10.96,15.5,3,5,12,4,7,151.3,53.44,31.53,26.29,101.77,40.72,1,Deportivo de La Coruña 2-1 Albacete,2026-02-08
Almería,2.18,1.87,0.31,2.14,1.74,0.4,0.04,0.13,-0.09,2.18,1.87,0.31,,,,,,2,1,1,0.69,41.0,34.36,,,45.94,0.54,1.32,156,12,14,19,25.93,14.39,15.92,3,4,12,4,9,52.8,23.79,68.53,65.52,84.9,46.82,0,Cádiz 1-2 Almería,2026-02-08
Cádiz,1.87,2.18,-0.31,1.74,2.14,-0.4,0.13,0.04,0.09,1.87,2.18,-0.31,,,,,,1,2,-1,-0.69,59.0,65.64,,,51.41,1.32,0.54,302,17,19,14,14.39,25.93,9.15,4,3,39,6,13,169.1,76.21,36.07,34.48,96.43,53.18,1,Cádiz 1-2 Almería,2026-02-08
Castellón,2.03,1.25,0.78,0.59,1.25,-0.66,1.44,0.0,1.44,2.03,1.25,0.78,,,,,,4,0,4,3.22,49.0,50.15,,,47.34,0.53,0.58,183,15,12,9,22.64,15.52,10.41,4,4,9,3,12,91.4,60.97,63.13,63.51,202.17,87.3,0,Real Valladolid 0-4 Castellón,2026-02-08
Real Valladolid,1.25,2.03,-0.78,1.25,0.59,0.66,0.0,1.44,-1.44,1.25,2.03,-0.78,,,,,,0,4,-4,-3.22,51.0,49.85,,,46.1,0.58,0.53,189,9,9,12,15.52,22.64,8.72,4,4,18,3,15,58.5,39.03,36.27,36.49,29.4,12.7,4,Real Valladolid 0-4 Castellón,2026-02-08
Eibar,0.71,1.63,-0.92,0.71,1.49,-0.78,0.0,0.14,-0.14,0.71,1.63,-0.92,,,,,,1,1,0,0.92,57.8,56.83,,,47.6,0.5,0.38,253,11,5,12,10.0,31.58,9.94,3,6,22,7,19,95.6,61.6,24.13,22.07,56.83,31.11,2,Real Zaragoza 1-1 Eibar,2026-02-07
Real Zaragoza,1.63,0.71,0.92,1.49,0.71,0.78,0.14,0.0,0.14,1.63,0.71,0.92,,,,,,1,1,0,-0.92,42.2,43.17,,,45.79,0.38,0.5,169,11,12,5,31.58,10.0,11.86,6,3,14,5,10,59.6,38.4,85.2,77.93,125.87,68.89,2,Real Zaragoza 1-1 Eibar,2026-02-07
Burgos,0.25,2.37,-2.12,0.21,1.41,-1.2,0.03,0.95,-0.92,0.25,2.37,-2.12,,,,,,0,0,0,2.12,34.4,30.19,,,44.9,0.61,1.0,122,9,5,16,8.2,16.0,16.11,9,8,12,2,12,32.0,14.15,137.53,98.14,68.33,41.68,2,Las Palmas 0-0 Burgos,2026-02-07
Las Palmas,2.37,0.25,2.12,1.41,0.21,1.2,0.95,0.03,0.92,2.37,0.25,2.12,,,,,,0,0,0,-2.12,65.6,69.81,,,55.4,1.0,0.61,417,20,16,5,16.0,8.2,7.51,8,9,27,8,13,194.2,85.85,2.6,1.86,95.6,58.32,3,Las Palmas 0-0 Burgos,2026-02-07
Real Sociedad II,0.56,1.43,-0.87,0.56,1.43,-0.87,0.0,0.0,0.0,0.56,1.43,-0.87,,,,,,2,1,1,1.87,27.2,35.04,,,41.25,0.38,0.48,92,4,7,14,18.42,29.17,15.57,6,2,9,3,18,18.0,14.26,228.47,99.83,180.83,86.23,1,FC Andorra 1-2 Real Sociedad II,2026-02-07
FC Andorra,1.43,0.56,0.87,1.43,0.56,0.87,0.0,0.0,0.0,1.43,0.56,0.87,,,,,,1,2,-1,-1.87,72.8,64.96,,,40.56,0.48,0.38,220,9,14,7,29.17,18.42,7.43,2,6,17,2,11,108.2,85.74,0.4,0.17,28.87,13.77,1,FC Andorra 1-2 Real Sociedad II,2026-02-07
Granada,0.47,1.39,-0.92,0.37,1.39,-1.02,0.1,0.0,0.1,0.47,1.39,-0.92,,,,,,0,1,-1,-0.08,52.0,58.05,,,45.85,0.76,0.46,172,10,6,12,7.89,26.09,9.53,6,8,28,5,10,70.1,47.98,29.33,43.56,64.2,39.27,2,Leganés 1-0 Granada,2026-02-06
Leganés,1.39,0.47,0.92,1.39,0.37,1.02,0.0,0.1,-0.1,1.39,0.47,0.92,,,,,,1,0,1,0.08,48.0,41.95,,,41.95,0.46,0.76,130,10,12,6,26.09,7.89,8.79,8,6,13,3,14,76.0,52.02,38.0,56.44,99.27,60.73,1,Leganés 1-0 Granada,2026-02-06
Málaga,1.78,3.03,-1.25,1.68,1.83,-0.15,0.1,0.44,-0.34,1.78,2.27,-0.49,,,,,,1,2,-1,0.25,66.0,64.86,,,51.33,0.64,0.67,318,15,16,21,25.0,31.34,9.67,5,1,23,6,10,177.8,63.73,8.47,5.42,83.07,35.51,0,Mirandés 2-1 Málaga,2026-02-02
Mirandés,3.03,1.78,1.25,1.83,1.68,0.15,0.44,0.1,0.34,2.27,1.78,0.49,,,,,,2,1,1,-0.25,34.0,35.14,,,48.53,0.67,0.64,147,11,21,16,31.34,25.0,23.21,1,5,16,7,11,101.2,36.27,147.87,94.58,150.87,64.49,3,Mirandés 2-1 Málaga,2026-02-02
Racing de Santander,0.79,1.55,-0.76,0.78,1.46,-0.68,0.01,0.09,-0.08,0.79,1.55,-0.76,,,,,,0,1,-1,-0.24,59.5,48.97,,,44.58,0.48,0.91,220,6,6,13,12.5,14.29,7.72,4,10,13,4,17,55.9,38.34,12.07,12.79,34.6,17.47,2,Granada 1-0 Racing de Santander,2026-02-01
Granada,1.55,0.79,0.76,1.46,0.78,0.68,0.09,0.01,0.08,1.55,0.79,0.76,,,,,,1,0,1,0.24,40.5,51.03,,,47.62,0.91,0.48,177,9,13,6,14.29,12.5,11.64,10,4,17,5,17,89.9,61.66,82.27,87.21,163.5,82.53,0,Granada 1-0 Racing de Santander,2026-02-01
FC Andorra,1.03,3.27,-2.24,0.96,3.23,-2.27,0.06,0.04,0.02,1.03,3.27,-2.24,,,,,,0,2,-2,0.24,61.2,48.78,,,39.72,0.5,1.4,155,7,10,18,20.0,12.86,6.81,1,19,15,6,12,30.9,23.34,4.93,4.83,9.0,3.55,1,Castellón 2-0 FC Andorra,2026-02-01
Castellón,3.27,1.03,2.24,3.23,0.96,2.27,0.04,0.06,-0.02,3.27,1.03,2.24,,,,,,2,0,2,-0.24,38.8,51.22,,,45.95,1.4,0.5,143,14,18,10,12.86,20.0,6.6,19,1,10,6,27,101.5,76.66,97.07,95.17,244.67,96.45,1,Castellón 2-0 FC Andorra,2026-02-01
Cádiz,1.2,2.34,-1.14,1.17,1.55,-0.38,0.03,0.79,-0.76,1.2,2.34,-1.14,,,,,,0,1,-1,0.14,48.3,41.82,,,48.2,1.01,0.88,216,11,11,12,10.89,13.64,12.39,1,2,29,4,11,70.4,29.81,48.07,49.12,65.47,22.23,4,Huesca 1-0 Cádiz,2026-02-01
Huesca,2.34,1.2,1.14,1.55,1.17,0.38,0.79,0.03,0.76,2.34,1.2,1.14,,,,,,1,0,1,-0.14,51.7,58.18,,,53.24,0.88,1.01,281,15,12,11,13.64,10.89,12.66,2,1,18,5,13,165.8,70.19,49.8,50.88,229.0,77.77,0,Huesca 1-0 Cádiz,2026-02-01
Sporting de Gijón,0.72,1.3,-0.58,0.6,1.28,-0.68,0.12,0.02,0.1,0.72,1.3,-0.58,,,,,,0,1,-1,-0.42,47.9,44.23,,,47.3,0.45,0.63,209,8,9,10,20.0,15.87,12.86,5,5,15,3,7,62.6,38.33,71.47,65.09,64.43,42.13,4,Eibar 1-0 Sporting de Gijón,2026-02-01
Eibar,1.3,0.72,0.58,1.28,0.6,0.68,0.02,0.12,-0.1,1.3,0.72,0.58,,,,,,1,0,1,0.42,52.1,55.77,,,48.66,0.63,0.45,243,16,10,9,15.87,20.0,10.6,5,5,22,8,14,100.7,61.67,38.33,34.91,88.5,57.87,3,Eibar 1-0 Sporting de Gijón,2026-02-01
Ceuta,2.18,3.15,-0.97,1.41,1.55,-0.14,0.01,0.08,-0.07,1.42,1.63,-0.21,,,,,,2,4,-2,-1.03,49.4,36.52,,,43.32,0.31,1.02,142,9,16,16,51.61,15.69,8.38,4,7,15,2,14,78.3,41.65,23.73,30.11,43.91,17.84,0,Almería 4-2 Ceuta,2026-02-01
Almería,3.15,2.18,0.97,1.55,1.41,0.14,0.08,0.01,0.07,1.63,1.42,0.21,,,,,,4,2,2,1.03,50.6,63.48,,,51.72,1.02,0.31,225,14,16,16,15.69,51.61,7.4,7,4,18,5,21,109.7,58.35,55.07,69.89,202.21,82.16,1,Almería 4-2 Ceuta,2026-02-01
Real Valladolid,1.12,2.32,-1.2,1.07,2.16,-1.09,0.05,0.16,-0.11,1.12,2.32,-1.2,,,,,,1,3,-2,-0.8,29.4,30.9,,,47.22,0.49,0.64,121,7,9,19,18.37,29.69,15.22,5,4,10,1,11,38.1,14.08,134.53,97.58,77.03,28.64,2,Córdoba 3-1 Real Valladolid,2026-01-31
Córdoba,2.32,1.12,1.2,2.16,1.07,1.09,0.16,0.05,0.11,2.32,1.12,1.2,,,,,,3,1,2,0.8,70.6,69.1,,,51.52,0.64,0.49,313,18,19,9,29.69,18.37,8.73,4,5,26,5,10,232.5,85.92,3.33,2.42,191.97,71.36,0,Córdoba 3-1 Real Valladolid,2026-01-31
Deportivo de La Coruña,2.4,1.37,1.03,1.48,1.24,0.24,0.16,0.13,0.03,1.64,1.37,0.27,,,,,,1,0,1,-0.03,57.8,55.44,,,47.78,0.91,0.56,246,14,16,13,17.58,23.21,9.52,5,6,22,7,10,120.2,68.37,12.33,11.77,64.5,44.91,0,Cultural Leonesa 0-1 Deportivo de La Coruña,2026-01-31
Cultural Leonesa,1.37,2.4,-1.03,1.24,1.48,-0.24,0.13,0.16,-0.03,1.37,1.64,-0.27,,,,,,0,1,-1,0.03,42.2,44.56,,,45.98,0.56,0.91,146,12,13,16,23.21,17.58,15.24,6,5,14,4,12,55.6,31.63,92.47,88.23,79.13,55.09,5,Cultural Leonesa 0-1 Deportivo de La Coruña,2026-01-31
Leganés,0.58,0.43,0.15,0.52,0.4,0.12,0.05,0.03,0.02,0.58,0.43,0.15,,,,,,1,2,-1,-1.15,63.8,62.93,,,46.23,0.62,0.52,278,8,11,8,17.74,15.38,6.62,5,5,24,5,10,112.0,75.98,11.67,9.88,53.1,41.54,2,Burgos 2-1 Leganés,2026-01-31
Burgos,0.43,0.58,-0.15,0.4,0.52,-0.12,0.03,0.05,-0.02,0.43,0.58,-0.15,,,,,,2,1,1,1.15,36.2,37.07,,,42.39,0.52,0.62,104,5,8,11,15.38,17.74,13.32,5,5,9,1,18,35.4,24.02,106.4,90.12,74.73,58.46,1,Burgos 2-1 Leganés,2026-01-31
Real Zaragoza,1.17,1.93,-0.76,0.79,1.86,-1.07,0.38,0.07,0.31,1.17,1.93,-0.76,,,,,,0,2,-2,-1.24,63.5,68.23,,,51.79,0.63,1.23,331,14,8,10,12.7,8.13,12.0,3,8,23,4,8,177.8,78.26,18.13,17.43,120.97,52.26,8,Albacete 2-0 Real Zaragoza,2026-01-31
Albacete,1.93,1.17,0.76,1.86,0.79,1.07,0.07,0.38,-0.31,1.93,1.17,0.76,,,,,,2,0,2,1.24,36.5,31.77,,,45.99,1.23,0.63,155,16,10,8,8.13,12.7,10.83,8,3,14,6,11,49.4,21.74,85.87,82.57,110.5,47.74,3,Albacete 2-0 Real Zaragoza,2026-01-31
Las Palmas,0.99,0.74,0.25,0.81,0.74,0.07,0.18,0.0,0.18,0.99,0.74,0.25,,,,,,1,1,0,-0.25,65.5,53.66,,,38.7,0.29,0.54,173,8,11,12,37.93,22.22,7.05,9,9,10,3,12,75.6,54.98,13.4,7.63,41.63,19.06,1,Real Sociedad II 1-1 Las Palmas,2026-01-30
Real Sociedad II,0.74,0.99,-0.25,0.74,0.81,-0.07,0.0,0.18,-0.18,0.74,0.99,-0.25,,,,,,1,1,0,0.25,34.5,46.34,,,43.21,0.54,0.29,133,10,12,11,22.22,37.93,13.17,9,9,14,3,12,61.9,45.02,162.27,92.37,176.8,80.94,1,Real Sociedad II 1-1 Las Palmas,2026-01-30
Cultural Leonesa,1.39,4.17,-2.78,1.31,4.08,-2.77,0.08,0.09,-0.01,1.39,4.17,-2.78,,,,,,1,3,-2,0.78,50.4,46.02,,,46.28,0.28,2.12,185,9,14,18,50.0,8.49,8.57,3,6,15,8,15,56.5,32.96,38.6,46.84,48.1,27.11,5,Ceuta 3-1 Cultural Leonesa,2026-01-26
Ceuta,4.17,1.39,2.78,4.08,1.31,2.77,0.09,0.08,0.01,4.17,1.39,2.78,,,,,,3,1,2,-0.78,49.6,53.98,,,48.9,2.12,0.28,195,22,18,14,8.49,50.0,7.68,6,3,21,5,15,114.9,67.04,43.8,53.16,129.3,72.89,1,Ceuta 3-1 Cultural Leonesa,2026-01-26
Racing de Santander,0.73,1.64,-0.91,0.64,1.62,-0.98,0.09,0.02,0.07,0.73,1.64,-0.91,,,,,,1,0,1,1.91,49.7,43.61,,,48.91,0.36,0.78,203,12,9,9,25.0,11.54,9.25,8,5,13,5,13,85.0,40.36,45.67,43.69,68.1,42.99,3,Deportivo de La Coruña 0-1 Racing de Santander,2026-01-25
Deportivo de La Coruña,1.64,0.73,0.91,1.62,0.64,0.98,0.02,0.09,-0.07,1.64,0.73,0.91,,,,,,0,1,-1,-1.91,50.3,56.39,,,53.61,0.78,0.36,262,10,9,9,11.54,25.0,9.82,5,8,29,7,13,125.6,59.64,58.87,56.31,90.3,57.01,0,Deportivo de La Coruña 0-1 Racing de Santander,2026-01-25
Castellón,1.55,0.4,1.15,1.37,0.33,1.04,0.17,0.07,0.1,1.55,0.4,1.15,,,,,,0,0,0,-1.15,69.2,73.7,,,53.07,1.23,0.5,342,25,14,6,11.38,12.0,8.69,3,4,38,13,14,241.0,92.37,15.2,14.09,171.07,86.18,1,Real Zaragoza 0-0 Castellón,2026-01-25
Real Zaragoza,0.4,1.55,-1.15,0.33,1.37,-1.04,0.07,0.17,-0.1,0.4,1.55,-1.15,,,,,,0,0,0,1.15,30.8,26.3,,,40.65,0.5,1.23,87,7,6,14,12.0,11.38,18.27,4,3,9,3,8,19.9,7.63,92.67,85.91,27.43,13.82,4,Real Zaragoza 0-0 Castellón,2026-01-25
Almería,1.23,2.65,-1.42,1.04,2.18,-1.14,0.19,0.47,-0.28,1.23,2.65,-1.42,,,,,,0,1,-1,0.42,51.5,35.04,,,39.38,0.47,0.8,136,7,15,17,31.91,21.25,11.22,1,7,5,1,19,45.0,27.71,42.87,41.65,47.77,25.8,0,Eibar 1-0 Almería,2026-01-25
Eibar,2.65,1.23,1.42,2.18,1.04,1.14,0.47,0.19,0.28,2.65,1.23,1.42,,,,,,1,0,1,-0.42,48.5,64.96,,,45.13,0.8,0.47,191,16,17,15,21.25,31.91,10.82,7,1,22,6,14,117.4,72.29,60.07,58.35,137.37,74.2,3,Eibar 1-0 Almería,2026-01-25
Huesca,1.25,1.51,-0.26,1.14,1.45,-0.31,0.11,0.06,0.05,1.25,1.51,-0.26,,,,,,1,1,0,0.26,28.2,24.85,,,44.02,0.83,0.89,96,8,6,19,7.23,21.35,13.97,3,6,15,1,16,18.0,6.72,155.6,97.9,47.3,26.64,1,FC Andorra 1-1 Huesca,2026-01-25
FC Andorra,1.51,1.25,0.26,1.45,1.14,0.31,0.06,0.11,-0.05,1.51,1.25,0.26,,,,,,1,1,0,-0.26,71.8,75.15,,,49.48,0.89,0.83,312,15,19,6,21.35,7.23,4.27,6,3,30,3,18,249.7,93.28,3.33,2.1,130.23,73.36,0,FC Andorra 1-1 Huesca,2026-01-25
Granada,2.94,3.0,-0.06,2.13,2.8,-0.67,0.05,0.2,-0.15,2.18,3.0,-0.82,,,,,,2,1,1,1.06,38.1,34.46,,,47.15,0.65,1.57,146,9,14,17,21.54,10.83,15.96,2,2,13,2,9,74.1,33.88,81.4,85.26,86.8,38.53,1,Cádiz 1-2 Granada,2026-01-24
Cádiz,3.0,2.94,0.06,2.8,2.13,0.67,0.2,0.05,0.15,3.0,2.18,0.82,,,,,,1,2,-1,-1.06,61.9,65.54,,,51.14,1.57,0.65,288,13,17,14,10.83,21.54,8.3,2,2,39,8,18,144.6,66.12,14.07,14.74,138.47,61.47,6,Cádiz 1-2 Granada,2026-01-24
Mirandés,1.1,2.64,-1.54,0.61,1.07,-0.46,0.49,0.06,0.43,1.1,1.12,-0.02,,,,,,0,3,-3,-1.46,40.7,31.38,,,45.07,0.38,0.58,152,8,11,16,28.95,27.59,17.73,5,4,14,6,14,30.0,14.18,79.53,78.28,35.12,13.73,1,Sporting de Gijón 3-0 Mirandés,2026-01-24
Sporting de Gijón,2.64,1.1,1.54,1.07,0.61,0.46,0.06,0.49,-0.43,1.12,1.1,0.02,,,,,,3,0,3,1.46,59.3,68.62,,,52.93,0.58,0.38,313,15,16,11,27.59,28.95,9.12,4,5,21,6,7,181.6,85.82,22.07,21.72,220.63,86.27,0,Sporting de Gijón 3-0 Mirandés,2026-01-24
Córdoba,2.94,1.2,1.74,2.04,1.11,0.93,0.13,0.09,0.04,2.18,1.2,0.98,,,,,,2,1,1,-0.74,40.1,30.92,,,36.65,0.31,0.7,99,5,14,14,45.16,20.0,9.38,1,10,8,5,20,44.0,23.8,87.4,72.63,93.57,50.45,2,Las Palmas 1-2 Córdoba,2026-01-24
Las Palmas,1.2,2.94,-1.74,1.11,2.04,-0.93,0.09,0.13,-0.04,1.2,2.18,-0.98,,,,,,1,2,-1,0.74,59.9,69.08,,,48.14,0.7,0.31,261,15,14,14,20.0,45.16,8.03,10,1,13,3,13,140.9,76.2,32.93,27.37,91.9,49.55,5,Las Palmas 1-2 Córdoba,2026-01-24
Real Sociedad II,0.72,3.31,-2.59,0.64,1.9,-1.26,0.08,0.65,-0.57,0.72,2.55,-1.83,,,,,,0,2,-2,0.59,43.9,48.58,,,43.58,0.39,1.02,139,8,9,20,23.08,19.61,8.6,7,11,12,3,22,37.2,23.57,64.67,77.41,54.23,33.52,0,Leganés 2-0 Real Sociedad II,2026-01-24
Leganés,3.31,0.72,2.59,1.9,0.64,1.26,0.65,0.08,0.57,2.55,0.72,1.83,,,,,,2,0,2,-0.59,56.1,51.42,,,45.01,1.02,0.39,190,16,20,9,19.61,23.08,7.49,11,7,20,6,11,120.6,76.43,18.87,22.59,107.57,66.48,0,Leganés 2-0 Real Sociedad II,2026-01-24
Albacete,1.79,0.63,1.16,1.24,0.35,0.89,0.55,0.27,0.28,1.79,0.63,1.16,,,,,,1,0,1,-0.16,40.1,50.18,,,51.89,0.73,0.36,199,14,13,7,17.81,19.44,17.88,5,6,19,9,10,93.0,57.73,104.33,88.77,146.87,83.45,6,Real Valladolid 0-1 Albacete,2026-01-24
Real Valladolid,0.63,1.79,-1.16,0.35,1.24,-0.89,0.27,0.55,-0.28,0.63,1.79,-1.16,,,,,,0,1,-1,0.16,59.9,49.82,,,44.64,0.36,0.73,200,13,7,13,19.44,17.81,9.63,6,5,23,5,6,68.1,42.27,13.2,11.23,29.13,16.55,1,Real Valladolid 0-1 Albacete,2026-01-24
Burgos,1.86,1.15,0.71,1.84,1.15,0.69,0.01,0.0,0.01,1.86,1.15,0.71,,,,,,0,3,-3,-3.71,43.1,57.59,,,48.16,0.38,0.45,203,17,14,12,36.84,26.67,11.63,12,3,14,3,11,119.4,66.85,116.6,81.2,113.47,62.7,0,Málaga 3-0 Burgos,2026-01-23
Málaga,1.15,1.86,-0.71,1.15,1.84,-0.69,0.0,0.01,-0.01,1.15,1.86,-0.71,,,,,,3,0,3,3.71,56.9,42.41,,,41.56,0.45,0.38,178,8,12,14,26.67,36.84,9.66,3,12,6,1,15,59.2,33.15,27.0,18.8,67.49,37.3,1,Málaga 3-0 Burgos,2026-01-23
Eibar,0.4,1.12,-0.72,0.4,0.99,-0.59,0.0,0.13,-0.13,0.4,1.12,-0.72,,,,,,0,0,0,0.72,38.7,41.22,,,42.5,0.35,0.84,116,4,4,16,11.43,19.05,12.5,4,3,11,2,13,12.4,10.91,113.2,98.67,68.4,59.98,5,Granada 0-0 Eibar,2026-01-19
Granada,1.12,0.4,0.72,0.99,0.4,0.59,0.13,0.0,0.13,1.12,0.4,0.72,,,,,,0,0,0,-0.72,61.3,58.78,,,41.94,0.84,0.35,177,9,16,4,19.05,11.43,8.93,3,4,25,6,10,101.3,89.09,1.53,1.33,45.63,40.02,1,Granada 0-0 Eibar,2026-01-19
Málaga,1.09,1.56,-0.47,1.06,1.08,-0.02,0.03,0.48,-0.45,1.09,1.56,-0.47,,,,,,1,0,1,1.47,39.9,27.69,,,39.05,0.29,1.14,119,7,8,19,27.59,16.67,10.51,6,6,5,4,9,35.8,14.73,62.67,66.67,51.6,27.31,0,Córdoba 0-1 Málaga,2026-01-18
Córdoba,1.56,1.09,0.47,1.08,1.06,0.02,0.48,0.03,0.45,1.56,1.09,0.47,,,,,,0,1,-1,-1.47,60.1,72.31,,,51.43,1.14,0.29,283,18,19,8,16.67,27.59,8.15,6,6,32,8,12,207.2,85.27,31.33,33.33,137.37,72.69,2,Córdoba 0-1 Málaga,2026-01-18
Huesca,1.09,1.69,-0.6,0.88,1.3,-0.42,0.21,0.39,-0.18,1.09,1.69,-0.6,,,,,,0,1,-1,-0.4,37.6,33.33,,,47.48,0.94,0.7,131,14,13,13,13.83,18.57,17.75,0,6,21,5,15,77.2,31.41,84.53,81.18,79.83,41.66,0,Burgos 1-0 Huesca,2026-01-18
Burgos,1.69,1.09,0.6,1.3,0.88,0.42,0.39,0.21,0.18,1.69,1.09,0.6,,,,,,1,0,1,0.4,62.4,66.67,,,51.69,0.7,0.94,269,14,13,13,18.57,13.83,6.24,6,0,21,4,15,168.6,68.59,19.6,18.82,111.8,58.34,4,Burgos 1-0 Huesca,2026-01-18
Cádiz,1.31,1.67,-0.36,1.31,1.39,-0.08,0.0,0.27,-0.27,1.31,1.67,-0.36,,,,,,0,1,-1,-0.64,53.0,48.67,,,47.16,0.68,0.63,212,8,9,14,13.24,22.22,20.27,4,4,35,6,6,83.5,42.71,29.07,35.92,54.6,31.8,4,Albacete 1-0 Cádiz,2026-01-18
Albacete,1.67,1.31,0.36,1.39,1.31,0.08,0.27,0.0,0.27,1.67,1.31,0.36,,,,,,1,0,1,0.64,47.0,51.33,,,52.31,0.63,0.68,239,16,14,9,22.22,13.24,19.37,4,4,25,6,2,112.0,57.29,51.87,64.08,117.1,68.2,2,Albacete 1-0 Cádiz,2026-01-18
Las Palmas,1.2,2.15,-0.95,1.09,2.1,-1.01,0.1,0.05,0.05,1.2,2.15,-0.95,,,,,,1,4,-3,-2.05,59.8,55.67,,,47.43,0.51,0.42,287,12,13,17,25.49,40.48,10.29,4,5,12,2,10,91.4,46.05,10.2,8.62,36.71,15.34,0,Racing de Santander 4-1 Las Palmas,2026-01-18
Racing de Santander,2.15,1.2,0.95,2.1,1.09,1.01,0.05,0.1,-0.05,2.15,1.2,0.95,,,,,,4,1,3,2.05,40.2,44.33,,,47.3,0.42,0.51,166,11,17,13,40.48,25.49,12.39,5,4,8,4,16,107.1,53.95,108.07,91.38,202.61,84.66,1,Racing de Santander 4-1 Las Palmas,2026-01-18
FC Andorra,1.46,1.7,-0.24,1.46,1.62,-0.16,0.0,0.09,-0.09,1.46,1.7,-0.24,,,,,,2,1,1,1.24,60.2,49.58,,,42.52,0.86,0.62,169,12,14,16,16.28,25.81,6.04,4,2,16,1,15,70.6,50.94,28.13,26.61,66.67,45.48,0,Mirandés 1-2 FC Andorra,2026-01-18
Mirandés,1.7,1.46,0.24,1.62,1.46,0.16,0.09,0.0,0.09,1.7,1.46,0.24,,,,,,1,2,-1,-1.24,39.8,50.42,,,43.98,0.62,0.86,145,13,16,14,25.81,16.28,10.45,2,4,22,7,23,68.0,49.06,77.6,73.39,79.93,54.52,6,Mirandés 1-2 FC Andorra,2026-01-18
Deportivo de La Coruña,2.83,1.47,1.36,2.81,1.0,1.81,0.02,0.47,-0.45,2.83,1.47,1.36,,,,,,2,1,1,-0.36,48.7,53.09,,,48.01,0.39,1.04,213,11,21,12,53.85,11.54,9.2,3,2,17,2,17,100.4,62.21,76.4,55.12,116.1,60.12,0,Almería 1-2 Deportivo de La Coruña,2026-01-17
Almería,1.47,2.83,-1.36,1.0,2.81,-1.81,0.47,0.02,0.45,1.47,2.83,-1.36,,,,,,1,2,-1,0.36,51.3,46.91,,,45.64,1.04,0.39,190,7,12,21,11.54,53.85,9.97,2,3,18,2,16,61.0,37.79,62.2,44.88,77.0,39.88,0,Almería 1-2 Deportivo de La Coruña,2026-01-17
Real Sociedad II,2.25,1.55,0.7,2.05,1.52,0.53,0.19,0.02,0.17,2.25,1.55,0.7,,,,,,1,1,0,-0.7,42.7,49.36,,,50.98,0.96,0.84,199,17,27,16,28.12,19.05,12.24,5,3,28,4,15,119.6,51.53,79.07,76.86,145.53,68.26,0,Real Zaragoza 1-1 Real Sociedad II,2026-01-17
Real Zaragoza,1.55,2.25,-0.7,1.52,2.05,-0.53,0.02,0.19,-0.17,1.55,2.25,-0.7,,,,,,1,1,0,0.7,57.3,50.64,,,45.18,0.84,0.96,203,19,16,27,19.05,28.12,11.04,3,5,27,3,8,112.5,48.47,23.8,23.14,67.67,31.74,8,Real Zaragoza 1-1 Real Sociedad II,2026-01-17
Sporting de Gijón,2.27,2.06,0.21,2.27,1.61,0.66,0.0,0.45,-0.45,2.27,2.06,0.21,,,,,,4,2,2,1.79,33.0,34.2,,,45.26,0.68,1.47,129,10,6,17,8.82,11.56,20.6,5,5,8,1,10,42.6,19.09,122.13,95.47,122.43,74.46,1,Cultural Leonesa 2-4 Sporting de Gijón,2026-01-17
Cultural Leonesa,2.06,2.27,-0.21,1.61,2.27,-0.66,0.45,0.0,0.45,2.06,2.27,-0.21,,,,,,2,4,-2,-1.79,67.0,65.8,,,49.05,1.47,0.68,316,17,17,6,11.56,8.82,9.85,5,5,34,8,8,180.6,80.91,5.8,4.53,42.0,25.54,1,Cultural Leonesa 2-4 Sporting de Gijón,2026-01-17
Real Valladolid,2.3,2.53,-0.23,1.37,2.17,-0.8,0.93,0.37,0.56,2.3,2.53,-0.23,,,,,,3,0,3,3.23,39.5,38.02,,,43.42,0.38,1.54,132,9,12,21,31.58,13.64,12.13,6,11,15,3,10,45.4,20.53,64.33,83.92,86.87,57.78,2,Ceuta 0-3 Real Valladolid,2026-01-17
Ceuta,2.53,2.3,0.23,2.17,1.37,0.8,0.37,0.93,-0.56,2.53,2.3,0.23,,,,,,0,3,-3,-3.23,60.5,61.98,,,49.76,1.54,0.38,261,18,21,12,13.64,31.58,6.92,11,6,35,8,16,175.7,79.47,12.33,16.08,63.47,42.22,0,Ceuta 0-3 Real Valladolid,2026-01-17
Leganés,0.35,2.74,-2.39,0.34,1.98,-1.64,0.01,0.0,0.01,0.35,1.98,-1.63,,,,,,0,2,-2,0.39,54.2,37.88,,,41.3,0.22,0.85,170,2,6,14,27.27,16.47,9.13,4,5,20,2,10,34.7,18.15,15.53,14.02,11.47,4.53,0,Castellón 2-0 Leganés,2026-01-16
Castellón,2.74,0.35,2.39,1.98,0.34,1.64,0.0,0.01,-0.01,1.98,0.35,1.63,,,,,,2,0,2,-0.39,45.8,62.12,,,53.18,0.85,0.22,230,15,14,6,16.47,27.27,10.5,5,4,21,2,19,156.5,81.85,95.27,85.98,241.77,95.47,3,Castellón 2-0 Leganés,2026-01-16
Córdoba,2.07,1.08,0.99,1.8,0.87,0.93,0.27,0.21,0.06,2.07,1.08,0.99,,,,,,2,1,1,0.01,65.1,59.67,,,49.84,1.18,0.66,274,20,14,12,11.86,18.18,5.53,3,3,30,7,8,152.4,70.0,5.4,3.82,107.4,57.06,5,Huesca 1-2 Córdoba,2026-01-12
Huesca,1.08,2.07,-0.99,0.87,1.8,-0.93,0.21,0.27,-0.06,1.08,2.07,-0.99,,,,,,1,2,-1,-0.01,34.9,40.33,,,54.1,0.66,1.18,161,15,12,14,18.18,11.86,14.67,3,3,25,5,14,65.3,30.0,136.13,96.18,80.83,42.94,0,Huesca 1-2 Córdoba,2026-01-12
Ceuta,0.38,2.69,-2.31,0.13,1.11,-0.98,0.25,0.07,0.18,0.38,1.17,-0.79,,,,,,1,2,-1,1.31,50.9,49.1,,,44.0,0.7,0.52,208,10,3,18,4.29,34.62,11.81,7,9,19,6,11,35.5,24.25,77.87,54.58,71.07,34.59,0,Málaga 2-1 Ceuta,2026-01-11
Málaga,2.69,0.38,2.31,1.11,0.13,0.98,0.07,0.25,-0.18,1.17,0.38,0.79,,,,,,2,1,1,-1.31,49.1,50.9,,,43.74,0.52,0.7,180,15,18,3,34.62,4.29,11.08,9,7,17,6,6,110.9,75.75,64.8,45.42,134.4,65.41,1,Málaga 2-1 Ceuta,2026-01-11
Castellón,0.53,0.62,-0.09,0.4,0.62,-0.22,0.13,0.0,0.13,0.53,0.62,-0.09,,,,,,0,0,0,0.09,52.3,53.14,,,46.81,0.55,0.37,209,13,8,11,14.55,29.73,8.83,3,4,14,6,14,102.4,65.85,24.27,32.62,81.97,58.34,3,Granada 0-0 Castellón,2026-01-11
Granada,0.62,0.53,0.09,0.62,0.4,0.22,0.0,0.13,-0.13,0.62,0.53,0.09,,,,,,0,0,0,-0.09,47.7,46.86,,,46.04,0.37,0.55,180,5,11,8,29.73,14.55,12.07,4,3,25,6,11,53.1,34.15,50.13,67.38,58.53,41.66,4,Granada 0-0 Castellón,2026-01-11
Real Valladolid,1.4,2.48,-1.08,1.24,0.87,0.37,0.16,0.09,0.07,1.4,0.96,0.44,,,,,,0,3,-3,-1.92,55.5,65.96,,,50.26,0.34,0.43,215,13,12,13,35.29,30.23,7.51,8,2,28,8,14,114.2,63.59,32.6,42.41,97.8,57.54,3,Leganés 3-0 Real Valladolid,2026-01-11
Leganés,2.48,1.4,1.08,0.87,1.24,-0.37,0.09,0.16,-0.07,0.96,1.4,-0.44,,,,,,3,0,3,1.92,44.5,34.04,,,42.71,0.43,0.34,131,6,13,12,30.23,35.29,8.59,2,8,13,4,21,65.4,36.41,44.27,57.59,72.17,42.46,0,Leganés 3-0 Real Valladolid,2026-01-11
Real Zaragoza,2.28,2.5,-0.22,2.25,1.88,0.37,0.03,0.62,-0.59,2.28,2.5,-0.22,,,,,,3,2,1,1.22,29.5,18.78,,,41.77,0.67,1.18,89,13,9,24,13.43,20.34,16.26,4,6,12,3,12,7.1,2.06,60.2,76.85,55.5,31.21,1,Racing de Santander 2-3 Real Zaragoza,2026-01-10
Racing de Santander,2.5,2.28,0.22,1.88,2.25,-0.37,0.62,0.03,0.59,2.5,2.28,0.22,,,,,,2,3,-1,-1.22,70.5,81.22,,,58.72,1.18,0.67,452,20,24,9,20.34,13.43,7.93,6,4,36,13,12,337.1,97.94,18.13,23.15,122.33,68.79,2,Racing de Santander 2-3 Real Zaragoza,2026-01-10
Eibar,0.67,1.56,-0.89,0.67,1.35,-0.68,0.0,0.2,-0.2,0.67,1.56,-0.89,,,,,,0,1,-1,-0.11,48.3,45.73,,,45.69,0.52,0.91,236,9,9,11,17.31,12.09,15.46,3,6,11,3,11,53.9,36.64,81.6,57.22,56.37,39.6,3,Burgos 1-0 Eibar,2026-01-10
Burgos,1.56,0.67,0.89,1.35,0.67,0.68,0.2,0.0,0.2,1.56,0.67,0.89,,,,,,1,0,1,0.11,51.7,54.27,,,44.42,0.91,0.52,219,9,11,9,12.09,17.31,12.82,6,3,11,2,11,93.2,63.36,61.0,42.78,85.97,60.4,2,Burgos 1-0 Eibar,2026-01-10
Deportivo de La Coruña,0.94,1.97,-1.03,0.64,1.09,-0.45,0.3,0.12,0.18,0.94,1.21,-0.27,,,,,,1,1,0,1.03,38.2,20.09,,,33.76,0.15,0.63,76,6,7,14,46.67,22.22,15.14,1,13,8,3,12,25.5,11.8,78.93,64.56,39.3,20.09,1,Las Palmas 1-1 Deportivo de La Coruña,2026-01-10
Las Palmas,1.97,0.94,1.03,1.09,0.64,0.45,0.12,0.3,-0.18,1.21,0.94,0.27,,,,,,1,1,0,-1.03,61.8,79.91,,,49.43,0.63,0.15,274,13,14,7,22.22,46.67,7.47,13,1,16,7,14,190.6,88.2,43.33,35.44,156.3,79.91,2,Las Palmas 1-1 Deportivo de La Coruña,2026-01-10
Cultural Leonesa,0.51,2.05,-1.54,0.51,1.63,-1.12,0.0,0.42,-0.42,0.51,2.05,-1.54,,,,,,1,1,0,1.54,28.1,20.67,,,43.33,0.18,1.3,90,1,2,18,11.11,13.85,16.14,6,5,5,1,13,10.2,3.29,129.27,97.24,36.3,18.97,1,FC Andorra 1-1 Cultural Leonesa,2026-01-10
FC Andorra,2.05,0.51,1.54,1.63,0.51,1.12,0.42,0.0,0.42,2.05,0.51,1.54,,,,,,1,1,0,-1.54,71.9,79.33,,,52.91,1.3,0.18,377,16,18,2,13.85,11.11,8.46,5,6,37,10,6,299.6,96.71,3.67,2.76,155.1,81.03,0,FC Andorra 1-1 Cultural Leonesa,2026-01-10
Albacete,2.42,0.88,1.54,2.14,0.84,1.3,0.28,0.04,0.24,2.42,0.88,1.54,,,,,,0,0,0,-1.54,54.7,59.3,,,48.56,0.68,0.53,184,15,20,13,29.41,24.53,7.07,8,2,23,8,12,127.3,68.18,15.8,23.28,99.8,59.42,5,Real Sociedad II 0-0 Albacete,2026-01-10
Real Sociedad II,0.88,2.42,-1.54,0.84,2.14,-1.3,0.04,0.28,-0.24,0.88,2.42,-1.54,,,,,,0,0,0,1.54,45.3,40.7,,,43.48,0.53,0.68,113,14,13,20,24.53,29.41,8.72,2,8,13,2,20,59.4,31.82,52.07,76.72,68.17,40.58,0,Real Sociedad II 0-0 Albacete,2026-01-10
Almería,3.01,0.63,2.38,1.66,0.6,1.06,0.58,0.02,0.56,2.25,0.63,1.62,,,,,,2,2,0,-2.38,62.9,65.83,,,50.59,0.91,0.22,277,17,18,9,19.78,40.91,8.09,2,2,32,7,10,183.1,83.53,9.4,10.44,131.03,67.43,0,Mirandés 2-2 Almería,2026-01-10
Mirandés,0.63,3.01,-2.38,0.6,1.66,-1.06,0.02,0.58,-0.56,0.63,2.25,-1.62,,,,,,2,2,0,2.38,37.1,34.17,,,44.44,0.22,0.91,126,5,9,18,40.91,19.78,15.31,2,2,16,4,16,36.1,16.47,80.67,89.56,63.3,32.57,2,Mirandés 2-2 Almería,2026-01-10
Sporting de Gijón,4.61,2.34,2.27,2.99,1.08,1.91,0.85,0.5,0.35,3.85,1.58,2.27,,,,,,2,3,-1,-3.27,61.6,68.31,,,55.21,1.38,0.58,330,23,26,10,18.84,17.24,10.23,4,2,46,15,10,246.2,85.75,26.07,29.78,185.7,75.24,2,Cádiz 3-2 Sporting de Gijón,2026-01-09
Cádiz,2.34,4.61,-2.27,1.08,2.99,-1.91,0.5,0.85,-0.35,1.58,3.85,-2.27,,,,,,3,2,1,3.27,38.4,31.69,,,44.77,0.58,1.38,135,13,10,26,17.24,18.84,25.07,2,4,16,5,7,40.9,14.25,61.47,70.22,61.1,24.76,5,Cádiz 3-2 Sporting de Gijón,2026-01-09
Cádiz,1.02,1.01,0.01,0.81,0.85,-0.04,0.21,0.17,0.04,1.02,1.01,0.01,,,,,,2,2,0,-0.01,37.9,47.18,,,52.59,0.82,0.56,188,12,12,19,14.63,33.93,13.94,2,2,18,4,16,54.3,36.39,152.67,94.63,122.57,69.94,7,Deportivo de La Coruña 2-2 Cádiz,2026-01-04
Deportivo de La Coruña,1.01,1.02,-0.01,0.85,0.81,0.04,0.17,0.21,-0.04,1.01,1.02,-0.01,,,,,,2,2,0,0.01,62.1,52.82,,,42.59,0.56,0.82,199,14,19,12,33.93,14.63,11.86,2,2,18,8,9,94.9,63.61,8.67,5.37,52.67,30.06,0,Deportivo de La Coruña 2-2 Cádiz,2026-01-04
Leganés,2.27,2.58,-0.31,2.27,2.07,0.2,0.0,0.5,-0.5,2.27,2.58,-0.31,,,,,,3,1,2,2.31,57.9,62.43,,,51.05,0.86,1.07,282,10,12,15,13.95,14.02,11.63,4,5,22,5,8,144.0,70.59,32.2,26.08,95.3,61.65,0,Albacete 1-3 Leganés,2026-01-04
Albacete,2.58,2.27,0.31,2.07,2.27,-0.2,0.5,0.0,0.5,2.58,2.27,0.31,,,,,,1,3,-2,-2.31,42.1,37.57,,,48.1,1.07,0.86,177,13,15,12,14.02,13.95,12.44,5,4,23,5,11,60.0,29.41,91.27,73.92,59.27,38.35,0,Albacete 1-3 Leganés,2026-01-04
Las Palmas,1.28,1.03,0.25,1.21,1.03,0.18,0.08,0.0,0.08,1.28,1.03,0.25,,,,,,2,1,1,0.75,52.9,52.99,,,44.91,0.5,0.38,204,11,12,8,24.0,21.05,7.96,4,9,8,3,18,108.1,73.69,31.93,30.88,91.17,64.35,1,Real Zaragoza 1-2 Las Palmas,2026-01-04
Real Zaragoza,1.03,1.28,-0.25,1.03,1.21,-0.18,0.0,0.08,-0.08,1.03,1.28,-0.25,,,,,,1,2,-1,-0.75,47.1,47.01,,,42.62,0.38,0.5,161,9,8,12,21.05,24.0,8.57,9,4,11,1,20,38.6,26.31,71.47,69.12,50.5,35.65,5,Real Zaragoza 1-2 Las Palmas,2026-01-04
FC Andorra,1.77,2.53,-0.76,0.96,0.85,0.11,0.06,1.68,-1.62,1.01,2.53,-1.52,,,,,,1,2,-1,-0.24,65.9,64.53,,,47.49,0.78,0.29,253,13,12,7,15.38,24.14,7.85,3,6,24,8,12,170.7,76.93,7.53,5.28,73.0,38.72,0,Ceuta 2-1 FC Andorra,2026-01-04
Ceuta,2.53,1.77,0.76,0.85,0.96,-0.11,1.68,0.06,1.62,2.53,1.01,1.52,,,,,,2,1,1,0.24,34.1,35.47,,,48.51,0.29,0.78,146,11,7,12,24.14,15.38,12.28,6,3,14,4,15,51.2,23.07,135.2,94.72,115.53,61.28,2,Ceuta 2-1 FC Andorra,2026-01-04
Málaga,1.64,1.88,-0.24,1.61,1.02,0.59,0.03,0.1,-0.07,1.64,1.12,0.52,,,,,,3,1,2,2.24,47.1,37.13,,,43.74,0.73,0.52,180,8,13,14,17.81,26.92,18.35,2,9,5,5,9,78.2,31.66,48.53,41.84,64.87,42.77,0,Sporting de Gijón 1-3 Málaga,2026-01-04
Sporting de Gijón,1.88,1.64,0.24,1.02,1.61,-0.59,0.1,0.03,0.07,1.12,1.64,-0.52,,,,,,1,3,-2,-2.24,52.9,62.87,,,54.37,0.52,0.73,306,13,14,13,26.92,17.81,12.12,9,2,25,5,11,168.8,68.34,67.47,58.16,86.8,57.23,2,Sporting de Gijón 1-3 Málaga,2026-01-04
Burgos,1.13,2.74,-1.61,0.97,2.74,-1.77,0.16,0.0,0.16,1.13,2.74,-1.61,,,,,,0,2,-2,-0.39,45.5,47.97,,,46.35,0.36,0.78,179,13,14,14,38.89,17.95,9.46,10,4,14,6,13,76.7,47.32,53.73,64.89,53.77,36.2,1,Córdoba 2-0 Burgos,2026-01-03
Córdoba,2.74,1.13,1.61,2.74,0.97,1.77,0.0,0.16,-0.16,2.74,1.13,1.61,,,,,,2,0,2,0.39,54.5,52.03,,,47.69,0.78,0.36,212,9,14,14,17.95,38.89,7.72,4,10,25,6,19,85.4,52.68,29.07,35.11,94.77,63.8,1,Córdoba 2-0 Burgos,2026-01-03
Racing de Santander,1.35,1.0,0.35,0.59,0.45,0.14,0.0,0.55,-0.55,0.59,1.0,-0.41,,,,,,1,1,0,-0.35,55.7,57.77,,,49.3,0.44,0.32,246,8,5,8,11.36,25.0,8.49,2,7,9,0,14,68.7,53.55,38.6,46.39,62.8,50.85,2,Real Valladolid 1-1 Racing de Santander,2026-01-03
Real Valladolid,1.0,1.35,-0.35,0.45,0.59,-0.14,0.55,0.0,0.55,1.0,0.59,0.41,,,,,,1,1,0,0.35,44.3,42.23,,,46.0,0.32,0.44,169,6,8,5,25.0,11.36,10.67,7,2,16,4,19,59.6,46.45,44.6,53.61,60.7,49.15,0,Real Valladolid 1-1 Racing de Santander,2026-01-03
Granada,2.86,2.15,0.71,1.63,2.05,-0.42,0.46,0.1,0.36,2.1,2.15,-0.05,,,,,,2,3,-1,-1.71,53.4,56.17,,,47.01,1.03,0.56,172,11,18,12,17.48,21.43,7.11,11,3,27,7,13,92.5,66.4,30.4,45.33,86.07,52.86,5,Almería 3-2 Granada,2026-01-03
Almería,2.15,2.86,-0.71,2.05,1.63,0.42,0.1,0.46,-0.36,2.15,2.1,0.05,,,,,,3,2,1,1.71,46.6,43.83,,,42.71,0.56,1.03,127,7,12,18,21.43,17.48,6.81,3,11,12,5,14,46.8,33.6,36.67,54.67,76.77,47.14,0,Almería 3-2 Granada,2026-01-03
Huesca,0.98,4.56,-3.58,0.95,3.8,-2.85,0.03,0.0,0.03,0.98,3.8,-2.82,,,,,,1,4,-3,0.58,55.2,61.42,,,46.68,1.02,0.5,227,16,12,13,11.76,26.0,9.32,5,6,14,3,16,95.7,62.18,37.2,37.08,47.23,24.42,1,Castellón 4-1 Huesca,2026-01-03
Castellón,4.56,0.98,3.58,3.8,0.95,2.85,0.0,0.03,-0.03,3.8,0.98,2.82,,,,,,4,1,3,-0.58,44.8,38.58,,,40.99,0.5,1.02,124,9,13,12,26.0,11.76,11.0,6,5,11,1,16,58.2,37.82,63.13,62.92,146.16,75.58,0,Castellón 4-1 Huesca,2026-01-03
Real Sociedad II,1.24,0.82,0.42,0.97,0.82,0.15,0.27,0.0,0.27,1.24,0.82,0.42,,,,,,1,1,0,-0.42,42.3,52.35,,,50.27,0.36,0.36,182,13,15,9,41.67,25.0,11.53,9,3,19,7,17,97.9,55.31,84.0,87.68,145.1,80.52,0,Cultural Leonesa 1-1 Real Sociedad II,2026-01-03
Cultural Leonesa,0.82,1.24,-0.42,0.82,0.97,-0.15,0.0,0.27,-0.27,0.82,1.24,-0.42,,,,,,1,1,0,0.42,57.7,47.65,,,43.3,0.36,0.36,181,5,9,15,25.0,41.67,9.89,3,9,11,1,6,79.1,44.69,11.8,12.32,35.1,19.48,0,Cultural Leonesa 1-1 Real Sociedad II,2026-01-03
Mirandés,1.1,2.97,-1.87,0.56,2.03,-1.47,0.53,0.18,0.35,1.1,2.21,-1.11,,,,,,1,2,-1,0.87,35.1,32.62,,,44.55,0.21,1.56,112,7,10,14,47.62,8.97,10.08,5,3,10,3,17,35.1,15.8,95.0,94.93,65.03,38.93,0,Eibar 2-1 Mirandés,2026-01-02
Eibar,2.97,1.1,1.87,2.03,0.56,1.47,0.18,0.53,-0.35,2.21,1.1,1.11,,,,,,2,1,1,-0.87,64.9,67.38,,,51.56,1.56,0.21,292,24,14,10,8.97,47.62,6.24,3,5,26,5,17,187.0,84.2,5.07,5.07,102.0,61.07,5,Eibar 2-1 Mirandés,2026-01-02
Castellón,2.42,1.82,0.6,1.29,1.79,-0.5,1.13,0.03,1.1,2.42,1.82,0.6,,,,,,0,2,-2,-2.6,66.2,71.39,,,53.2,1.4,0.23,319,23,18,10,12.86,43.48,8.14,4,1,34,12,13,231.4,94.33,16.33,11.82,143.2,78.87,0,Cádiz 2-0 Castellón,2025-12-21
Cádiz,1.82,2.42,-0.6,1.79,1.29,0.5,0.03,1.13,-1.1,1.82,2.42,-0.6,,,,,,2,0,2,2.6,33.8,28.61,,,44.65,0.23,1.4,124,7,10,18,43.48,12.86,18.35,1,4,16,6,11,13.9,5.67,121.8,88.18,38.37,21.13,4,Cádiz 2-0 Castellón,2025-12-21
Albacete,1.92,3.94,-2.02,0.97,3.58,-2.61,0.19,0.36,-0.17,1.16,3.94,-2.78,,,,,,1,1,0,2.02,43.1,40.77,,,47.89,0.84,1.77,167,8,13,18,15.48,10.17,14.04,2,3,12,5,12,43.6,26.7,86.87,77.88,64.67,37.66,1,Granada 1-1 Albacete,2025-12-21
Granada,3.94,1.92,2.02,3.58,0.97,2.61,0.36,0.19,0.17,3.94,1.16,2.78,,,,,,1,1,0,-2.02,56.9,59.23,,,48.2,1.77,0.84,211,15,18,13,10.17,15.48,10.36,3,2,32,6,12,119.7,73.3,24.67,22.12,107.07,62.34,1,Granada 1-1 Albacete,2025-12-21
Real Zaragoza,1.43,0.6,0.83,1.01,0.56,0.45,0.42,0.04,0.38,1.43,0.6,0.83,,,,,,1,1,0,-0.83,59.0,50.56,,,49.76,0.87,0.49,297,10,16,9,18.39,18.37,7.56,4,6,30,7,15,88.1,54.25,18.2,14.54,26.0,17.16,5,Burgos 1-1 Real Zaragoza,2025-12-21
Burgos,0.6,1.43,-0.83,0.56,1.01,-0.45,0.04,0.42,-0.38,0.6,1.43,-0.83,,,,,,1,1,0,0.83,41.0,49.44,,,50.39,0.49,0.87,186,9,9,16,18.37,18.39,11.26,6,4,18,5,13,74.3,45.75,107.0,85.46,125.5,82.84,2,Burgos 1-1 Real Zaragoza,2025-12-21
Córdoba,2.8,1.96,0.84,2.56,1.95,0.61,0.25,0.01,0.24,2.8,1.96,0.84,,,,,,2,1,1,0.16,58.2,54.87,,,48.81,1.0,0.58,212,12,16,9,16.0,15.52,7.44,3,9,20,8,13,125.2,76.81,8.67,9.09,82.07,58.11,0,Mirandés 1-2 Córdoba,2025-12-21
Mirandés,1.96,2.8,-0.84,1.95,2.56,-0.61,0.01,0.25,-0.24,1.96,2.8,-0.84,,,,,,1,2,-1,-0.16,41.8,45.13,,,46.83,0.58,1.0,162,13,9,16,15.52,16.0,7.33,9,3,25,10,18,37.8,23.19,86.67,90.91,59.17,41.89,6,Mirandés 1-2 Córdoba,2025-12-21
Ceuta,2.91,2.3,0.61,1.43,2.3,-0.87,0.73,0.0,0.73,2.15,2.3,-0.15,,,,,,3,1,2,1.39,54.7,56.6,,,47.15,0.91,0.36,199,17,19,8,20.88,22.22,8.53,5,2,28,6,14,145.6,72.95,29.33,33.21,133.5,74.3,0,Real Sociedad II 1-3 Ceuta,2025-12-21
Real Sociedad II,2.3,2.91,-0.61,2.3,1.43,0.87,0.0,0.73,-0.73,2.3,2.15,0.15,,,,,,1,3,-2,-1.39,45.3,43.4,,,44.14,0.36,0.91,153,9,8,19,22.22,20.88,10.7,2,5,16,3,16,54.0,27.05,59.0,66.79,46.17,25.7,0,Real Sociedad II 1-3 Ceuta,2025-12-21
Almería,1.77,2.05,-0.28,0.71,2.05,-1.34,0.3,0.0,0.3,1.01,2.05,-1.04,,,,,,1,2,-1,-0.72,62.3,59.68,,,43.8,0.56,0.76,195,6,14,15,25.0,19.74,8.5,1,7,16,2,8,112.6,60.09,14.33,12.07,59.43,33.1,1,Málaga 2-1 Almería,2025-12-21
Málaga,2.05,1.77,0.28,2.05,0.71,1.34,0.0,0.3,-0.3,2.05,1.01,1.04,,,,,,2,1,1,0.72,37.7,40.32,,,43.94,0.76,0.56,125,13,15,14,19.74,25.0,10.76,7,1,6,1,20,74.8,39.91,104.4,87.93,120.1,66.9,0,Málaga 2-1 Almería,2025-12-21
Cultural Leonesa,0.79,1.9,-1.11,0.79,1.45,-0.66,0.0,0.45,-0.45,0.79,1.9,-1.11,,,,,,0,4,-4,-2.89,52.3,50.0,,,42.75,0.39,0.86,220,7,13,10,33.33,11.63,13.62,2,8,8,4,13,83.9,53.85,40.87,32.8,30.79,11.24,2,Las Palmas 4-0 Cultural Leonesa,2025-12-20
Las Palmas,1.9,0.79,1.11,1.45,0.79,0.66,0.45,0.0,0.45,1.9,0.79,1.11,,,,,,4,0,4,2.89,47.7,50.0,,,46.64,0.86,0.39,217,10,10,13,11.63,33.33,13.81,8,2,8,4,11,71.9,46.15,83.73,67.2,243.16,88.76,0,Las Palmas 4-0 Cultural Leonesa,2025-12-20
Sporting de Gijón,1.18,0.81,0.37,1.06,0.78,0.28,0.12,0.02,0.1,1.18,0.81,0.37,,,,,,1,0,1,0.63,39.9,47.38,,,49.08,0.24,0.78,164,12,11,11,45.83,14.1,20.76,3,4,16,7,8,78.4,47.4,74.13,83.67,113.03,65.56,3,Leganés 0-1 Sporting de Gijón,2025-12-20
Leganés,0.81,1.18,-0.37,0.78,1.06,-0.28,0.02,0.12,-0.1,0.81,1.18,-0.37,,,,,,0,1,-1,-0.63,60.1,52.62,,,47.84,0.78,0.24,253,13,11,11,14.1,45.83,10.77,4,3,39,6,8,87.0,52.6,14.47,16.33,59.37,34.44,1,Leganés 0-1 Sporting de Gijón,2025-12-20
Racing de Santander,1.54,1.21,0.33,1.34,0.84,0.5,0.2,0.37,-0.17,1.54,1.21,0.33,,,,,,1,1,0,-0.33,50.5,46.5,,,48.28,0.43,0.83,222,10,10,15,23.26,18.07,13.15,1,4,9,3,11,116.8,44.67,48.47,45.27,90.1,48.51,0,Huesca 1-1 Racing de Santander,2025-12-20
Huesca,1.21,1.54,-0.33,0.84,1.34,-0.5,0.37,0.2,0.17,1.21,1.54,-0.33,,,,,,1,1,0,0.33,49.5,53.5,,,51.95,0.83,0.43,270,18,15,10,18.07,23.26,15.56,4,1,33,8,13,144.7,55.33,58.6,54.73,95.63,51.49,0,Huesca 1-1 Racing de Santander,2025-12-20
Deportivo de La Coruña,1.72,1.44,0.28,1.72,1.39,0.33,0.0,0.05,-0.05,1.72,1.44,0.28,,,,,,0,1,-1,-1.28,40.9,37.32,,,41.26,0.72,0.72,126,9,10,12,13.89,16.67,15.69,5,7,13,4,11,64.2,30.9,104.53,78.12,75.0,47.13,1,FC Andorra 1-0 Deportivo de La Coruña,2025-12-20
FC Andorra,1.44,1.72,-0.28,1.39,1.72,-0.33,0.05,0.0,0.05,1.44,1.72,-0.28,,,,,,1,0,1,1.28,59.1,62.68,,,44.22,0.72,0.72,204,11,12,10,16.67,13.89,8.47,7,5,13,1,13,143.6,69.1,29.27,21.88,84.13,52.87,3,FC Andorra 1-0 Deportivo de La Coruña,2025-12-20
Real Valladolid,0.76,1.55,-0.79,0.6,1.55,-0.95,0.17,0.0,0.17,0.76,1.55,-0.79,,,,,,0,3,-3,-2.21,63.6,40.5,,,39.92,0.2,0.82,183,8,6,9,30.0,10.98,9.79,1,12,14,4,14,58.2,37.09,5.6,3.3,12.04,4.14,0,Eibar 3-0 Real Valladolid,2025-12-19
Eibar,1.55,0.76,0.79,1.55,0.6,0.95,0.0,0.17,-0.17,1.55,0.76,0.79,,,,,,3,0,3,2.21,36.4,59.5,,,51.12,0.82,0.2,190,13,9,6,10.98,30.0,11.34,12,1,15,3,18,98.7,62.91,164.0,96.7,278.59,95.86,1,Eibar 3-0 Real Valladolid,2025-12-19
Mirandés,1.09,2.04,-0.95,0.31,1.86,-1.55,0.02,0.17,-0.15,0.33,2.04,-1.71,,,,,,1,3,-2,-1.05,39.1,39.06,,,45.91,0.39,0.68,148,8,10,17,25.64,25.0,10.68,7,2,15,4,15,20.8,11.07,101.6,84.2,27.87,18.06,3,Castellón 3-1 Mirandés,2025-12-15
Castellón,2.04,1.09,0.95,1.86,0.31,1.55,0.17,0.02,0.15,2.04,0.33,1.71,,,,,,3,1,2,1.05,60.9,60.94,,,45.57,0.68,0.39,224,14,17,10,25.0,25.64,6.23,2,7,16,5,16,167.1,88.93,19.07,15.8,126.47,81.94,1,Castellón 3-1 Mirandés,2025-12-15
Las Palmas,0.3,1.25,-0.95,0.24,1.21,-0.97,0.06,0.04,0.02,0.3,1.25,-0.95,,,,,,1,1,0,0.95,54.3,63.23,,,49.27,0.36,0.42,251,17,8,15,22.22,35.71,9.86,5,2,15,5,11,108.5,58.33,43.4,43.46,90.0,62.91,3,Ceuta 1-1 Las Palmas,2025-12-14
Ceuta,1.25,0.3,0.95,1.21,0.24,0.97,0.04,0.06,-0.02,1.25,0.3,0.95,,,,,,1,1,0,-0.95,45.7,36.77,,,41.62,0.42,0.36,150,9,15,8,35.71,22.22,9.07,2,5,17,2,16,77.5,41.67,56.47,56.54,53.07,37.09,0,Ceuta 1-1 Las Palmas,2025-12-14
Burgos,1.18,0.79,0.39,0.4,0.62,-0.22,0.02,0.17,-0.15,0.42,0.79,-0.37,,,,,,2,1,1,0.61,35.6,34.67,,,43.35,0.44,0.92,110,12,7,10,15.91,10.87,8.48,7,6,12,1,19,33.6,18.05,87.6,87.66,64.13,52.31,2,Almería 1-2 Burgos,2025-12-14
Almería,0.79,1.18,-0.39,0.62,0.4,0.22,0.17,0.02,0.15,0.79,0.42,0.37,,,,,,1,2,-1,-0.61,64.4,65.33,,,51.84,0.92,0.44,322,13,10,7,10.87,15.91,6.64,6,7,20,3,21,152.5,81.95,12.33,12.34,58.47,47.69,2,Almería 1-2 Burgos,2025-12-14
Málaga,2.23,1.45,0.78,1.46,1.39,0.07,0.02,0.06,-0.04,1.47,1.45,0.02,,,,,,3,1,2,1.22,56.4,51.12,,,43.02,0.49,0.7,208,9,12,12,24.49,17.14,13.17,5,6,15,5,4,84.6,52.51,24.13,15.94,94.73,42.4,1,Albacete 1-3 Málaga,2025-12-14
Albacete,1.45,2.23,-0.78,1.39,1.46,-0.07,0.06,0.02,0.04,1.45,1.47,-0.02,,,,,,1,3,-2,-1.22,43.6,48.88,,,49.63,0.7,0.49,202,15,12,12,17.14,24.49,21.8,6,5,22,6,9,76.5,47.49,127.27,84.06,128.67,57.6,3,Albacete 1-3 Málaga,2025-12-14
Cádiz,2.31,1.4,0.91,1.51,1.15,0.36,0.04,0.25,-0.21,1.55,1.4,0.15,,,,,,2,1,1,0.09,40.2,50.91,,,50.79,0.52,0.67,171,7,10,15,19.23,22.39,9.86,5,1,24,4,21,78.3,56.13,93.47,88.29,135.6,74.99,1,Real Zaragoza 1-2 Cádiz,2025-12-13
Real Zaragoza,1.4,2.31,-0.91,1.15,1.51,-0.36,0.25,0.04,0.21,1.4,1.55,-0.15,,,,,,1,2,-1,-0.09,59.8,49.09,,,43.82,0.67,0.52,184,15,15,10,22.39,19.23,7.74,1,5,27,8,13,61.2,43.87,12.4,11.71,45.23,25.01,5,Real Zaragoza 1-2 Cádiz,2025-12-13
Real Sociedad II,1.43,2.62,-1.19,1.31,2.55,-1.24,0.13,0.06,0.07,1.43,2.62,-1.19,,,,,,3,0,3,4.19,31.6,30.22,,,37.98,0.17,1.33,98,5,10,17,58.82,12.78,14.97,5,6,10,3,18,22.2,11.83,129.2,90.31,100.73,57.95,1,Deportivo de La Coruña 0-3 Real Sociedad II,2025-12-13
Deportivo de La Coruña,2.62,1.43,1.19,2.55,1.31,1.24,0.06,0.13,-0.07,2.62,1.43,1.19,,,,,,0,3,-3,-4.19,68.4,69.78,,,46.09,1.33,0.17,258,15,17,10,12.78,58.82,8.06,6,5,27,6,5,165.4,88.17,13.87,9.69,73.1,42.05,0,Deportivo de La Coruña 0-3 Real Sociedad II,2025-12-13
Leganés,2.57,1.49,1.08,1.54,0.9,0.64,1.03,0.59,0.44,2.57,1.49,1.08,,,,,,1,1,0,-1.08,55.7,42.81,,,44.29,0.9,0.82,185,8,15,17,16.67,20.73,10.88,4,9,21,7,11,55.1,29.93,27.07,22.37,39.87,17.26,0,Racing de Santander 1-1 Leganés,2025-12-13
Racing de Santander,1.49,2.57,-1.08,0.9,1.54,-0.64,0.59,1.03,-0.44,1.49,2.57,-1.08,,,,,,1,1,0,1.08,44.3,57.19,,,52.26,0.82,0.9,210,13,17,15,20.73,16.67,12.11,9,4,12,7,14,129.0,70.07,93.93,77.63,191.13,82.74,1,Racing de Santander 1-1 Leganés,2025-12-13
FC Andorra,0.89,1.8,-0.91,0.89,1.67,-0.78,0.0,0.14,-0.14,0.89,1.8,-0.91,,,,,,1,0,1,1.91,66.3,51.95,,,41.67,0.58,0.62,217,10,9,17,15.52,27.42,5.33,1,6,14,6,13,72.0,46.69,4.2,2.45,13.5,6.77,0,Real Valladolid 0-1 FC Andorra,2025-12-13
Real Valladolid,1.8,0.89,0.91,1.67,0.89,0.78,0.14,0.0,0.14,1.8,0.89,0.91,,,,,,0,1,-1,-1.91,33.7,48.05,,,49.92,0.62,0.58,149,11,17,9,27.42,15.52,9.88,6,1,23,8,19,82.2,53.31,167.2,97.55,185.8,93.23,3,Real Valladolid 0-1 FC Andorra,2025-12-13
Granada,0.98,1.13,-0.15,0.88,1.01,-0.13,0.11,0.12,-0.01,0.98,1.13,-0.15,,,,,,0,1,-1,-0.85,48.1,38.57,,,43.26,0.56,0.82,134,10,7,15,12.5,18.29,9.5,1,4,15,1,10,45.8,23.63,45.13,53.77,35.93,20.68,2,Sporting de Gijón 1-0 Granada,2025-12-13
Sporting de Gijón,1.13,0.98,0.15,1.01,0.88,0.13,0.12,0.11,0.01,1.13,0.98,0.15,,,,,,1,0,1,0.85,51.9,61.43,,,51.58,0.82,0.56,232,15,15,7,18.29,12.5,8.71,4,1,15,6,14,148.0,76.37,38.8,46.23,137.8,79.32,2,Sporting de Gijón 1-0 Granada,2025-12-13
Eibar,0.0,0.79,-0.79,0.0,0.79,-0.79,0.0,0.0,0.0,0.0,0.79,-0.79,,,,,,0,0,0,0.79,28.1,36.02,,,45.72,0.22,0.49,92,3,0,13,0.0,26.53,13.38,3,4,5,0,19,5.1,3.7,124.0,96.82,55.97,46.84,4,Córdoba 0-0 Eibar,2025-12-13
Córdoba,0.79,0.0,0.79,0.79,0.0,0.79,0.0,0.0,0.0,0.79,0.0,0.79,,,,,,0,0,0,-0.79,71.9,63.98,,,48.8,0.49,0.22,265,10,13,0,26.53,0.0,4.22,4,3,20,5,17,132.6,96.3,4.07,3.18,63.53,53.16,3,Córdoba 0-0 Eibar,2025-12-13
Huesca,1.13,1.95,-0.82,0.53,1.15,-0.62,0.6,0.04,0.56,1.13,1.19,-0.06,,,,,,2,0,2,2.82,38.5,41.97,,,49.12,0.84,1.02,171,4,8,17,9.52,16.67,22.2,2,1,21,7,13,33.1,18.53,128.2,96.1,96.7,68.24,0,Cultural Leonesa 0-2 Huesca,2025-12-12
Cultural Leonesa,1.95,1.13,0.82,1.15,0.53,0.62,0.04,0.6,-0.56,1.19,1.13,0.06,,,,,,0,2,-2,-2.82,61.5,58.03,,,47.76,1.02,0.84,265,15,17,8,16.67,9.52,11.0,1,2,25,5,7,145.5,81.47,5.2,3.9,45.0,31.76,4,Cultural Leonesa 0-2 Huesca,2025-12-12
Real Zaragoza,2.28,1.69,0.59,1.34,1.6,-0.26,0.18,0.09,0.09,1.52,1.69,-0.17,,,,,,1,1,0,-0.59,62.2,58.12,,,48.71,1.16,0.87,272,25,15,19,12.93,21.84,16.0,4,2,23,4,7,127.2,62.63,15.87,18.55,92.5,43.63,2,Málaga 1-1 Real Zaragoza,2025-12-08
Málaga,1.69,2.28,-0.59,1.6,1.34,0.26,0.09,0.18,-0.09,1.69,1.52,0.17,,,,,,1,1,0,0.59,37.8,41.88,,,40.67,0.87,1.16,133,11,19,15,21.84,12.93,18.73,2,4,20,8,11,75.9,37.37,69.67,81.45,119.5,56.37,1,Málaga 1-1 Real Zaragoza,2025-12-08
Mirandés,0.93,0.54,0.39,0.87,0.53,0.34,0.06,0.01,0.05,0.93,0.54,0.39,,,,,,0,0,0,-0.39,52.4,51.39,,,50.41,0.44,0.49,235,7,15,10,34.09,20.41,14.26,0,2,22,3,11,110.5,54.57,43.6,36.19,56.93,44.26,2,Las Palmas 0-0 Mirandés,2025-12-08
Las Palmas,0.54,0.93,-0.39,0.53,0.87,-0.34,0.01,0.06,-0.05,0.54,0.93,-0.39,,,,,,0,0,0,0.39,47.6,48.61,,,51.0,0.49,0.44,216,15,10,15,20.41,34.09,9.55,2,0,11,2,13,92.0,45.43,76.87,63.81,71.7,55.74,1,Las Palmas 0-0 Mirandés,2025-12-08
Albacete,0.95,0.78,0.17,0.22,0.52,-0.3,0.73,0.26,0.47,0.95,0.78,0.17,,,,,,1,0,1,0.83,45.9,51.48,,,48.9,0.31,0.6,197,6,9,13,29.03,21.67,8.67,8,4,17,5,12,62.3,40.75,65.87,76.71,82.97,58.9,2,Burgos 0-1 Albacete,2025-12-08
Burgos,0.78,0.95,-0.17,0.52,0.22,0.3,0.26,0.73,-0.47,0.78,0.95,-0.17,,,,,,0,1,-1,-0.83,54.1,48.52,,,45.56,0.6,0.31,197,11,13,9,21.67,29.03,11.29,4,8,18,5,14,90.6,59.25,20.0,23.29,57.9,41.1,1,Burgos 0-1 Albacete,2025-12-08
Ceuta,0.7,1.83,-1.13,0.18,1.63,-1.45,0.52,0.19,0.33,0.7,1.83,-1.13,,,,,,1,1,0,1.13,43.4,39.42,,,44.65,0.46,0.71,140,4,9,15,19.57,21.13,12.57,4,4,13,2,12,52.8,29.7,68.87,80.27,85.63,42.38,1,Granada 1-1 Ceuta,2025-12-07
Granada,1.83,0.7,1.13,1.63,0.18,1.45,0.19,0.52,-0.33,1.83,0.7,1.13,,,,,,1,1,0,-1.13,56.6,60.58,,,46.46,0.71,0.46,219,15,15,9,21.13,19.57,9.15,4,4,26,5,10,125.0,70.3,16.93,19.73,116.4,57.62,2,Granada 1-1 Ceuta,2025-12-07
Cultural Leonesa,1.81,2.19,-0.38,0.87,2.0,-1.13,0.17,0.19,-0.02,1.05,2.19,-1.14,,,,,,2,1,1,1.38,43.1,25.31,,,38.38,0.57,1.49,124,5,12,22,21.05,14.77,18.36,2,10,8,4,8,28.5,12.23,80.6,64.21,36.43,21.19,1,Eibar 1-2 Cultural Leonesa,2025-12-07
Eibar,2.19,1.81,0.38,2.0,0.87,1.13,0.19,0.17,0.02,2.19,1.05,1.14,,,,,,1,2,-1,-1.38,56.9,74.69,,,51.26,1.49,0.57,319,21,22,12,14.77,21.05,11.21,10,2,29,8,12,204.5,87.77,44.93,35.79,135.47,78.81,4,Eibar 1-2 Cultural Leonesa,2025-12-07
Castellón,2.47,0.83,1.64,2.1,0.83,1.27,0.37,0.0,0.37,2.47,0.83,1.64,,,,,,3,1,2,0.36,55.8,66.79,,,49.27,0.68,0.27,224,15,17,6,25.0,22.22,7.23,8,3,20,9,15,158.5,83.55,54.93,53.96,175.8,85.87,0,Deportivo de La Coruña 1-3 Castellón,2025-12-07
Deportivo de La Coruña,0.83,2.47,-1.64,0.83,2.1,-1.27,0.0,0.37,-0.37,0.83,2.47,-1.64,,,,,,1,3,-2,-0.36,44.2,33.21,,,37.89,0.27,0.68,97,9,6,17,22.22,25.0,11.57,3,8,7,3,13,31.2,16.45,46.87,46.04,28.93,14.13,0,Deportivo de La Coruña 1-3 Castellón,2025-12-07
Córdoba,2.44,0.47,1.97,1.42,0.4,1.02,0.25,0.08,0.17,1.68,0.47,1.21,,,,,,0,0,0,-1.97,59.6,55.81,,,47.47,0.91,0.17,196,13,15,6,16.48,35.29,6.86,2,7,16,5,14,125.4,83.99,9.6,11.18,92.0,61.67,3,Leganés 0-0 Córdoba,2025-12-07
Leganés,0.47,2.44,-1.97,0.4,1.42,-1.02,0.08,0.25,-0.17,0.47,1.68,-1.21,,,,,,0,0,0,1.97,40.4,44.19,,,45.51,0.17,0.91,131,4,6,15,35.29,16.48,9.79,7,2,14,4,17,23.9,16.01,76.27,88.82,57.17,38.33,2,Leganés 0-0 Córdoba,2025-12-07
Racing de Santander,1.03,2.91,-1.88,1.03,2.76,-1.73,0.0,0.15,-0.15,1.03,2.91,-1.88,,,,,,3,2,1,2.88,69.5,65.64,,,48.0,0.53,0.76,238,18,14,15,26.42,19.74,6.39,3,4,12,7,12,136.3,80.18,1.07,0.8,52.8,36.97,4,Cádiz 2-3 Racing de Santander,2025-12-07
Cádiz,2.91,1.03,1.88,2.76,1.03,1.73,0.15,0.0,0.15,2.91,1.03,1.88,,,,,,2,3,-1,-2.88,30.5,34.36,,,44.97,0.76,0.53,91,10,15,14,19.74,26.42,10.89,4,3,15,5,22,33.7,19.82,132.6,99.2,90.03,63.03,2,Cádiz 2-3 Racing de Santander,2025-12-07
Sporting de Gijón,0.86,0.42,0.44,0.76,0.39,0.37,0.09,0.04,0.05,0.86,0.42,0.44,,,,,,1,0,1,0.56,43.7,49.31,,,50.52,0.99,0.36,193,11,9,8,9.09,22.22,11.41,10,5,22,6,12,77.1,59.4,99.8,88.53,150.93,90.32,3,Real Sociedad II 0-1 Sporting de Gijón,2025-12-06
Real Sociedad II,0.42,0.86,-0.44,0.39,0.76,-0.37,0.04,0.09,-0.05,0.42,0.86,-0.44,,,,,,0,1,-1,-0.56,56.3,50.69,,,43.66,0.36,0.99,195,5,8,9,22.22,9.09,9.0,5,10,22,4,11,52.7,40.6,12.93,11.47,16.17,9.68,1,Real Sociedad II 0-1 Sporting de Gijón,2025-12-06
Real Valladolid,1.33,0.74,0.59,1.14,0.47,0.67,0.2,0.27,-0.07,1.33,0.74,0.59,,,,,,4,1,3,2.41,49.5,48.25,,,47.66,0.57,0.94,196,8,12,12,21.05,12.77,10.39,4,4,20,5,17,81.8,52.84,50.8,47.96,108.87,78.4,1,Huesca 1-4 Real Valladolid,2025-12-06
Huesca,0.74,1.33,-0.59,0.47,1.14,-0.67,0.27,0.2,0.07,0.74,1.33,-0.59,,,,,,1,4,-3,-2.41,50.5,51.75,,,48.7,0.94,0.57,221,11,12,12,12.77,21.05,13.35,4,4,22,6,10,73.0,47.16,55.13,52.04,30.0,21.6,3,Huesca 1-4 Real Valladolid,2025-12-06
Almería,2.38,2.32,0.06,1.76,2.02,-0.26,0.63,0.3,0.33,2.38,2.32,0.06,,,,,,2,1,1,0.94,41.5,48.74,,,47.16,0.28,0.89,145,16,17,19,60.71,21.35,10.15,5,3,17,4,13,91.0,47.79,76.0,82.55,139.63,68.24,5,FC Andorra 1-2 Almería,2025-12-06
FC Andorra,2.32,2.38,-0.06,2.02,1.76,0.26,0.3,0.63,-0.33,2.32,2.38,-0.06,,,,,,1,2,-1,-0.94,58.5,51.26,,,41.86,0.89,0.28,154,13,19,17,21.35,60.71,8.07,3,5,23,10,14,99.4,52.21,16.07,17.45,65.0,31.76,4,FC Andorra 1-2 Almería,2025-12-06
Las Palmas,0.76,1.55,-0.79,0.76,1.38,-0.62,0.0,0.17,-0.17,0.76,1.55,-0.79,,,,,,0,1,-1,-0.21,54.5,49.16,,,43.23,0.38,1.24,204,9,10,18,26.32,14.52,9.3,11,12,14,3,9,73.7,34.96,50.87,38.21,62.43,27.05,0,Castellón 1-0 Las Palmas,2025-11-30
Castellón,1.55,0.76,0.79,1.38,0.76,0.62,0.17,0.0,0.17,1.55,0.76,0.79,,,,,,1,0,1,0.21,45.5,50.84,,,46.18,1.24,0.38,190,18,18,10,14.52,26.32,9.1,12,11,13,3,14,137.1,65.04,82.27,61.79,168.33,72.95,2,Castellón 1-0 Las Palmas,2025-11-30
Cádiz,0.47,1.0,-0.53,0.47,0.9,-0.43,0.0,0.09,-0.09,0.47,1.0,-0.53,,,,,,2,1,1,1.53,31.4,42.17,,,49.06,0.18,0.57,109,2,7,20,38.89,35.09,10.33,3,3,12,4,22,45.0,24.48,126.67,99.84,116.03,67.7,2,Córdoba 1-2 Cádiz,2025-11-30
Córdoba,1.0,0.47,0.53,0.9,0.47,0.43,0.09,0.0,0.09,1.0,0.47,0.53,,,,,,1,2,-1,-1.53,68.6,57.83,,,45.05,0.57,0.18,209,10,20,7,35.09,38.89,4.61,3,3,21,5,15,138.8,75.52,0.2,0.16,55.37,32.3,3,Córdoba 1-2 Cádiz,2025-11-30
Real Sociedad II,0.86,1.07,-0.21,0.8,1.07,-0.27,0.06,0.0,0.06,0.86,1.07,-0.21,,,,,,0,1,-1,-0.79,44.2,42.03,,,40.17,0.4,1.1,123,7,15,16,37.5,14.55,10.43,4,5,16,3,15,54.7,30.83,54.47,58.7,55.93,33.55,1,Mirandés 1-0 Real Sociedad II,2025-11-30
Mirandés,1.07,0.86,0.21,1.07,0.8,0.27,0.0,0.06,-0.06,1.07,0.86,0.21,,,,,,1,0,1,0.79,55.8,57.97,,,47.7,1.1,0.4,225,13,16,15,14.55,37.5,9.38,5,4,29,2,15,122.7,69.17,38.33,41.3,110.8,66.45,5,Mirandés 1-0 Real Sociedad II,2025-11-30
Eibar,1.26,1.3,-0.04,1.14,1.0,0.14,0.11,0.3,-0.19,1.26,1.3,-0.04,,,,,,0,4,-4,-3.96,46.9,50.21,,,47.33,0.64,0.42,199,14,13,11,20.31,26.19,9.0,5,3,17,5,19,80.7,50.03,65.4,71.61,53.63,32.75,2,Racing de Santander 4-0 Eibar,2025-11-30
Racing de Santander,1.3,1.26,0.04,1.0,1.14,-0.14,0.3,0.11,0.19,1.3,1.26,0.04,,,,,,4,0,4,3.96,53.1,49.79,,,42.2,0.42,0.64,178,10,11,13,26.19,20.31,10.05,3,5,6,3,13,80.6,49.97,25.93,28.39,110.13,67.25,1,Racing de Santander 4-0 Eibar,2025-11-30
Leganés,1.61,3.1,-1.49,0.85,2.88,-2.03,0.0,0.22,-0.22,0.85,3.1,-2.25,,,,,,2,3,-1,0.49,37.2,22.04,,,41.36,0.94,1.06,113,7,4,20,4.26,18.87,14.33,2,5,11,3,18,17.2,6.28,103.6,77.7,19.2,8.8,0,Real Zaragoza 3-2 Leganés,2025-11-30
Real Zaragoza,3.1,1.61,1.49,2.88,0.85,2.03,0.22,0.0,0.22,3.1,0.85,2.25,,,,,,3,2,1,-0.49,62.8,77.96,,,53.82,1.06,0.94,312,18,20,4,18.87,4.26,8.22,5,2,25,5,15,256.5,93.72,29.73,22.3,198.87,91.2,6,Real Zaragoza 3-2 Leganés,2025-11-30
Málaga,0.53,2.55,-2.02,0.53,2.2,-1.67,0.0,0.35,-0.35,0.53,2.55,-2.02,,,,,,1,1,0,2.02,51.9,40.62,,,40.86,0.27,0.86,165,4,5,22,18.52,25.58,9.06,3,7,7,2,12,48.1,23.95,15.67,19.31,42.37,16.01,0,Real Valladolid 1-1 Málaga,2025-11-29
Real Valladolid,2.55,0.53,2.02,2.2,0.53,1.67,0.35,0.0,0.35,2.55,0.53,2.02,,,,,,1,1,0,-2.02,48.1,59.38,,,50.27,0.86,0.27,229,13,22,5,25.58,18.52,8.66,7,3,24,7,19,152.7,76.05,65.47,80.69,222.27,83.99,1,Real Valladolid 1-1 Málaga,2025-11-29
Huesca,0.3,1.6,-1.3,0.3,1.17,-0.87,0.0,0.43,-0.43,0.3,1.6,-1.3,,,,,,0,0,0,1.3,31.5,18.78,,,40.31,0.35,1.28,95,7,4,24,11.43,18.75,18.59,1,1,5,1,6,2.8,0.77,95.53,92.93,7.17,2.5,2,Almería 0-0 Huesca,2025-11-29
Almería,1.6,0.3,1.3,1.17,0.3,0.87,0.43,0.0,0.43,1.6,0.3,1.3,,,,,,0,0,0,-1.3,68.5,81.22,,,55.83,1.28,0.35,410,25,24,4,18.75,11.43,12.36,1,1,58,13,11,363.1,99.23,7.27,7.07,279.2,97.5,0,Almería 0-0 Huesca,2025-11-29
Deportivo de La Coruña,1.63,0.95,0.68,1.6,0.68,0.92,0.03,0.28,-0.25,1.63,0.95,0.68,,,,,,2,0,2,1.32,57.2,58.39,,,44.19,0.28,0.74,223,6,8,14,28.57,18.92,14.88,3,3,15,5,5,100.5,60.14,37.8,23.62,64.03,38.86,0,Albacete 0-2 Deportivo de La Coruña,2025-11-29
Albacete,0.95,1.63,-0.68,0.68,1.6,-0.92,0.28,0.03,0.25,0.95,1.63,-0.68,,,,,,0,2,-2,-1.32,42.8,41.61,,,45.28,0.74,0.28,176,9,14,8,18.92,28.57,21.18,3,3,15,9,10,66.6,39.86,122.2,76.38,100.73,61.14,3,Albacete 0-2 Deportivo de La Coruña,2025-11-29
Granada,0.86,1.15,-0.29,0.47,1.14,-0.67,0.39,0.02,0.37,0.86,1.15,-0.29,,,,,,1,0,1,1.29,44.9,56.7,,,49.4,0.48,0.41,183,5,8,10,16.67,24.39,9.57,6,5,23,4,22,95.8,54.74,91.87,85.27,139.63,89.07,0,Cultural Leonesa 0-1 Granada,2025-11-29
Cultural Leonesa,1.15,0.86,0.29,1.14,0.47,0.67,0.02,0.39,-0.37,1.15,0.86,0.29,,,,,,0,1,-1,-1.29,55.1,43.3,,,42.55,0.41,0.48,177,8,10,8,24.39,16.67,7.89,5,6,13,4,11,79.2,45.26,15.87,14.73,17.13,10.93,0,Cultural Leonesa 0-1 Granada,2025-11-29
Burgos,0.73,1.69,-0.96,0.19,1.38,-1.19,0.54,0.31,0.23,0.73,1.69,-0.96,,,,,,0,1,-1,-0.04,46.8,44.29,,,45.82,0.73,0.39,149,13,9,14,12.33,35.9,8.97,5,5,25,7,12,61.8,32.48,54.93,59.49,59.83,30.17,0,Ceuta 1-0 Burgos,2025-11-29
Ceuta,1.69,0.73,0.96,1.38,0.19,1.19,0.31,0.54,-0.23,1.69,0.73,0.96,,,,,,1,0,1,0.04,53.2,55.71,,,48.87,0.39,0.73,206,14,14,9,35.9,12.33,7.95,5,5,22,10,21,128.5,67.52,37.4,40.51,138.5,69.83,1,Ceuta 1-0 Burgos,2025-11-29
FC Andorra,1.39,4.02,-2.63,1.04,2.94,-1.9,0.35,0.32,0.03,1.39,3.26,-1.87,,,,,,1,1,0,2.63,55.9,34.11,,,39.3,0.22,0.63,159,8,10,23,45.45,36.51,13.95,2,11,13,5,8,56.9,22.35,24.73,19.67,29.23,11.09,0,Sporting de Gijón 1-1 FC Andorra,2025-11-28
Sporting de Gijón,4.02,1.39,2.63,2.94,1.04,1.9,0.32,0.35,-0.03,3.26,1.39,1.87,,,,,,1,1,0,-2.63,44.1,65.89,,,53.41,0.63,0.22,245,15,23,10,36.51,45.45,10.95,11,2,26,8,11,197.7,77.65,101.0,80.33,234.3,88.91,3,Sporting de Gijón 1-1 FC Andorra,2025-11-28
Almería,1.28,2.1,-0.82,1.28,1.18,0.1,0.0,0.16,-0.16,1.28,1.34,-0.06,,,,,,2,3,-1,-0.18,57.5,60.56,,,46.25,0.78,0.64,213,10,15,10,19.23,15.62,10.23,4,6,20,2,15,146.6,77.08,31.6,34.27,130.6,67.15,0,Ceuta 3-2 Almería,2025-11-26
Ceuta,2.1,1.28,0.82,1.18,1.28,-0.1,0.16,0.0,0.16,1.34,1.28,0.06,,,,,,3,2,1,0.18,42.5,39.44,,,41.14,0.64,0.78,128,5,10,15,15.62,19.23,10.62,6,4,14,2,12,43.6,22.92,60.6,65.73,63.9,32.85,0,Ceuta 3-2 Almería,2025-11-26
Real Valladolid,2.46,1.87,0.59,2.04,1.57,0.47,0.43,0.31,0.12,2.46,1.87,0.59,,,,,,0,1,-1,-1.59,57.7,68.0,,,53.58,1.69,0.88,305,27,20,13,11.83,14.77,7.51,12,2,38,9,11,188.1,84.69,27.73,31.66,147.33,75.79,2,Real Sociedad II 1-0 Real Valladolid,2025-11-24
Real Sociedad II,1.87,2.46,-0.59,1.57,2.04,-0.47,0.31,0.43,-0.12,1.87,2.46,-0.59,,,,,,1,0,1,1.59,42.3,32.0,,,40.29,0.88,1.69,120,12,13,20,14.77,11.83,11.81,2,12,13,4,13,34.0,15.31,59.87,68.34,47.07,24.21,0,Real Sociedad II 1-0 Real Valladolid,2025-11-24
Mirandés,1.69,2.2,-0.51,1.69,2.17,-0.48,0.0,0.03,-0.03,1.69,2.2,-0.51,,,,,,2,3,-1,-0.49,39.1,45.1,,,44.75,0.94,0.26,135,11,14,18,14.89,69.23,11.89,8,4,12,1,17,59.4,36.4,114.27,87.54,87.8,45.82,4,Málaga 3-2 Mirandés,2025-11-23
Málaga,2.2,1.69,0.51,2.17,1.69,0.48,0.03,0.0,0.03,2.2,1.69,0.51,,,,,,3,2,1,0.49,60.9,54.9,,,44.66,0.26,0.94,195,10,18,14,69.23,14.89,6.9,4,8,13,2,19,103.8,63.6,16.27,12.46,103.8,54.18,0,Málaga 3-2 Mirandés,2025-11-23
Racing de Santander,1.95,0.99,0.96,1.92,0.64,1.28,0.03,0.35,-0.32,1.95,0.99,0.96,,,,,,2,0,2,1.04,47.9,50.43,,,50.03,0.37,0.65,219,13,15,9,40.54,13.85,10.12,3,10,9,3,16,125.7,59.13,51.4,53.47,136.33,74.25,4,Burgos 0-2 Racing de Santander,2025-11-23
Burgos,0.99,1.95,-0.96,0.64,1.92,-1.28,0.35,0.03,0.32,0.99,1.95,-0.96,,,,,,0,2,-2,-1.04,52.1,49.57,,,46.99,0.65,0.37,197,16,9,15,13.85,40.54,6.57,10,3,32,6,17,86.9,40.87,44.73,46.53,47.27,25.75,1,Burgos 0-2 Racing de Santander,2025-11-23
Sporting de Gijón,1.14,2.61,-1.47,0.66,0.92,-0.26,0.48,0.16,0.32,1.14,1.09,0.05,,,,,,0,2,-2,-0.53,62.6,59.52,,,50.6,0.71,0.56,304,9,12,13,16.9,23.21,11.35,3,1,27,5,14,153.0,68.12,15.4,12.64,81.63,40.26,3,Huesca 2-0 Sporting de Gijón,2025-11-23
Huesca,2.61,1.14,1.47,0.92,0.66,0.26,0.16,0.48,-0.32,1.09,1.14,-0.05,,,,,,2,0,2,0.53,37.4,40.48,,,52.64,0.56,0.71,195,12,13,12,23.21,16.9,18.04,1,3,18,7,8,71.6,31.88,106.47,87.36,121.13,59.74,2,Huesca 2-0 Sporting de Gijón,2025-11-23
Cultural Leonesa,1.44,2.53,-1.09,1.26,1.46,-0.2,0.19,0.31,-0.12,1.44,1.77,-0.33,,,,,,2,1,1,2.09,48.5,40.13,,,44.88,0.83,0.88,166,11,14,16,16.87,18.18,11.67,2,4,9,6,12,97.1,43.43,41.27,42.55,77.93,48.39,0,Cádiz 1-2 Cultural Leonesa,2025-11-23
Cádiz,2.53,1.44,1.09,1.46,1.26,0.2,0.31,0.19,0.12,1.77,1.44,0.33,,,,,,1,2,-1,-2.09,51.5,59.87,,,53.29,0.88,0.83,241,16,16,14,18.18,16.87,13.3,4,2,46,11,11,126.5,56.57,55.73,57.45,83.1,51.61,2,Cádiz 1-2 Cultural Leonesa,2025-11-23
Ceuta,1.4,2.85,-1.45,0.71,2.68,-1.97,0.69,0.18,0.51,1.4,2.85,-1.45,,,,,,1,2,-1,0.45,52.0,44.8,,,44.76,0.82,0.51,179,9,13,16,15.85,31.37,10.4,4,3,13,4,10,89.7,40.64,56.8,53.08,77.27,33.69,0,Deportivo de La Coruña 2-1 Ceuta,2025-11-23
Deportivo de La Coruña,2.85,1.4,1.45,2.68,0.71,1.97,0.18,0.69,-0.51,2.85,1.4,1.45,,,,,,2,1,1,-0.45,48.0,55.2,,,46.27,0.51,0.82,186,12,16,13,31.37,15.85,9.67,3,4,11,4,13,131.0,59.36,50.2,46.92,152.07,66.31,1,Deportivo de La Coruña 2-1 Ceuta,2025-11-23
Córdoba,1.12,1.78,-0.66,0.86,1.2,-0.34,0.25,0.57,-0.32,1.12,1.78,-0.66,,,,,,1,1,0,0.66,50.9,51.97,,,48.03,0.36,0.77,176,9,11,18,30.56,23.38,7.05,7,6,17,8,20,51.9,39.05,42.13,47.88,68.23,43.1,1,Granada 1-1 Córdoba,2025-11-22
Granada,1.78,1.12,0.66,1.2,0.86,0.34,0.57,0.25,0.32,1.78,1.12,0.66,,,,,,1,1,0,-0.66,49.1,48.03,,,45.27,0.77,0.36,141,10,18,11,23.38,30.56,7.0,6,7,16,7,11,81.0,60.95,45.87,52.12,90.07,56.9,2,Granada 1-1 Córdoba,2025-11-22
Real Zaragoza,1.24,3.74,-2.5,0.48,2.91,-2.43,0.0,0.07,-0.07,0.48,2.98,-2.5,,,,,,2,1,1,3.5,33.2,26.7,,,43.75,0.02,2.02,116,1,3,23,150.0,11.39,21.58,2,7,7,0,10,15.9,4.69,117.33,78.82,16.03,6.84,3,Eibar 1-2 Real Zaragoza,2025-11-22
Eibar,3.74,1.24,2.5,2.91,0.48,2.43,0.07,0.0,0.07,2.98,0.48,2.5,,,,,,1,2,-1,-3.5,66.8,73.3,,,55.39,2.02,0.02,397,20,23,3,11.39,150.0,8.19,7,2,54,7,18,322.8,95.31,31.53,21.18,218.23,93.16,0,Eibar 1-2 Real Zaragoza,2025-11-22
Almería,1.14,2.59,-1.45,1.14,2.38,-1.24,0.0,0.21,-0.21,1.14,2.59,-1.45,,,,,,3,0,3,4.45,41.6,33.69,,,42.89,0.35,1.03,134,6,7,22,20.0,21.36,15.0,3,7,6,0,17,18.6,9.82,78.6,67.1,43.23,37.11,0,Leganés 0-3 Almería,2025-11-22
Leganés,2.59,1.14,1.45,2.38,1.14,1.24,0.21,0.0,0.21,2.59,1.14,1.45,,,,,,0,3,-3,-4.45,58.4,66.31,,,48.8,1.03,0.35,239,16,22,7,21.36,20.0,8.89,7,3,30,5,8,170.8,90.18,38.53,32.9,73.27,62.89,0,Leganés 0-3 Almería,2025-11-22
Castellón,2.72,1.06,1.66,2.39,1.04,1.35,0.33,0.03,0.3,2.72,1.06,1.66,,,,,,3,1,2,0.34,43.5,58.82,,,50.62,1.57,0.61,221,20,16,10,10.19,16.39,13.72,1,7,15,4,13,137.9,67.37,90.07,93.05,224.87,94.96,3,FC Andorra 1-3 Castellón,2025-11-22
FC Andorra,1.06,2.72,-1.66,1.04,2.39,-1.35,0.03,0.33,-0.3,1.06,2.72,-1.66,,,,,,1,3,-2,-0.34,56.5,41.18,,,40.65,0.61,1.57,180,10,10,16,16.39,10.19,10.4,7,1,9,2,14,66.8,32.63,6.73,6.95,11.93,5.04,0,FC Andorra 1-3 Castellón,2025-11-22
Albacete,0.83,1.15,-0.32,0.81,0.96,-0.15,0.02,0.19,-0.17,0.83,1.15,-0.32,,,,,,1,2,-1,-0.68,41.2,43.42,,,40.2,0.31,1.04,125,5,10,10,32.26,9.62,10.58,5,2,15,3,16,54.1,35.48,112.73,76.76,90.37,42.08,3,Las Palmas 2-1 Albacete,2025-11-21
Las Palmas,1.15,0.83,0.32,0.96,0.81,0.15,0.19,0.02,0.17,1.15,0.83,0.32,,,,,,2,1,1,0.68,58.8,56.58,,,44.97,1.04,0.31,237,10,10,10,9.62,32.26,8.62,2,5,14,5,16,98.4,64.52,34.13,23.24,124.37,57.92,0,Las Palmas 2-1 Albacete,2025-11-21
Málaga,1.41,0.74,0.67,1.36,0.74,0.62,0.05,0.0,0.05,1.41,0.74,0.67,,,,,,0,1,-1,-1.67,65.2,76.57,,,52.07,0.48,0.38,306,10,16,6,33.33,15.79,9.03,5,5,36,9,14,198.0,90.25,21.07,18.17,121.23,82.55,0,Cultural Leonesa 1-0 Málaga,2025-11-17
Cultural Leonesa,0.74,1.41,-0.67,0.74,1.36,-0.62,0.0,0.05,-0.05,0.74,1.41,-0.67,,,,,,1,0,1,1.67,34.8,23.43,,,41.13,0.38,0.48,84,6,6,16,15.79,33.33,14.34,5,5,6,1,6,21.4,9.75,94.87,81.83,25.63,17.45,0,Cultural Leonesa 1-0 Málaga,2025-11-17
Huesca,1.0,0.58,0.42,0.63,0.27,0.36,0.36,0.31,0.05,1.0,0.58,0.42,,,,,,0,1,-1,-1.42,46.9,47.62,,,45.48,0.9,-0.04,182,9,8,6,8.89,-150.0,15.64,3,6,20,3,9,102.1,58.88,66.67,55.74,103.37,55.52,2,Real Zaragoza 1-0 Huesca,2025-11-16
Real Zaragoza,0.58,1.0,-0.42,0.27,0.63,-0.36,0.31,0.36,-0.05,0.58,1.0,-0.42,,,,,,1,0,1,1.42,53.1,52.38,,,49.63,-0.04,0.9,247,7,6,8,-150.0,8.89,11.6,6,3,18,5,9,71.3,41.12,52.93,44.26,82.83,44.48,9,Real Zaragoza 1-0 Huesca,2025-11-16
Burgos,1.51,1.05,0.46,0.11,1.03,-0.92,0.64,0.02,0.62,0.75,1.05,-0.3,,,,,,2,0,2,1.54,50.8,43.21,,,42.52,0.18,1.08,132,5,6,12,33.33,11.11,9.68,3,5,13,4,12,43.9,32.47,27.4,34.6,36.5,26.26,2,Mirandés 0-2 Burgos,2025-11-16
Mirandés,1.05,1.51,-0.46,1.03,0.11,0.92,0.02,0.64,-0.62,1.05,0.75,0.3,,,,,,0,2,-2,-1.54,49.2,56.79,,,48.09,1.08,0.18,180,15,12,6,11.11,33.33,8.79,5,3,27,7,21,91.3,67.53,51.8,65.4,102.5,73.74,5,Mirandés 0-2 Burgos,2025-11-16
Deportivo de La Coruña,2.42,2.23,0.19,1.6,1.5,0.1,0.06,0.73,-0.67,1.66,2.23,-0.57,,,,,,3,1,2,1.81,37.5,25.71,,,40.45,0.43,1.27,104,8,9,23,20.93,18.11,13.22,4,4,8,5,10,40.9,14.17,45.53,55.25,56.33,22.87,1,Córdoba 1-3 Deportivo de La Coruña,2025-11-16
Córdoba,2.23,2.42,-0.19,1.5,1.6,-0.1,0.73,0.06,0.67,2.23,1.66,0.57,,,,,,1,3,-2,-1.81,62.5,74.29,,,55.05,1.27,0.43,312,24,23,9,18.11,20.93,9.75,4,4,27,6,13,247.7,85.83,36.87,44.75,189.97,77.13,3,Córdoba 1-3 Deportivo de La Coruña,2025-11-16
Eibar,0.46,1.23,-0.77,0.38,0.4,-0.02,0.08,0.07,0.01,0.46,0.47,-0.01,,,,,,1,1,0,0.77,38.5,32.63,,,42.91,0.23,0.61,144,4,6,13,26.09,21.31,15.85,2,8,11,3,12,24.2,14.49,104.93,72.07,64.63,47.49,0,Sporting de Gijón 1-1 Eibar,2025-11-16
Sporting de Gijón,1.23,0.46,0.77,0.4,0.38,0.02,0.07,0.08,-0.01,0.47,0.46,0.01,,,,,,1,1,0,-0.77,61.5,67.37,,,49.99,0.61,0.23,348,9,13,6,21.31,26.09,8.66,8,2,23,10,13,142.8,85.51,40.67,27.93,71.47,52.51,4,Sporting de Gijón 1-1 Eibar,2025-11-16
Cádiz,0.82,2.49,-1.67,0.74,1.33,-0.59,0.08,0.4,-0.32,0.82,1.73,-0.91,,,,,,0,3,-3,-1.33,42.1,37.98,,,46.74,0.19,0.69,142,6,7,16,36.84,23.19,10.75,2,4,15,5,11,28.9,16.84,54.67,73.34,25.89,12.31,4,Almería 3-0 Cádiz,2025-11-16
Almería,2.49,0.82,1.67,1.33,0.74,0.59,0.4,0.08,0.32,1.73,0.82,0.91,,,,,,3,0,3,1.33,57.9,62.02,,,49.4,0.69,0.19,204,18,16,7,23.19,36.84,7.84,4,2,30,13,13,142.7,83.16,19.87,26.66,184.51,87.69,0,Almería 3-0 Cádiz,2025-11-16
Leganés,1.84,1.42,0.42,1.84,1.28,0.56,0.0,0.15,-0.15,1.84,1.42,0.42,,,,,,2,1,1,0.58,38.3,33.44,,,47.31,0.58,0.97,140,7,12,15,20.69,15.46,15.38,1,5,15,3,17,34.4,19.65,69.67,79.53,70.17,60.39,0,Ceuta 1-2 Leganés,2025-11-16
Ceuta,1.42,1.84,-0.42,1.28,1.84,-0.56,0.15,0.0,0.15,1.42,1.84,-0.42,,,,,,1,2,-1,-0.58,61.7,66.56,,,52.36,0.97,0.58,288,11,15,12,15.46,20.69,8.39,5,1,30,6,15,140.7,80.35,17.93,20.47,46.03,39.61,0,Ceuta 1-2 Leganés,2025-11-16
Granada,1.28,1.81,-0.53,1.19,1.23,-0.04,0.09,0.58,-0.49,1.28,1.81,-0.53,,,,,,2,2,0,0.53,49.1,41.22,,,45.97,0.58,0.87,158,9,13,13,22.41,14.94,8.03,4,5,18,4,17,54.7,38.07,32.0,41.99,37.53,23.28,1,Racing de Santander 2-2 Granada,2025-11-15
Racing de Santander,1.81,1.28,0.53,1.23,1.19,0.04,0.58,0.09,0.49,1.81,1.28,0.53,,,,,,2,2,0,-0.53,50.9,58.78,,,48.11,0.87,0.58,174,12,13,13,14.94,22.41,11.29,5,4,15,7,9,89.0,61.93,44.2,58.01,123.7,76.72,4,Racing de Santander 2-2 Granada,2025-11-15
Real Sociedad II,2.79,3.66,-0.87,2.79,2.15,0.64,0.0,0.75,-0.75,2.79,2.9,-0.11,,,,,,4,5,-1,-0.13,36.3,26.92,,,41.95,0.76,1.8,114,5,19,23,25.0,12.78,14.44,4,3,11,1,13,61.2,19.6,92.73,85.03,48.06,16.79,2,Castellón 5-4 Real Sociedad II,2025-11-15
Castellón,3.66,2.79,0.87,2.15,2.79,-0.64,0.75,0.0,0.75,2.9,2.79,0.11,,,,,,5,4,1,0.13,63.7,73.08,,,50.9,1.8,0.76,301,23,23,19,12.78,25.0,8.15,3,4,29,14,9,251.1,80.4,16.33,14.97,238.22,83.21,0,Castellón 5-4 Real Sociedad II,2025-11-15
FC Andorra,1.3,2.41,-1.11,1.21,2.29,-1.08,0.09,0.12,-0.03,1.3,2.41,-1.11,,,,,,0,1,-1,0.11,66.4,52.92,,,44.57,0.66,1.12,257,13,17,17,25.76,15.18,10.75,1,3,18,2,8,113.4,51.27,3.87,2.28,41.13,16.16,1,Albacete 1-0 FC Andorra,2025-11-15
Albacete,2.41,1.3,1.11,2.29,1.21,1.08,0.12,0.09,0.03,2.41,1.3,1.11,,,,,,1,0,1,-0.11,33.6,47.08,,,52.58,1.12,0.66,182,18,17,17,15.18,25.76,19.22,3,1,21,4,9,107.8,48.73,165.93,97.72,213.4,83.84,6,Albacete 1-0 FC Andorra,2025-11-15
Las Palmas,0.76,1.89,-1.13,0.76,1.66,-0.9,0.0,0.23,-0.23,0.76,1.89,-1.13,,,,,,1,0,1,2.13,43.1,22.64,,,40.33,0.1,0.91,123,5,11,22,110.0,24.18,7.33,4,5,5,1,12,17.5,7.23,46.2,54.92,33.53,16.67,1,Real Valladolid 0-1 Las Palmas,2025-11-14
Real Valladolid,1.89,0.76,1.13,1.66,0.76,0.9,0.23,0.0,0.23,1.89,0.76,1.13,,,,,,0,1,-1,-2.13,56.9,77.36,,,52.15,0.91,0.1,259,18,22,11,24.18,110.0,7.19,5,4,33,10,23,224.6,92.77,37.93,45.08,167.67,83.33,1,Real Valladolid 0-1 Las Palmas,2025-11-14
Castellón,1.29,1.03,0.26,1.15,0.89,0.26,0.13,0.14,-0.01,1.29,1.03,0.26,,,,,,0,0,0,-0.26,59.7,66.33,,,50.36,0.84,0.69,266,10,11,9,13.1,13.04,9.52,5,3,17,6,11,131.8,85.58,34.6,29.19,114.53,67.85,1,Burgos 0-0 Castellón,2025-11-10
Burgos,1.03,1.29,-0.26,0.89,1.15,-0.26,0.14,0.13,0.01,1.03,1.29,-0.26,,,,,,0,0,0,0.26,40.3,33.67,,,39.17,0.69,0.84,112,6,9,11,13.04,13.1,14.11,3,5,10,5,14,22.2,14.42,83.93,70.81,54.27,32.15,1,Burgos 0-0 Castellón,2025-11-10
Real Valladolid,0.71,0.88,-0.17,0.48,0.88,-0.4,0.23,0.0,0.23,0.71,0.88,-0.17,,,,,,0,0,0,0.17,51.6,54.52,,,49.86,0.5,0.61,230,6,11,7,22.0,11.48,7.02,7,6,20,4,17,134.6,61.35,32.4,34.94,102.3,55.98,0,Cádiz 0-0 Real Valladolid,2025-11-09
Cádiz,0.88,0.71,0.17,0.88,0.48,0.4,0.0,0.23,-0.23,0.88,0.71,0.17,,,,,,0,0,0,-0.17,48.4,45.48,,,52.03,0.61,0.5,234,12,7,11,11.48,22.0,8.59,6,7,12,2,16,84.8,38.65,60.33,65.06,80.43,44.02,4,Cádiz 0-0 Real Valladolid,2025-11-09
Real Zaragoza,1.37,2.81,-1.44,1.03,2.69,-1.66,0.34,0.12,0.22,1.37,2.81,-1.44,,,,,,1,3,-2,-0.56,41.1,43.29,,,45.9,0.69,1.1,142,8,12,16,17.39,14.55,18.67,3,4,18,5,16,55.0,31.18,83.53,82.76,40.02,20.13,1,Granada 3-1 Real Zaragoza,2025-11-09
Granada,2.81,1.37,1.44,2.69,1.03,1.66,0.12,0.34,-0.22,2.81,1.37,1.44,,,,,,3,1,2,0.56,58.9,56.71,,,48.1,1.1,0.69,251,12,16,12,14.55,17.39,8.44,4,3,31,6,10,121.4,68.82,17.4,17.24,158.79,79.87,2,Granada 3-1 Real Zaragoza,2025-11-09
Racing de Santander,0.87,1.43,-0.56,0.77,1.31,-0.54,0.09,0.11,-0.02,0.87,1.43,-0.56,,,,,,1,3,-2,-1.44,50.6,57.48,,,47.53,0.3,0.65,182,10,9,16,30.0,24.62,8.24,4,3,20,5,14,110.1,58.1,44.13,66.26,105.0,56.03,3,Las Palmas 3-1 Racing de Santander,2025-11-09
Las Palmas,1.43,0.87,0.56,1.31,0.77,0.54,0.11,0.09,0.02,1.43,0.87,0.56,,,,,,3,1,2,1.44,49.4,42.52,,,41.98,0.65,0.3,134,7,16,9,24.62,30.0,8.94,3,4,16,5,18,79.4,41.9,22.47,33.74,82.4,43.97,1,Las Palmas 3-1 Racing de Santander,2025-11-09
Córdoba,2.36,0.97,1.39,2.36,0.83,1.53,0.0,0.14,-0.14,2.36,0.97,1.39,,,,,,2,2,0,-1.39,39.7,48.46,,,47.74,0.55,0.75,140,9,15,11,27.27,14.67,8.64,4,6,10,2,22,81.0,46.85,65.4,78.99,105.7,59.62,2,Málaga 2-2 Córdoba,2025-11-08
Málaga,0.97,2.36,-1.39,0.83,2.36,-1.53,0.14,0.0,0.14,0.97,2.36,-1.39,,,,,,2,2,0,1.39,60.3,51.54,,,45.52,0.75,0.55,163,16,11,15,14.67,27.27,5.28,6,4,11,2,17,91.9,53.15,17.4,21.01,71.6,40.38,0,Málaga 2-2 Córdoba,2025-11-08
Cultural Leonesa,0.9,1.81,-0.91,0.9,1.42,-0.52,0.0,0.39,-0.39,0.9,1.81,-0.91,,,,,,0,3,-3,-2.09,46.0,49.83,,,46.54,0.32,0.28,221,3,11,9,34.38,32.14,17.54,6,8,14,1,11,60.5,45.8,118.33,80.61,34.33,22.5,1,Deportivo de La Coruña 3-0 Cultural Leonesa,2025-11-08
Deportivo de La Coruña,1.81,0.9,0.91,1.42,0.9,0.52,0.39,0.0,0.39,1.81,0.9,0.91,,,,,,3,0,3,2.09,54.0,50.17,,,43.59,0.28,0.32,218,11,9,11,32.14,34.38,13.43,8,6,10,1,12,71.6,54.2,28.47,19.39,118.26,77.5,2,Deportivo de La Coruña 3-0 Cultural Leonesa,2025-11-08
Albacete,2.23,4.0,-1.77,1.55,1.87,-0.32,0.68,0.6,0.08,2.23,2.48,-0.25,,,,,,2,3,-1,0.77,43.3,47.71,,,47.95,0.91,0.71,179,15,17,22,18.68,30.99,17.25,1,4,22,3,11,76.3,37.64,78.0,79.16,113.27,55.94,4,Eibar 3-2 Albacete,2025-11-08
Eibar,4.0,2.23,1.77,1.87,1.55,0.32,0.6,0.68,-0.08,2.48,2.23,0.25,,,,,,3,2,1,-0.77,56.7,52.29,,,47.81,0.71,0.91,241,19,22,17,30.99,18.68,9.28,4,1,24,4,15,126.4,62.36,20.53,20.84,89.2,44.06,1,Eibar 3-2 Albacete,2025-11-08
FC Andorra,2.63,1.88,0.75,2.61,1.12,1.49,0.02,0.0,0.02,2.63,1.12,1.51,,,,,,2,2,0,-0.75,53.5,48.43,,,42.92,0.46,0.81,173,12,20,10,43.48,12.35,8.1,2,6,12,3,21,112.5,56.93,20.67,28.49,112.03,65.19,1,Huesca 2-2 FC Andorra,2025-11-08
Huesca,1.88,2.63,-0.75,1.12,2.61,-1.49,0.0,0.02,-0.02,1.12,2.63,-1.51,,,,,,2,2,0,0.75,46.5,51.57,,,47.67,0.81,0.46,186,17,10,20,12.35,43.48,6.79,6,2,24,1,23,85.1,43.07,51.87,71.51,59.83,34.81,3,Huesca 2-2 FC Andorra,2025-11-08
Leganés,1.82,2.27,-0.45,1.73,1.51,0.22,0.09,0.0,0.09,1.82,1.51,0.31,,,,,,1,2,-1,-0.55,62.5,63.56,,,44.98,0.63,0.4,211,14,9,12,14.29,30.0,7.77,6,4,21,6,13,102.0,70.1,8.73,7.51,54.3,35.17,0,Real Sociedad II 2-1 Leganés,2025-11-08
Real Sociedad II,2.27,1.82,0.45,1.51,1.73,-0.22,0.0,0.09,-0.09,1.51,1.82,-0.31,,,,,,2,1,1,0.55,37.5,36.44,,,42.71,0.4,0.63,101,9,12,9,30.0,14.29,12.16,4,6,16,2,18,43.5,29.9,107.53,92.49,100.1,64.83,0,Real Sociedad II 2-1 Leganés,2025-11-08
Sporting de Gijón,1.62,2.82,-1.2,0.86,2.79,-1.93,0.0,0.04,-0.04,0.86,2.82,-1.96,,,,,,1,2,-1,0.2,54.9,50.35,,,43.89,0.37,1.43,187,7,7,20,18.92,13.99,11.1,2,10,13,4,10,66.1,31.46,41.4,34.65,56.13,26.44,0,Mirandés 2-1 Sporting de Gijón,2025-11-07
Mirandés,2.82,1.62,1.2,2.79,0.86,1.93,0.04,0.0,0.04,2.82,0.86,1.96,,,,,,2,1,1,-0.2,45.1,49.65,,,46.94,1.43,0.37,187,22,20,7,13.99,18.92,11.97,10,2,17,4,11,144.0,68.54,78.07,65.35,156.2,73.56,5,Mirandés 2-1 Sporting de Gijón,2025-11-07
Huesca,0.81,2.29,-1.48,0.81,1.51,-0.7,0.0,0.02,-0.02,0.81,1.53,-0.72,,,,,,0,2,-2,-0.52,44.8,57.14,,,44.07,0.38,0.59,142,13,10,13,26.32,22.03,9.33,5,2,20,6,16,62.8,49.14,72.87,80.08,88.53,60.0,4,Real Sociedad II 2-0 Huesca,2025-11-05
Real Sociedad II,2.29,0.81,1.48,1.51,0.81,0.7,0.02,0.0,0.02,1.53,0.81,0.72,,,,,,2,0,2,0.52,55.2,42.86,,,39.72,0.59,0.38,134,9,13,10,22.03,26.32,9.0,2,5,5,3,19,65.0,50.86,18.13,19.92,59.03,40.0,1,Real Sociedad II 2-0 Huesca,2025-11-05
Granada,0.74,2.97,-2.23,0.74,2.16,-1.42,0.0,0.05,-0.05,0.74,2.21,-1.47,,,,,,1,2,-1,1.23,48.2,39.51,,,46.81,0.41,1.01,187,7,8,17,19.51,16.83,8.5,2,14,6,2,13,42.2,19.78,29.73,33.92,38.07,18.59,0,Real Valladolid 2-1 Granada,2025-11-03
Real Valladolid,2.97,0.74,2.23,2.16,0.74,1.42,0.05,0.0,0.05,2.21,0.74,1.47,,,,,,2,1,1,-1.23,51.8,60.49,,,50.92,1.01,0.41,216,22,17,8,16.83,19.51,7.06,14,2,32,3,21,171.1,80.22,57.93,66.08,166.77,81.41,3,Real Valladolid 2-1 Granada,2025-11-03
Deportivo de La Coruña,1.49,1.34,0.15,1.31,1.3,0.01,0.18,0.04,0.14,1.49,1.34,0.15,,,,,,2,0,2,1.85,51.4,37.54,,,43.9,0.44,0.51,165,12,14,13,31.82,25.49,9.97,4,6,27,8,10,68.8,35.07,48.4,43.68,67.43,37.55,1,Real Zaragoza 0-2 Deportivo de La Coruña,2025-11-02
Real Zaragoza,1.34,1.49,-0.15,1.3,1.31,-0.01,0.04,0.18,-0.14,1.34,1.49,-0.15,,,,,,0,2,-2,-1.85,48.6,62.46,,,49.81,0.51,0.44,228,14,13,14,25.49,31.82,10.38,6,4,12,2,21,127.4,64.93,62.4,56.32,112.13,62.45,0,Real Zaragoza 0-2 Deportivo de La Coruña,2025-11-02
Málaga,1.18,2.34,-1.16,0.31,2.34,-2.03,0.11,0.0,0.11,0.42,2.34,-1.92,,,,,,1,2,-1,0.16,49.4,40.93,,,42.9,0.26,0.99,139,3,9,19,34.62,19.19,8.31,6,3,10,4,14,32.0,19.63,46.4,52.65,35.53,24.61,1,Castellón 2-1 Málaga,2025-11-02
Castellón,2.34,1.18,1.16,2.34,0.31,2.03,0.0,0.11,-0.11,2.34,0.42,1.92,,,,,,2,1,1,-0.16,50.6,59.07,,,47.77,0.99,0.26,188,12,19,9,19.19,34.62,10.18,3,6,21,7,16,131.0,80.37,41.73,47.35,108.87,75.39,3,Castellón 2-1 Málaga,2025-11-02
Las Palmas,0.94,0.5,0.44,0.91,0.5,0.41,0.03,0.0,0.03,0.94,0.5,0.44,,,,,,0,0,0,-0.44,67.7,64.49,,,49.09,0.51,0.37,288,11,8,5,15.69,13.51,6.65,5,6,18,3,12,140.0,85.73,1.8,1.6,67.47,53.19,2,Sporting de Gijón 0-0 Las Palmas,2025-11-02
Sporting de Gijón,0.5,0.94,-0.44,0.5,0.91,-0.41,0.0,0.03,-0.03,0.5,0.94,-0.44,,,,,,0,0,0,0.44,32.3,35.51,,,45.72,0.37,0.51,120,7,5,8,13.51,15.69,12.45,6,5,14,2,21,23.3,14.27,110.4,98.4,59.37,46.81,4,Sporting de Gijón 0-0 Las Palmas,2025-11-02
Ceuta,1.54,1.65,-0.11,1.09,1.62,-0.53,0.45,0.03,0.42,1.54,1.65,-0.11,,,,,,0,2,-2,-1.89,48.0,41.86,,,45.68,0.56,0.57,141,9,12,12,21.43,21.05,6.89,1,8,15,5,17,55.8,36.4,31.73,59.05,53.7,21.34,1,Córdoba 2-0 Ceuta,2025-11-02
Córdoba,1.65,1.54,0.11,1.62,1.09,0.53,0.03,0.45,-0.42,1.65,1.54,0.11,,,,,,2,0,2,1.89,52.0,58.14,,,50.26,0.57,0.56,176,15,12,12,21.05,21.43,5.0,8,1,11,4,18,97.5,63.6,22.0,40.95,197.97,78.66,3,Córdoba 2-0 Ceuta,2025-11-02
Cádiz,0.18,1.78,-1.6,0.18,1.52,-1.34,0.0,0.26,-0.26,0.18,1.78,-1.6,,,,,,0,0,0,1.6,44.4,37.36,,,44.19,0.11,0.54,151,4,5,15,45.45,27.78,8.6,2,4,7,3,14,30.2,17.03,70.2,67.58,38.1,24.33,1,FC Andorra 0-0 Cádiz,2025-11-02
FC Andorra,1.78,0.18,1.6,1.52,0.18,1.34,0.26,0.0,0.26,1.78,0.18,1.6,,,,,,0,0,0,-1.6,55.6,62.64,,,45.95,0.54,0.11,203,11,15,5,27.78,45.45,9.65,4,2,28,9,19,147.1,82.97,33.67,32.42,118.47,75.67,0,FC Andorra 0-0 Cádiz,2025-11-02
Eibar,1.41,1.92,-0.51,1.06,1.0,0.06,0.35,0.16,0.19,1.41,1.16,0.25,,,,,,1,3,-2,-1.49,57.5,64.29,,,48.68,0.59,0.34,281,14,12,11,20.34,32.35,9.65,8,2,26,7,7,128.9,68.49,38.6,45.81,68.32,32.13,2,Almería 3-1 Eibar,2025-11-01
Almería,1.92,1.41,0.51,1.0,1.06,-0.06,0.16,0.35,-0.19,1.16,1.41,-0.25,,,,,,3,1,2,1.49,42.5,35.71,,,39.58,0.34,0.59,143,7,11,12,32.35,20.34,18.24,2,8,9,3,15,59.3,31.51,45.67,54.19,144.33,67.87,2,Almería 3-1 Eibar,2025-11-01
Burgos,0.79,1.78,-0.99,0.3,1.15,-0.85,0.5,0.64,-0.14,0.79,1.78,-0.99,,,,,,2,1,1,1.99,38.1,40.59,,,45.09,0.16,0.82,124,6,6,13,37.5,15.85,10.51,3,3,11,4,17,38.2,22.89,89.2,80.41,80.5,50.12,4,Leganés 1-2 Burgos,2025-11-01
Leganés,1.78,0.79,0.99,1.15,0.3,0.85,0.64,0.5,0.14,1.78,0.79,0.99,,,,,,1,2,-1,-1.99,61.9,59.41,,,48.7,0.82,0.16,241,14,13,6,15.85,37.5,6.22,3,3,26,9,17,128.7,77.11,21.73,19.59,80.13,49.88,0,Leganés 1-2 Burgos,2025-11-01
Huesca,2.01,2.04,-0.03,1.49,1.89,-0.4,0.52,0.16,0.36,2.01,2.04,-0.03,,,,,,1,2,-1,-0.97,59.6,57.22,,,49.7,1.05,1.25,271,22,20,14,19.05,11.2,10.72,3,2,24,7,6,157.1,68.1,23.13,20.76,120.4,55.63,2,Albacete 2-1 Huesca,2025-11-01
Albacete,2.04,2.01,0.03,1.89,1.49,0.4,0.16,0.52,-0.36,2.04,2.01,0.03,,,,,,2,1,1,0.97,40.4,42.78,,,52.1,1.25,1.05,205,15,14,20,11.2,19.05,15.96,2,3,27,7,13,73.6,31.9,88.27,79.24,96.03,44.37,2,Albacete 2-1 Huesca,2025-11-01
Mirandés,1.06,1.57,-0.51,0.99,1.33,-0.34,0.08,0.23,-0.15,1.06,1.57,-0.51,,,,,,2,3,-1,-0.49,40.9,45.66,,,46.85,0.69,0.62,168,9,11,18,15.94,29.03,14.5,2,2,17,2,13,49.5,27.55,77.53,82.02,77.57,43.43,1,Cultural Leonesa 3-2 Mirandés,2025-11-01
Cultural Leonesa,1.57,1.06,0.51,1.33,0.99,0.34,0.23,0.08,0.15,1.57,1.06,0.51,,,,,,3,2,1,0.49,59.1,54.34,,,46.26,0.62,0.69,215,13,18,11,29.03,15.94,10.0,2,2,23,6,11,130.2,72.45,17.0,17.98,101.03,56.57,0,Cultural Leonesa 3-2 Mirandés,2025-11-01
Real Sociedad II,1.39,1.04,0.35,1.11,0.97,0.14,0.28,0.07,0.21,1.39,1.04,0.35,,,,,,0,1,-1,-1.35,39.3,32.03,,,41.24,0.38,0.68,141,10,12,13,31.58,19.12,11.02,2,1,19,8,19,35.6,15.82,74.93,73.46,38.97,16.59,1,Racing de Santander 1-0 Real Sociedad II,2025-10-31
Racing de Santander,1.04,1.39,-0.35,0.97,1.11,-0.14,0.07,0.28,-0.21,1.04,1.39,-0.35,,,,,,1,0,1,1.35,60.7,67.97,,,49.73,0.68,0.38,293,14,13,12,19.12,31.58,10.5,1,2,15,5,14,189.4,84.18,27.07,26.54,196.0,83.41,1,Racing de Santander 1-0 Real Sociedad II,2025-10-31
Real Valladolid,1.6,1.98,-0.38,0.81,0.53,0.28,0.04,0.69,-0.65,0.84,1.22,-0.38,,,,,,1,1,0,0.38,42.6,36.91,,,46.95,0.65,0.69,166,10,15,10,23.08,14.49,8.78,8,3,11,5,17,89.0,35.0,100.67,81.62,116.97,61.97,1,Deportivo de La Coruña 1-1 Real Valladolid,2025-10-26
Deportivo de La Coruña,1.98,1.6,0.38,0.53,0.81,-0.28,0.69,0.04,0.65,1.22,0.84,0.38,,,,,,1,1,0,-0.38,57.4,63.09,,,48.15,0.69,0.65,268,12,10,15,14.49,23.08,7.85,3,8,19,4,18,165.3,65.0,22.67,18.38,71.77,38.03,2,Deportivo de La Coruña 1-1 Real Valladolid,2025-10-26
Castellón,0.98,1.26,-0.28,0.91,1.26,-0.35,0.07,0.0,0.07,0.98,1.26,-0.28,,,,,,0,1,-1,-0.72,51.8,41.63,,,40.62,0.46,0.78,137,8,9,15,19.57,19.23,9.11,7,6,11,3,11,63.2,38.3,30.33,29.74,35.8,21.96,1,Almería 1-0 Castellón,2025-10-26
Almería,1.26,0.98,0.28,1.26,0.91,0.35,0.0,0.07,-0.07,1.26,0.98,0.28,,,,,,1,0,1,0.72,48.2,58.37,,,46.2,0.78,0.46,183,10,15,9,19.23,19.57,11.0,6,7,19,6,11,101.8,61.7,71.67,70.26,127.23,78.04,0,Almería 1-0 Castellón,2025-10-26
Real Zaragoza,1.96,0.52,1.44,1.58,0.42,1.16,0.38,0.1,0.28,1.96,0.52,1.44,,,,,,0,1,-1,-2.44,65.9,68.62,,,52.79,0.72,0.2,277,20,22,4,30.56,20.0,5.54,6,1,39,16,18,213.8,85.45,27.53,26.2,164.97,78.54,0,Sporting de Gijón 1-0 Real Zaragoza,2025-10-26
Sporting de Gijón,0.52,1.96,-1.44,0.42,1.58,-1.16,0.1,0.38,-0.28,0.52,1.96,-1.44,,,,,,1,0,1,2.44,34.1,31.38,,,45.72,0.2,0.72,107,7,4,22,20.0,30.56,14.72,1,6,5,2,12,36.4,14.55,77.53,73.8,45.07,21.46,2,Sporting de Gijón 1-0 Real Zaragoza,2025-10-26
FC Andorra,2.27,3.36,-1.09,1.92,3.33,-1.41,0.35,0.03,0.32,2.27,3.36,-1.09,,,,,,1,4,-3,-1.91,53.4,60.18,,,48.19,1.54,0.57,250,20,23,16,14.94,28.07,10.78,5,7,20,7,13,197.3,67.71,42.87,44.04,143.31,60.35,0,Málaga 4-1 FC Andorra,2025-10-26
Málaga,3.36,2.27,1.09,3.33,1.92,1.41,0.03,0.35,-0.32,3.36,2.27,1.09,,,,,,4,1,3,1.91,46.6,39.82,,,46.54,0.57,1.54,187,13,16,23,28.07,14.94,12.21,7,5,4,2,12,94.1,32.29,54.47,55.96,94.16,39.65,0,Málaga 4-1 FC Andorra,2025-10-26
Racing de Santander,2.79,1.91,0.88,2.72,1.65,1.07,0.07,0.25,-0.18,2.79,1.91,0.88,,,,,,3,1,2,1.12,49.1,42.49,,,42.82,0.44,0.93,153,15,16,14,36.36,15.05,8.21,4,5,7,4,15,80.6,42.4,38.33,48.15,87.17,48.73,1,Mirandés 1-3 Racing de Santander,2025-10-25
Mirandés,1.91,2.79,-0.88,1.65,2.72,-1.07,0.25,0.07,0.18,1.91,2.79,-0.88,,,,,,1,3,-2,-1.12,50.9,57.51,,,47.28,0.93,0.44,213,17,14,16,15.05,36.36,7.34,5,4,26,5,28,109.5,57.6,41.27,51.85,91.7,51.27,3,Mirandés 1-3 Racing de Santander,2025-10-25
Cádiz,0.69,2.04,-1.35,0.44,1.5,-1.06,0.25,0.54,-0.29,0.69,2.04,-1.35,,,,,,0,0,0,1.35,42.0,43.53,,,49.02,0.66,0.71,157,5,11,18,16.67,25.35,14.61,2,2,13,4,17,35.0,22.04,67.67,76.9,50.07,35.36,6,Granada 0-0 Cádiz,2025-10-25
Granada,2.04,0.69,1.35,1.5,0.44,1.06,0.54,0.25,0.29,2.04,0.69,1.35,,,,,,0,0,0,-1.35,58.0,56.47,,,47.45,0.71,0.66,198,13,18,11,25.35,16.67,11.38,2,2,34,8,7,123.8,77.96,20.33,23.1,91.53,64.64,2,Granada 0-0 Cádiz,2025-10-25
Real Sociedad II,0.33,2.42,-2.09,0.33,1.58,-1.25,0.0,0.08,-0.08,0.33,1.66,-1.33,,,,,,0,1,-1,1.09,50.9,45.13,,,41.94,0.39,0.81,156,4,5,14,12.82,17.28,9.27,8,5,19,3,13,32.4,20.56,29.67,32.13,41.8,19.82,1,Burgos 1-0 Real Sociedad II,2025-10-25
Burgos,2.42,0.33,2.09,1.58,0.33,1.25,0.08,0.0,0.08,1.66,0.33,1.33,,,,,,1,0,1,-1.09,49.1,54.87,,,48.66,0.81,0.39,203,13,14,5,17.28,12.82,10.5,5,8,27,6,13,125.2,79.44,62.67,67.87,169.1,80.18,0,Burgos 1-0 Real Sociedad II,2025-10-25
Leganés,0.69,1.09,-0.4,0.6,0.87,-0.27,0.08,0.22,-0.14,0.69,1.09,-0.4,,,,,,0,0,0,0.4,48.6,31.82,,,41.42,0.82,0.63,157,9,9,12,10.98,19.05,16.73,0,8,13,2,10,43.0,27.22,38.33,43.43,28.43,20.24,1,Eibar 0-0 Leganés,2025-10-25
Eibar,1.09,0.69,0.4,0.87,0.6,0.27,0.22,0.08,0.14,1.09,0.69,0.4,,,,,,0,0,0,-0.4,51.4,68.18,,,52.32,0.63,0.82,283,14,12,9,19.05,10.98,8.31,8,0,37,7,13,115.0,72.78,49.93,56.57,112.03,79.76,2,Eibar 0-0 Leganés,2025-10-25
Córdoba,1.87,3.46,-1.59,1.73,3.02,-1.29,0.14,0.44,-0.3,1.87,3.46,-1.59,,,,,,3,1,2,3.59,49.4,35.36,,,38.51,0.61,1.53,109,10,13,21,21.31,13.73,10.42,2,8,12,4,10,31.4,21.16,9.67,12.9,42.93,33.81,1,Albacete 1-3 Córdoba,2025-10-25
Albacete,3.46,1.87,1.59,3.02,1.73,1.29,0.44,0.14,0.3,3.46,1.87,1.59,,,,,,1,3,-2,-3.59,50.6,64.64,,,52.12,1.53,0.61,193,22,21,13,13.73,21.31,8.24,8,2,35,9,8,117.0,78.84,65.27,87.1,84.03,66.19,13,Albacete 1-3 Córdoba,2025-10-25
Ceuta,1.39,1.49,-0.1,0.63,1.26,-0.63,0.0,0.23,-0.23,0.63,1.49,-0.86,,,,,,1,0,1,1.1,33.4,29.88,,,42.91,0.38,1.08,114,6,5,15,13.16,13.89,15.45,2,9,10,2,11,32.5,13.72,99.73,93.03,69.57,45.99,3,Cultural Leonesa 0-1 Ceuta,2025-10-25
Cultural Leonesa,1.49,1.39,0.1,1.26,0.63,0.63,0.23,0.0,0.23,1.49,0.63,0.86,,,,,,0,1,-1,-1.1,66.6,70.12,,,54.2,1.08,0.38,371,20,15,5,13.89,13.16,7.0,9,2,27,8,15,204.3,86.28,7.47,6.97,81.7,54.01,0,Cultural Leonesa 0-1 Ceuta,2025-10-25
Las Palmas,1.36,1.19,0.17,0.89,0.94,-0.05,0.47,0.25,0.22,1.36,1.19,0.17,,,,,,1,1,0,-0.17,68.9,60.0,,,46.7,0.49,0.73,292,14,12,13,24.49,17.81,8.73,4,0,20,4,7,145.2,68.72,2.73,1.66,74.73,31.46,2,Huesca 1-1 Las Palmas,2025-10-24
Huesca,1.19,1.36,-0.17,0.94,0.89,0.05,0.25,0.47,-0.22,1.19,1.36,-0.17,,,,,,1,1,0,0.17,31.1,40.0,,,44.15,0.73,0.49,117,7,13,12,17.81,24.49,23.57,0,4,14,5,19,66.1,31.28,161.93,98.34,162.83,68.54,1,Huesca 1-1 Las Palmas,2025-10-24
Burgos,2.62,1.53,1.09,1.26,1.53,-0.27,0.6,0.0,0.6,1.86,1.53,0.33,,,,,,3,1,2,0.91,40.7,44.68,,,49.37,0.39,0.83,149,7,13,9,33.33,10.84,12.03,1,4,16,4,19,80.9,45.09,80.13,79.13,119.37,61.9,1,Cádiz 1-3 Burgos,2025-10-20
Cádiz,1.53,2.62,-1.09,1.53,1.26,0.27,0.0,0.6,-0.6,1.53,1.86,-0.33,,,,,,1,3,-2,-0.91,59.3,55.32,,,48.05,0.83,0.39,234,10,9,13,10.84,33.33,7.22,4,1,18,1,14,98.5,54.91,21.13,20.87,73.47,38.1,3,Cádiz 1-3 Burgos,2025-10-20
Eibar,1.23,1.94,-0.71,1.16,1.94,-0.78,0.07,0.0,0.07,1.23,1.94,-0.71,,,,,,1,3,-2,-1.29,60.2,65.82,,,45.03,0.67,0.39,216,10,9,11,13.43,28.21,7.0,6,2,23,5,17,106.3,66.77,40.33,30.51,79.87,43.41,4,Las Palmas 3-1 Eibar,2025-10-19
Las Palmas,1.94,1.23,0.71,1.94,1.16,0.78,0.0,0.07,-0.07,1.94,1.23,0.71,,,,,,3,1,2,1.29,39.8,34.18,,,40.0,0.39,0.67,116,8,11,9,28.21,13.43,13.15,2,6,10,1,16,52.9,33.23,91.87,69.49,104.1,56.59,0,Las Palmas 3-1 Eibar,2025-10-19
Almería,0.92,2.39,-1.47,0.88,1.1,-0.22,0.05,0.53,-0.48,0.92,1.63,-0.71,,,,,,1,1,0,1.47,53.2,52.34,,,42.56,0.43,0.85,135,7,13,14,30.23,16.47,8.66,3,5,14,2,11,86.7,51.73,15.07,21.05,60.03,39.05,0,Córdoba 1-1 Almería,2025-10-19
Córdoba,2.39,0.92,1.47,1.1,0.88,0.22,0.53,0.05,0.48,1.63,0.92,0.71,,,,,,1,1,0,-1.47,46.8,47.66,,,47.48,0.85,0.43,133,8,14,13,16.47,30.23,8.81,5,3,16,3,17,80.9,48.27,56.53,78.95,93.7,60.95,4,Córdoba 1-1 Almería,2025-10-19
Deportivo de La Coruña,1.41,2.18,-0.77,1.36,1.78,-0.42,0.05,0.4,-0.35,1.41,2.18,-0.77,,,,,,1,2,-1,-0.23,45.8,33.6,,,44.13,1.04,0.95,171,9,12,21,11.54,22.11,14.6,4,2,19,6,11,91.5,27.64,42.87,43.48,54.07,13.8,0,Racing de Santander 2-1 Deportivo de La Coruña,2025-10-19
Racing de Santander,2.18,1.41,0.77,1.78,1.36,0.42,0.4,0.05,0.35,2.18,1.41,0.77,,,,,,2,1,1,0.23,54.2,66.4,,,56.64,0.95,1.04,367,17,21,12,22.11,11.54,14.07,2,4,18,6,9,239.5,72.36,55.73,56.52,337.71,86.2,3,Racing de Santander 2-1 Deportivo de La Coruña,2025-10-19
Sporting de Gijón,2.15,2.07,0.08,1.22,2.03,-0.81,0.16,0.04,0.12,1.39,2.07,-0.68,,,,,,3,2,1,0.92,36.9,30.97,,,45.02,0.72,0.97,130,6,7,17,9.72,17.53,16.84,7,5,9,1,9,27.2,11.49,103.4,84.53,50.5,35.33,0,Real Valladolid 2-3 Sporting de Gijón,2025-10-19
Real Valladolid,2.07,2.15,-0.08,2.03,1.22,0.81,0.04,0.16,-0.12,2.07,1.39,0.68,,,,,,2,3,-1,-0.92,63.1,69.03,,,50.35,0.97,0.72,341,17,17,7,17.53,9.72,9.19,5,7,27,5,12,209.6,88.51,18.93,15.47,92.43,64.67,1,Real Valladolid 2-3 Sporting de Gijón,2025-10-19
Albacete,2.31,2.52,-0.21,1.98,1.89,0.09,0.33,0.63,-0.3,2.31,2.52,-0.21,,,,,,1,0,1,1.21,36.8,36.19,,,46.45,0.6,1.28,122,9,11,22,18.33,17.19,9.75,1,7,11,3,18,50.2,21.51,91.4,88.22,82.37,51.79,2,Castellón 0-1 Albacete,2025-10-19
Castellón,2.52,2.31,0.21,1.89,1.98,-0.09,0.63,0.33,0.3,2.52,2.31,0.21,,,,,,0,1,-1,-1.21,63.2,63.81,,,49.62,1.28,0.6,247,19,22,11,17.19,18.33,5.86,7,1,25,9,14,183.2,78.49,12.2,11.78,76.67,48.21,2,Castellón 0-1 Albacete,2025-10-19
Málaga,1.5,1.79,-0.29,1.3,1.39,-0.09,0.2,0.4,-0.2,1.5,1.79,-0.29,,,,,,0,2,-2,-1.71,58.6,54.8,,,47.55,0.38,1.1,236,9,14,15,36.84,13.64,12.0,5,2,15,5,7,105.8,54.79,22.4,26.5,68.63,32.5,0,Leganés 2-0 Málaga,2025-10-19
Leganés,1.79,1.5,0.29,1.39,1.3,0.09,0.4,0.2,0.2,1.79,1.5,0.29,,,,,,2,0,2,1.71,41.4,45.2,,,44.81,1.1,0.38,142,15,15,14,13.64,36.84,17.65,2,5,20,7,9,87.3,45.21,62.13,73.5,142.57,67.5,0,Leganés 2-0 Málaga,2025-10-19
Cultural Leonesa,3.26,0.55,2.71,2.43,0.38,2.05,0.07,0.17,-0.1,2.5,0.55,1.95,,,,,,5,0,5,2.29,57.3,63.31,,,52.05,1.2,0.15,301,16,19,9,15.83,60.0,9.24,4,6,17,5,10,198.6,87.6,36.93,32.19,186.9,93.14,2,Real Zaragoza 0-5 Cultural Leonesa,2025-10-18
Real Zaragoza,0.55,3.26,-2.71,0.38,2.43,-2.05,0.17,0.07,0.1,0.55,2.5,-1.95,,,,,,0,5,-5,-2.29,42.7,36.69,,,44.27,0.15,1.2,134,6,9,19,60.0,15.83,18.7,6,4,13,3,10,28.1,12.4,77.8,67.81,13.77,6.86,1,Real Zaragoza 0-5 Cultural Leonesa,2025-10-18
Mirandés,0.72,2.45,-1.73,0.64,2.28,-1.64,0.08,0.17,-0.09,0.72,2.45,-1.73,,,,,,0,2,-2,-0.27,46.5,49.83,,,47.61,0.41,0.42,192,12,6,12,14.63,28.57,8.77,5,4,20,5,17,67.1,41.57,48.33,69.91,64.1,29.71,3,Ceuta 2-0 Mirandés,2025-10-18
Ceuta,2.45,0.72,1.73,2.28,0.64,1.64,0.17,0.08,0.09,2.45,0.72,1.73,,,,,,2,0,2,0.27,53.5,50.17,,,44.45,0.42,0.41,174,8,12,6,28.57,14.63,9.14,4,5,17,5,15,94.3,58.43,20.8,30.09,151.67,70.29,0,Ceuta 2-0 Mirandés,2025-10-18
Granada,1.29,1.21,0.08,0.99,0.83,0.16,0.3,0.38,-0.08,1.29,1.21,0.08,,,,,,0,0,0,-0.08,39.4,45.16,,,47.48,0.28,1.1,145,8,13,13,46.43,11.82,9.69,9,8,19,3,15,76.6,43.45,134.53,87.32,131.13,76.97,3,FC Andorra 0-0 Granada,2025-10-17
FC Andorra,1.21,1.29,-0.08,0.83,0.99,-0.16,0.38,0.3,0.08,1.21,1.29,-0.08,,,,,,0,0,0,0.08,60.6,54.84,,,44.43,1.1,0.28,195,11,13,13,11.82,46.43,6.63,8,9,18,5,16,99.7,56.55,19.53,12.68,39.23,23.03,0,FC Andorra 0-0 Granada,2025-10-17
Cultural Leonesa,1.26,3.0,-1.74,1.13,2.7,-1.57,0.13,0.3,-0.17,1.26,3.0,-1.74,,,,,,0,1,-1,0.74,45.2,48.53,,,49.41,0.7,0.93,176,18,15,19,21.43,20.43,9.11,5,12,19,6,13,106.5,47.5,60.13,76.11,117.0,51.33,4,Córdoba 1-0 Cultural Leonesa,2025-10-13
Córdoba,3.0,1.26,1.74,2.7,1.13,1.57,0.3,0.13,0.17,3.0,1.26,1.74,,,,,,1,0,1,-0.74,54.8,51.47,,,48.87,0.93,0.7,210,12,19,15,20.43,21.43,4.78,12,5,14,4,19,117.7,52.5,18.87,23.89,110.93,48.67,4,Córdoba 1-0 Cultural Leonesa,2025-10-13
Deportivo de La Coruña,0.96,2.33,-1.37,0.73,2.33,-1.6,0.23,0.0,0.23,0.96,2.33,-1.37,,,,,,0,3,-3,-1.63,57.0,54.81,,,42.32,0.68,1.07,193,13,10,15,14.71,14.02,8.17,10,2,22,9,11,114.4,58.19,25.8,19.27,39.64,17.04,1,Málaga 3-0 Deportivo de La Coruña,2025-10-12
Málaga,2.33,0.96,1.37,2.33,0.73,1.6,0.0,0.23,-0.23,2.33,0.96,1.37,,,,,,3,0,3,1.63,43.0,45.19,,,43.46,1.07,0.68,161,13,15,10,14.02,14.71,15.1,2,10,6,1,15,82.2,41.81,108.07,80.73,193.01,82.96,0,Málaga 3-0 Deportivo de La Coruña,2025-10-12
Huesca,1.19,1.36,-0.17,1.19,1.36,-0.17,0.0,0.0,0.0,1.19,1.36,-0.17,,,,,,0,1,-1,-0.83,41.7,36.12,,,47.83,0.61,0.44,160,14,9,11,14.75,25.0,14.11,3,2,12,2,12,32.1,17.96,102.93,84.37,64.53,37.63,1,Cádiz 1-0 Huesca,2025-10-12
Cádiz,1.36,1.19,0.17,1.36,1.19,0.17,0.0,0.0,0.0,1.36,1.19,0.17,,,,,,1,0,1,0.83,58.3,63.88,,,51.26,0.44,0.61,284,9,11,9,25.0,14.75,9.86,2,3,25,13,12,146.6,82.04,19.07,15.63,106.97,62.37,1,Cádiz 1-0 Huesca,2025-10-12
Real Valladolid,0.76,0.81,-0.05,0.67,0.81,-0.14,0.09,0.0,0.09,0.76,0.81,-0.05,,,,,,1,0,1,1.05,51.6,46.67,,,46.63,0.69,0.27,152,8,11,7,15.94,25.93,5.4,6,4,10,2,28,73.1,51.55,38.87,58.36,103.03,60.77,3,Burgos 0-1 Real Valladolid,2025-10-12
Burgos,0.81,0.76,0.05,0.81,0.67,0.14,0.0,0.09,-0.09,0.81,0.76,0.05,,,,,,0,1,-1,-1.05,48.4,53.33,,,46.3,0.27,0.69,164,10,7,11,25.93,15.94,6.47,4,6,20,2,16,68.7,48.45,27.73,41.64,66.5,39.23,6,Burgos 0-1 Real Valladolid,2025-10-12
Racing de Santander,1.24,1.56,-0.32,1.05,1.23,-0.18,0.2,0.33,-0.13,1.24,1.56,-0.32,,,,,,1,2,-1,-0.68,59.2,57.89,,,50.7,0.64,0.5,293,12,13,9,20.31,18.0,7.31,7,7,19,6,13,109.7,58.98,25.07,16.24,50.83,24.18,4,Sporting de Gijón 2-1 Racing de Santander,2025-10-12
Sporting de Gijón,1.56,1.24,0.32,1.23,1.05,0.18,0.33,0.2,0.13,1.56,1.24,0.32,,,,,,2,1,1,0.68,40.8,42.11,,,48.34,0.5,0.64,161,8,9,13,18.0,20.31,9.77,7,7,12,4,16,76.3,41.02,129.33,83.76,159.37,75.82,1,Sporting de Gijón 2-1 Racing de Santander,2025-10-12
Castellón,2.33,0.75,1.58,2.24,0.62,1.62,0.09,0.13,-0.04,2.33,0.75,1.58,,,,,,0,0,0,-1.58,50.9,55.84,,,42.07,0.48,0.33,168,13,16,7,33.33,21.21,11.26,6,4,13,7,6,120.6,77.31,43.6,44.04,118.23,72.51,2,Eibar 0-0 Castellón,2025-10-12
Eibar,0.75,2.33,-1.58,0.62,2.24,-1.62,0.13,0.09,0.04,0.75,2.33,-1.58,,,,,,0,0,0,1.58,49.1,44.16,,,43.0,0.33,0.48,168,4,7,16,21.21,33.33,10.62,4,6,13,1,13,35.4,22.69,55.4,55.96,44.83,27.49,1,Eibar 0-0 Castellón,2025-10-12
Ceuta,0.35,1.74,-1.39,0.3,1.74,-1.44,0.05,0.0,0.05,0.35,1.74,-1.39,,,,,,0,0,0,1.39,59.2,46.49,,,41.04,0.13,0.95,157,5,3,13,23.08,13.68,7.87,4,6,13,3,17,41.8,26.24,5.4,4.8,30.8,12.89,2,Albacete 0-0 Ceuta,2025-10-12
Albacete,1.74,0.35,1.39,1.74,0.3,1.44,0.0,0.05,-0.05,1.74,0.35,1.39,,,,,,0,0,0,-1.39,40.8,53.51,,,50.72,0.95,0.13,182,13,13,3,13.68,23.08,11.24,6,4,27,6,8,117.5,73.76,107.07,95.2,208.17,87.11,1,Albacete 0-0 Ceuta,2025-10-12
FC Andorra,0.75,1.55,-0.8,0.75,1.45,-0.7,0.0,0.1,-0.1,0.75,1.55,-0.8,,,,,,0,3,-3,-2.2,61.2,70.33,,,46.7,0.45,0.7,245,9,10,8,22.22,11.43,7.65,7,4,16,4,13,109.7,81.14,23.67,21.13,71.63,37.0,0,Real Sociedad II 3-0 FC Andorra,2025-10-11
Real Sociedad II,1.55,0.75,0.8,1.45,0.75,0.7,0.1,0.0,0.1,1.55,0.75,0.8,,,,,,3,0,3,2.2,38.8,29.67,,,38.52,0.7,0.45,102,9,8,10,11.43,22.22,11.57,4,7,13,2,18,25.5,18.86,88.33,78.87,121.96,63.0,0,Real Sociedad II 3-0 FC Andorra,2025-10-11
Real Zaragoza,2.79,3.3,-0.51,2.01,2.91,-0.9,0.79,0.39,0.4,2.79,3.3,-0.51,,,,,,2,4,-2,-1.49,42.1,43.11,,,46.39,1.1,0.88,175,7,14,22,12.73,25.0,11.15,4,6,18,5,12,102.2,37.03,79.2,63.46,83.67,35.06,0,Almería 4-2 Real Zaragoza,2025-10-11
Almería,3.3,2.79,0.51,2.91,2.01,0.9,0.39,0.79,-0.4,3.3,2.79,0.51,,,,,,4,2,2,1.49,57.9,56.89,,,47.61,0.88,1.1,243,15,22,14,25.0,12.73,9.66,6,4,18,7,18,173.8,62.97,45.6,36.54,155.0,64.94,0,Almería 4-2 Real Zaragoza,2025-10-11
Leganés,1.95,1.49,0.46,1.78,1.39,0.39,0.17,0.1,0.07,1.95,1.49,0.46,,,,,,0,0,0,-0.46,68.5,65.34,,,46.49,0.91,0.24,228,16,17,13,18.68,54.17,7.8,1,5,27,10,7,143.1,79.46,7.93,6.8,80.7,51.7,0,Mirandés 0-0 Leganés,2025-10-11
Mirandés,1.49,1.95,-0.46,1.39,1.78,-0.39,0.1,0.17,-0.07,1.49,1.95,-0.46,,,,,,0,0,0,0.46,31.5,34.66,,,48.23,0.24,0.91,115,10,13,17,54.17,18.68,15.07,5,1,13,3,16,37.0,20.54,108.73,93.2,75.4,48.3,3,Mirandés 0-0 Leganés,2025-10-11
Las Palmas,0.99,1.5,-0.51,0.55,1.14,-0.59,0.44,0.36,0.08,0.99,1.5,-0.51,,,,,,0,0,0,0.51,59.7,50.0,,,40.65,0.27,0.75,143,8,9,11,33.33,14.67,8.42,5,5,15,7,10,56.9,50.04,20.53,19.85,37.13,27.2,2,Granada 0-0 Las Palmas,2025-10-10
Granada,1.5,0.99,0.51,1.14,0.55,0.59,0.36,0.44,-0.08,1.5,0.99,0.51,,,,,,0,0,0,-0.51,40.3,50.0,,,43.35,0.75,0.27,119,6,11,9,14.67,33.33,11.72,5,5,23,7,18,56.8,49.96,82.87,80.15,99.37,72.8,2,Granada 0-0 Las Palmas,2025-10-10
Albacete,0.9,1.05,-0.15,0.9,1.05,-0.15,0.0,0.0,0.0,0.9,1.05,-0.15,,,,,,0,0,0,0.15,48.0,47.66,,,46.63,0.24,0.61,204,3,9,6,37.5,9.84,11.21,7,5,14,1,11,80.4,47.69,65.93,56.32,89.73,52.03,0,Cultural Leonesa 0-0 Albacete,2025-10-06
Cultural Leonesa,1.05,0.9,0.15,1.05,0.9,0.15,0.0,0.0,0.0,1.05,0.9,0.15,,,,,,0,0,0,-0.15,52.0,52.34,,,47.02,0.61,0.24,219,12,6,9,9.84,37.5,11.97,5,7,22,6,19,88.2,52.31,51.13,43.68,82.73,47.97,1,Cultural Leonesa 0-0 Albacete,2025-10-06
Cádiz,0.71,1.15,-0.44,0.64,0.94,-0.3,0.07,0.21,-0.14,0.71,1.15,-0.44,,,,,,0,1,-1,-0.56,39.3,43.07,,,44.12,0.75,0.74,141,9,8,14,10.67,18.92,15.44,0,3,16,5,18,45.6,29.92,91.0,88.01,86.17,55.08,2,Las Palmas 1-0 Cádiz,2025-10-05
Las Palmas,1.15,0.71,0.44,0.94,0.64,0.3,0.21,0.07,0.14,1.15,0.71,0.44,,,,,,1,0,1,0.56,60.7,56.93,,,46.31,0.74,0.75,253,9,14,8,18.92,10.67,9.03,3,0,20,6,11,106.8,70.08,12.4,11.99,70.27,44.92,0,Las Palmas 1-0 Cádiz,2025-10-05
Mirandés,1.0,2.63,-1.63,0.86,2.51,-1.65,0.14,0.11,0.03,1.0,2.63,-1.63,,,,,,1,1,0,1.63,31.0,25.68,,,44.31,0.21,1.67,104,8,10,22,47.62,13.17,17.09,4,5,8,2,11,23.7,8.87,85.87,95.76,45.47,23.97,3,Real Valladolid 1-1 Mirandés,2025-10-05
Real Valladolid,2.63,1.0,1.63,2.51,0.86,1.65,0.11,0.14,-0.03,2.63,1.0,1.63,,,,,,1,1,0,-1.63,69.0,74.32,,,53.37,1.67,0.21,300,22,22,10,13.17,47.62,6.67,5,4,48,14,9,243.5,91.13,3.8,4.24,144.2,76.03,3,Real Valladolid 1-1 Mirandés,2025-10-05
Málaga,0.81,3.53,-2.72,0.34,2.79,-2.45,0.47,0.74,-0.27,0.81,3.53,-2.72,,,,,,0,3,-3,-0.28,42.5,34.04,,,42.11,0.74,1.45,146,9,10,16,13.51,11.03,11.31,4,7,6,3,15,40.5,19.5,59.07,62.22,37.0,17.36,0,Racing de Santander 3-0 Málaga,2025-10-05
Racing de Santander,3.53,0.81,2.72,2.79,0.34,2.45,0.74,0.47,0.27,3.53,0.81,2.72,,,,,,3,0,3,0.28,57.5,65.96,,,49.52,1.45,0.74,282,24,16,10,11.03,13.51,9.13,7,4,19,11,16,167.2,80.5,35.87,37.78,176.12,82.64,1,Racing de Santander 3-0 Málaga,2025-10-05
Sporting de Gijón,1.6,1.71,-0.11,1.6,0.95,0.65,0.0,0.0,0.0,1.6,0.95,0.65,,,,,,1,3,-2,-1.89,37.8,28.19,,,42.83,0.44,0.88,114,8,5,12,11.36,13.64,11.47,4,4,13,1,18,5.3,3.03,54.87,64.0,4.67,2.53,1,Castellón 3-1 Sporting de Gijón,2025-10-05
Castellón,1.71,1.6,0.11,0.95,1.6,-0.65,0.0,0.0,0.0,0.95,1.6,-0.65,,,,,,3,1,2,1.89,62.2,71.81,,,54.71,0.88,0.44,323,15,12,5,13.64,11.36,8.55,4,4,19,3,13,169.7,96.97,30.87,36.0,180.13,97.47,3,Castellón 3-1 Sporting de Gijón,2025-10-05
Córdoba,0.75,1.93,-1.18,0.75,1.55,-0.8,0.0,0.37,-0.37,0.75,1.93,-1.18,,,,,,1,0,1,2.18,48.1,52.14,,,47.98,0.46,0.38,159,8,12,10,26.09,26.32,9.0,3,8,13,4,18,82.9,56.82,33.67,54.48,86.73,56.49,4,Real Zaragoza 0-1 Córdoba,2025-10-05
Real Zaragoza,1.93,0.75,1.18,1.55,0.75,0.8,0.37,0.0,0.37,1.93,0.75,1.18,,,,,,0,1,-1,-2.18,51.9,47.86,,,44.35,0.38,0.46,132,13,10,12,26.32,26.09,6.89,8,3,19,7,12,63.0,43.18,28.13,45.52,66.8,43.51,6,Real Zaragoza 0-1 Córdoba,2025-10-05
Real Sociedad II,1.55,1.56,-0.01,1.43,1.56,-0.13,0.11,0.0,0.11,1.55,1.56,-0.01,,,,,,2,5,-3,-2.99,55.8,54.66,,,45.33,0.89,0.56,187,11,14,13,15.73,23.21,6.79,8,4,20,5,18,122.5,69.72,34.27,40.8,70.53,31.99,0,Granada 5-2 Real Sociedad II,2025-10-04
Granada,1.56,1.55,0.01,1.56,1.43,0.13,0.0,0.11,-0.11,1.56,1.55,0.01,,,,,,5,2,3,2.99,44.2,45.34,,,43.19,0.56,0.89,143,5,13,14,23.21,15.73,8.38,4,8,13,2,18,53.2,30.28,49.73,59.2,149.92,68.01,4,Granada 5-2 Real Sociedad II,2025-10-04
Burgos,1.0,1.46,-0.46,0.24,1.46,-1.22,0.0,0.0,0.0,0.24,1.46,-1.22,,,,,,1,2,-1,-0.54,55.0,53.82,,,44.93,0.38,0.38,199,7,4,9,10.53,23.68,9.03,5,3,13,1,13,61.7,52.07,14.53,15.65,34.2,25.52,1,Huesca 2-1 Burgos,2025-10-04
Huesca,1.46,1.0,0.46,1.46,0.24,1.22,0.0,0.0,0.0,1.46,0.24,1.22,,,,,,2,1,1,0.54,45.0,46.18,,,46.2,0.38,0.38,162,8,9,4,23.68,10.53,12.81,3,5,12,1,14,56.8,47.93,78.33,84.35,99.8,74.48,4,Huesca 2-1 Burgos,2025-10-04
Leganés,1.4,1.0,0.4,1.4,0.8,0.6,0.0,0.19,-0.19,1.4,1.0,0.4,,,,,,2,1,1,0.6,40.1,41.4,,,45.58,0.36,0.47,158,4,11,8,30.56,17.02,18.29,1,4,14,1,9,86.5,41.21,78.67,79.67,117.7,77.84,0,FC Andorra 1-2 Leganés,2025-10-04
FC Andorra,1.0,1.4,-0.4,0.8,1.4,-0.6,0.19,0.0,0.19,1.0,1.4,-0.4,,,,,,1,2,-1,-0.6,59.9,58.6,,,48.34,0.47,0.36,243,13,8,11,17.02,30.56,11.72,4,1,21,7,9,123.4,58.79,20.07,20.33,33.5,22.16,1,FC Andorra 1-2 Leganés,2025-10-04
Almería,1.03,2.05,-1.02,0.9,1.73,-0.83,0.14,0.33,-0.19,1.03,2.05,-1.02,,,,,,1,1,0,1.02,52.9,56.96,,,45.81,0.29,0.98,223,10,10,15,34.48,15.31,11.66,5,4,7,2,13,120.1,53.24,29.6,21.11,83.4,39.49,1,Deportivo de La Coruña 1-1 Almería,2025-10-04
Deportivo de La Coruña,2.05,1.03,1.02,1.73,0.9,0.83,0.33,0.14,0.19,2.05,1.03,1.02,,,,,,1,1,0,-1.02,47.1,43.04,,,47.04,0.98,0.29,219,13,15,10,15.31,34.48,15.93,4,5,25,4,11,105.5,46.76,110.6,78.89,127.8,60.51,0,Deportivo de La Coruña 1-1 Almería,2025-10-04
Eibar,0.74,1.21,-0.47,0.68,0.99,-0.31,0.06,0.22,-0.16,0.74,1.21,-0.47,,,,,,0,1,-1,-0.53,38.2,29.23,,,41.44,0.6,0.89,126,9,5,12,8.33,13.48,15.71,2,10,14,3,10,31.9,12.19,76.67,70.86,30.57,12.58,2,Ceuta 1-0 Eibar,2025-10-03
Ceuta,1.21,0.74,0.47,0.99,0.68,0.31,0.22,0.06,0.16,1.21,0.74,0.47,,,,,,1,0,1,0.53,61.8,70.77,,,53.36,0.89,0.6,318,21,12,5,13.48,8.33,7.89,10,2,25,7,13,229.7,87.81,31.53,29.14,212.43,87.42,0,Ceuta 1-0 Eibar,2025-10-03
Castellón,0.91,0.61,0.3,0.88,0.51,0.37,0.03,0.1,-0.07,0.91,0.61,0.3,,,,,,1,0,1,0.7,41.7,49.42,,,48.27,0.31,0.4,166,10,10,7,32.26,17.5,8.5,8,2,7,2,20,63.4,59.7,78.8,88.07,124.23,87.53,4,Leganés 0-1 Castellón,2025-09-29
Leganés,0.61,0.91,-0.3,0.51,0.88,-0.37,0.1,0.03,0.07,0.61,0.91,-0.3,,,,,,0,1,-1,-0.7,58.3,50.58,,,42.04,0.4,0.31,168,10,7,10,17.5,32.26,6.28,2,8,29,6,18,42.8,40.3,10.67,11.93,17.7,12.47,5,Leganés 0-1 Castellón,2025-09-29
Granada,0.91,2.21,-1.3,0.81,1.96,-1.15,0.11,0.24,-0.13,0.91,2.21,-1.3,,,,,,1,0,1,2.3,39.3,39.35,,,46.79,0.46,0.89,149,7,9,15,19.57,16.85,13.57,1,3,13,2,12,49.0,27.94,93.13,84.62,102.2,62.66,2,Huesca 0-1 Granada,2025-09-28
Huesca,2.21,0.91,1.3,1.96,0.81,1.15,0.24,0.11,0.13,2.21,0.91,1.3,,,,,,0,1,-1,-2.3,60.7,60.65,,,45.52,0.89,0.46,206,12,15,9,16.85,19.57,10.44,3,1,39,13,12,126.4,72.06,16.93,15.38,60.9,37.34,1,Huesca 0-1 Granada,2025-09-28
Cultural Leonesa,1.2,2.86,-1.66,1.2,2.65,-1.45,0.0,0.21,-0.21,1.2,2.86,-1.66,,,,,,1,0,1,2.66,31.0,18.77,,,40.71,0.39,1.44,78,6,9,18,23.08,12.5,16.35,2,7,10,2,21,8.9,3.38,95.27,92.61,35.9,24.14,2,Real Valladolid 0-1 Cultural Leonesa,2025-09-28
Real Valladolid,2.86,1.2,1.66,2.65,1.2,1.45,0.21,0.0,0.21,2.86,1.2,1.66,,,,,,0,1,-1,-2.66,69.0,81.23,,,53.78,1.44,0.39,352,18,18,9,12.5,23.08,5.3,7,2,33,2,14,254.3,96.62,7.6,7.39,112.83,75.86,3,Real Valladolid 0-1 Cultural Leonesa,2025-09-28
Albacete,1.86,2.61,-0.75,0.86,2.56,-1.7,0.24,0.04,0.2,1.1,2.61,-1.51,,,,,,4,3,1,1.75,52.5,38.78,,,44.41,0.46,0.77,180,6,11,11,23.91,14.29,12.32,4,4,22,8,9,55.1,25.8,56.07,41.41,16.49,6.17,1,Sporting de Gijón 3-4 Albacete,2025-09-28
Sporting de Gijón,2.61,1.86,0.75,2.56,0.86,1.7,0.04,0.24,-0.2,2.61,1.1,1.51,,,,,,3,4,-1,-1.75,47.5,61.22,,,51.7,0.77,0.46,255,16,11,11,14.29,23.91,13.26,4,4,9,2,12,158.5,74.2,79.33,58.59,250.96,93.83,4,Sporting de Gijón 3-4 Albacete,2025-09-28
Ceuta,1.47,0.77,0.7,1.47,0.77,0.7,0.0,0.0,0.0,1.47,0.77,0.7,,,,,,0,0,0,-0.7,58.2,59.17,,,44.0,0.69,0.44,208,13,11,8,15.94,18.18,8.65,6,9,24,1,16,115.4,72.35,21.2,19.96,84.1,52.33,1,Cádiz 0-0 Ceuta,2025-09-28
Cádiz,0.77,1.47,-0.7,0.77,1.47,-0.7,0.0,0.0,0.0,0.77,1.47,-0.7,,,,,,0,0,0,0.7,41.8,40.83,,,45.45,0.44,0.69,156,4,8,11,18.18,15.94,12.22,9,6,11,1,10,44.1,27.65,85.0,80.04,76.6,47.67,0,Cádiz 0-0 Ceuta,2025-09-28
Málaga,0.54,0.92,-0.38,0.54,0.92,-0.38,0.0,0.0,0.0,0.54,0.92,-0.38,,,,,,1,2,-1,-0.62,50.4,56.11,,,48.57,0.33,0.62,208,8,6,7,18.18,11.29,10.39,5,6,13,3,17,76.3,53.51,59.53,57.17,76.7,62.63,5,Burgos 2-1 Málaga,2025-09-28
Burgos,0.92,0.54,0.38,0.92,0.54,0.38,0.0,0.0,0.0,0.92,0.54,0.38,,,,,,2,1,1,0.62,49.6,43.89,,,38.97,0.62,0.33,134,8,7,6,11.29,18.18,7.26,6,5,14,0,13,66.3,46.49,44.6,42.83,45.77,37.37,1,Burgos 2-1 Málaga,2025-09-28
Córdoba,1.08,1.91,-0.83,0.82,0.97,-0.15,0.26,0.17,0.09,1.08,1.15,-0.07,,,,,,1,1,0,0.83,56.4,54.62,,,46.79,0.61,0.37,180,18,13,11,21.31,29.73,5.88,4,2,12,5,19,108.0,68.75,17.2,25.44,94.27,63.85,4,Real Sociedad II 1-1 Córdoba,2025-09-28
Real Sociedad II,1.91,1.08,0.83,0.97,0.82,0.15,0.17,0.26,-0.09,1.15,1.08,0.07,,,,,,1,1,0,-0.83,43.6,45.38,,,42.64,0.37,0.61,120,8,11,13,29.73,21.31,6.58,2,4,17,8,23,49.1,31.25,50.4,74.56,53.37,36.15,3,Real Sociedad II 1-1 Córdoba,2025-09-28
Almería,1.35,1.08,0.27,1.35,0.56,0.79,0.0,0.51,-0.51,1.35,1.08,0.27,,,,,,1,0,1,0.73,37.9,32.14,,,41.72,0.44,0.27,130,7,13,9,29.55,33.33,13.19,6,4,4,1,17,41.2,22.49,94.13,79.37,77.17,54.36,0,Las Palmas 0-1 Almería,2025-09-27
Las Palmas,1.08,1.35,-0.27,0.56,1.35,-0.79,0.51,0.0,0.51,1.08,1.35,-0.27,,,,,,0,1,-1,-0.73,62.1,67.86,,,49.39,0.27,0.44,295,8,9,13,33.33,29.55,8.29,4,6,21,5,12,142.0,77.51,24.47,20.63,64.8,45.64,0,Las Palmas 0-1 Almería,2025-09-27
FC Andorra,2.67,2.38,0.29,1.79,1.32,0.47,0.12,1.06,-0.94,1.91,2.38,-0.47,,,,,,2,1,1,0.71,41.7,28.39,,,39.82,0.95,1.28,124,10,14,18,14.74,14.06,13.37,3,12,5,3,17,46.6,19.84,35.4,47.28,37.13,20.56,0,Racing de Santander 1-2 FC Andorra,2025-09-27
Racing de Santander,2.38,2.67,-0.29,1.32,1.79,-0.47,1.06,0.12,0.94,2.38,1.91,0.47,,,,,,1,2,-1,-0.71,58.3,71.61,,,54.05,1.28,0.95,291,27,18,14,14.06,14.74,8.18,12,3,37,15,11,188.3,80.16,39.47,52.72,143.5,79.44,0,Racing de Santander 1-2 FC Andorra,2025-09-27
Deportivo de La Coruña,2.06,2.09,-0.03,1.3,1.73,-0.43,0.0,0.36,-0.36,1.3,2.09,-0.79,,,,,,1,1,0,0.03,34.6,31.93,,,40.81,0.45,0.75,126,5,9,23,20.0,30.67,16.25,2,5,8,2,13,25.8,12.08,109.87,86.46,68.23,44.51,1,Eibar 1-1 Deportivo de La Coruña,2025-09-27
Eibar,2.09,2.06,0.03,1.73,1.3,0.43,0.36,0.0,0.36,2.09,1.3,0.79,,,,,,1,1,0,-0.03,65.4,68.07,,,48.68,0.75,0.45,294,18,23,9,30.67,20.0,9.09,5,2,36,6,13,187.8,87.92,17.2,13.54,85.07,55.49,3,Eibar 1-1 Deportivo de La Coruña,2025-09-27
Real Zaragoza,1.23,1.84,-0.61,1.23,1.36,-0.13,0.0,0.48,-0.48,1.23,1.84,-0.61,,,,,,1,0,1,1.61,50.4,36.09,,,44.12,0.63,0.84,172,7,10,14,15.87,16.67,10.79,3,4,11,2,18,46.8,21.26,64.33,49.85,31.63,22.08,0,Mirandés 0-1 Real Zaragoza,2025-09-26
Mirandés,1.84,1.23,0.61,1.36,1.23,0.13,0.48,0.0,0.48,1.84,1.23,0.61,,,,,,0,1,-1,-1.61,49.6,63.91,,,49.64,0.84,0.63,244,12,14,10,16.67,15.87,11.62,4,3,24,4,19,173.3,78.74,64.73,50.15,111.63,77.92,3,Mirandés 0-1 Real Zaragoza,2025-09-26
Granada,0.6,1.47,-0.87,0.6,1.19,-0.59,0.0,0.28,-0.28,0.6,1.47,-0.87,,,,,,1,1,0,0.87,46.2,51.15,,,47.06,0.56,0.76,176,11,7,16,12.5,21.05,12.28,7,6,13,1,13,62.6,41.87,54.33,72.06,81.57,53.43,4,Burgos 1-1 Granada,2025-09-22
Burgos,1.47,0.6,0.87,1.19,0.6,0.59,0.28,0.0,0.28,1.47,0.6,0.87,,,,,,1,1,0,-0.87,53.8,48.85,,,42.98,0.76,0.56,158,14,16,7,21.05,12.5,5.94,6,7,23,6,9,86.9,58.13,21.07,27.94,71.1,46.57,1,Burgos 1-1 Granada,2025-09-22
Racing de Santander,1.74,3.24,-1.5,1.74,2.1,-0.36,0.0,0.38,-0.38,1.74,2.48,-0.74,,,,,,2,2,0,1.5,32.9,32.12,,,50.16,0.4,1.04,116,6,9,24,22.5,23.08,13.89,5,7,3,1,15,27.4,11.99,111.07,96.63,93.67,43.89,1,Córdoba 2-2 Racing de Santander,2025-09-21
Córdoba,3.24,1.74,1.5,2.1,1.74,0.36,0.38,0.0,0.38,2.48,1.74,0.74,,,,,,2,2,0,-1.5,67.1,67.88,,,47.69,1.04,0.4,254,18,24,9,23.08,22.5,5.29,7,5,30,12,8,201.2,88.01,3.87,3.37,119.77,56.11,6,Córdoba 2-2 Racing de Santander,2025-09-21
Cádiz,0.95,2.03,-1.08,0.95,2.03,-1.08,0.0,0.0,0.0,0.95,2.03,-1.08,,,,,,1,0,1,2.08,40.0,36.18,,,45.25,0.16,0.93,154,2,7,17,43.75,18.28,14.15,1,14,8,2,11,49.7,22.29,75.27,84.01,79.07,48.04,1,Málaga 0-1 Cádiz,2025-09-21
Málaga,2.03,0.95,1.08,2.03,0.95,1.08,0.0,0.0,0.0,2.03,0.95,1.08,,,,,,0,1,-1,-2.08,60.0,63.82,,,51.44,0.93,0.16,264,18,17,7,18.28,43.75,6.95,14,1,27,5,10,173.3,77.71,14.33,15.99,85.53,51.96,1,Málaga 0-1 Cádiz,2025-09-21
Real Sociedad II,1.59,2.31,-0.72,1.54,2.31,-0.77,0.04,0.0,0.04,1.59,2.31,-0.72,,,,,,1,2,-1,-0.28,49.6,44.76,,,42.94,0.91,0.91,182,13,16,13,17.58,14.29,12.87,1,13,23,3,18,73.1,40.08,43.4,42.72,64.6,38.11,1,Eibar 2-1 Real Sociedad II,2025-09-21
Eibar,2.31,1.59,0.72,2.31,1.54,0.77,0.0,0.04,-0.04,2.31,1.59,0.72,,,,,,2,1,1,0.28,50.4,55.24,,,44.65,0.91,0.91,197,13,13,16,14.29,17.58,8.68,13,1,18,2,14,109.3,59.92,58.2,57.28,104.9,61.89,2,Eibar 2-1 Real Sociedad II,2025-09-21
Real Valladolid,1.87,2.58,-0.71,1.54,2.58,-1.04,0.32,0.0,0.32,1.87,2.58,-0.71,,,,,,0,2,-2,-1.29,61.9,55.11,,,49.48,1.32,0.74,232,12,15,19,11.36,25.68,7.64,3,11,26,6,12,88.8,47.82,10.07,11.25,51.9,27.45,0,Albacete 2-0 Real Valladolid,2025-09-21
Albacete,2.58,1.87,0.71,2.58,1.54,1.04,0.0,0.32,-0.32,2.58,1.87,0.71,,,,,,2,0,2,1.29,38.1,44.89,,,53.41,0.74,1.32,169,15,19,15,25.68,11.36,11.38,11,3,14,2,8,96.9,52.18,79.47,88.75,137.2,72.55,4,Albacete 2-0 Real Valladolid,2025-09-21
Real Zaragoza,1.05,0.84,0.21,0.98,0.83,0.15,0.07,0.01,0.06,1.05,0.84,0.21,,,,,,0,1,-1,-1.21,46.5,43.46,,,46.88,0.55,0.46,149,7,12,7,21.82,15.22,8.61,3,6,16,5,10,81.9,50.96,51.53,70.72,91.7,59.12,0,Ceuta 1-0 Real Zaragoza,2025-09-21
Ceuta,0.84,1.05,-0.21,0.83,0.98,-0.15,0.01,0.07,-0.06,0.84,1.05,-0.21,,,,,,1,0,1,1.21,53.5,56.54,,,48.71,0.46,0.55,183,11,7,12,15.22,21.82,7.14,6,3,23,6,18,78.8,49.04,21.33,29.28,63.4,40.88,0,Ceuta 1-0 Real Zaragoza,2025-09-21
Sporting de Gijón,1.0,2.39,-1.39,1.0,2.03,-1.03,0.0,0.36,-0.36,1.0,2.39,-1.39,,,,,,1,2,-1,0.39,32.0,26.6,,,47.62,0.48,0.83,141,11,9,24,18.75,28.92,25.65,2,6,8,1,7,32.0,9.25,128.0,83.19,45.33,19.32,0,Almería 2-1 Sporting de Gijón,2025-09-20
Almería,2.39,1.0,1.39,2.03,1.0,1.03,0.36,0.0,0.36,2.39,1.0,1.39,,,,,,2,1,1,-0.39,68.0,73.4,,,54.21,0.83,0.48,386,19,24,9,28.92,18.75,8.06,6,2,32,6,15,314.1,90.75,25.87,16.81,189.3,80.68,0,Almería 2-1 Sporting de Gijón,2025-09-20
Mirandés,1.38,1.47,-0.09,0.1,1.36,-1.26,0.52,0.11,0.41,0.62,1.47,-0.85,,,,,,1,1,0,0.09,23.6,28.17,,,46.92,0.21,0.72,81,7,7,18,33.33,25.0,12.11,3,3,10,4,22,20.3,8.75,173.4,99.16,61.53,43.17,7,FC Andorra 1-1 Mirandés,2025-09-20
FC Andorra,1.47,1.38,0.09,1.36,0.1,1.26,0.11,0.52,-0.41,1.47,0.62,0.85,,,,,,1,1,0,-0.09,76.4,71.83,,,52.24,0.72,0.21,355,13,18,7,25.0,33.33,3.77,3,3,23,8,15,211.7,91.25,1.47,0.84,81.0,56.83,0,FC Andorra 1-1 Mirandés,2025-09-20
Las Palmas,0.58,0.96,-0.38,0.56,0.71,-0.15,0.02,0.25,-0.23,0.58,0.96,-0.38,,,,,,1,0,1,1.38,57.2,48.37,,,41.13,0.22,0.27,155,6,3,8,13.64,29.63,9.47,1,2,8,4,16,55.8,43.53,26.07,20.96,21.07,16.46,0,Leganés 0-1 Las Palmas,2025-09-20
Leganés,0.96,0.58,0.38,0.71,0.56,0.15,0.25,0.02,0.23,0.96,0.58,0.38,,,,,,0,1,-1,-1.38,42.8,51.63,,,44.39,0.27,0.22,151,6,8,3,29.63,13.64,11.0,2,1,16,2,23,72.4,56.47,98.33,79.04,106.93,83.54,0,Leganés 0-1 Las Palmas,2025-09-20
Castellón,3.54,0.62,2.92,2.24,0.43,1.81,1.3,0.19,1.11,3.54,0.62,2.92,,,,,,3,1,2,-0.92,47.1,55.1,,,48.16,1.12,0.41,202,22,13,10,11.61,24.39,10.78,5,5,14,4,11,114.3,60.96,71.4,80.11,178.07,92.57,1,Cultural Leonesa 1-3 Castellón,2025-09-20
Cultural Leonesa,0.62,3.54,-2.92,0.43,2.24,-1.81,0.19,1.3,-1.11,0.62,3.54,-2.92,,,,,,1,3,-2,0.92,52.9,44.9,,,44.38,0.41,1.12,187,10,10,13,24.39,11.61,8.65,5,5,7,1,15,73.2,39.04,17.73,19.89,14.3,7.43,2,Cultural Leonesa 1-3 Castellón,2025-09-20
Huesca,0.51,2.86,-2.35,0.48,2.27,-1.79,0.03,0.59,-0.56,0.51,2.86,-2.35,,,,,,0,4,-4,-1.65,55.8,48.7,,,44.48,0.65,0.27,199,7,6,17,9.23,62.96,12.0,3,2,14,3,9,43.1,31.81,53.13,34.41,35.23,18.83,0,Deportivo de La Coruña 4-0 Huesca,2025-09-19
Deportivo de La Coruña,2.86,0.51,2.35,2.27,0.48,1.79,0.59,0.03,0.56,2.86,0.51,2.35,,,,,,4,0,4,1.65,44.2,51.3,,,46.89,0.27,0.65,189,12,17,6,62.96,9.23,16.07,2,3,19,6,14,92.4,68.19,101.27,65.59,151.83,81.17,1,Deportivo de La Coruña 4-0 Huesca,2025-09-19
Albacete,1.06,1.01,0.05,0.75,0.9,-0.15,0.3,0.1,0.2,1.06,1.01,0.05,,,,,,0,0,0,-0.05,40.2,43.4,,,48.08,0.53,0.55,149,6,6,10,11.32,18.18,13.84,6,1,16,6,16,48.4,31.23,93.8,81.42,89.93,54.29,2,Real Zaragoza 0-0 Albacete,2025-09-15
Real Zaragoza,1.01,1.06,-0.05,0.9,0.75,0.15,0.1,0.3,-0.2,1.01,1.06,-0.05,,,,,,0,0,0,0.05,59.8,56.6,,,48.88,0.55,0.53,251,9,10,6,18.18,11.32,11.12,1,6,16,3,7,106.6,68.77,21.4,18.58,75.73,45.71,1,Real Zaragoza 0-0 Albacete,2025-09-15
Leganés,0.98,1.71,-0.73,0.22,1.55,-1.33,0.0,0.16,-0.16,0.22,1.71,-1.49,,,,,,2,0,2,2.73,47.5,37.3,,,39.95,0.49,0.95,114,4,5,13,10.2,13.68,10.79,4,2,10,1,18,20.2,14.24,40.67,41.47,25.6,21.89,0,Granada 0-2 Leganés,2025-09-14
Granada,1.71,0.98,0.73,1.55,0.22,1.33,0.16,0.0,0.16,1.71,0.22,1.49,,,,,,0,2,-2,-2.73,52.5,62.7,,,48.25,0.95,0.49,189,11,13,5,13.68,10.2,9.29,2,4,19,5,12,121.7,85.76,57.4,58.53,91.33,78.11,3,Granada 0-2 Leganés,2025-09-14
Ceuta,1.31,2.31,-1.0,1.31,1.12,0.19,0.0,0.43,-0.43,1.31,1.55,-0.24,,,,,,3,3,0,1.0,39.4,28.8,,,43.17,0.68,1.33,107,10,10,15,14.71,11.28,12.08,2,5,16,6,12,43.2,17.05,54.67,60.83,40.4,19.59,0,Castellón 3-3 Ceuta,2025-09-14
Castellón,2.31,1.31,1.0,1.12,1.31,-0.19,0.43,0.0,0.43,1.55,1.31,0.24,,,,,,3,3,0,-1.0,60.6,71.2,,,53.87,1.33,0.68,273,22,15,10,11.28,14.71,6.83,5,2,36,10,11,210.1,82.95,35.2,39.17,165.83,80.41,0,Castellón 3-3 Ceuta,2025-09-14
Burgos,1.54,4.26,-2.72,1.39,3.89,-2.5,0.15,0.38,-0.23,1.54,4.26,-2.72,,,,,,3,2,1,3.72,46.9,35.82,,,45.9,0.45,1.57,190,7,10,29,22.22,18.47,11.47,5,5,11,4,10,45.9,16.48,38.27,46.37,46.6,21.87,2,Sporting de Gijón 2-3 Burgos,2025-09-14
Sporting de Gijón,4.26,1.54,2.72,3.89,1.39,2.5,0.38,0.15,0.23,4.26,1.54,2.72,,,,,,2,3,-1,-3.72,53.1,64.18,,,52.96,1.57,0.45,291,25,29,10,18.47,22.22,12.87,5,5,32,8,8,232.7,83.52,44.27,53.63,166.5,78.13,4,Sporting de Gijón 2-3 Burgos,2025-09-14
Cultural Leonesa,2.68,3.45,-0.77,2.68,2.15,0.53,0.0,0.54,-0.54,2.68,2.69,-0.01,,,,,,4,2,2,2.77,41.2,34.94,,,45.89,0.72,0.8,167,7,11,20,15.28,25.0,11.43,3,8,6,1,15,51.9,22.38,68.2,67.88,114.07,67.66,1,Racing de Santander 2-4 Cultural Leonesa,2025-09-14
Racing de Santander,3.45,2.68,0.77,2.15,2.68,-0.53,0.54,0.0,0.54,2.69,2.68,0.01,,,,,,2,4,-2,-2.77,58.8,65.06,,,49.76,0.8,0.72,280,16,20,11,25.0,15.28,10.34,8,3,35,11,8,180.0,77.62,32.27,32.12,54.53,32.34,5,Racing de Santander 2-4 Cultural Leonesa,2025-09-14
Córdoba,2.43,2.14,0.29,1.92,2.01,-0.09,0.5,0.13,0.37,2.43,2.14,0.29,,,,,,1,3,-2,-2.29,59.3,67.56,,,47.83,0.95,0.39,222,16,20,14,21.05,35.9,5.5,11,1,21,7,23,158.5,73.72,32.8,34.26,117.47,44.27,8,FC Andorra 3-1 Córdoba,2025-09-14
FC Andorra,2.14,2.43,-0.29,2.01,1.92,0.09,0.13,0.5,-0.37,2.14,2.43,-0.29,,,,,,3,1,2,2.29,40.7,32.44,,,40.15,0.39,0.95,96,5,14,20,35.9,21.05,8.73,1,11,8,3,16,56.5,26.28,62.93,65.74,147.87,55.73,0,FC Andorra 3-1 Córdoba,2025-09-14
Almería,2.22,2.73,-0.51,0.59,1.48,-0.89,0.11,0.49,-0.38,0.7,1.97,-1.27,,,,,,1,3,-2,-1.49,59.4,55.28,,,46.61,0.57,0.64,230,10,14,11,24.56,17.19,5.55,5,6,12,3,13,114.1,65.35,8.13,11.25,77.07,43.78,0,Real Valladolid 3-1 Almería,2025-09-13
Real Valladolid,2.73,2.22,0.51,1.48,0.59,0.89,0.49,0.11,0.38,1.97,0.7,1.27,,,,,,3,1,2,1.49,40.6,44.72,,,48.77,0.64,0.57,167,7,11,14,17.19,24.56,8.06,6,5,25,8,28,60.5,34.65,64.13,88.75,98.97,56.22,0,Real Valladolid 3-1 Almería,2025-09-13
Málaga,0.55,1.58,-1.03,0.55,1.37,-0.82,0.0,0.21,-0.21,0.55,1.58,-1.03,,,,,,0,1,-1,0.03,52.2,43.34,,,42.37,0.37,0.62,151,5,7,12,18.92,19.35,8.69,4,5,13,3,11,61.2,33.55,26.0,31.71,45.23,25.06,5,Huesca 1-0 Málaga,2025-09-13
Huesca,1.58,0.55,1.03,1.37,0.55,0.82,0.21,0.0,0.21,1.58,0.55,1.03,,,,,,1,0,1,-0.03,47.8,56.66,,,49.68,0.62,0.37,201,12,12,7,19.35,18.92,7.72,5,4,15,4,17,121.2,66.45,56.0,68.29,135.23,74.94,4,Huesca 1-0 Málaga,2025-09-13
Eibar,2.38,0.88,1.5,2.28,0.73,1.55,0.11,0.16,-0.05,2.38,0.88,1.5,,,,,,0,1,-1,-2.5,57.1,51.55,,,44.06,0.71,0.39,204,12,17,12,23.94,30.77,11.03,2,11,17,4,12,73.8,48.08,34.4,31.2,74.7,34.4,1,Cádiz 1-0 Eibar,2025-09-13
Cádiz,0.88,2.38,-1.5,0.73,2.28,-1.55,0.16,0.11,0.05,0.88,2.38,-1.5,,,,,,1,0,1,2.5,42.9,48.45,,,43.67,0.39,0.71,156,13,12,17,30.77,23.94,10.55,11,2,17,5,15,79.7,51.92,75.87,68.8,142.47,65.6,2,Cádiz 1-0 Eibar,2025-09-13
Deportivo de La Coruña,3.1,0.95,2.15,2.87,0.86,2.01,0.23,0.09,0.14,3.1,0.95,2.15,,,,,,5,1,4,1.85,51.6,41.05,,,40.75,0.79,0.88,157,11,20,9,25.32,10.23,13.11,4,2,13,6,10,91.7,58.11,48.73,37.53,103.33,73.93,0,Mirandés 1-5 Deportivo de La Coruña,2025-09-13
Mirandés,0.95,3.1,-2.15,0.86,2.87,-2.01,0.09,0.23,-0.14,0.95,3.1,-2.15,,,,,,1,5,-4,-1.85,48.4,58.95,,,48.19,0.88,0.79,213,7,9,20,10.23,25.32,14.93,2,4,17,1,13,66.1,41.89,81.13,62.47,36.43,26.07,2,Mirandés 1-5 Deportivo de La Coruña,2025-09-13
Real Sociedad II,0.21,2.46,-2.25,0.21,2.23,-2.02,0.0,0.22,-0.22,0.21,2.46,-2.25,,,,,,1,2,-1,1.25,37.6,30.38,,,38.89,0.18,0.57,112,0,4,16,22.22,28.07,14.33,3,4,10,2,20,17.7,10.01,101.53,78.58,25.99,14.5,0,Las Palmas 2-1 Real Sociedad II,2025-09-12
Las Palmas,2.46,0.21,2.25,2.23,0.21,2.02,0.22,0.0,0.22,2.46,0.21,2.25,,,,,,2,1,1,-1.25,62.4,69.62,,,46.42,0.57,0.18,252,13,16,4,28.07,22.22,6.51,4,3,17,4,14,159.1,89.99,27.67,21.42,153.21,85.5,3,Las Palmas 2-1 Real Sociedad II,2025-09-12
FC Andorra,1.07,2.95,-1.88,0.89,1.85,-0.96,0.18,0.34,-0.16,1.07,2.19,-1.12,,,,,,0,2,-2,-0.12,53.0,45.34,,,38.31,0.3,0.64,171,7,11,16,36.67,25.0,10.14,8,13,11,5,11,62.7,37.59,37.27,22.88,37.67,17.09,1,Eibar 2-0 FC Andorra,2025-09-08
Eibar,2.95,1.07,1.88,1.85,0.89,0.96,0.34,0.18,0.16,2.19,1.07,1.12,,,,,,2,0,2,0.12,47.0,54.66,,,44.15,0.64,0.3,181,11,16,11,25.0,36.67,9.04,13,8,19,10,20,104.1,62.41,125.6,77.12,182.77,82.91,5,Eibar 2-0 FC Andorra,2025-09-08
Racing de Santander,1.04,1.68,-0.64,0.92,1.38,-0.46,0.12,0.3,-0.18,1.04,1.68,-0.64,,,,,,3,2,1,1.64,57.4,60.44,,,50.08,0.43,0.43,283,10,11,15,25.58,34.88,7.43,7,1,13,3,18,127.1,64.13,23.2,23.15,66.53,39.31,2,Almería 2-3 Racing de Santander,2025-09-07
Almería,1.68,1.04,0.64,1.38,0.92,0.46,0.3,0.12,0.18,1.68,1.04,0.64,,,,,,2,3,-1,-1.64,42.6,39.56,,,45.29,0.43,0.43,178,13,15,11,34.88,25.58,12.35,1,7,14,5,15,71.1,35.87,77.0,76.85,102.7,60.69,0,Almería 2-3 Racing de Santander,2025-09-07
Leganés,2.26,0.34,1.92,2.16,0.21,1.95,0.1,0.13,-0.03,2.26,0.34,1.92,,,,,,0,0,0,-1.92,48.7,46.84,,,48.13,0.53,0.31,164,13,12,8,22.64,25.81,8.8,5,2,23,3,9,76.2,58.48,45.67,57.56,80.87,63.36,0,Cultural Leonesa 0-0 Leganés,2025-09-07
Cultural Leonesa,0.34,2.26,-1.92,0.21,2.16,-1.95,0.13,0.1,0.03,0.34,2.26,-1.92,,,,,,0,0,0,1.92,51.3,53.16,,,46.85,0.31,0.53,161,9,8,12,25.81,22.64,9.77,2,5,24,9,17,54.1,41.52,33.67,42.44,46.77,36.64,3,Cultural Leonesa 0-0 Leganés,2025-09-07
Cádiz,0.39,2.45,-2.06,0.17,2.31,-2.14,0.21,0.14,0.07,0.39,2.45,-2.06,,,,,,3,3,0,2.06,47.8,43.85,,,43.03,0.41,0.78,160,8,10,17,24.39,21.79,12.15,4,9,15,5,13,71.0,34.74,52.47,44.62,35.93,13.31,0,Real Sociedad II 3-3 Cádiz,2025-09-07
Real Sociedad II,2.45,0.39,2.06,2.31,0.17,2.14,0.14,0.21,-0.07,2.45,0.39,2.06,,,,,,3,3,0,-2.06,52.2,56.15,,,46.93,0.78,0.41,213,9,17,10,21.79,24.39,8.63,9,4,15,1,20,133.4,65.26,65.13,55.38,234.09,86.69,0,Real Sociedad II 3-3 Cádiz,2025-09-07
Las Palmas,1.65,0.52,1.13,1.43,0.52,0.91,0.22,0.01,0.21,1.65,0.52,1.13,,,,,,0,0,0,-1.13,60.0,58.84,,,49.58,0.7,0.64,291,11,15,6,21.43,9.38,9.27,8,5,19,6,13,147.5,73.68,38.0,25.75,85.07,57.89,2,Burgos 0-0 Las Palmas,2025-09-07
Burgos,0.52,1.65,-1.13,0.52,1.43,-0.91,0.01,0.22,-0.21,0.52,1.65,-1.13,,,,,,0,0,0,1.13,40.0,41.16,,,43.62,0.64,0.7,141,10,6,15,9.38,21.43,13.81,5,8,12,2,16,52.7,26.32,109.6,74.25,61.87,42.11,2,Burgos 0-0 Las Palmas,2025-09-07
Huesca,0.75,2.04,-1.29,0.75,1.96,-1.21,0.0,0.07,-0.07,0.75,2.04,-1.29,,,,,,1,2,-1,0.29,46.9,32.32,,,43.71,0.23,0.79,128,5,6,14,26.09,17.72,10.3,9,3,8,0,11,13.2,7.47,55.2,55.98,10.6,5.22,1,Ceuta 2-1 Huesca,2025-09-07
Ceuta,2.04,0.75,1.29,1.96,0.75,1.21,0.07,0.0,0.07,2.04,0.75,1.29,,,,,,2,1,1,-0.29,53.1,67.68,,,48.92,0.79,0.23,211,17,14,6,17.72,26.09,11.25,3,9,20,8,13,163.6,92.53,43.4,44.02,192.5,94.78,1,Ceuta 2-1 Huesca,2025-09-07
Granada,1.56,1.37,0.19,1.56,1.37,0.19,0.0,0.0,0.0,1.56,1.37,0.19,,,,,,2,2,0,-0.19,46.7,52.82,,,47.11,0.74,1.04,171,7,18,8,24.32,7.69,9.33,3,7,15,1,13,87.4,60.99,61.93,71.46,90.43,70.56,1,Málaga 2-2 Granada,2025-09-06
Málaga,1.37,1.56,-0.19,1.37,1.56,-0.19,0.0,0.0,0.0,1.37,1.56,-0.19,,,,,,2,2,0,0.19,53.3,47.18,,,41.61,1.04,0.74,144,9,8,18,7.69,24.32,7.84,7,3,10,2,16,55.9,39.01,24.73,28.54,37.73,29.44,1,Málaga 2-2 Granada,2025-09-06
Real Valladolid,1.39,0.57,0.82,0.81,0.52,0.29,0.59,0.05,0.54,1.39,0.57,0.82,,,,,,1,1,0,-0.82,53.7,54.0,,,44.26,0.45,0.35,161,10,10,8,22.22,22.86,6.54,2,5,22,7,21,82.5,64.6,18.87,32.16,73.63,56.25,1,Real Zaragoza 1-1 Real Valladolid,2025-09-06
Real Zaragoza,0.57,1.39,-0.82,0.52,0.81,-0.29,0.05,0.59,-0.54,0.57,1.39,-0.82,,,,,,1,1,0,0.82,46.3,46.0,,,45.87,0.35,0.45,144,7,8,10,22.86,22.22,7.5,5,2,10,1,16,45.2,35.4,39.8,67.84,57.27,43.75,1,Real Zaragoza 1-1 Real Valladolid,2025-09-06
Sporting de Gijón,0.42,1.27,-0.85,0.29,1.08,-0.79,0.14,0.19,-0.05,0.42,1.27,-0.85,,,,,,0,1,-1,-0.15,39.4,40.12,,,47.66,0.23,0.79,190,4,7,14,30.43,17.72,14.03,5,7,17,3,14,33.2,17.13,123.33,95.12,80.23,46.93,5,Deportivo de La Coruña 1-0 Sporting de Gijón,2025-09-06
Deportivo de La Coruña,1.27,0.42,0.85,1.08,0.29,0.79,0.19,0.14,0.05,1.27,0.42,0.85,,,,,,1,0,1,0.15,60.6,59.88,,,46.79,0.79,0.23,261,19,14,7,17.72,30.43,10.38,7,5,21,6,9,160.6,82.87,6.33,4.88,90.73,53.07,2,Deportivo de La Coruña 1-0 Sporting de Gijón,2025-09-06
Castellón,0.93,2.66,-1.73,0.92,1.9,-0.98,0.01,0.01,0.0,0.93,1.9,-0.97,,,,,,1,2,-1,0.73,48.9,51.5,,,48.74,1.25,0.61,161,12,6,10,4.8,16.39,7.39,6,7,7,4,17,58.1,46.41,36.87,54.54,65.33,51.67,0,Córdoba 2-1 Castellón,2025-09-05
Córdoba,2.66,0.93,1.73,1.9,0.92,0.98,0.01,0.01,0.0,1.9,0.93,0.97,,,,,,2,1,1,-0.73,51.1,48.5,,,47.56,0.61,1.25,159,8,10,6,16.39,4.8,5.22,7,6,15,4,15,67.1,53.59,30.73,45.46,61.1,48.33,3,Córdoba 2-1 Castellón,2025-09-05
Mirandés,2.09,2.6,-0.51,1.96,2.6,-0.64,0.13,0.0,0.13,2.09,2.6,-0.51,,,,,,4,1,3,3.51,38.2,34.52,,,46.24,0.54,1.2,134,9,13,18,24.07,15.0,16.62,4,6,12,2,7,36.9,17.43,84.6,80.42,53.17,52.67,4,Albacete 1-4 Mirandés,2025-09-05
Albacete,2.6,2.09,0.51,2.6,1.96,0.64,0.0,0.13,-0.13,2.6,2.09,0.51,,,,,,1,4,-3,-3.51,61.8,65.48,,,56.46,1.2,0.54,331,23,18,13,15.0,24.07,8.29,6,4,47,5,10,174.8,82.57,20.6,19.58,47.77,47.33,3,Albacete 1-4 Mirandés,2025-09-05
Deportivo de La Coruña,2.3,2.12,0.18,1.34,1.89,-0.55,0.2,0.23,-0.03,1.54,2.12,-0.58,,,,,,2,2,0,-0.18,48.9,38.04,,,43.95,0.65,0.65,166,12,13,19,20.0,29.23,9.47,2,5,9,3,21,87.7,37.93,58.87,49.5,70.8,24.56,1,Leganés 2-2 Deportivo de La Coruña,2025-09-01
Leganés,2.12,2.3,-0.18,1.89,1.34,0.55,0.23,0.2,0.03,2.12,1.54,0.58,,,,,,2,2,0,0.18,51.1,61.96,,,46.65,0.65,0.65,194,12,19,13,29.23,20.0,9.56,5,2,18,4,8,143.5,62.07,60.07,50.5,217.47,75.44,1,Leganés 2-2 Deportivo de La Coruña,2025-09-01
Eibar,1.6,1.26,0.34,1.57,0.98,0.59,0.03,0.28,-0.25,1.6,1.26,0.34,,,,,,1,2,-1,-1.34,54.2,48.03,,,43.89,1.01,0.72,182,10,13,11,12.87,15.28,7.86,6,7,21,6,15,84.4,54.81,33.87,28.08,72.0,38.9,3,Huesca 2-1 Eibar,2025-09-01
Huesca,1.26,1.6,-0.34,0.98,1.57,-0.59,0.28,0.03,0.25,1.26,1.6,-0.34,,,,,,2,1,1,1.34,45.8,51.97,,,46.25,0.72,1.01,182,15,11,13,15.28,12.87,9.11,7,6,17,5,14,69.6,45.19,86.73,71.92,113.07,61.1,3,Huesca 2-1 Eibar,2025-09-01
Mirandés,1.81,1.33,0.48,1.05,1.02,0.03,0.0,0.31,-0.31,1.05,1.33,-0.28,,,,,,2,1,1,0.52,39.8,35.8,,,44.2,0.54,0.54,124,8,11,15,20.37,27.78,10.43,2,1,10,1,20,34.8,22.69,107.2,86.26,88.9,58.81,4,Granada 1-2 Mirandés,2025-08-31
Granada,1.33,1.81,-0.48,1.02,1.05,-0.03,0.31,0.0,0.31,1.33,1.05,0.28,,,,,,1,2,-1,-0.52,60.2,64.2,,,47.1,0.54,0.54,223,11,15,11,27.78,20.37,8.78,1,2,29,6,15,118.6,77.31,17.07,13.74,62.27,41.19,0,Granada 1-2 Mirandés,2025-08-31
Málaga,1.29,1.05,0.24,1.29,1.03,0.26,0.0,0.02,-0.02,1.29,1.05,0.24,,,,,,1,0,1,0.76,32.7,26.92,,,42.74,0.27,0.81,116,5,9,14,33.33,17.28,20.24,3,13,15,3,17,24.5,11.03,136.4,92.79,76.67,53.64,1,Las Palmas 0-1 Málaga,2025-08-31
Las Palmas,1.05,1.29,-0.24,1.03,1.29,-0.26,0.02,0.0,0.02,1.05,1.29,-0.24,,,,,,0,1,-1,-0.76,67.3,73.08,,,51.53,0.81,0.27,373,17,14,9,17.28,33.33,7.24,13,3,34,7,8,197.6,88.97,10.6,7.21,66.27,46.36,0,Las Palmas 0-1 Málaga,2025-08-31
Albacete,1.74,1.05,0.69,1.72,1.05,0.67,0.02,0.0,0.02,1.74,1.05,0.69,,,,,,1,2,-1,-1.69,48.4,52.69,,,50.85,0.59,0.42,211,7,12,6,20.34,14.29,8.84,8,1,32,4,13,95.6,59.79,62.2,62.7,104.83,64.69,3,Cádiz 2-1 Albacete,2025-08-31
Cádiz,1.05,1.74,-0.69,1.05,1.72,-0.67,0.0,0.02,-0.02,1.05,1.74,-0.69,,,,,,2,1,1,1.69,51.6,47.31,,,46.72,0.42,0.59,183,8,6,12,14.29,20.34,11.5,1,8,21,7,15,64.3,40.21,37.0,37.3,57.23,35.31,0,Cádiz 2-1 Albacete,2025-08-31
Burgos,2.05,1.61,0.44,1.99,1.61,0.38,0.07,0.0,0.07,2.05,1.61,0.44,,,,,,1,2,-1,-1.44,48.7,45.04,,,44.67,0.86,0.4,186,13,12,14,13.95,35.0,12.18,5,4,13,4,11,70.0,41.99,77.93,51.61,82.5,38.99,3,FC Andorra 2-1 Burgos,2025-08-31
FC Andorra,1.61,2.05,-0.44,1.61,1.99,-0.38,0.0,0.07,-0.07,1.61,2.05,-0.44,,,,,,2,1,1,1.44,51.3,54.96,,,46.55,0.4,0.86,245,6,14,12,35.0,13.95,13.06,4,5,15,5,11,96.7,58.01,73.07,48.39,129.1,61.01,0,FC Andorra 2-1 Burgos,2025-08-31
Real Zaragoza,1.23,2.44,-1.21,1.23,2.29,-1.06,0.0,0.16,-0.16,1.23,2.44,-1.21,,,,,,1,1,0,1.21,43.0,32.17,,,41.57,0.22,0.88,122,2,12,14,54.55,15.91,9.36,4,5,8,3,16,43.0,18.93,53.73,61.43,43.4,19.46,0,Castellón 1-1 Real Zaragoza,2025-08-30
Castellón,2.44,1.23,1.21,2.29,1.23,1.06,0.16,0.0,0.16,2.44,1.23,1.21,,,,,,1,1,0,-1.21,57.0,67.83,,,50.66,0.88,0.22,252,20,14,12,15.91,54.55,8.78,5,4,26,7,14,184.2,81.07,33.73,38.57,179.6,80.54,1,Castellón 1-1 Real Zaragoza,2025-08-30
Córdoba,0.56,1.6,-1.04,0.56,1.29,-0.73,0.0,0.32,-0.32,0.56,1.6,-1.04,,,,,,0,0,0,1.04,46.1,37.55,,,42.85,0.31,0.47,115,5,5,12,16.13,25.53,7.67,5,9,9,0,16,30.3,20.56,44.13,62.28,36.9,25.77,2,Real Valladolid 0-0 Córdoba,2025-08-30
Real Valladolid,1.6,0.56,1.04,1.29,0.56,0.73,0.32,0.0,0.32,1.6,0.56,1.04,,,,,,0,0,0,-1.04,53.9,62.45,,,46.42,0.47,0.31,175,14,12,5,25.53,16.13,5.6,9,5,21,7,17,117.1,79.44,26.73,37.72,106.3,74.23,0,Real Valladolid 0-0 Córdoba,2025-08-30
Ceuta,1.58,3.45,-1.87,0.82,3.07,-2.25,0.0,0.37,-0.37,0.82,3.45,-2.63,,,,,,1,4,-3,-1.13,35.9,25.87,,,43.61,0.25,1.13,136,7,11,17,44.0,15.04,14.97,3,5,5,1,7,46.6,17.73,95.13,85.7,56.27,15.9,1,Racing de Santander 4-1 Ceuta,2025-08-30
Racing de Santander,3.45,1.58,1.87,3.07,0.82,2.25,0.37,0.0,0.37,3.45,0.82,2.63,,,,,,4,1,3,1.13,64.1,74.13,,,51.85,1.13,0.25,340,21,17,11,15.04,44.0,7.74,5,3,11,5,19,216.3,82.27,15.87,14.3,297.54,84.1,1,Racing de Santander 4-1 Ceuta,2025-08-30
Cultural Leonesa,0.44,1.78,-1.34,0.44,1.64,-1.2,0.0,0.14,-0.14,0.44,1.78,-1.34,,,,,,0,1,-1,0.34,42.3,27.33,,,43.2,0.37,1.25,153,5,9,17,24.32,13.6,18.45,0,6,11,3,12,32.5,14.06,69.73,56.27,26.0,11.39,0,Sporting de Gijón 1-0 Cultural Leonesa,2025-08-29
Sporting de Gijón,1.78,0.44,1.34,1.64,0.44,1.2,0.14,0.0,0.14,1.78,0.44,1.34,,,,,,1,0,1,-0.34,57.7,72.67,,,55.3,1.25,0.37,368,19,17,9,13.6,24.32,11.61,6,0,27,10,12,198.7,85.94,54.2,43.73,202.27,88.61,3,Sporting de Gijón 1-0 Cultural Leonesa,2025-08-29
Almería,1.58,1.63,-0.05,1.15,0.87,0.28,0.43,0.0,0.43,1.58,0.87,0.71,,,,,,2,2,0,0.05,56.7,66.77,,,50.75,1.1,0.68,300,22,16,9,14.55,13.24,9.0,5,6,25,8,14,189.8,85.07,37.67,34.45,159.73,77.55,0,Real Sociedad II 2-2 Almería,2025-08-29
Real Sociedad II,1.63,1.58,0.05,0.87,1.15,-0.28,0.0,0.43,-0.43,0.87,1.58,-0.71,,,,,,2,2,0,-0.05,43.3,33.23,,,42.79,0.68,1.1,135,8,9,16,13.24,14.55,9.9,6,5,13,2,19,33.3,14.93,71.67,65.55,46.23,22.45,3,Real Sociedad II 2-2 Almería,2025-08-29
Las Palmas,1.04,1.88,-0.84,0.93,1.88,-0.95,0.11,0.0,0.11,1.04,1.88,-0.84,,,,,,3,1,2,2.84,42.7,34.35,,,40.61,0.47,0.59,102,14,13,13,27.66,22.03,7.45,4,4,6,2,16,67.8,38.22,50.07,67.66,90.37,68.2,4,Córdoba 1-3 Las Palmas,2025-08-25
Córdoba,1.88,1.04,0.84,1.88,0.93,0.95,0.0,0.11,-0.11,1.88,1.04,0.84,,,,,,1,3,-2,-2.84,57.3,65.65,,,47.33,0.59,0.47,183,12,13,13,22.03,27.66,5.75,4,4,21,3,20,109.6,61.78,23.93,32.34,42.13,31.8,5,Córdoba 1-3 Las Palmas,2025-08-25
Racing de Santander,1.99,0.67,1.32,1.51,0.61,0.9,0.47,0.06,0.41,1.99,0.67,1.32,,,,,,3,2,1,-0.32,53.8,47.83,,,42.47,0.4,0.27,162,13,13,8,32.5,29.63,19.0,0,4,16,10,7,103.5,60.46,18.53,21.77,85.13,43.94,3,Albacete 2-3 Racing de Santander,2025-08-25
Albacete,0.67,1.99,-1.32,0.61,1.51,-0.9,0.06,0.47,-0.41,0.67,1.99,-1.32,,,,,,2,3,-1,0.32,46.2,52.17,,,48.61,0.27,0.4,204,7,8,13,29.63,32.5,14.48,4,0,17,2,13,67.7,39.54,66.6,78.23,108.6,56.06,4,Albacete 2-3 Racing de Santander,2025-08-25
Real Sociedad II,0.87,2.45,-1.58,0.83,1.98,-1.15,0.04,0.47,-0.43,0.87,2.45,-1.58,,,,,,0,1,-1,0.58,39.9,31.23,,,40.8,0.17,1.13,121,2,10,21,58.82,18.58,13.61,1,5,11,2,15,19.8,10.89,60.87,72.75,42.13,21.81,1,Málaga 1-0 Real Sociedad II,2025-08-24
Málaga,2.45,0.87,1.58,1.98,0.83,1.15,0.47,0.04,0.43,2.45,0.87,1.58,,,,,,1,0,1,-0.58,60.1,68.77,,,49.74,1.13,0.17,285,19,21,10,18.58,58.82,9.14,5,1,22,6,12,162.1,89.11,22.8,27.25,151.07,78.19,0,Málaga 1-0 Real Sociedad II,2025-08-24
Almería,1.69,1.39,0.3,1.44,1.39,0.05,0.24,0.0,0.24,1.69,1.39,0.3,,,,,,1,0,1,0.7,59.0,59.62,,,49.8,1.15,0.44,257,16,13,10,11.3,22.73,11.35,4,4,20,5,15,125.7,74.69,27.0,27.99,108.37,65.09,1,Cultural Leonesa 0-1 Almería,2025-08-24
Cultural Leonesa,1.39,1.69,-0.3,1.39,1.44,-0.05,0.0,0.24,-0.24,1.39,1.69,-0.3,,,,,,0,1,-1,-0.7,41.0,40.38,,,46.68,0.44,1.15,153,8,10,13,22.73,11.3,10.37,4,4,15,3,9,42.6,25.31,69.47,72.01,58.13,34.91,4,Cultural Leonesa 0-1 Almería,2025-08-24
Burgos,1.09,1.0,0.09,0.82,0.97,-0.15,0.27,0.03,0.24,1.09,1.0,0.09,,,,,,0,0,0,-0.09,44.1,46.05,,,46.51,0.76,0.62,193,17,11,10,14.47,16.13,13.41,4,4,21,6,14,83.8,43.17,59.8,66.89,95.17,50.99,5,Deportivo de La Coruña 0-0 Burgos,2025-08-24
Deportivo de La Coruña,1.0,1.09,-0.09,0.97,0.82,0.15,0.03,0.27,-0.24,1.0,1.09,-0.09,,,,,,0,0,0,0.09,55.9,53.95,,,49.76,0.62,0.76,272,11,10,11,16.13,14.47,9.14,4,4,10,2,12,110.3,56.83,29.6,33.11,91.47,49.01,0,Deportivo de La Coruña 0-0 Burgos,2025-08-24
FC Andorra,1.69,1.87,-0.18,1.58,1.74,-0.16,0.11,0.13,-0.02,1.69,1.87,-0.18,,,,,,3,1,2,2.18,54.5,43.33,,,45.48,0.71,0.49,183,10,17,13,23.94,26.53,8.52,4,10,14,5,17,104.4,52.28,19.73,17.93,80.93,46.26,0,Real Zaragoza 1-3 FC Andorra,2025-08-23
Real Zaragoza,1.87,1.69,0.18,1.74,1.58,0.16,0.13,0.11,0.02,1.87,1.69,0.18,,,,,,1,3,-2,-2.18,45.5,56.67,,,51.94,0.49,0.71,220,14,13,17,26.53,23.94,7.42,10,4,18,6,14,95.3,47.72,90.33,82.07,94.03,53.74,3,Real Zaragoza 1-3 FC Andorra,2025-08-23
Sporting de Gijón,1.17,1.53,-0.36,1.02,1.11,-0.09,0.16,0.42,-0.26,1.17,1.53,-0.36,,,,,,1,0,1,1.36,37.6,48.42,,,51.98,0.59,0.6,168,12,7,12,11.86,20.0,14.6,3,7,8,3,15,93.2,46.86,133.2,93.28,185.27,86.4,2,Ceuta 0-1 Sporting de Gijón,2025-08-23
Ceuta,1.53,1.17,0.36,1.11,1.02,0.09,0.42,0.16,0.26,1.53,1.17,0.36,,,,,,0,1,-1,-1.36,62.4,51.58,,,45.82,0.6,0.59,224,12,12,7,20.0,11.86,7.39,7,3,26,3,11,105.7,53.14,9.6,6.72,29.17,13.6,0,Ceuta 0-1 Sporting de Gijón,2025-08-23
Huesca,0.57,0.76,-0.19,0.42,0.76,-0.34,0.15,0.0,0.15,0.57,0.76,-0.19,,,,,,1,0,1,1.19,47.8,46.53,,,45.22,0.31,0.21,154,10,6,5,19.35,23.81,9.37,5,0,13,4,13,71.3,47.19,77.07,72.57,100.2,75.64,1,Mirandés 0-1 Huesca,2025-08-23
Mirandés,0.76,0.57,0.19,0.76,0.42,0.34,0.0,0.15,-0.15,0.76,0.57,0.19,,,,,,0,1,-1,-1.19,52.2,53.47,,,48.9,0.21,0.31,212,6,5,6,23.81,19.35,13.08,0,5,12,1,16,79.8,52.81,29.13,27.43,32.27,24.36,4,Mirandés 0-1 Huesca,2025-08-23
Real Valladolid,1.19,1.15,0.04,0.7,0.96,-0.26,0.5,0.19,0.31,1.19,1.15,0.04,,,,,,1,0,1,0.96,37.8,30.23,,,42.91,1.18,0.73,126,11,10,11,8.47,15.07,8.81,7,4,18,9,19,41.0,22.87,76.6,84.06,63.53,54.44,0,Castellón 0-1 Real Valladolid,2025-08-22
Castellón,1.15,1.19,-0.04,0.96,0.7,0.26,0.19,0.5,-0.31,1.15,1.19,-0.04,,,,,,0,1,-1,-0.96,62.2,69.77,,,49.06,0.73,1.18,245,6,11,10,15.07,8.47,6.48,4,7,28,8,14,138.3,77.13,14.53,15.94,53.17,45.56,2,Castellón 0-1 Real Valladolid,2025-08-22
Cádiz,1.4,1.21,0.19,1.18,1.04,0.14,0.22,0.17,0.05,1.4,1.21,0.19,,,,,,1,1,0,-0.19,48.8,46.27,,,43.68,0.48,0.83,162,11,10,9,20.83,10.84,10.44,5,3,15,5,17,75.1,50.07,41.87,46.24,73.27,44.64,2,Leganés 1-1 Cádiz,2025-08-22
Leganés,1.21,1.4,-0.19,1.04,1.18,-0.14,0.17,0.22,-0.05,1.21,1.4,-0.19,,,,,,1,1,0,0.19,51.2,53.73,,,47.34,0.83,0.48,188,9,9,10,10.84,20.83,11.76,3,5,18,7,13,74.9,49.93,48.67,53.76,90.87,55.36,0,Leganés 1-1 Cádiz,2025-08-22
Granada,0.09,1.64,-1.55,0.08,1.61,-1.53,0.01,0.03,-0.02,0.09,1.64,-1.55,,,,,,0,3,-3,-1.45,52.0,41.34,,,37.7,0.18,0.9,134,2,3,16,16.67,17.78,11.24,1,2,9,3,16,41.4,24.97,45.87,33.4,29.07,9.72,0,Eibar 3-0 Granada,2025-08-22
Eibar,1.64,0.09,1.55,1.61,0.08,1.53,0.03,0.01,0.02,1.64,0.09,1.55,,,,,,3,0,3,1.45,48.0,58.66,,,42.86,0.9,0.18,180,19,16,3,17.78,16.67,9.6,2,1,20,6,23,124.4,75.03,91.47,66.6,270.09,90.28,2,Eibar 3-0 Granada,2025-08-22
Albacete,2.33,3.78,-1.45,1.99,2.51,-0.52,0.35,0.51,-0.16,2.33,3.02,-0.69,,,,,,4,4,0,1.45,34.4,29.05,,,49.24,1.16,1.43,143,19,17,31,14.66,21.68,17.19,4,3,20,5,9,39.6,12.1,121.8,91.12,62.4,26.27,4,Almería 4-4 Albacete,2025-08-18
Almería,3.78,2.33,1.45,2.51,1.99,0.52,0.51,0.35,0.16,3.02,2.33,0.69,,,,,,4,4,0,-1.45,65.6,70.95,,,53.93,1.43,1.16,324,25,31,17,21.68,14.66,9.42,3,4,39,17,9,287.6,87.9,11.87,8.88,175.17,73.73,0,Almería 4-4 Albacete,2025-08-18
Córdoba,1.21,1.62,-0.41,1.14,1.62,-0.48,0.07,0.0,0.07,1.21,1.62,-0.41,,,,,,1,2,-1,-0.59,64.0,63.64,,,49.76,0.48,0.62,287,11,15,9,31.25,14.52,9.48,1,6,24,4,7,138.6,79.98,5.8,5.27,80.17,50.06,4,Sporting de Gijón 2-1 Córdoba,2025-08-18
Sporting de Gijón,1.62,1.21,0.41,1.62,1.14,0.48,0.0,0.07,-0.07,1.62,1.21,0.41,,,,,,2,1,1,0.59,36.0,36.36,,,46.81,0.62,0.48,126,7,9,15,14.52,31.25,12.29,6,1,7,2,13,34.7,20.02,104.2,94.73,79.97,49.94,1,Sporting de Gijón 2-1 Córdoba,2025-08-18
Leganés,0.88,1.74,-0.86,0.88,1.45,-0.57,0.0,0.29,-0.29,0.88,1.74,-0.86,,,,,,1,1,0,0.86,44.2,44.66,,,46.87,0.6,0.41,144,7,7,14,11.67,34.15,10.11,4,4,14,3,12,33.6,28.33,51.0,71.9,62.8,47.07,2,Huesca 1-1 Leganés,2025-08-17
Huesca,1.74,0.88,0.86,1.45,0.88,0.57,0.29,0.0,0.29,1.74,0.88,0.86,,,,,,1,1,0,-0.86,55.8,55.34,,,44.85,0.41,0.6,176,10,14,7,34.15,11.67,11.15,4,4,18,5,11,85.0,71.67,19.93,28.1,70.63,52.93,4,Huesca 1-1 Leganés,2025-08-17
FC Andorra,0.46,1.01,-0.55,0.46,0.91,-0.45,0.0,0.1,-0.1,0.46,1.01,-0.55,,,,,,1,1,0,0.55,57.1,53.45,,,39.85,0.14,0.27,194,4,8,10,57.14,37.04,8.67,3,6,14,2,17,72.5,52.57,13.4,8.89,24.53,11.92,0,Las Palmas 1-1 FC Andorra,2025-08-17
Las Palmas,1.01,0.46,0.55,0.91,0.46,0.45,0.1,0.0,0.1,1.01,0.46,0.55,,,,,,1,1,0,-0.55,42.9,46.55,,,43.61,0.27,0.14,157,7,10,8,37.04,57.14,11.73,6,3,7,1,16,65.4,47.43,137.4,91.11,181.23,88.08,0,Las Palmas 1-1 FC Andorra,2025-08-17
Mirandés,0.01,2.66,-2.65,0.01,2.58,-2.57,0.0,0.08,-0.08,0.01,2.66,-2.65,,,,,,0,1,-1,1.65,28.4,24.13,,,43.5,0.07,1.46,98,1,1,24,14.29,16.44,24.39,0,6,5,0,9,0.0,0.0,102.2,86.12,2.03,0.73,2,Cádiz 1-0 Mirandés,2025-08-17
Cádiz,2.66,0.01,2.65,2.58,0.01,2.57,0.08,0.0,0.08,2.66,0.01,2.65,,,,,,1,0,1,-1.65,71.6,75.87,,,52.79,1.46,0.07,321,25,24,1,16.44,14.29,6.55,6,0,45,7,14,296.8,100.0,16.47,13.88,275.4,99.27,0,Cádiz 1-0 Mirandés,2025-08-17
Real Zaragoza,2.44,0.43,2.01,2.07,0.43,1.64,0.37,0.0,0.37,2.44,0.43,2.01,,,,,,0,1,-1,-3.01,59.8,73.35,,,52.22,1.11,0.18,265,16,18,3,16.22,16.67,6.21,6,2,34,9,12,227.9,96.04,50.73,42.11,199.63,96.04,1,Real Sociedad II 1-0 Real Zaragoza,2025-08-17
Real Sociedad II,0.43,2.44,-2.01,0.43,2.07,-1.64,0.0,0.37,-0.37,0.43,2.44,-2.01,,,,,,1,0,1,3.01,40.2,26.65,,,38.64,0.18,1.11,103,3,3,18,16.67,16.22,13.0,2,6,6,2,24,9.4,3.96,69.73,57.89,8.23,3.96,4,Real Sociedad II 1-0 Real Zaragoza,2025-08-17
Deportivo de La Coruña,2.67,0.88,1.79,2.59,0.65,1.94,0.08,0.23,-0.15,2.67,0.88,1.79,,,,,,3,1,2,0.21,53.6,42.31,,,40.96,0.43,0.29,158,11,15,14,34.88,48.28,11.9,6,7,3,1,11,88.0,55.49,36.27,35.56,78.23,52.92,1,Granada 1-3 Deportivo de La Coruña,2025-08-16
Granada,0.88,2.67,-1.79,0.65,2.59,-1.94,0.23,0.08,0.15,0.88,2.67,-1.79,,,,,,1,3,-2,-0.21,46.4,57.69,,,44.51,0.29,0.43,173,8,14,15,48.28,34.88,12.88,7,6,19,7,9,70.6,44.51,65.73,64.44,69.6,47.08,3,Granada 1-3 Deportivo de La Coruña,2025-08-16
Eibar,1.07,0.85,0.22,0.67,0.73,-0.06,0.4,0.11,0.29,1.07,0.85,0.22,,,,,,1,1,0,-0.22,46.2,45.59,,,43.65,0.77,0.5,149,8,7,11,9.09,22.0,14.8,4,3,16,3,7,65.5,40.43,75.67,69.42,80.23,54.9,2,Málaga 1-1 Eibar,2025-08-16
Málaga,0.85,1.07,-0.22,0.73,0.67,0.06,0.11,0.4,-0.29,0.85,1.07,-0.22,,,,,,1,1,0,0.22,53.8,54.41,,,42.74,0.5,0.77,175,13,11,7,22.0,9.09,14.39,3,4,21,8,10,96.5,59.57,33.33,30.58,65.9,45.1,2,Málaga 1-1 Eibar,2025-08-16
Castellón,2.23,2.22,0.01,1.49,1.14,0.35,0.74,0.32,0.42,2.23,1.46,0.77,,,,,,1,3,-2,-2.01,62.4,74.26,,,49.97,0.6,0.64,280,18,17,10,28.33,15.62,5.57,10,3,26,12,14,199.4,81.89,18.67,17.74,131.53,62.85,0,Racing de Santander 3-1 Castellón,2025-08-16
Racing de Santander,2.22,2.23,-0.01,1.14,1.49,-0.35,0.32,0.74,-0.42,1.46,2.23,-0.77,,,,,,3,1,2,2.01,37.6,25.74,,,39.68,0.64,0.6,91,8,10,17,15.62,28.33,11.06,3,10,4,3,16,44.1,18.11,86.6,82.26,77.73,37.15,0,Racing de Santander 3-1 Castellón,2025-08-16
Ceuta,0.47,4.01,-3.54,0.47,3.76,-3.29,0.0,0.25,-0.25,0.47,4.01,-3.54,,,,,,0,3,-3,0.54,56.8,47.17,,,46.02,0.74,0.65,183,6,5,16,6.76,24.62,6.03,4,11,15,4,11,53.8,29.07,9.4,10.54,29.03,10.06,0,Real Valladolid 3-0 Ceuta,2025-08-15
Real Valladolid,4.01,0.47,3.54,3.76,0.47,3.29,0.25,0.0,0.25,4.01,0.47,3.54,,,,,,3,0,3,-0.54,43.2,52.83,,,52.82,0.65,0.74,180,14,16,5,24.62,6.76,6.88,11,4,23,6,18,131.3,70.93,79.8,89.46,259.54,89.94,3,Real Valladolid 3-0 Ceuta,2025-08-15
Cultural Leonesa,0.35,3.92,-3.57,0.34,2.06,-1.72,0.01,0.35,-0.34,0.35,2.4,-2.05,,,,,,1,5,-4,-0.43,35.6,26.89,,,43.35,0.04,1.7,125,2,9,15,225.0,8.82,15.14,4,9,10,3,10,28.1,11.44,139.8,91.81,11.32,3.31,3,Burgos 5-1 Cultural Leonesa,2025-08-15
Burgos,3.92,0.35,3.57,2.06,0.34,1.72,0.35,0.01,0.34,2.4,0.35,2.05,,,,,,5,1,4,0.43,64.4,73.11,,,55.81,1.7,0.04,405,16,15,9,8.82,225.0,7.0,9,4,16,3,13,217.5,88.56,12.47,8.19,331.11,96.69,0,Burgos 5-1 Cultural Leonesa,2025-08-15
