Team,xG,xGA,xGD,Open Play xG,Open Play xGA,Open Play xGD,Set Piece xG,Set Piece xGA,Set Piece xGD,npxG,npxGA,npxGD,xG within 5s of Crosses,xGA within 5s of Crosses,xG within 15s of Set Pieces,xGA within 15s of Set Pieces,xGD within 15s of Set Pieces,Goals,Goals Conceded,GD,GD-xGD,Possession,Field Tilt,Vertical Tendency,Opponent Vertical Tendency,Avg Pass Height,xT,xT Against,Passes in Opposition Half,Passes into Box,Shots,Shots Faced,Shots per 1.0 xT,Shots Faced per 1.0 xT Against,PPDA,High Recoveries,High Recoveries Against,Crosses,Corners,Fouls,On-Ball Pressure,On-Ball Pressure Share,Off-Ball Pressure,Off-Ball Pressure Share,Game Control,Game Control Share,Throw-Ins into the Box,Match,Date
Rhode Island,1.25,1.57,-0.32,0.65,1.57,-0.92,0.60,0.00,0.60,1.25,1.57,-0.32,0.15,0.44,0.77,0.23,0.54,0,1,-1,-0.68,58.20,62.11,20.0,17.6,50.65,1.1,0.68,273,22,20,9,18.18,13.24,8.61,2,6,23,13,15,170.6,70.12,23.67,24.47,123.6,59.2,5,Birmingham Legion 1-0 Rhode Island,2026-08-02
Birmingham Legion,1.57,1.25,0.32,1.57,0.65,0.92,0.00,0.60,-0.60,1.57,1.25,0.32,0.44,0.15,0.23,0.77,-0.54,1,0,1,0.68,41.80,37.89,17.6,20.0,51.35,0.68,1.1,202,7,9,20,13.24,18.18,12.93,6,2,9,3,7,72.7,29.88,73.07,75.53,85.2,40.8,1,Birmingham Legion 1-0 Rhode Island,2026-08-02
Sporting JAX,0.25,4.13,-3.88,0.25,3.5,-3.25,0.0,0.62,-0.62,0.25,4.13,-3.88,0.0,0.11,0.0,0.81,-0.81,0,5,-5,-1.12,34.8,26.88,17.9,18.5,41.21,0.2,0.87,112,3,1,19,5.0,21.84,25.45,2,6,10,0,11,10.6,5.05,107.6,88.93,12.57,3.32,0,Sacramento Republic 5-0 Sporting JAX,2026-08-01
Sacramento Republic,4.13,0.25,3.88,3.5,0.25,3.25,0.62,0.0,0.62,4.13,0.25,3.88,0.11,0.0,0.81,0.0,0.81,5,0,5,1.12,65.2,73.12,18.5,17.9,46.41,0.87,0.2,280,15,19,1,21.84,5.0,10.55,6,2,10,4,10,199.4,94.95,13.4,11.07,365.96,96.68,0,Sacramento Republic 5-0 Sporting JAX,2026-08-01
Phoenix Rising,1.0,1.06,-0.06,0.66,0.96,-0.3,0.34,0.1,0.24,1.0,1.06,-0.06,0.02,0.09,0.39,0.08,0.31,1,1,0,0.06,45.5,41.13,23.5,19.8,45.48,0.44,0.7,174,10,10,9,22.73,12.86,17.77,2,8,21,5,9,56.0,40.79,77.13,63.92,34.13,19.03,3,Las Vegas Lights 1-1 Phoenix Rising,2026-08-01
Las Vegas Lights,1.06,1.0,0.06,0.96,0.66,0.3,0.1,0.34,-0.24,1.06,1.0,0.06,0.09,0.02,0.08,0.39,-0.31,1,1,0,-0.06,54.5,58.87,19.8,23.5,46.12,0.7,0.44,194,8,9,10,12.86,22.73,13.08,8,2,22,6,11,81.3,59.21,43.53,36.08,145.2,80.97,0,Las Vegas Lights 1-1 Phoenix Rising,2026-08-01
El Paso Locomotive,2.08,1.38,0.7,1.73,1.1,0.63,0.35,0.28,0.07,2.08,1.38,0.7,0.53,0.35,0.52,0.63,-0.11,0,2,-2,-2.7,57.4,72.9,20.3,16.0,55.62,1.05,0.42,325,22,28,8,26.67,19.05,8.89,6,3,49,13,16,238.7,88.8,51.2,46.77,191.83,85.82,1,Orange County SC 2-0 El Paso Locomotive,2026-08-01
Orange County SC,1.38,2.08,-0.7,1.1,1.73,-0.63,0.28,0.35,-0.07,1.38,2.08,-0.7,0.35,0.53,0.63,0.52,0.11,2,0,2,2.7,42.6,27.1,16.0,20.3,42.92,0.42,1.05,144,6,8,28,19.05,26.67,13.08,3,6,11,3,11,30.1,11.2,58.27,53.23,31.7,14.18,0,Orange County SC 2-0 El Paso Locomotive,2026-08-01
Pittsburgh Riverhounds,0.58,0.97,-0.39,0.58,0.66,-0.08,0.0,0.3,-0.3,0.58,0.97,-0.39,0.35,0.53,0.03,0.3,-0.27,1,0,1,1.39,28.2,29.36,19.2,23.0,47.03,0.31,0.82,144,8,5,7,16.13,8.54,23.37,8,3,11,0,10,35.9,16.64,244.67,98.5,174.27,86.06,2,Oakland Roots 0-1 Pittsburgh Riverhounds,2026-08-01
Oakland Roots,0.97,0.58,0.39,0.66,0.58,0.08,0.3,0.0,0.3,0.97,0.58,0.39,0.53,0.35,0.3,0.03,0.27,0,1,-1,-1.39,71.8,70.64,23.0,19.2,45.13,0.82,0.31,342,8,7,5,8.54,16.13,11.5,3,8,22,4,7,179.9,83.36,3.73,1.5,28.23,13.94,1,Oakland Roots 0-1 Pittsburgh Riverhounds,2026-08-01
Colorado Springs,1.73,0.67,1.06,1.53,0.6,0.93,0.2,0.07,0.13,1.73,0.67,1.06,0.31,0.09,0.25,0.52,-0.27,0,1,-1,-2.06,49.5,60.08,21.1,23.5,47.62,0.52,0.28,171,22,21,6,40.38,21.43,10.8,5,5,22,14,15,146.3,78.19,99.87,70.9,192.67,82.52,4,New Mexico United 1-0 Colorado Springs,2026-08-01
New Mexico United,0.67,1.73,-1.06,0.6,1.53,-0.93,0.07,0.2,-0.13,0.67,1.73,-1.06,0.09,0.31,0.52,0.25,0.27,1,0,1,2.06,50.5,39.92,23.5,21.1,38.82,0.28,0.52,110,4,6,21,21.43,40.38,9.41,5,5,11,3,18,40.8,21.81,41.0,29.1,40.8,17.48,0,New Mexico United 1-0 Colorado Springs,2026-08-01
Detroit City,2.59,1.33,1.26,1.83,1.07,0.76,0.0,0.26,-0.26,1.83,1.33,0.5,0.5,0.66,0.26,0.27,-0.01,2,2,0,-1.26,52.0,43.93,12.5,17.5,43.54,0.84,0.69,145,13,15,11,17.86,15.94,9.0,3,5,13,4,14,71.6,48.15,47.73,45.31,60.07,44.17,1,Miami 2-2 Detroit City,2026-08-01
Miami,1.33,2.59,-1.26,1.07,1.83,-0.76,0.26,0.0,0.26,1.33,1.83,-0.5,0.66,0.5,0.27,0.26,0.01,2,2,0,1.26,48.0,56.07,17.5,12.5,49.29,0.69,0.84,191,10,11,15,15.94,17.86,10.37,5,3,11,3,22,77.1,51.85,57.6,54.69,75.93,55.83,2,Miami 2-2 Detroit City,2026-08-01
Louisville City,1.77,2.62,-0.85,1.77,2.5,-0.73,0.0,0.11,-0.11,1.77,2.62,-0.85,0.55,1.23,0.45,0.51,-0.06,4,5,-1,-0.15,35.3,42.53,31.7,19.6,50.66,0.87,0.61,159,6,11,21,12.64,34.43,20.61,3,3,8,2,13,52.6,27.31,124.4,95.06,148.83,75.69,2,Tampa Bay Rowdies 5-4 Louisville City,2026-08-01
Tampa Bay Rowdies,2.62,1.77,0.85,2.5,1.77,0.73,0.11,0.0,0.11,2.62,1.77,0.85,1.23,0.55,0.51,0.45,0.06,5,4,1,0.15,64.7,57.47,19.6,31.7,45.52,0.61,0.87,239,8,21,11,34.43,12.64,9.04,3,3,22,5,8,140.0,72.69,6.47,4.94,47.8,24.31,0,Tampa Bay Rowdies 5-4 Louisville City,2026-08-01
Brooklyn,1.37,3.32,-1.95,1.24,3.24,-2.0,0.13,0.08,0.05,1.37,3.32,-1.95,0.47,1.88,0.13,0.29,-0.16,0,5,-5,-3.05,44.0,42.41,18.3,8.0,45.41,0.69,1.12,148,7,10,16,14.49,14.29,22.31,5,2,19,6,7,52.1,27.7,87.87,71.67,52.7,18.66,0,Charleston Battery 5-0 Brooklyn,2026-08-01
Charleston Battery,3.32,1.37,1.95,3.24,1.24,2.0,0.08,0.13,-0.05,3.32,1.37,1.95,1.88,0.47,0.29,0.13,0.16,5,0,5,3.05,56.0,57.59,8.0,18.3,44.34,1.12,0.69,190,15,16,10,14.29,14.49,11.64,2,5,13,3,10,136.0,72.3,34.73,28.33,229.66,81.34,0,Charleston Battery 5-0 Brooklyn,2026-08-01
Hartford Athletic,1.8,2.06,-0.26,1.8,2.01,-0.21,0.0,0.06,-0.06,1.8,2.06,-0.26,0.9,0.54,0.13,0.32,-0.19,0,2,-2,-1.74,44.3,54.83,28.6,23.3,48.96,0.98,0.8,161,14,11,16,11.22,20.0,10.55,6,5,17,3,14,78.5,40.4,53.0,71.05,92.57,39.11,6,Loudoun United 2-0 Hartford Athletic,2026-08-01
Loudoun United,2.06,1.8,0.26,2.01,1.8,0.21,0.06,0.0,0.06,2.06,1.8,0.26,0.54,0.9,0.32,0.13,0.19,2,0,2,1.74,55.7,45.17,23.3,28.6,46.43,0.8,0.98,169,14,16,11,20.0,11.22,8.34,5,6,17,2,10,115.8,59.6,21.6,28.95,144.1,60.89,0,Loudoun United 2-0 Hartford Athletic,2026-08-01
Monterey Bay,1.54,3.92,-2.38,1.03,2.55,-1.52,0.5,1.37,-0.87,1.54,3.92,-2.38,0.08,0.59,0.4,1.78,-1.38,2,3,-1,1.38,50.3,31.0,18.7,23.2,35.78,0.34,1.4,115,8,15,23,44.12,16.43,11.0,2,11,13,5,16,43.4,17.14,27.67,25.0,36.2,18.28,0,Lexington 3-2 Monterey Bay,2026-08-01
Lexington,3.92,1.54,2.38,2.55,1.03,1.52,1.37,0.5,0.87,3.92,1.54,2.38,0.59,0.08,1.78,0.4,1.38,3,2,1,-1.38,49.7,69.0,23.2,18.7,54.22,1.4,0.34,255,24,23,15,16.43,44.12,9.07,11,2,23,11,13,209.8,82.86,83.0,75.0,161.83,81.72,2,Lexington 3-2 Monterey Bay,2026-08-01
Indy Eleven,1.03,2.62,-1.59,0.74,2.5,-1.76,0.29,0.11,0.18,1.03,2.62,-1.59,0.0,0.19,0.94,0.34,0.6,1,3,-2,-0.41,33.2,31.68,17.6,18.3,44.16,0.53,0.94,120,6,11,24,20.75,25.53,21.88,4,10,16,6,8,12.5,5.61,156.33,97.71,48.93,16.47,1,San Antonio 3-1 Indy Eleven,2026-07-31
San Antonio,2.62,1.03,1.59,2.5,0.74,1.76,0.11,0.29,-0.18,2.62,1.03,1.59,0.19,0.0,0.34,0.94,-0.6,3,1,2,0.41,66.8,68.32,18.3,17.6,47.76,0.94,0.53,307,22,24,11,25.53,20.75,9.41,10,4,9,5,10,210.3,94.39,3.67,2.29,248.22,83.53,1,San Antonio 3-1 Indy Eleven,2026-07-31
Birmingham Legion,1.11,3.72,-2.61,1.11,2.46,-1.35,0.0,1.26,-1.26,1.11,3.72,-2.61,0.25,0.82,0.04,1.49,-1.45,1,2,-1,1.61,46.7,31.55,12.6,17.6,45.15,0.63,1.16,192,4,10,29,15.87,25.0,14.62,1,8,12,1,7,54.6,16.91,40.67,42.57,33.43,9.91,0,Louisville City 2-1 Birmingham Legion,2026-07-29
Louisville City,3.72,1.11,2.61,2.46,1.11,1.35,1.26,0.0,1.26,3.72,1.11,2.61,0.82,0.25,1.49,0.04,1.45,2,1,1,-1.61,53.3,68.45,17.6,12.6,54.69,1.16,0.63,299,24,29,10,25.0,15.87,10.49,8,1,23,10,14,268.3,83.09,54.87,57.43,303.93,90.09,1,Louisville City 2-1 Birmingham Legion,2026-07-29
FC Tulsa,0.94,0.67,0.27,0.91,0.67,0.24,0.04,0.0,0.04,0.94,0.67,0.27,0.13,0.37,0.04,0.44,-0.4,1,0,1,0.73,43.4,43.77,25.7,28.2,47.06,0.58,1.15,150,5,10,7,17.24,6.09,15.88,4,5,14,4,12,54.9,40.13,50.53,67.92,89.5,63.87,1,Pittsburgh Riverhounds 0-1 FC Tulsa,2026-07-29
Pittsburgh Riverhounds,0.67,0.94,-0.27,0.67,0.91,-0.24,0.0,0.04,-0.04,0.67,0.94,-0.27,0.37,0.13,0.44,0.04,0.4,0,1,-1,-0.73,56.6,56.23,28.2,25.7,50.66,1.15,0.58,249,11,7,10,6.09,17.24,8.74,5,4,17,1,10,81.9,59.87,23.87,32.08,50.63,36.13,5,Pittsburgh Riverhounds 0-1 FC Tulsa,2026-07-29
Hartford Athletic,0.89,2.63,-1.74,0.89,2.47,-1.58,0.0,0.16,-0.16,0.89,2.63,-1.74,0.36,0.41,0.75,0.46,0.29,0,0,0,1.74,36.7,42.17,25.9,27.7,46.68,0.72,1.1,126,11,9,20,12.5,18.18,17.5,2,2,16,0,8,23.9,12.82,89.87,95.4,55.23,33.77,2,Phoenix Rising 0-0 Hartford Athletic,2026-07-25
Phoenix Rising,2.63,0.89,1.74,2.47,0.89,1.58,0.16,0.0,0.16,2.63,0.89,1.74,0.41,0.36,0.46,0.75,-0.29,0,0,0,-1.74,63.3,57.83,27.7,25.9,49.29,1.1,0.72,243,14,20,9,18.18,12.5,11.88,2,2,20,6,9,162.5,87.18,4.33,4.6,108.3,66.23,2,Phoenix Rising 0-0 Hartford Athletic,2026-07-25
Sacramento Republic,2.21,0.48,1.73,1.38,0.42,0.96,0.83,0.06,0.77,2.21,0.48,1.73,0.02,0.06,0.87,0.09,0.78,3,1,2,0.27,50.3,55.77,20.6,21.5,49.33,1.02,0.68,257,13,14,10,13.73,14.71,22.48,4,0,17,7,9,152.5,67.51,68.87,50.42,129.33,76.65,1,Oakland Roots 1-3 Sacramento Republic,2026-07-25
Oakland Roots,0.48,2.21,-1.73,0.42,1.38,-0.96,0.06,0.83,-0.77,0.48,2.21,-1.73,0.06,0.02,0.09,0.87,-0.78,1,3,-2,-0.27,49.7,44.23,21.5,20.6,43.78,0.68,1.02,196,8,10,14,14.71,13.73,24.0,0,4,20,3,4,73.4,32.49,67.73,49.58,39.4,23.35,0,Oakland Roots 1-3 Sacramento Republic,2026-07-25
Orange County SC,1.01,1.73,-0.72,1.01,1.42,-0.41,0.0,0.31,-0.31,1.01,1.73,-0.72,0.12,0.3,0.32,0.74,-0.42,2,1,1,1.72,41.7,32.54,19.4,24.0,42.01,0.22,0.87,132,6,9,17,40.91,19.54,11.83,5,6,10,1,14,41.4,21.54,96.27,70.54,75.27,36.26,0,Monterey Bay 1-2 Orange County SC,2026-07-25
Monterey Bay,1.73,1.01,0.72,1.42,1.01,0.41,0.31,0.0,0.31,1.73,1.01,0.72,0.3,0.12,0.74,0.32,0.42,1,2,-1,-1.72,58.3,67.46,24.0,19.4,43.3,0.87,0.22,199,16,17,9,19.54,40.91,7.79,6,5,27,7,18,150.8,78.46,40.2,29.46,132.3,63.74,1,Monterey Bay 1-2 Orange County SC,2026-07-25
Sporting JAX,1.57,2.46,-0.89,0.76,2.25,-1.49,0.05,0.21,-0.16,0.81,2.46,-1.65,0.71,0.1,0.18,0.3,-0.12,0,2,-2,-1.11,37.5,38.16,16.7,16.8,44.4,0.9,0.79,130,12,7,17,7.78,21.52,16.4,7,1,17,6,12,54.1,29.29,103.53,89.56,66.6,41.83,4,El Paso Locomotive 2-0 Sporting JAX,2026-07-25
El Paso Locomotive,2.46,1.57,0.89,2.25,0.76,1.49,0.21,0.05,0.16,2.46,0.81,1.65,0.1,0.71,0.3,0.18,0.12,2,0,2,1.11,62.5,61.84,16.8,16.7,46.97,0.79,0.9,222,8,17,7,21.52,7.78,10.7,1,7,15,8,7,130.6,70.71,12.07,10.44,92.63,58.17,1,El Paso Locomotive 2-0 Sporting JAX,2026-07-25
Charleston Battery,0.65,2.43,-1.78,0.45,2.43,-1.98,0.2,0.0,0.2,0.65,2.43,-1.78,0.22,0.25,0.26,0.2,0.06,1,2,-1,0.78,46.7,47.04,16.9,20.9,46.21,0.48,0.61,150,13,8,17,16.67,27.87,20.75,0,4,21,3,8,91.9,45.12,69.33,67.27,112.07,52.16,3,Colorado Springs 2-1 Charleston Battery,2026-07-25
Colorado Springs,2.43,0.65,1.78,2.43,0.45,1.98,0.0,0.2,-0.2,2.43,0.65,1.78,0.25,0.22,0.2,0.26,-0.06,2,1,1,-0.78,53.3,52.96,20.9,16.9,45.89,0.61,0.48,191,14,17,8,27.87,16.67,11.36,4,0,21,5,8,111.8,54.88,33.73,32.73,102.77,47.84,7,Colorado Springs 2-1 Charleston Battery,2026-07-25
Lexington,1.47,1.67,-0.2,1.42,1.28,0.14,0.05,0.4,-0.35,1.47,1.67,-0.2,0.0,0.16,0.06,0.77,-0.71,0,0,0,0.2,61.3,47.89,12.8,24.1,44.95,0.64,0.76,169,7,11,12,17.19,15.79,6.59,2,3,13,4,18,66.9,49.01,6.67,8.1,30.1,22.82,0,FC Tulsa 0-0 Lexington,2026-07-25
FC Tulsa,1.67,1.47,0.2,1.28,1.42,-0.14,0.4,0.05,0.35,1.67,1.47,0.2,0.16,0.0,0.77,0.06,0.71,0,0,0,-0.2,38.7,52.11,24.1,12.8,48.18,0.76,0.64,122,16,12,11,15.79,17.19,12.83,3,2,17,6,13,69.6,50.99,75.67,91.9,101.8,77.18,4,FC Tulsa 0-0 Lexington,2026-07-25
San Antonio,2.06,0.62,1.44,1.54,0.48,1.06,0.51,0.14,0.37,2.06,0.62,1.44,0.0,0.01,0.54,0.26,0.28,1,0,1,-0.44,56.2,47.39,23.2,23.5,40.15,0.45,0.79,149,11,18,11,40.0,13.92,7.29,6,6,9,6,16,82.9,51.05,12.2,11.21,53.87,33.61,0,Brooklyn 0-1 San Antonio,2026-07-25
Brooklyn,0.62,2.06,-1.44,0.48,1.54,-1.06,0.14,0.51,-0.37,0.62,2.06,-1.44,0.01,0.0,0.26,0.54,-0.28,0,1,-1,0.44,43.8,52.61,23.5,23.2,48.26,0.79,0.45,157,15,11,18,13.92,40.0,9.53,6,6,18,4,10,79.5,48.95,96.67,88.79,106.43,66.39,2,Brooklyn 0-1 San Antonio,2026-07-25
Rhode Island,0.4,1.06,-0.66,0.37,1.04,-0.67,0.04,0.02,0.02,0.4,1.06,-0.66,0.01,0.37,0.04,0.11,-0.07,1,0,1,1.66,45.8,49.67,20.7,17.0,45.28,0.85,0.57,161,8,6,10,7.06,17.54,15.84,2,5,15,4,11,57.9,41.03,62.13,56.86,61.37,54.1,2,Pittsburgh Riverhounds 0-1 Rhode Island,2026-07-25
Pittsburgh Riverhounds,1.06,0.4,0.66,1.04,0.37,0.67,0.02,0.04,-0.02,1.06,0.4,0.66,0.37,0.01,0.11,0.04,0.07,0,1,-1,-1.66,54.2,50.33,17.0,20.7,47.69,0.57,0.85,218,5,10,6,17.54,7.06,9.47,5,2,26,6,14,83.2,58.97,47.13,43.14,52.07,45.9,4,Pittsburgh Riverhounds 0-1 Rhode Island,2026-07-25
Tampa Bay Rowdies,2.92,1.9,1.02,2.92,1.14,1.78,0.0,0.0,0.0,2.92,1.14,1.78,0.0,0.05,1.42,0.26,1.16,3,2,1,-0.02,40.6,40.47,14.3,21.5,43.58,0.73,1.1,125,11,11,10,15.07,9.09,10.12,5,4,8,3,20,60.2,44.36,82.53,77.76,121.8,77.89,0,Miami 2-3 Tampa Bay Rowdies,2026-07-25
Miami,1.9,2.92,-1.02,1.14,2.92,-1.78,0.0,0.0,0.0,1.14,2.92,-1.78,0.05,0.0,0.26,1.42,-1.16,2,3,-1,0.02,59.4,59.53,21.5,14.3,47.43,1.1,0.73,226,13,10,11,9.09,15.07,5.69,4,5,14,3,24,75.5,55.64,23.6,22.24,34.57,22.11,1,Miami 2-3 Tampa Bay Rowdies,2026-07-25
Loudoun United,0.67,2.5,-1.83,0.43,1.9,-1.47,0.24,0.6,-0.36,0.67,2.5,-1.83,0.0,0.52,0.05,0.76,-0.71,1,0,1,2.83,49.5,33.08,24.3,23.1,45.1,0.34,1.68,191,10,7,20,20.59,11.9,12.92,0,7,7,3,10,51.0,20.25,20.27,16.56,37.3,13.85,0,Indy Eleven 0-1 Loudoun United,2026-07-25
Indy Eleven,2.5,0.67,1.83,1.9,0.43,1.47,0.6,0.24,0.36,2.5,0.67,1.83,0.52,0.0,0.76,0.05,0.71,0,1,-1,-2.83,50.5,66.92,23.1,24.3,55.47,1.68,0.34,297,29,20,7,11.9,20.59,9.9,7,0,36,9,18,200.8,79.75,102.13,83.44,232.07,86.15,2,Indy Eleven 0-1 Loudoun United,2026-07-25
Las Vegas Lights,0.96,1.9,-0.94,0.86,1.67,-0.81,0.11,0.23,-0.12,0.96,1.9,-0.94,0.06,0.23,0.11,1.52,-1.41,1,0,1,1.94,40.7,37.29,23.2,23.8,44.42,0.38,0.97,126,3,4,12,10.53,12.37,9.83,1,4,6,2,23,45.3,21.5,73.8,71.79,59.33,42.15,1,Detroit City 0-1 Las Vegas Lights,2026-07-25
Detroit City,1.9,0.96,0.94,1.67,0.86,0.81,0.23,0.11,0.12,1.9,0.96,0.94,0.23,0.06,1.52,0.11,1.41,0,1,-1,-1.94,59.3,62.71,23.8,23.2,50.2,0.97,0.38,231,20,12,4,12.37,10.53,8.53,4,1,31,8,6,165.4,78.5,29.0,28.21,81.43,57.85,4,Detroit City 0-1 Las Vegas Lights,2026-07-25
Miami,0.24,1.53,-1.29,0.22,1.22,-1.0,0.02,0.31,-0.29,0.24,1.53,-1.29,0.11,0.14,0.03,0.32,-0.29,0,2,-2,-0.71,41.1,35.44,15.1,23.4,44.95,0.58,0.79,143,6,7,13,12.07,16.46,11.68,1,6,13,6,17,78.1,32.54,96.2,79.5,93.1,46.03,0,Colorado Springs 2-0 Miami,2026-07-22
Colorado Springs,1.53,0.24,1.29,1.22,0.22,1.0,0.31,0.02,0.29,1.53,0.24,1.29,0.14,0.11,0.32,0.03,0.29,2,0,2,0.71,58.9,64.56,23.4,15.1,48.36,0.79,0.58,240,9,13,7,16.46,12.07,6.95,6,1,22,7,12,161.9,67.46,24.8,20.5,109.17,53.97,1,Colorado Springs 2-0 Miami,2026-07-22
Oakland Roots,1.93,1.69,0.24,1.87,1.58,0.29,0.07,0.11,-0.04,1.93,1.69,0.24,0.13,0.26,0.44,0.11,0.33,0,2,-2,-2.24,59.0,61.84,20.4,12.0,45.65,0.84,1.36,246,11,9,10,10.71,7.35,13.0,4,3,17,6,9,102.9,57.68,35.93,22.14,61.3,26.78,2,Lexington 2-0 Oakland Roots,2026-07-22
Lexington,1.69,1.93,-0.24,1.58,1.87,-0.29,0.11,0.07,0.04,1.69,1.93,-0.24,0.26,0.13,0.11,0.44,-0.33,2,0,2,2.24,41.0,38.16,12.0,20.4,43.8,1.36,0.84,156,12,10,9,7.35,10.71,18.39,3,4,9,3,10,75.5,42.32,126.33,77.86,167.57,73.22,3,Lexington 2-0 Oakland Roots,2026-07-22
Monterey Bay,0.89,3.52,-2.63,0.36,3.13,-2.77,0.53,0.38,0.15,0.89,3.52,-2.63,0.53,0.47,0.53,0.43,0.1,2,3,-1,1.63,48.1,49.8,20.9,15.6,42.1,0.93,0.91,141,13,6,21,6.45,23.08,14.4,1,4,13,3,11,52.5,31.29,48.2,43.47,43.97,23.04,0,Phoenix Rising 3-2 Monterey Bay,2026-07-18
Phoenix Rising,3.52,0.89,2.63,3.13,0.36,2.77,0.38,0.53,-0.15,3.52,0.89,2.63,0.47,0.53,0.43,0.53,-0.1,3,2,1,-1.63,51.9,50.2,15.6,20.9,45.57,0.91,0.93,178,16,21,6,23.08,6.45,11.28,4,1,17,9,14,115.3,68.71,62.67,56.53,146.9,76.96,4,Phoenix Rising 3-2 Monterey Bay,2026-07-18
Las Vegas Lights,1.74,1.26,0.48,1.07,1.03,0.04,0.67,0.22,0.45,1.74,1.26,0.48,0.47,0.37,0.79,0.6,0.19,2,1,1,0.52,47.7,54.66,19.3,15.5,50.04,0.47,0.4,224,11,12,11,25.53,27.5,12.4,5,8,18,5,15,110.6,54.48,77.33,58.94,117.6,57.27,0,San Antonio 1-2 Las Vegas Lights,2026-07-18
San Antonio,1.26,1.74,-0.48,1.03,1.07,-0.04,0.22,0.67,-0.45,1.26,1.74,-0.48,0.37,0.47,0.6,0.79,-0.19,1,2,-1,-0.52,52.3,45.34,15.5,19.3,45.96,0.4,0.47,198,11,11,12,27.5,25.53,10.55,8,5,20,4,9,92.4,45.52,53.87,41.06,87.73,42.73,0,San Antonio 1-2 Las Vegas Lights,2026-07-18
El Paso Locomotive,0.88,1.28,-0.4,0.88,0.83,0.05,0.0,0.46,-0.46,0.88,1.28,-0.4,0.53,0.33,0.7,0.79,-0.09,0,1,-1,-0.6,60.3,55.68,14.5,22.1,47.57,0.49,0.33,214,8,9,8,18.37,24.24,7.03,3,3,27,4,19,69.7,53.33,13.4,13.55,43.57,26.34,0,FC Tulsa 1-0 El Paso Locomotive,2026-07-18
FC Tulsa,1.28,0.88,0.4,0.83,0.88,-0.05,0.46,0.0,0.46,1.28,0.88,0.4,0.33,0.53,0.79,0.7,0.09,1,0,1,0.6,39.7,44.32,22.1,14.5,48.09,0.33,0.49,138,9,8,9,24.24,18.37,11.68,3,3,16,5,15,61.0,46.67,85.47,86.45,121.83,73.66,4,FC Tulsa 1-0 El Paso Locomotive,2026-07-18
Hartford Athletic,0.82,2.07,-1.25,0.82,1.37,-0.55,0.01,0.71,-0.7,0.82,2.07,-1.25,0.16,0.15,0.01,0.93,-0.92,0,1,-1,0.25,50.4,50.0,27.2,29.6,46.93,0.63,0.92,154,7,6,21,9.52,22.83,7.55,8,2,20,2,8,38.3,18.98,16.53,26.16,28.8,11.63,3,Rhode Island 1-0 Hartford Athletic,2026-07-18
Rhode Island,2.07,0.82,1.25,1.37,0.82,0.55,0.71,0.01,0.7,2.07,0.82,1.25,0.15,0.16,0.93,0.01,0.92,1,0,1,-0.25,49.6,50.0,29.6,27.2,47.22,0.92,0.63,169,14,21,6,22.83,9.52,9.84,2,8,14,9,16,163.5,81.02,46.67,73.84,218.83,88.37,2,Rhode Island 1-0 Hartford Athletic,2026-07-18
Sacramento Republic,1.01,2.05,-1.04,0.85,1.29,-0.44,0.16,0.0,0.16,1.01,1.29,-0.28,0.0,0.11,0.8,0.13,0.67,1,1,0,1.04,46.9,46.44,12.5,19.2,46.48,0.35,1.21,192,9,10,16,28.57,13.22,17.09,2,8,8,5,12,86.9,37.14,78.67,49.19,67.23,36.49,1,Charleston Battery 1-1 Sacramento Republic,2026-07-18
Charleston Battery,2.05,1.01,1.04,1.29,0.85,0.44,0.0,0.16,-0.16,1.29,1.01,0.28,0.11,0.0,0.13,0.8,-0.67,1,1,0,-1.04,53.1,53.56,19.2,12.5,46.84,1.21,0.35,214,12,16,10,13.22,28.57,10.03,8,2,20,6,14,147.1,62.86,81.27,50.81,117.03,63.51,0,Charleston Battery 1-1 Sacramento Republic,2026-07-18
Brooklyn,2.13,1.32,0.81,1.34,1.24,0.1,0.03,0.08,-0.05,1.37,1.32,0.05,0.32,0.21,0.97,0.28,0.69,2,2,0,-0.81,59.7,59.07,15.2,16.4,49.5,1.07,0.82,271,12,14,9,13.08,10.98,8.31,2,4,17,3,15,123.2,82.13,11.2,13.49,61.0,46.15,0,Sporting JAX 2-2 Brooklyn,2026-07-18
Sporting JAX,1.32,2.13,-0.81,1.24,1.34,-0.1,0.08,0.03,0.05,1.32,1.37,-0.05,0.21,0.32,0.28,0.97,-0.69,2,2,0,0.81,40.3,40.93,16.4,15.2,44.48,0.82,1.07,138,14,9,14,10.98,13.08,10.71,4,2,18,5,17,26.8,17.87,71.8,86.51,71.17,53.85,1,Sporting JAX 2-2 Brooklyn,2026-07-18
Tampa Bay Rowdies,2.73,2.21,0.52,1.27,2.18,-0.91,0.7,0.03,0.67,1.97,2.21,-0.24,0.09,0.63,1.04,0.03,1.01,1,1,0,-0.52,51.6,52.36,20.6,26.0,48.03,1.1,0.43,217,13,17,9,15.45,20.93,10.71,1,2,17,5,17,119.1,65.76,44.2,48.08,110.7,77.78,1,Loudoun United 1-1 Tampa Bay Rowdies,2026-07-18
Loudoun United,2.21,2.73,-0.52,2.18,1.27,0.91,0.03,0.7,-0.67,2.21,1.97,0.24,0.63,0.09,0.03,1.04,-1.01,1,1,0,0.52,48.4,47.64,26.0,20.6,46.24,0.43,1.1,179,8,9,17,20.93,15.45,14.38,2,1,13,5,5,62.0,34.24,47.73,51.92,31.63,22.22,0,Loudoun United 1-1 Tampa Bay Rowdies,2026-07-18
Indy Eleven,2.22,1.96,0.26,2.13,1.32,0.81,0.09,0.63,-0.54,2.22,1.96,0.26,0.09,0.76,0.32,0.9,-0.58,0,2,-2,-2.26,46.0,53.85,20.5,21.1,47.72,0.4,1.26,162,18,12,17,30.0,13.49,9.74,1,3,15,5,18,98.5,46.59,74.47,62.69,85.27,45.04,0,Detroit City 2-0 Indy Eleven,2026-07-18
Detroit City,1.96,2.22,-0.26,1.32,2.13,-0.81,0.63,0.09,0.54,1.96,2.22,-0.26,0.76,0.09,0.9,0.32,0.58,2,0,2,2.26,54.0,46.15,21.1,20.5,47.03,1.26,0.4,192,20,17,12,13.49,30.0,8.87,3,1,15,5,16,112.9,53.41,44.33,37.31,104.03,54.96,4,Detroit City 2-0 Indy Eleven,2026-07-18
Louisville City,1.34,1.54,-0.2,0.29,1.35,-1.06,0.29,0.18,0.11,0.58,1.54,-0.96,0.03,0.43,0.36,0.24,0.12,1,3,-2,-1.8,54.3,58.78,29.9,22.2,47.87,0.62,0.7,183,5,11,10,17.74,14.29,10.22,3,1,22,7,9,66.8,61.74,25.87,35.37,54.93,34.73,1,Pittsburgh Riverhounds 3-1 Louisville City,2026-07-18
Pittsburgh Riverhounds,1.54,1.34,0.2,1.35,0.29,1.06,0.18,0.29,-0.11,1.54,0.58,0.96,0.43,0.03,0.24,0.36,-0.12,3,1,2,1.8,45.7,41.22,22.2,29.9,46.93,0.7,0.62,139,7,10,11,14.29,17.74,15.4,1,3,15,2,15,41.4,38.26,47.27,64.63,103.22,65.27,3,Pittsburgh Riverhounds 3-1 Louisville City,2026-07-18
Pittsburgh Riverhounds,1.02,1.67,-0.65,1.02,1.67,-0.65,0.0,0.0,0.0,1.02,1.67,-0.65,0.14,0.0,0.3,0.0,0.3,1,2,-1,-0.35,50.7,58.78,17.7,16.3,47.58,0.66,0.73,274,11,11,9,16.67,12.33,16.19,3,1,10,2,9,102.9,69.43,81.2,58.39,135.17,75.94,2,Sporting JAX 2-1 Pittsburgh Riverhounds,2026-07-15
Sporting JAX,1.67,1.02,0.65,1.67,1.02,0.65,0.0,0.0,0.0,1.67,1.02,0.65,0.0,0.14,0.0,0.3,-0.3,2,1,1,0.35,49.3,41.22,16.3,17.7,42.24,0.73,0.66,199,8,9,11,12.33,16.67,18.04,1,3,3,1,11,45.3,30.57,57.87,41.61,42.83,24.06,0,Sporting JAX 2-1 Pittsburgh Riverhounds,2026-07-15
Indy Eleven,0.72,0.75,-0.03,0.41,0.71,-0.3,0.31,0.05,0.26,0.72,0.75,-0.03,0.04,0.13,0.34,0.05,0.29,0,2,-2,-1.97,44.4,50.72,16.7,13.5,48.3,0.67,0.36,199,19,13,10,19.4,27.78,14.09,5,2,24,9,13,93.6,52.44,104.6,80.29,120.7,57.77,1,Miami 2-0 Indy Eleven,2026-07-15
Miami,0.75,0.72,0.03,0.71,0.41,0.3,0.05,0.31,-0.26,0.75,0.72,0.03,0.13,0.04,0.05,0.34,-0.29,2,0,2,1.97,55.6,49.28,13.5,16.7,44.03,0.36,0.67,220,5,10,13,27.78,19.4,12.41,2,5,12,1,18,84.9,47.56,25.67,19.71,88.23,42.23,0,Miami 2-0 Indy Eleven,2026-07-15
New Mexico United,2.49,1.52,0.97,1.73,1.43,0.3,0.0,0.09,-0.09,1.73,1.52,0.21,0.21,0.21,0.0,0.77,-0.77,4,1,3,2.03,59.5,58.11,15.1,24.0,45.16,0.33,0.94,203,7,12,11,36.36,11.7,9.61,7,5,4,1,9,96.2,66.3,9.8,9.46,71.7,48.19,0,Lexington 1-4 New Mexico United,2026-07-15
Lexington,1.52,2.49,-0.97,1.43,1.73,-0.3,0.09,0.0,0.09,1.52,1.73,-0.21,0.21,0.21,0.77,0.0,0.77,1,4,-3,-2.03,40.5,41.89,24.0,15.1,44.13,0.94,0.33,127,15,11,12,11.7,36.36,13.68,5,7,11,4,16,48.9,33.7,93.8,90.54,77.1,51.81,0,Lexington 1-4 New Mexico United,2026-07-15
Rhode Island,1.32,0.89,0.43,1.31,0.6,0.71,0.01,0.28,-0.27,1.32,0.89,0.43,0.73,0.25,0.24,0.05,0.19,1,2,-1,-1.43,47.1,55.14,26.0,18.6,48.02,1.03,1.37,188,16,11,7,10.68,5.11,9.77,8,4,16,3,11,78.5,55.44,58.53,57.84,87.83,54.38,4,Sacramento Republic 2-1 Rhode Island,2026-07-08
Sacramento Republic,0.89,1.32,-0.43,0.6,1.31,-0.71,0.28,0.01,0.27,0.89,1.32,-0.43,0.25,0.73,0.05,0.24,-0.19,2,1,1,1.43,52.9,44.86,18.6,26.0,45.58,1.37,1.03,186,13,7,11,5.11,10.68,10.43,4,8,16,7,12,63.1,44.56,42.67,42.16,73.67,45.62,1,Sacramento Republic 2-1 Rhode Island,2026-07-08
Orange County SC,1.34,3.95,-2.61,1.28,2.73,-1.45,0.06,1.22,-1.16,1.34,3.95,-2.61,0.17,0.46,0.14,1.17,-1.03,2,2,0,2.61,48.3,42.11,37.3,24.6,45.33,0.38,1.41,135,7,11,23,28.95,16.31,11.58,3,8,15,4,9,74.5,35.43,29.8,56.51,83.47,47.06,1,Hartford Athletic 2-2 Orange County SC,2026-07-08
Hartford Athletic,3.95,1.34,2.61,2.73,1.28,1.45,1.22,0.06,1.16,3.95,1.34,2.61,0.46,0.17,1.17,0.14,1.03,2,2,0,-2.61,51.7,57.89,24.6,37.3,49.55,1.41,0.38,186,21,23,11,16.31,28.95,7.8,8,3,43,17,16,135.8,64.57,22.93,43.49,93.9,52.94,1,Hartford Athletic 2-2 Orange County SC,2026-07-08
Birmingham Legion,1.36,3.49,-2.13,1.13,3.4,-2.27,0.23,0.09,0.14,1.36,3.49,-2.13,0.0,1.46,0.27,0.09,0.18,1,1,0,2.13,42.2,40.05,12.8,17.0,51.27,0.58,1.31,232,12,16,20,27.59,15.27,15.34,5,5,19,10,15,95.2,36.38,125.0,79.65,103.37,49.35,0,Miami 1-1 Birmingham Legion,2026-07-05
Miami,3.49,1.36,2.13,3.4,1.13,2.27,0.09,0.23,-0.14,3.49,1.36,2.13,1.46,0.0,0.09,0.27,-0.18,1,1,0,-2.13,57.8,59.95,17.0,12.8,51.42,1.31,0.58,307,19,20,16,15.27,27.59,9.35,5,5,24,6,13,166.5,63.62,31.93,20.35,106.1,50.65,0,Miami 1-1 Birmingham Legion,2026-07-05
El Paso Locomotive,0.73,1.23,-0.5,0.73,1.09,-0.36,0.0,0.14,-0.14,0.73,1.23,-0.5,0.35,0.89,0.0,0.14,-0.14,2,1,1,1.5,38.3,29.86,11.1,24.8,43.39,0.4,0.9,122,7,7,12,17.5,13.33,12.44,3,4,8,3,18,12.4,6.8,92.8,84.73,51.77,42.2,0,Las Vegas Lights 1-2 El Paso Locomotive,2026-07-04
Las Vegas Lights,1.23,0.73,0.5,1.09,0.73,0.36,0.14,0.0,0.14,1.23,0.73,0.5,0.89,0.35,0.14,0.0,0.14,1,2,-1,-1.5,61.7,70.14,24.8,11.1,52.11,0.9,0.4,318,17,12,7,13.33,17.5,8.49,4,3,30,8,14,170.0,93.2,16.73,15.27,70.9,57.8,0,Las Vegas Lights 1-2 El Paso Locomotive,2026-07-04
Oakland Roots,1.38,2.39,-1.01,0.42,1.94,-1.52,0.2,0.45,-0.25,0.62,2.39,-1.77,0.11,0.39,0.32,0.55,-0.23,1,2,-1,0.01,47.6,42.75,21.2,23.9,41.14,0.52,0.95,142,9,7,16,13.46,16.84,19.57,2,4,18,3,6,46.2,24.33,59.0,57.84,30.13,13.79,1,New Mexico United 2-1 Oakland Roots,2026-07-04
New Mexico United,2.39,1.38,1.01,1.94,0.42,1.52,0.45,0.2,0.25,2.39,0.62,1.77,0.39,0.11,0.55,0.32,0.23,2,1,1,-0.01,52.4,57.25,23.9,21.2,43.93,0.95,0.52,203,21,16,7,16.84,13.46,19.45,4,2,9,4,10,143.7,75.67,43.0,42.16,188.3,86.21,1,New Mexico United 2-1 Oakland Roots,2026-07-04
Monterey Bay,0.68,1.24,-0.56,0.34,0.24,0.1,0.33,0.24,0.09,0.68,0.48,0.2,0.0,0.0,0.02,0.24,-0.22,0,0,0,0.56,60.6,54.68,17.5,30.1,45.68,0.41,0.38,219,7,9,10,21.95,26.32,9.0,6,0,12,5,10,98.3,47.33,29.2,22.23,53.73,28.06,1,San Antonio 0-0 Monterey Bay,2026-07-04
San Antonio,1.24,0.68,0.56,0.24,0.34,-0.1,0.24,0.33,-0.09,0.48,0.68,-0.2,0.0,0.0,0.24,0.02,0.22,0,0,0,-0.56,39.4,45.32,30.1,17.5,47.36,0.38,0.41,155,5,10,9,26.32,21.95,15.32,0,6,13,2,13,109.4,52.67,102.13,77.77,137.77,71.94,1,San Antonio 0-0 Monterey Bay,2026-07-04
Phoenix Rising,0.67,1.71,-1.04,0.56,1.29,-0.73,0.12,0.42,-0.3,0.67,1.71,-1.04,0.0,0.11,0.12,0.59,-0.47,1,3,-2,-0.96,35.8,24.41,31.7,18.3,37.48,0.35,0.81,81,5,6,21,17.14,25.93,13.75,1,2,8,2,18,20.0,8.04,65.53,88.79,23.9,12.95,1,Colorado Springs 3-1 Phoenix Rising,2026-07-04
Colorado Springs,1.71,0.67,1.04,1.29,0.56,0.73,0.42,0.12,0.3,1.71,0.67,1.04,0.11,0.0,0.59,0.12,0.47,3,1,2,0.96,64.2,75.59,18.3,31.7,50.8,0.81,0.35,235,16,21,6,25.93,17.14,9.15,2,1,25,14,4,228.8,91.96,8.27,11.21,160.67,87.05,0,Colorado Springs 3-1 Phoenix Rising,2026-07-04
Brooklyn,0.43,1.14,-0.71,0.3,1.14,-0.84,0.13,0.0,0.13,0.43,1.14,-0.71,0.0,0.83,0.22,0.33,-0.11,2,0,2,2.71,50.7,30.57,26.5,21.8,36.09,0.18,0.63,104,2,5,9,27.78,14.29,9.94,2,6,11,4,19,25.7,20.76,26.93,25.65,21.0,14.1,0,Pittsburgh Riverhounds 0-2 Brooklyn,2026-07-04
Pittsburgh Riverhounds,1.14,0.43,0.71,1.14,0.3,0.84,0.0,0.13,-0.13,1.14,0.43,0.71,0.83,0.0,0.33,0.22,0.11,0,2,-2,-2.71,49.3,69.43,21.8,26.5,50.77,0.63,0.18,213,10,9,5,14.29,27.78,8.73,6,2,22,6,12,98.1,79.24,78.07,74.35,127.93,85.9,5,Pittsburgh Riverhounds 0-2 Brooklyn,2026-07-04
Hartford Athletic,0.69,2.51,-1.82,0.67,2.22,-1.55,0.02,0.3,-0.28,0.69,2.51,-1.82,0.02,0.45,0.28,0.23,0.05,0,1,-1,0.82,35.1,22.75,14.8,15.9,38.96,0.34,1.26,96,4,4,24,11.76,19.05,18.1,2,2,10,1,10,14.2,4.01,68.13,65.01,7.0,2.15,0,Louisville City 1-0 Hartford Athletic,2026-07-04
Louisville City,2.51,0.69,1.82,2.22,0.67,1.55,0.3,0.02,0.28,2.51,0.69,1.82,0.45,0.02,0.23,0.28,-0.05,1,0,1,-0.82,64.9,77.25,15.9,14.8,58.16,1.26,0.34,409,17,24,4,19.05,11.76,17.88,2,2,40,7,4,339.8,95.99,36.67,34.99,318.83,97.85,1,Louisville City 1-0 Hartford Athletic,2026-07-04
Orange County SC,0.16,2.57,-2.41,0.15,1.35,-1.2,0.01,1.22,-1.21,0.16,2.57,-2.41,0.15,0.0,0.01,1.57,-1.56,1,1,0,2.41,56.9,26.87,18.1,24.7,40.94,0.25,1.07,132,5,2,24,8.0,22.43,6.16,1,12,8,2,12,31.7,11.78,9.13,7.99,9.6,2.91,0,Rhode Island 1-1 Orange County SC,2026-07-04
Rhode Island,2.57,0.16,2.41,1.35,0.15,1.2,1.22,0.01,1.21,2.57,0.16,2.41,0.0,0.15,1.57,0.01,1.56,1,1,0,-2.41,43.1,73.13,24.7,18.1,56.08,1.07,0.25,209,29,24,2,22.43,8.0,7.7,12,1,29,10,22,237.3,88.22,105.2,92.01,320.27,97.09,6,Rhode Island 1-1 Orange County SC,2026-07-04
Lexington,1.58,3.97,-2.39,1.58,2.01,-0.43,0.0,1.21,-1.21,1.58,3.21,-1.63,0.0,1.11,0.0,1.28,-1.28,4,1,3,5.39,42.7,34.26,25.0,20.1,43.89,0.29,1.89,166,4,8,27,27.59,14.29,16.96,2,4,4,2,10,30.1,13.16,65.67,62.38,82.63,52.07,1,Tampa Bay Rowdies 1-4 Lexington,2026-07-04
Tampa Bay Rowdies,3.97,1.58,2.39,2.01,1.58,0.43,1.21,0.0,1.21,3.21,1.58,1.63,1.11,0.0,1.28,0.0,1.28,1,4,-3,-5.39,57.3,65.74,20.1,25.0,48.24,1.89,0.29,257,27,27,8,14.29,27.59,12.75,4,2,32,12,13,198.6,86.84,39.6,37.62,76.07,47.93,2,Tampa Bay Rowdies 1-4 Lexington,2026-07-04
Charleston Battery,1.94,1.33,0.61,1.85,1.19,0.66,0.1,0.14,-0.04,1.94,1.33,0.61,0.05,0.14,0.13,0.56,-0.43,0,2,-2,-2.61,59.1,50.65,17.0,16.5,46.7,1.15,0.76,237,15,17,9,14.78,11.84,11.65,5,3,15,4,13,113.2,61.99,22.8,20.14,81.87,42.76,0,Indy Eleven 2-0 Charleston Battery,2026-07-04
Indy Eleven,1.33,1.94,-0.61,1.19,1.85,-0.66,0.14,0.1,0.04,1.33,1.94,-0.61,0.14,0.05,0.56,0.13,0.43,2,0,2,2.61,40.9,49.35,16.5,17.0,48.23,0.76,1.15,178,10,9,17,11.84,14.78,20.24,3,5,23,7,9,69.4,38.01,90.4,79.86,109.6,57.24,0,Indy Eleven 2-0 Charleston Battery,2026-07-04
Sporting JAX,1.18,2.54,-1.36,1.18,2.54,-1.36,0.0,0.0,0.0,1.18,2.54,-1.36,0.37,0.41,0.42,0.0,0.42,2,2,0,1.36,46.6,46.36,19.8,22.0,46.22,0.38,0.6,186,12,12,19,31.58,31.67,20.3,5,5,15,3,4,85.3,37.49,100.53,80.17,120.3,62.23,0,Loudoun United 2-2 Sporting JAX,2026-07-03
Loudoun United,2.54,1.18,1.36,2.54,1.18,1.36,0.0,0.0,0.0,2.54,1.18,1.36,0.41,0.37,0.0,0.42,-0.42,2,2,0,-1.36,53.4,53.64,22.0,19.8,44.07,0.6,0.38,198,13,19,12,31.67,31.58,16.36,5,5,14,3,9,142.2,62.51,24.87,19.83,73.03,37.77,0,Loudoun United 2-2 Sporting JAX,2026-07-03
Detroit City,3.37,2.46,0.91,2.85,0.86,1.99,0.52,0.08,0.44,3.37,0.94,2.43,0.67,0.36,0.52,0.15,0.37,2,1,1,0.09,51.2,48.33,22.3,26.8,43.72,0.67,0.44,162,12,21,14,31.34,31.82,8.97,8,6,21,6,14,97.1,51.95,33.27,34.25,88.47,46.63,0,Birmingham Legion 1-2 Detroit City,2026-07-02
Birmingham Legion,2.46,3.37,-0.91,0.86,2.85,-1.99,0.08,0.52,-0.44,0.94,3.37,-2.43,0.36,0.67,0.15,0.52,-0.37,1,2,-1,-0.09,48.8,51.67,26.8,22.3,49.68,0.44,0.67,189,10,14,21,31.82,31.34,10.03,6,8,12,5,11,89.8,48.05,63.87,65.75,101.27,53.37,1,Birmingham Legion 1-2 Detroit City,2026-07-02
San Antonio,0.67,2.25,-1.58,0.53,1.48,-0.95,0.14,0.02,0.12,0.67,1.49,-0.82,0.06,0.56,0.2,0.29,-0.09,2,1,1,2.58,45.7,36.67,12.2,26.8,43.8,0.69,1.01,107,11,6,14,8.7,13.86,10.04,2,2,8,2,20,51.1,30.89,42.53,65.98,47.47,39.32,2,Colorado Springs 1-2 San Antonio,2026-06-24
Colorado Springs,2.25,0.67,1.58,1.48,0.53,0.95,0.02,0.14,-0.12,1.49,0.67,0.82,0.56,0.06,0.29,0.2,0.09,1,2,-1,-2.58,54.3,63.33,26.8,12.2,48.37,1.01,0.69,177,14,14,6,13.86,8.7,5.33,2,2,22,8,15,114.3,69.11,21.93,34.02,73.27,60.68,6,Colorado Springs 1-2 San Antonio,2026-06-24
Orange County SC,3.04,2.12,0.92,3.04,1.53,1.51,0.0,0.59,-0.59,3.04,2.12,0.92,1.5,0.58,0.09,0.61,-0.52,4,2,2,1.08,46.1,34.15,24.1,20.2,41.57,0.84,0.98,137,10,14,16,16.67,16.33,9.67,5,3,13,3,12,51.3,25.56,50.6,46.56,69.17,32.16,1,Miami 2-4 Orange County SC,2026-06-24
Miami,2.12,3.04,-0.92,1.53,3.04,-1.51,0.59,0.0,0.59,2.12,3.04,-0.92,0.58,1.5,0.61,0.09,0.52,2,4,-2,-1.08,53.9,65.85,20.2,24.1,49.11,0.98,0.84,240,20,16,14,16.33,16.67,9.26,3,5,25,8,18,149.4,74.44,58.07,53.44,145.93,67.84,0,Miami 2-4 Orange County SC,2026-06-24
Loudoun United,1.28,2.25,-0.97,1.28,1.23,0.05,0.0,0.26,-0.26,1.28,1.49,-0.21,0.0,0.25,0.2,0.81,-0.61,1,4,-3,-2.03,35.8,36.45,26.4,20.2,45.32,0.7,0.54,147,6,12,15,17.14,27.78,16.74,3,3,9,2,8,39.1,20.63,148.53,91.01,45.91,19.6,1,Charleston Battery 4-1 Loudoun United,2026-06-24
Charleston Battery,2.25,1.28,0.97,1.23,1.28,-0.05,0.26,0.0,0.26,1.49,1.28,0.21,0.25,0.0,0.81,0.2,0.61,4,1,3,2.03,64.2,63.55,20.2,26.4,47.51,0.54,0.7,300,16,15,12,27.78,17.14,12.46,3,3,13,5,12,150.4,79.37,14.67,8.99,188.3,80.4,0,Charleston Battery 4-1 Loudoun United,2026-06-24
New Mexico United,1.12,2.07,-0.95,0.99,2.04,-1.05,0.13,0.04,0.09,1.12,2.07,-0.95,0.12,0.85,0.13,0.48,-0.35,1,0,1,1.95,43.6,35.4,23.2,16.0,42.66,0.43,0.79,156,8,9,18,20.93,22.78,13.75,6,3,8,3,12,67.9,27.17,113.27,67.0,67.9,39.56,0,Sacramento Republic 0-1 New Mexico United,2026-06-20
Sacramento Republic,2.07,1.12,0.95,2.04,0.99,1.05,0.04,0.13,-0.09,2.07,1.12,0.95,0.85,0.12,0.48,0.13,0.35,0,1,-1,-1.95,56.4,64.6,16.0,23.2,48.29,0.79,0.43,276,15,18,9,22.78,20.93,15.16,3,6,23,5,11,182.0,72.83,55.8,33.0,103.73,60.44,1,Sacramento Republic 0-1 New Mexico United,2026-06-20
Orange County SC,3.69,2.6,1.09,2.61,2.29,0.32,1.08,0.31,0.77,3.69,2.6,1.09,0.89,0.82,1.13,0.49,0.64,3,2,1,-0.09,41.7,31.03,14.1,16.5,44.19,0.86,1.87,125,18,18,17,20.93,9.09,14.84,2,5,11,5,10,75.1,30.25,97.13,78.84,107.37,49.37,0,Las Vegas Lights 2-3 Orange County SC,2026-06-20
Las Vegas Lights,2.6,3.69,-1.09,2.29,2.61,-0.32,0.31,1.08,-0.77,2.6,3.69,-1.09,0.82,0.89,0.49,1.13,-0.64,2,3,-1,0.09,58.3,68.97,16.5,14.1,52.88,1.87,0.86,298,24,17,18,9.09,20.93,8.31,5,2,28,5,14,173.2,69.75,26.07,21.16,110.1,50.63,0,Las Vegas Lights 2-3 Orange County SC,2026-06-20
Oakland Roots,3.71,3.23,0.48,2.95,1.32,1.63,0.0,1.14,-1.14,2.95,2.47,0.48,0.78,0.4,0.41,1.14,-0.73,4,3,1,0.52,51.6,53.05,14.6,22.7,41.78,1.06,0.68,169,8,14,18,13.21,26.47,21.29,5,2,10,2,9,88.0,50.11,37.93,26.78,64.87,37.86,0,Phoenix Rising 3-4 Oakland Roots,2026-06-20
Phoenix Rising,3.23,3.71,-0.48,1.32,2.95,-1.63,1.14,0.0,1.14,2.47,2.95,-0.48,0.4,0.78,1.14,0.41,0.73,3,4,-1,-0.52,48.4,46.95,22.7,14.6,42.98,0.68,1.06,160,13,18,14,26.47,13.21,21.28,2,5,21,9,6,87.6,49.89,103.73,73.22,106.47,62.14,3,Phoenix Rising 3-4 Oakland Roots,2026-06-20
El Paso Locomotive,1.21,1.32,-0.11,1.07,1.08,-0.01,0.13,0.23,-0.1,1.21,1.32,-0.11,0.56,0.2,0.38,0.74,-0.36,0,1,-1,-0.89,59.3,57.48,22.4,18.2,46.79,0.81,0.39,226,11,9,14,11.11,35.9,6.24,7,10,21,3,11,103.1,51.19,9.13,8.88,66.6,31.27,0,Monterey Bay 1-0 El Paso Locomotive,2026-06-20
Monterey Bay,1.32,1.21,0.11,1.08,1.07,0.01,0.23,0.13,0.1,1.32,1.21,0.11,0.2,0.56,0.74,0.38,0.36,1,0,1,0.89,40.7,42.52,18.2,22.4,45.64,0.39,0.81,149,13,14,9,35.9,11.11,9.78,10,7,16,4,17,98.3,48.81,93.73,91.12,146.4,68.73,4,Monterey Bay 1-0 El Paso Locomotive,2026-06-20
Charleston Battery,2.59,1.14,1.45,2.57,1.08,1.49,0.02,0.06,-0.04,2.59,1.14,1.45,0.0,0.49,0.02,0.32,-0.3,5,2,3,1.55,52.1,43.17,19.2,18.9,41.92,0.45,0.68,167,7,12,10,26.67,14.71,21.05,2,2,5,2,6,76.8,44.09,53.6,50.6,115.63,65.81,0,Sporting JAX 2-5 Charleston Battery,2026-06-20
Sporting JAX,1.14,2.59,-1.45,1.08,2.57,-1.49,0.06,0.02,0.04,1.14,2.59,-1.45,0.49,0.0,0.32,0.02,0.3,2,5,-3,-1.55,47.9,56.83,18.9,19.2,43.05,0.68,0.45,167,11,10,12,14.71,26.67,16.43,2,2,19,3,11,97.4,55.91,52.33,49.4,60.07,34.19,1,Sporting JAX 2-5 Charleston Battery,2026-06-20
Colorado Springs,1.59,2.31,-0.72,1.59,2.31,-0.72,0.0,0.0,0.0,1.59,2.31,-0.72,0.2,1.67,0.66,1.7,-1.04,2,1,1,1.72,54.2,44.78,10.1,31.7,45.07,0.69,0.96,154,9,11,12,15.94,12.5,6.42,4,1,14,3,13,79.1,44.99,28.8,29.94,58.6,37.76,2,FC Tulsa 1-2 Colorado Springs,2026-06-20
FC Tulsa,2.31,1.59,0.72,2.31,1.59,0.72,0.0,0.0,0.0,2.31,1.59,0.72,1.67,0.2,1.7,0.66,1.04,1,2,-1,-1.72,45.8,55.22,31.7,10.1,48.83,0.96,0.69,162,19,12,11,12.5,15.94,11.34,1,4,19,0,19,96.7,55.01,67.4,70.06,96.6,62.24,13,FC Tulsa 1-2 Colorado Springs,2026-06-20
Loudoun United,1.79,1.96,-0.17,1.58,1.85,-0.27,0.22,0.1,0.12,1.79,1.96,-0.17,0.62,0.24,0.25,0.04,0.21,1,1,0,0.17,40.3,39.07,19.0,21.7,49.04,0.84,0.77,166,15,14,20,16.67,25.97,12.29,7,0,17,5,16,56.0,23.5,78.8,81.68,60.57,36.2,0,Birmingham Legion 1-1 Loudoun United,2026-06-20
Birmingham Legion,1.96,1.79,0.17,1.85,1.58,0.27,0.1,0.22,-0.12,1.96,1.79,0.17,0.24,0.62,0.04,0.25,-0.21,1,1,0,-0.17,59.7,60.93,21.7,19.0,53.03,0.77,0.84,305,11,20,14,25.97,16.67,10.76,0,7,17,5,9,182.3,76.5,17.67,18.32,106.73,63.8,0,Birmingham Legion 1-1 Loudoun United,2026-06-20
Pittsburgh Riverhounds,0.84,1.62,-0.78,0.6,1.38,-0.78,0.25,0.24,0.01,0.84,1.62,-0.78,0.03,0.39,0.3,0.24,0.06,0,0,0,0.78,48.0,44.67,20.0,25.5,50.53,0.47,0.77,213,14,9,8,19.15,10.39,11.97,4,1,19,3,8,84.8,44.17,55.0,65.48,81.03,51.14,1,Hartford Athletic 0-0 Pittsburgh Riverhounds,2026-06-20
Hartford Athletic,1.62,0.84,0.78,1.38,0.6,0.78,0.24,0.25,-0.01,1.62,0.84,0.78,0.39,0.03,0.24,0.3,-0.06,0,0,0,-0.78,52.0,55.33,25.5,20.0,47.46,0.77,0.47,215,11,8,9,10.39,19.15,14.65,1,4,31,12,12,107.2,55.83,29.0,34.52,77.43,48.86,2,Hartford Athletic 0-0 Pittsburgh Riverhounds,2026-06-20
Tampa Bay Rowdies,2.6,1.28,1.32,1.78,1.21,0.57,0.06,0.07,-0.01,1.84,1.28,0.56,0.36,0.32,0.06,0.17,-0.11,2,0,2,0.68,54.2,55.78,22.8,22.9,40.72,1.22,0.36,182,11,13,12,10.66,33.33,9.27,6,6,8,3,18,99.5,65.37,39.33,39.23,94.9,68.77,1,Brooklyn 0-2 Tampa Bay Rowdies,2026-06-20
Brooklyn,1.28,2.6,-1.32,1.21,1.78,-0.57,0.07,0.06,0.01,1.28,1.84,-0.56,0.32,0.36,0.17,0.06,0.11,0,2,-2,-0.68,45.8,44.22,22.9,22.8,42.18,0.36,1.22,165,10,12,13,33.33,10.66,10.52,6,6,15,5,11,52.7,34.63,60.93,60.77,43.1,31.23,4,Brooklyn 0-2 Tampa Bay Rowdies,2026-06-20
Monterey Bay,0.99,1.04,-0.05,0.27,1.04,-0.77,0.73,0.0,0.73,0.99,1.04,-0.05,0.0,0.71,0.88,0.62,0.26,0,2,-2,-1.95,64.3,64.96,15.6,24.2,46.98,0.31,0.55,235,12,7,8,22.58,14.55,7.21,3,4,15,5,19,85.1,70.04,17.27,14.19,35.73,24.76,4,FC Tulsa 2-0 Monterey Bay,2026-06-17
FC Tulsa,1.04,0.99,0.05,1.04,0.27,0.77,0.0,0.73,-0.73,1.04,0.99,0.05,0.71,0.0,0.62,0.88,-0.26,2,0,2,1.95,35.7,35.04,24.2,15.6,45.68,0.55,0.31,122,6,8,7,14.55,22.58,10.59,4,3,13,2,12,36.4,29.96,104.47,85.81,108.6,75.24,3,FC Tulsa 2-0 Monterey Bay,2026-06-17
Birmingham Legion,1.18,1.17,0.01,1.1,0.63,0.47,0.09,0.54,-0.45,1.18,1.17,0.01,0.35,0.2,0.13,0.55,-0.42,1,1,0,-0.01,33.9,25.47,12.7,22.6,43.84,0.35,1.11,119,8,8,13,22.86,11.71,16.2,1,9,2,4,9,28.8,12.59,136.93,92.77,72.8,45.95,2,Oakland Roots 1-1 Birmingham Legion,2026-06-17
Oakland Roots,1.17,1.18,-0.01,0.63,1.1,-0.47,0.54,0.09,0.45,1.17,1.18,-0.01,0.2,0.35,0.55,0.13,0.42,1,1,0,0.01,66.1,74.53,22.6,12.7,51.02,1.11,0.35,345,21,13,8,11.71,22.86,7.13,9,1,34,10,18,199.9,87.41,10.67,7.23,85.63,54.05,2,Oakland Roots 1-1 Birmingham Legion,2026-06-17
Miami,0.88,0.99,-0.11,0.85,0.73,0.12,0.03,0.26,-0.23,0.88,0.99,-0.11,0.0,0.0,0.64,0.29,0.35,0,0,0,0.11,34.2,28.62,17.4,17.0,41.23,0.21,0.34,109,6,11,12,52.38,35.29,20.75,2,2,9,5,13,28.8,15.64,123.0,88.62,101.83,45.67,0,Oakland Roots 0-0 Miami,2026-06-13
Oakland Roots,0.99,0.88,0.11,0.73,0.85,-0.12,0.26,0.03,0.23,0.99,0.88,0.11,0.0,0.0,0.29,0.64,-0.35,0,0,0,-0.11,65.8,71.38,17.0,17.4,47.65,0.34,0.21,286,13,12,11,35.29,52.38,9.35,2,2,27,7,17,155.3,84.36,15.8,11.38,121.13,54.33,0,Oakland Roots 0-0 Miami,2026-06-13
Orange County SC,2.65,1.63,1.02,2.63,1.16,1.47,0.02,0.47,-0.45,2.65,1.63,1.02,0.99,0.43,0.33,0.74,-0.41,1,1,0,-1.02,37.7,32.99,22.7,25.5,46.06,0.95,0.96,125,12,15,13,15.79,13.54,11.64,5,2,12,4,9,53.3,28.81,119.13,89.75,106.1,54.84,0,New Mexico United 1-1 Orange County SC,2026-06-13
New Mexico United,1.63,2.65,-1.02,1.16,2.63,-1.47,0.47,0.02,0.45,1.63,2.65,-1.02,0.43,0.99,0.74,0.33,0.41,1,1,0,1.02,62.3,67.01,25.5,22.7,46.18,0.96,0.95,215,18,13,15,13.54,15.79,7.79,2,5,21,3,18,131.7,71.19,13.6,10.25,87.37,45.16,0,New Mexico United 1-1 Orange County SC,2026-06-13
Detroit City,2.38,1.35,1.03,2.38,0.9,1.48,0.0,0.45,-0.45,2.38,1.35,1.03,0.31,0.03,0.0,0.46,-0.46,6,2,4,2.97,50.1,38.25,8.2,16.9,39.86,0.46,0.47,148,8,12,13,26.09,27.66,12.93,4,2,11,3,12,60.2,33.61,39.53,38.18,70.47,44.27,1,Sporting JAX 2-6 Detroit City,2026-06-13
Sporting JAX,1.35,2.38,-1.03,0.9,2.38,-1.48,0.45,0.0,0.45,1.35,2.38,-1.03,0.03,0.31,0.46,0.0,0.46,2,6,-4,-2.97,49.9,61.75,16.9,8.2,45.56,0.47,0.46,187,11,13,12,27.66,26.09,15.59,2,4,18,5,13,118.9,66.39,64.0,61.82,88.73,55.73,1,Sporting JAX 2-6 Detroit City,2026-06-13
Phoenix Rising,1.14,0.55,0.59,1.14,0.55,0.59,0.0,0.0,0.0,1.14,0.55,0.59,0.42,0.03,0.33,0.29,0.04,1,1,0,-0.59,57.4,60.66,21.4,16.4,47.28,0.52,0.89,190,7,7,10,13.46,11.24,7.08,2,1,27,4,21,42.1,43.09,10.07,17.52,26.57,23.84,7,El Paso Locomotive 1-1 Phoenix Rising,2026-06-13
El Paso Locomotive,0.55,1.14,-0.59,0.55,1.14,-0.59,0.0,0.0,0.0,0.55,1.14,-0.59,0.03,0.42,0.29,0.33,-0.04,1,1,0,0.59,42.6,39.34,16.4,21.4,39.58,0.89,0.52,93,11,10,7,11.24,13.46,9.86,1,2,5,0,17,55.6,56.91,47.4,82.48,84.9,76.16,0,El Paso Locomotive 1-1 Phoenix Rising,2026-06-13
Sacramento Republic,0.38,0.93,-0.55,0.38,0.91,-0.53,0.0,0.01,-0.01,0.38,0.93,-0.55,0.09,0.28,0.17,0.03,0.14,1,0,1,1.55,39.6,34.54,26.9,13.5,40.73,0.38,1.42,105,8,5,13,13.16,9.15,8.84,3,5,6,1,17,25.1,13.52,55.8,57.53,41.7,22.08,0,Colorado Springs 0-1 Sacramento Republic,2026-06-13
Colorado Springs,0.93,0.38,0.55,0.91,0.38,0.53,0.01,0.0,0.01,0.93,0.38,0.55,0.28,0.09,0.03,0.17,-0.14,0,1,-1,-1.55,60.4,65.46,13.5,26.9,49.74,1.42,0.38,248,16,13,5,9.15,13.16,7.37,5,3,26,4,18,160.5,86.48,41.2,42.47,147.2,77.92,5,Colorado Springs 0-1 Sacramento Republic,2026-06-13
Brooklyn,2.44,2.93,-0.49,2.29,2.08,0.21,0.16,0.86,-0.7,2.44,2.93,-0.49,0.86,1.63,0.63,1.27,-0.64,2,2,0,0.49,43.4,41.54,17.5,29.8,50.23,0.94,1.31,204,10,14,25,14.89,19.08,17.75,4,3,10,2,16,68.9,24.96,57.0,63.95,57.7,31.84,0,Louisville City 2-2 Brooklyn,2026-06-13
Louisville City,2.93,2.44,0.49,2.08,2.29,-0.21,0.86,0.16,0.7,2.93,2.44,0.49,1.63,0.86,1.27,0.63,0.64,2,2,0,-0.49,56.6,58.46,29.8,17.5,51.27,1.31,0.94,251,25,25,14,19.08,14.89,10.27,3,4,39,14,10,207.1,75.04,32.13,36.05,123.53,68.16,2,Louisville City 2-2 Brooklyn,2026-06-13
Las Vegas Lights,1.82,2.0,-0.18,0.65,1.98,-1.33,0.41,0.02,0.39,1.06,2.0,-0.94,0.19,0.14,0.48,0.21,0.27,2,1,1,1.18,46.3,48.99,21.8,17.6,47.18,1.08,0.7,202,17,14,13,12.96,18.57,11.19,9,8,13,7,16,91.6,45.85,59.67,62.42,118.47,70.6,1,Birmingham Legion 1-2 Las Vegas Lights,2026-06-13
Birmingham Legion,2.0,1.82,0.18,1.98,0.65,1.33,0.02,0.41,-0.39,2.0,1.06,0.94,0.14,0.19,0.21,0.48,-0.27,1,2,-1,-1.18,53.7,51.01,17.6,21.8,49.22,0.7,1.08,245,12,13,14,18.57,12.96,11.06,8,9,13,2,7,108.2,54.15,35.93,37.58,49.33,29.4,0,Birmingham Legion 1-2 Las Vegas Lights,2026-06-13
Hartford Athletic,2.19,3.14,-0.95,1.93,2.65,-0.72,0.25,0.49,-0.24,2.19,3.14,-0.95,0.31,1.61,0.36,1.15,-0.79,1,0,1,1.95,25.2,21.05,17.9,21.1,42.34,0.27,1.88,68,7,9,28,33.33,14.89,18.32,1,2,8,1,11,9.9,3.23,120.87,98.53,31.03,20.5,4,Tampa Bay Rowdies 0-1 Hartford Athletic,2026-06-13
Tampa Bay Rowdies,3.14,2.19,0.95,2.65,1.93,0.72,0.49,0.25,0.24,3.14,2.19,0.95,1.61,0.31,1.15,0.36,0.79,0,1,-1,-1.95,74.8,78.95,21.1,17.9,58.32,1.88,0.27,434,25,28,9,14.89,33.33,6.26,2,1,62,15,11,296.2,96.77,1.8,1.47,120.37,79.5,3,Tampa Bay Rowdies 0-1 Hartford Athletic,2026-06-13
FC Tulsa,1.25,3.47,-2.22,0.95,3.38,-2.43,0.29,0.08,0.21,1.25,3.47,-2.22,0.28,0.21,0.42,0.46,-0.04,1,5,-4,-1.78,35.2,43.59,25.4,15.9,47.5,0.6,0.67,118,7,13,18,21.67,26.87,12.63,7,5,11,4,16,51.1,33.44,122.73,97.61,72.04,48.73,3,Charleston Battery 5-1 FC Tulsa,2026-06-13
Charleston Battery,3.47,1.25,2.22,3.38,0.95,2.43,0.08,0.29,-0.21,3.47,1.25,2.22,0.21,0.28,0.46,0.42,0.04,5,1,4,1.78,64.8,56.41,15.9,25.4,44.17,0.67,0.6,193,12,18,13,26.87,21.67,6.28,5,7,11,3,9,101.7,66.56,3.0,2.39,75.81,51.27,0,Charleston Battery 5-1 FC Tulsa,2026-06-13
Indy Eleven,0.35,0.89,-0.54,0.33,0.85,-0.52,0.03,0.04,-0.01,0.35,0.89,-0.54,0.01,0.22,0.08,0.11,-0.03,0,1,-1,-0.46,41.2,46.84,19.2,17.4,45.38,0.59,1.12,147,13,8,13,13.56,11.61,12.03,4,5,15,4,14,44.8,26.7,62.93,69.77,58.97,36.66,1,Pittsburgh Riverhounds 1-0 Indy Eleven,2026-06-13
Pittsburgh Riverhounds,0.89,0.35,0.54,0.85,0.33,0.52,0.04,0.03,0.01,0.89,0.35,0.54,0.22,0.01,0.11,0.08,0.03,1,0,1,0.46,58.8,53.16,17.4,19.2,50.28,1.12,0.59,253,17,13,8,11.61,13.56,8.26,5,4,18,4,16,123.0,73.3,27.27,30.23,101.9,63.34,5,Pittsburgh Riverhounds 1-0 Indy Eleven,2026-06-13
San Antonio,0.13,1.43,-1.3,0.06,1.43,-1.37,0.08,0.0,0.08,0.13,1.43,-1.3,0.0,0.38,0.08,0.0,0.08,0,2,-2,-0.7,52.0,33.72,17.6,20.3,35.65,0.36,0.71,118,4,4,11,11.11,15.49,15.84,3,7,11,6,10,23.5,15.8,58.6,33.59,31.9,12.24,0,Lexington 2-0 San Antonio,2026-06-13
Lexington,1.43,0.13,1.3,1.43,0.06,1.37,0.0,0.08,-0.08,1.43,0.13,1.3,0.38,0.0,0.0,0.08,-0.08,2,0,2,0.7,48.0,66.28,20.3,17.6,48.91,0.71,0.36,245,7,11,4,15.49,11.11,13.83,7,3,7,1,9,125.2,84.2,115.87,66.41,228.63,87.76,2,Lexington 2-0 San Antonio,2026-06-13
Rhode Island,3.02,2.4,0.62,3.02,2.4,0.62,0.0,0.0,0.0,3.02,2.4,0.62,1.04,0.94,0.49,0.15,0.34,4,1,3,2.38,33.8,50.55,16.9,18.6,51.3,0.96,0.73,156,9,14,11,14.58,15.07,13.34,6,7,15,3,17,106.4,57.73,145.33,97.58,242.83,92.53,3,Loudoun United 1-4 Rhode Island,2026-06-13
Loudoun United,2.4,3.02,-0.62,2.4,3.02,-0.62,0.0,0.0,0.0,2.4,3.02,-0.62,0.94,1.04,0.15,0.49,-0.34,1,4,-3,-2.38,66.2,49.45,18.6,16.9,43.58,0.73,0.96,206,8,11,14,15.07,14.58,5.62,7,6,7,1,13,77.9,42.27,3.6,2.42,19.6,7.47,0,Loudoun United 1-4 Rhode Island,2026-06-13
Louisville City,1.33,1.8,-0.47,1.18,1.01,0.17,0.15,0.79,-0.64,1.33,1.8,-0.47,0.0,0.34,0.69,0.65,0.04,2,0,2,2.47,30.6,34.85,19.1,20.5,49.19,0.63,1.24,124,9,12,19,19.05,15.32,18.16,1,2,12,4,10,40.1,19.88,125.6,96.76,101.27,69.63,0,Phoenix Rising 0-2 Louisville City,2026-06-10
Phoenix Rising,1.8,1.33,0.47,1.01,1.18,-0.17,0.79,0.15,0.64,1.8,1.33,0.47,0.34,0.0,0.65,0.69,-0.04,0,2,-2,-2.47,69.4,65.15,20.5,19.1,50.7,1.24,0.63,314,15,19,12,15.32,19.05,7.84,2,1,33,7,16,161.6,80.12,4.2,3.24,44.17,30.37,1,Phoenix Rising 0-2 Louisville City,2026-06-10
Sporting JAX,0.89,2.0,-1.11,0.79,2.0,-1.21,0.1,0.0,0.1,0.89,2.0,-1.11,0.0,0.76,0.35,0.86,-0.51,1,2,-1,0.11,42.0,49.68,21.7,20.3,44.87,0.56,0.8,155,15,11,13,19.64,16.25,11.8,5,3,24,4,18,113.5,50.53,101.13,78.76,128.2,59.29,1,Monterey Bay 2-1 Sporting JAX,2026-06-10
Monterey Bay,2.0,0.89,1.11,2.0,0.79,1.21,0.0,0.1,-0.1,2.0,0.89,1.11,0.76,0.0,0.86,0.35,0.51,2,1,1,-0.11,58.0,50.32,20.3,21.7,42.48,0.8,0.56,202,10,13,11,16.25,19.64,8.16,3,5,11,5,19,111.1,49.47,27.27,21.24,88.03,40.71,1,Monterey Bay 2-1 Sporting JAX,2026-06-10
El Paso Locomotive,1.22,2.98,-1.76,1.22,2.62,-1.4,0.0,0.36,-0.36,1.22,2.98,-1.76,0.0,1.59,0.0,1.3,-1.3,1,1,0,1.76,44.7,35.34,11.3,25.3,41.39,0.37,1.68,119,5,8,26,21.62,15.48,10.24,2,5,12,5,17,25.7,12.24,30.87,47.25,22.23,11.16,0,Detroit City 1-1 El Paso Locomotive,2026-06-10
Detroit City,2.98,1.22,1.76,2.62,1.22,1.4,0.36,0.0,0.36,2.98,1.22,1.76,1.59,0.0,1.3,0.0,1.3,1,1,0,-1.76,55.3,64.66,25.3,11.3,51.7,1.68,0.37,233,21,26,8,15.48,21.62,9.94,5,2,29,10,13,184.3,87.76,34.47,52.75,176.93,88.84,1,Detroit City 1-1 El Paso Locomotive,2026-06-10
Charleston Battery,1.65,1.61,0.04,1.43,1.51,-0.08,0.22,0.1,0.12,1.65,1.61,0.04,0.78,0.14,0.45,0.13,0.32,2,2,0,-0.04,45.9,38.01,30.0,16.2,41.64,0.2,0.9,141,3,11,13,55.0,14.44,12.59,2,1,13,3,10,42.2,28.49,47.67,54.33,41.83,31.75,1,Tampa Bay Rowdies 2-2 Charleston Battery,2026-06-10
Tampa Bay Rowdies,1.61,1.65,-0.04,1.51,1.43,0.08,0.1,0.22,-0.12,1.61,1.65,-0.04,0.14,0.78,0.13,0.45,-0.32,2,2,0,0.04,54.1,61.99,16.2,30.0,46.17,0.9,0.2,202,9,13,11,14.44,55.0,10.39,1,2,15,5,20,105.9,71.51,40.07,45.67,89.93,68.25,2,Tampa Bay Rowdies 2-2 Charleston Battery,2026-06-10
Louisville City,1.19,1.86,-0.67,1.07,1.83,-0.76,0.12,0.02,0.1,1.19,1.86,-0.67,0.46,0.3,0.2,0.03,0.17,1,1,0,0.67,49.0,56.57,21.2,25.6,53.86,1.56,0.48,262,16,13,12,8.33,25.0,10.15,7,2,30,6,22,134.3,65.23,54.93,65.92,137.87,68.94,1,Birmingham Legion 1-1 Louisville City,2026-06-03
Birmingham Legion,1.86,1.19,0.67,1.83,1.07,0.76,0.02,0.12,-0.1,1.86,1.19,0.67,0.3,0.46,0.03,0.2,-0.17,1,1,0,-0.67,51.0,43.43,25.6,21.2,49.97,0.48,1.56,247,8,12,13,25.0,8.33,10.38,2,7,12,2,11,71.6,34.77,28.4,34.08,62.13,31.07,0,Birmingham Legion 1-1 Louisville City,2026-06-03
Brooklyn,2.87,0.97,1.9,2.61,0.97,1.64,0.26,0.0,0.26,2.87,0.97,1.9,0.39,0.13,0.46,0.0,0.46,2,2,0,-1.9,47.8,56.63,16.0,18.2,47.96,1.53,1.3,166,11,18,6,11.76,4.62,18.1,3,3,16,7,7,115.9,76.4,91.4,81.95,186.6,93.61,0,Sporting JAX 2-2 Brooklyn,2026-05-31
Sporting JAX,0.97,2.87,-1.9,0.97,2.61,-1.64,0.0,0.26,-0.26,0.97,2.87,-1.9,0.13,0.39,0.0,0.46,-0.46,2,2,0,1.9,52.2,43.37,18.2,16.0,40.11,1.3,1.53,116,10,6,18,4.62,11.76,10.68,3,3,7,1,10,35.8,23.6,20.13,18.05,12.73,6.39,0,Sporting JAX 2-2 Brooklyn,2026-05-31
Sacramento Republic,1.6,4.62,-3.02,1.6,2.78,-1.18,0.0,0.31,-0.31,1.6,3.1,-1.5,0.78,0.0,0.85,0.46,0.39,0,2,-2,1.02,50.8,60.22,19.0,21.4,47.19,0.87,0.68,220,16,6,23,6.9,33.82,13.66,0,3,10,5,13,69.2,40.68,57.87,43.4,57.4,25.18,1,Phoenix Rising 2-0 Sacramento Republic,2026-05-30
Phoenix Rising,4.62,1.6,3.02,2.78,1.6,1.18,0.31,0.0,0.31,3.1,1.6,1.5,0.0,0.78,0.46,0.85,-0.39,2,0,2,-1.02,49.2,39.78,21.4,19.0,42.13,0.68,0.87,159,18,23,6,33.82,6.9,10.22,3,0,11,5,16,100.9,59.32,75.47,56.6,170.53,74.82,3,Phoenix Rising 2-0 Sacramento Republic,2026-05-30
FC Tulsa,0.73,0.81,-0.08,0.67,0.81,-0.14,0.06,0.0,0.06,0.73,0.81,-0.08,0.0,0.25,0.46,0.41,0.05,0,0,0,0.08,37.4,40.84,21.1,22.7,48.46,0.97,1.15,147,12,9,11,9.28,9.57,13.15,1,3,12,3,17,67.9,34.45,111.0,84.47,88.87,59.87,3,Las Vegas Lights 0-0 FC Tulsa,2026-05-30
Las Vegas Lights,0.81,0.73,0.08,0.81,0.67,0.14,0.0,0.06,-0.06,0.81,0.73,0.08,0.25,0.0,0.41,0.46,-0.05,0,0,0,-0.08,62.6,59.16,22.7,21.1,50.55,1.15,0.97,298,8,11,9,9.57,9.28,7.42,3,1,18,2,14,129.2,65.55,20.4,15.53,59.57,40.13,0,Las Vegas Lights 0-0 FC Tulsa,2026-05-30
Loudoun United,1.45,2.56,-1.11,1.44,1.58,-0.14,0.01,0.22,-0.21,1.45,1.8,-0.35,0.39,0.49,0.27,0.41,-0.14,1,4,-3,-1.89,56.4,56.11,20.2,11.4,46.28,0.54,0.79,216,12,11,14,20.37,17.72,7.83,3,6,17,5,16,98.4,57.85,38.6,32.77,39.8,22.4,0,Monterey Bay 4-1 Loudoun United,2026-05-30
Monterey Bay,2.56,1.45,1.11,1.58,1.44,0.14,0.22,0.01,0.21,1.8,1.45,0.35,0.49,0.39,0.41,0.27,0.14,4,1,3,1.89,43.6,43.89,11.4,20.2,41.83,0.79,0.54,143,15,14,11,17.72,20.37,10.87,6,3,14,2,17,71.7,42.15,79.2,67.23,137.86,77.6,0,Monterey Bay 4-1 Loudoun United,2026-05-30
Lexington,3.22,0.92,2.3,2.99,0.15,2.84,0.22,0.02,0.2,3.22,0.16,3.06,0.55,0.06,0.26,0.08,0.18,4,1,3,0.7,56.6,66.53,23.8,18.6,47.32,0.9,0.34,235,20,23,8,25.56,23.53,7.62,10,2,9,7,15,172.2,89.41,42.0,37.21,168.43,80.04,2,El Paso Locomotive 1-4 Lexington,2026-05-30
El Paso Locomotive,0.92,3.22,-2.3,0.15,2.99,-2.84,0.02,0.22,-0.2,0.16,3.22,-3.06,0.06,0.55,0.08,0.26,-0.18,1,4,-3,-0.7,43.4,33.47,18.6,23.8,41.65,0.34,0.9,133,6,8,23,23.53,25.56,13.67,2,10,4,3,12,20.4,10.59,70.87,62.79,42.0,19.96,0,El Paso Locomotive 1-4 Lexington,2026-05-30
Colorado Springs,0.94,0.67,0.27,0.85,0.56,0.29,0.09,0.12,-0.03,0.94,0.67,0.27,0.31,0.48,0.36,0.6,-0.24,1,0,1,0.73,45.0,48.72,29.7,19.5,48.54,0.52,0.53,217,9,14,5,26.92,9.43,19.68,5,12,18,8,10,119.6,60.4,109.6,78.32,136.67,68.79,3,Oakland Roots 0-1 Colorado Springs,2026-05-30
Oakland Roots,0.67,0.94,-0.27,0.56,0.85,-0.29,0.12,0.09,0.03,0.67,0.94,-0.27,0.48,0.31,0.6,0.36,0.24,0,1,-1,-0.73,55.0,51.28,19.5,29.7,46.55,0.53,0.52,245,9,5,14,9.43,26.92,9.08,12,5,18,3,9,78.4,39.6,30.33,21.68,62.0,31.21,1,Oakland Roots 0-1 Colorado Springs,2026-05-30
Miami,0.17,2.26,-2.09,0.15,1.74,-1.59,0.02,0.52,-0.5,0.17,2.26,-2.09,0.0,0.44,0.09,0.55,-0.46,0,2,-2,0.09,54.0,42.09,29.0,26.1,39.65,0.81,0.75,163,9,5,17,6.17,22.67,10.3,2,6,12,3,19,27.4,16.05,25.33,21.23,10.23,3.78,0,Pittsburgh Riverhounds 2-0 Miami,2026-05-30
Pittsburgh Riverhounds,2.26,0.17,2.09,1.74,0.15,1.59,0.52,0.02,0.5,2.26,0.17,2.09,0.44,0.0,0.55,0.09,0.46,2,0,2,-0.09,46.0,57.91,26.1,29.0,52.36,0.75,0.81,257,15,17,5,22.67,6.17,9.85,6,2,16,3,17,143.3,83.95,94.0,78.77,260.63,96.22,1,Pittsburgh Riverhounds 2-0 Miami,2026-05-30
Tampa Bay Rowdies,1.62,0.48,1.14,1.49,0.48,1.01,0.13,0.0,0.13,1.62,0.48,1.14,0.17,0.05,0.21,0.08,0.13,2,0,2,0.86,63.0,53.8,23.1,25.0,43.95,0.47,0.72,218,6,13,6,27.66,8.33,11.24,2,5,17,5,11,105.7,67.15,6.07,4.29,39.0,26.78,5,Louisville City 0-2 Tampa Bay Rowdies,2026-05-30
Louisville City,0.48,1.62,-1.14,0.48,1.49,-1.01,0.0,0.13,-0.13,0.48,1.62,-1.14,0.05,0.17,0.08,0.21,-0.13,0,2,-2,-0.86,37.0,46.2,25.0,23.1,52.61,0.72,0.47,177,11,6,13,8.33,27.66,18.08,5,2,21,3,9,51.7,32.85,135.4,95.71,106.63,73.22,6,Louisville City 0-2 Tampa Bay Rowdies,2026-05-30
Rhode Island,2.1,1.09,1.01,1.91,0.79,1.12,0.19,0.3,-0.11,2.1,1.09,1.01,0.23,0.18,0.26,0.51,-0.25,0,1,-1,-2.01,53.3,55.28,25.5,30.2,49.86,1.39,0.43,237,25,20,8,14.39,18.6,11.07,8,3,33,6,9,145.6,76.35,44.73,45.18,123.27,73.39,5,Indy Eleven 1-0 Rhode Island,2026-05-30
Indy Eleven,1.09,2.1,-1.01,0.79,1.91,-1.12,0.3,0.19,0.11,1.09,2.1,-1.01,0.18,0.23,0.51,0.26,0.25,1,0,1,2.01,46.7,44.72,30.2,25.5,45.47,0.43,1.39,165,8,8,20,18.6,14.39,19.67,3,8,23,5,6,45.1,23.65,54.27,54.82,44.7,26.61,1,Indy Eleven 1-0 Rhode Island,2026-05-30
New Mexico United,0.51,1.01,-0.5,0.51,0.97,-0.46,0.0,0.03,-0.03,0.51,1.01,-0.5,0.0,0.28,0.0,0.12,-0.12,0,0,0,0.5,51.1,29.5,27.3,17.9,39.78,0.3,0.94,110,4,9,13,30.0,13.83,6.81,2,4,6,2,13,23.4,15.11,26.2,30.8,8.63,5.46,0,Hartford Athletic 0-0 New Mexico United,2026-05-30
Hartford Athletic,1.01,0.51,0.5,0.97,0.51,0.46,0.03,0.0,0.03,1.01,0.51,0.5,0.28,0.0,0.12,0.0,0.12,0,0,0,-0.5,48.9,70.5,17.9,27.3,53.89,0.94,0.3,192,16,13,9,13.83,30.0,8.68,4,2,38,8,20,131.5,84.89,58.87,69.2,149.4,94.54,7,Hartford Athletic 0-0 New Mexico United,2026-05-30
Detroit City,0.45,1.86,-1.41,0.4,1.71,-1.31,0.05,0.14,-0.09,0.45,1.86,-1.41,0.11,0.43,0.07,0.14,-0.07,0,2,-2,-0.59,50.7,54.08,21.5,21.6,47.85,0.32,0.85,209,8,9,10,28.12,11.76,12.75,0,7,26,6,9,87.7,50.29,35.0,33.06,36.33,16.52,0,Charleston Battery 2-0 Detroit City,2026-05-30
Charleston Battery,1.86,0.45,1.41,1.71,0.4,1.31,0.14,0.05,0.09,1.86,0.45,1.41,0.43,0.11,0.14,0.07,0.07,2,0,2,0.59,49.3,45.92,21.6,21.5,49.39,0.85,0.32,201,15,10,9,11.76,28.12,9.9,7,0,10,4,16,86.7,49.71,70.87,66.94,183.63,83.48,1,Charleston Battery 2-0 Detroit City,2026-05-30
San Antonio,1.51,2.3,-0.79,1.28,0.72,0.56,0.23,0.06,0.17,1.51,0.78,0.73,0.44,0.14,0.28,0.06,0.22,4,4,0,0.79,67.0,64.4,16.4,25.9,45.15,1.09,0.44,211,16,16,7,14.68,15.91,5.76,5,1,20,5,14,138.7,75.96,21.53,17.86,82.36,51.49,2,Sporting JAX 4-4 San Antonio,2026-05-27
Sporting JAX,2.3,1.51,0.79,0.72,1.28,-0.56,0.06,0.23,-0.17,0.78,1.51,-0.73,0.14,0.44,0.06,0.28,-0.22,4,4,0,-0.79,33.0,35.6,25.9,16.4,42.97,0.44,1.09,100,11,7,16,15.91,14.68,16.32,1,5,15,4,16,43.9,24.04,99.0,82.14,77.58,48.51,0,Sporting JAX 4-4 San Antonio,2026-05-27
Colorado Springs,2.38,0.66,1.72,2.36,0.61,1.75,0.02,0.05,-0.03,2.38,0.66,1.72,0.6,0.24,0.88,0.05,0.83,0,2,-2,-3.72,55.5,55.29,24.2,24.0,45.67,1.19,0.45,188,17,17,10,14.29,22.22,9.42,5,5,28,6,15,117.8,65.7,28.93,32.83,98.97,50.25,4,Las Vegas Lights 2-0 Colorado Springs,2026-05-23
Las Vegas Lights,0.66,2.38,-1.72,0.61,2.36,-1.75,0.05,0.02,0.03,0.66,2.38,-1.72,0.24,0.6,0.05,0.88,-0.83,2,0,2,3.72,44.5,44.71,24.0,24.2,43.98,0.45,1.19,142,4,10,17,22.22,14.29,10.03,5,5,13,2,15,61.5,34.3,59.2,67.17,97.97,49.75,0,Las Vegas Lights 2-0 Colorado Springs,2026-05-23
Oakland Roots,2.59,1.66,0.93,2.31,1.52,0.79,0.27,0.14,0.13,2.59,1.66,0.93,1.36,0.1,0.65,0.34,0.31,2,3,-1,-1.93,57.8,70.09,16.8,22.4,51.75,0.83,0.54,299,14,20,12,24.1,22.22,11.29,5,2,31,6,11,191.4,82.68,43.53,37.44,161.47,76.22,2,Orange County SC 3-2 Oakland Roots,2026-05-23
Orange County SC,1.66,2.59,-0.93,1.52,2.31,-0.79,0.14,0.27,-0.13,1.66,2.59,-0.93,0.1,1.36,0.34,0.65,-0.31,3,2,1,1.93,42.2,29.91,22.4,16.8,42.05,0.54,0.83,136,9,12,20,22.22,24.1,17.39,2,5,13,3,5,40.1,17.32,72.73,62.56,50.37,23.78,5,Orange County SC 3-2 Oakland Roots,2026-05-23
Birmingham Legion,1.68,1.17,0.51,1.63,1.15,0.48,0.05,0.03,0.02,1.68,1.17,0.51,0.58,0.3,0.32,0.03,0.29,0,2,-2,-2.51,45.6,49.49,21.6,15.3,47.57,0.7,0.61,204,10,8,9,11.43,14.75,12.36,6,8,13,4,15,105.8,49.42,86.0,67.36,97.5,55.78,0,Monterey Bay 2-0 Birmingham Legion,2026-05-23
Monterey Bay,1.17,1.68,-0.51,1.15,1.63,-0.48,0.03,0.05,-0.02,1.17,1.68,-0.51,0.3,0.58,0.03,0.32,-0.29,2,0,2,2.51,54.4,50.51,15.3,21.6,42.87,0.61,0.7,191,10,9,8,14.75,11.43,7.02,8,6,13,4,24,108.3,50.58,41.67,32.64,77.3,44.22,2,Monterey Bay 2-0 Birmingham Legion,2026-05-23
Charleston Battery,2.05,1.73,0.32,1.67,1.71,-0.04,0.38,0.02,0.36,2.05,1.73,0.32,0.27,0.58,0.69,0.02,0.67,0,1,-1,-1.32,46.8,54.98,20.2,27.4,44.67,1.53,0.74,163,24,13,12,8.5,16.22,14.22,1,4,24,6,8,116.1,58.9,78.47,68.63,135.63,69.11,3,New Mexico United 1-0 Charleston Battery,2026-05-23
New Mexico United,1.73,2.05,-0.32,1.71,1.67,0.04,0.02,0.38,-0.36,1.73,2.05,-0.32,0.58,0.27,0.02,0.69,-0.67,1,0,1,1.32,53.2,45.02,27.4,20.2,41.99,0.74,1.53,158,10,12,13,16.22,8.5,10.13,4,1,11,4,17,81.0,41.1,35.87,31.37,60.63,30.89,1,New Mexico United 1-0 Charleston Battery,2026-05-23
Sacramento Republic,2.56,0.67,1.89,1.68,0.67,1.01,0.87,0.0,0.87,2.56,0.67,1.89,0.27,0.0,0.93,0.0,0.93,1,2,-1,-2.89,58.3,78.54,14.6,17.5,50.93,0.96,0.28,251,14,15,9,15.62,32.14,7.9,8,2,23,7,12,146.7,95.14,43.4,38.11,122.17,73.88,2,San Antonio 2-1 Sacramento Republic,2026-05-23
San Antonio,0.67,2.56,-1.89,0.67,1.68,-1.01,0.0,0.87,-0.87,0.67,2.56,-1.89,0.0,0.27,0.0,0.93,-0.93,2,1,1,2.89,41.7,21.46,17.5,14.6,37.02,0.28,0.96,82,2,9,15,32.14,15.62,11.23,2,8,3,0,19,7.5,4.86,70.47,61.89,43.2,26.12,0,San Antonio 2-1 Sacramento Republic,2026-05-23
Phoenix Rising,0.98,2.25,-1.27,0.95,2.19,-1.24,0.02,0.06,-0.04,0.98,2.25,-1.27,0.73,0.0,0.03,0.77,-0.74,0,3,-3,-1.73,53.1,44.17,20.8,19.6,43.44,0.59,0.75,180,4,8,13,13.56,17.33,8.21,2,5,10,3,15,46.9,30.2,30.2,32.97,20.83,7.94,3,Tampa Bay Rowdies 3-0 Phoenix Rising,2026-05-23
Tampa Bay Rowdies,2.25,0.98,1.27,2.19,0.95,1.24,0.06,0.02,0.04,2.25,0.98,1.27,0.0,0.73,0.77,0.03,0.74,3,0,3,1.73,46.9,55.83,19.6,20.8,47.12,0.75,0.59,189,16,13,8,17.33,13.56,10.76,5,2,12,3,21,108.4,69.8,61.4,67.03,241.64,92.06,2,Tampa Bay Rowdies 3-0 Phoenix Rising,2026-05-23
Brooklyn,0.36,2.86,-2.5,0.35,2.8,-2.45,0.01,0.06,-0.05,0.36,2.86,-2.5,0.34,0.26,0.09,1.67,-1.58,1,4,-3,-0.5,51.6,56.21,16.5,15.3,49.72,0.89,0.96,240,11,4,18,4.49,18.75,10.38,7,6,23,3,19,63.1,42.46,37.53,35.43,56.51,29.18,2,Rhode Island 4-1 Brooklyn,2026-05-23
Rhode Island,2.86,0.36,2.5,2.8,0.35,2.45,0.06,0.01,0.05,2.86,0.36,2.5,0.26,0.34,1.67,0.09,1.58,4,1,3,0.5,48.4,43.79,15.3,16.5,43.76,0.96,0.89,159,18,18,4,18.75,4.49,8.15,6,7,17,2,11,85.5,57.54,68.4,64.57,137.18,70.82,4,Rhode Island 4-1 Brooklyn,2026-05-23
Lexington,0.48,1.67,-1.19,0.43,1.35,-0.92,0.06,0.32,-0.26,0.48,1.67,-1.19,0.2,1.12,0.1,0.32,-0.22,1,3,-2,-0.81,51.9,44.11,11.0,19.0,41.32,0.42,1.49,145,5,8,16,19.05,10.74,10.23,3,4,16,6,11,17.3,12.77,31.6,40.45,10.97,6.14,6,Indy Eleven 3-1 Lexington,2026-05-23
Indy Eleven,1.67,0.48,1.19,1.35,0.43,0.92,0.32,0.06,0.26,1.67,0.48,1.19,1.12,0.2,0.32,0.1,0.22,3,1,2,0.81,48.1,55.89,19.0,11.0,49.78,1.49,0.42,207,16,16,8,10.74,19.05,14.62,4,3,28,5,17,118.2,87.23,46.53,59.55,167.63,93.86,0,Indy Eleven 3-1 Lexington,2026-05-23
Louisville City,1.69,2.09,-0.4,1.61,2.09,-0.48,0.09,0.0,0.09,1.69,2.09,-0.4,0.38,0.17,0.24,0.0,0.24,3,4,-1,-0.6,60.3,79.33,20.3,9.4,52.89,1.25,0.41,302,29,17,7,13.6,17.07,7.93,4,0,28,9,20,184.7,94.33,33.6,34.54,164.63,84.82,4,Miami 4-3 Louisville City,2026-05-23
Miami,2.09,1.69,0.4,2.09,1.61,0.48,0.0,0.09,-0.09,2.09,1.69,0.4,0.17,0.38,0.0,0.24,-0.24,4,3,1,0.6,39.7,20.67,9.4,20.3,38.66,0.41,1.25,93,4,7,17,17.07,13.6,12.26,0,4,5,0,15,11.1,5.67,63.67,65.46,29.47,15.18,0,Miami 4-3 Louisville City,2026-05-23
Detroit City,0.79,0.36,0.43,0.61,0.36,0.25,0.18,0.0,0.18,0.79,0.36,0.43,0.16,0.07,0.18,0.0,0.18,0,0,0,-0.43,45.1,42.34,19.7,23.2,43.31,0.45,0.48,146,9,7,5,15.56,10.42,10.49,5,5,13,5,14,56.9,39.19,40.33,63.75,52.7,44.14,1,Loudoun United 0-0 Detroit City,2026-05-23
Loudoun United,0.36,0.79,-0.43,0.36,0.61,-0.25,0.0,0.18,-0.18,0.36,0.79,-0.43,0.07,0.16,0.0,0.18,-0.18,0,0,0,0.43,54.9,57.66,23.2,19.7,47.93,0.48,0.45,208,5,5,7,10.42,15.56,8.15,5,5,13,1,20,88.3,60.81,22.93,36.25,66.7,55.86,0,Loudoun United 0-0 Detroit City,2026-05-23
Hartford Athletic,1.68,1.34,0.34,1.35,0.47,0.88,0.33,0.11,0.22,1.68,0.58,1.1,0.12,0.0,0.77,0.55,0.22,0,2,-2,-2.34,68.5,71.31,15.4,27.8,48.97,0.92,0.11,200,21,18,6,19.57,54.55,6.07,2,0,17,5,13,154.3,80.53,3.6,3.36,79.17,51.01,4,FC Tulsa 2-0 Hartford Athletic,2026-05-22
FC Tulsa,1.34,1.68,-0.34,0.47,1.35,-0.88,0.11,0.33,-0.22,0.58,1.68,-1.1,0.0,0.12,0.55,0.77,-0.22,2,0,2,2.34,31.5,28.69,27.8,15.4,42.21,0.11,0.92,66,5,6,18,54.55,19.57,13.62,0,2,5,3,15,37.3,19.47,103.47,96.64,76.03,48.99,6,FC Tulsa 2-0 Hartford Athletic,2026-05-22
Tampa Bay Rowdies,2.32,0.65,1.67,1.81,0.61,1.2,0.51,0.04,0.47,2.32,0.65,1.67,0.17,0.29,0.72,0.1,0.62,1,0,1,-0.67,39.2,56.76,31.7,18.6,47.97,0.68,0.45,145,20,17,9,25.0,20.0,10.85,3,4,15,7,15,109.5,72.42,135.2,99.03,238.77,94.5,5,New Mexico United 0-1 Tampa Bay Rowdies,2026-05-20
New Mexico United,0.65,2.32,-1.67,0.61,1.81,-1.2,0.04,0.51,-0.47,0.65,2.32,-1.67,0.29,0.17,0.1,0.72,-0.62,0,1,-1,0.67,60.8,43.24,18.6,31.7,38.25,0.45,0.68,135,8,9,17,20.0,25.0,6.56,4,3,9,4,13,41.7,27.58,1.33,0.97,13.9,5.5,2,New Mexico United 0-1 Tampa Bay Rowdies,2026-05-20
Miami,1.43,0.65,0.78,1.16,0.65,0.51,0.27,0.0,0.27,1.43,0.65,0.78,0.42,0.27,0.6,0.17,0.43,1,2,-1,-1.78,57.2,49.13,14.9,21.9,46.19,0.45,0.63,187,12,9,8,20.0,12.7,7.78,3,9,20,5,23,75.5,48.3,30.93,22.53,43.33,23.9,3,Detroit City 2-1 Miami,2026-05-20
Detroit City,0.65,1.43,-0.78,0.65,1.16,-0.51,0.0,0.27,-0.27,0.65,1.43,-0.78,0.27,0.42,0.17,0.6,-0.43,2,1,1,1.78,42.8,50.87,21.9,14.9,51.15,0.63,0.45,176,13,8,9,12.7,20.0,8.25,9,3,18,1,11,80.8,51.7,106.33,77.47,137.93,76.1,1,Detroit City 2-1 Miami,2026-05-20
San Antonio,1.54,1.38,0.16,1.54,1.23,0.31,0.0,0.15,-0.15,1.54,1.38,0.16,0.87,0.18,0.16,0.5,-0.34,1,1,0,-0.16,52.4,48.28,10.9,21.7,43.81,0.61,0.52,169,10,11,14,18.03,26.92,11.55,2,4,12,3,14,71.0,46.04,27.8,29.64,54.1,35.57,0,Phoenix Rising 1-1 San Antonio,2026-05-09
Phoenix Rising,1.38,1.54,-0.16,1.23,1.54,-0.31,0.15,0.0,0.15,1.38,1.54,-0.16,0.18,0.87,0.5,0.16,0.34,1,1,0,0.16,47.6,51.72,21.7,10.9,48.48,0.52,0.61,187,10,14,11,26.92,18.03,11.24,4,2,11,3,14,83.2,53.96,66.0,70.36,98.0,64.43,3,Phoenix Rising 1-1 San Antonio,2026-05-09
El Paso Locomotive,0.48,1.46,-0.98,0.43,1.27,-0.84,0.05,0.2,-0.15,0.48,1.46,-0.98,0.03,0.67,0.05,0.87,-0.82,1,2,-1,-0.02,34.3,23.34,23.8,18.3,43.19,0.57,1.0,124,9,5,15,8.77,15.0,20.4,6,10,7,1,7,13.8,4.74,171.13,94.48,65.4,35.67,0,Oakland Roots 2-1 El Paso Locomotive,2026-05-09
Oakland Roots,1.46,0.48,0.98,1.27,0.43,0.84,0.2,0.05,0.15,1.46,0.48,0.98,0.67,0.03,0.87,0.05,0.82,2,1,1,0.02,65.7,76.66,18.3,23.8,54.69,1.0,0.57,463,8,15,5,15.0,8.77,10.83,10,6,25,6,10,277.1,95.26,10.0,5.52,117.97,64.33,0,Oakland Roots 2-1 El Paso Locomotive,2026-05-09
Las Vegas Lights,1.04,1.82,-0.78,0.89,1.71,-0.82,0.15,0.11,0.04,1.04,1.82,-0.78,0.29,0.63,0.14,0.16,-0.02,1,3,-2,-1.22,40.7,53.53,22.7,16.2,49.8,0.62,0.6,198,9,12,18,19.35,30.0,16.45,5,8,23,5,10,77.4,45.03,125.67,79.7,119.6,54.06,2,New Mexico United 3-1 Las Vegas Lights,2026-05-09
New Mexico United,1.82,1.04,0.78,1.71,0.89,0.82,0.11,0.15,-0.04,1.82,1.04,0.78,0.63,0.29,0.16,0.14,0.02,3,1,2,1.22,59.3,46.47,16.2,22.7,44.34,0.6,0.62,213,10,18,12,30.0,19.35,9.87,8,5,13,5,9,94.5,54.97,32.0,20.3,101.63,45.94,0,New Mexico United 3-1 Las Vegas Lights,2026-05-09
Tampa Bay Rowdies,0.77,0.88,-0.11,0.4,0.76,-0.36,0.37,0.12,0.25,0.77,0.88,-0.11,0.28,0.09,0.26,0.41,-0.15,1,1,0,0.11,49.7,48.76,19.6,15.9,46.22,0.61,0.81,192,8,10,11,16.39,13.58,10.0,5,4,21,6,15,72.7,44.96,54.6,54.13,91.6,53.99,2,Rhode Island 1-1 Tampa Bay Rowdies,2026-05-09
Rhode Island,0.88,0.77,0.11,0.76,0.4,0.36,0.12,0.37,-0.25,0.88,0.77,0.11,0.09,0.28,0.41,0.26,0.15,1,1,0,-0.11,50.3,51.24,15.9,19.6,44.1,0.81,0.61,170,14,11,10,13.58,16.39,10.8,4,5,17,3,13,89.0,55.04,46.27,45.87,78.07,46.01,3,Rhode Island 1-1 Tampa Bay Rowdies,2026-05-09
Pittsburgh Riverhounds,0.43,2.62,-2.19,0.43,2.37,-1.94,0.0,0.25,-0.25,0.43,2.62,-2.19,0.36,0.6,0.4,0.61,-0.21,2,0,2,4.19,36.7,24.26,28.1,22.9,43.99,0.06,1.7,124,4,3,24,50.0,14.12,12.97,2,9,6,2,11,23.3,6.92,81.27,74.97,21.83,15.13,2,Louisville City 0-2 Pittsburgh Riverhounds,2026-05-09
Louisville City,2.62,0.43,2.19,2.37,0.43,1.94,0.25,0.0,0.25,2.62,0.43,2.19,0.6,0.36,0.61,0.4,0.21,0,2,-2,-4.19,63.3,75.74,22.9,28.1,56.33,1.7,0.06,399,25,24,3,14.12,50.0,7.5,9,2,49,12,19,313.6,93.08,27.13,25.03,122.5,84.87,3,Louisville City 0-2 Pittsburgh Riverhounds,2026-05-09
Sporting JAX,0.53,2.1,-1.57,0.53,1.69,-1.16,0.0,0.4,-0.4,0.53,2.1,-1.57,0.0,0.31,0.15,1.13,-0.98,1,2,-1,0.57,45.7,36.65,26.9,29.5,43.69,0.42,1.48,154,2,8,26,19.05,17.57,14.55,1,5,16,2,10,26.9,12.32,39.0,42.89,23.6,10.41,3,Indy Eleven 2-1 Sporting JAX,2026-05-09
Indy Eleven,2.1,0.53,1.57,1.69,0.53,1.16,0.4,0.0,0.4,2.1,0.53,1.57,0.31,0.0,1.13,0.15,0.98,2,1,1,-0.57,54.3,63.35,29.5,26.9,51.6,1.48,0.42,238,24,26,8,17.57,19.05,9.5,5,1,33,10,16,191.5,87.68,51.93,57.11,203.13,89.59,2,Indy Eleven 2-1 Sporting JAX,2026-05-09
Detroit City,0.78,1.28,-0.5,0.62,1.25,-0.63,0.16,0.03,0.13,0.78,1.28,-0.5,0.17,0.49,0.32,0.19,0.13,1,2,-1,-0.5,55.3,51.76,25.6,10.3,47.71,0.39,0.6,175,13,10,12,25.64,20.0,7.97,3,5,27,8,15,55.1,44.65,11.73,16.28,35.27,23.67,2,Hartford Athletic 2-1 Detroit City,2026-05-09
Hartford Athletic,1.28,0.78,0.5,1.25,0.62,0.63,0.03,0.16,-0.13,1.28,0.78,0.5,0.49,0.17,0.19,0.32,-0.13,2,1,1,0.5,44.7,48.24,10.3,25.6,46.49,0.6,0.39,127,18,12,10,20.0,25.64,10.14,5,3,21,4,15,68.3,55.35,60.33,83.72,113.73,76.33,6,Hartford Athletic 2-1 Detroit City,2026-05-09
Loudoun United,0.64,0.63,0.01,0.61,0.63,-0.02,0.03,0.0,0.03,0.64,0.63,0.01,0.03,0.08,0.14,0.0,0.14,1,0,1,0.99,45.8,55.19,18.1,26.3,48.56,0.52,0.57,204,11,10,9,19.23,15.79,8.85,7,2,11,1,19,97.2,69.53,58.0,61.44,126.73,82.15,0,Brooklyn 0-1 Loudoun United,2026-05-09
Brooklyn,0.63,0.64,-0.01,0.63,0.61,0.02,0.0,0.03,-0.03,0.63,0.64,-0.01,0.08,0.03,0.0,0.14,-0.14,0,1,-1,-0.99,54.2,44.81,26.3,18.1,46.87,0.57,0.52,214,9,9,10,15.79,19.23,10.5,2,7,28,5,15,42.6,30.47,36.4,38.56,27.53,17.85,2,Brooklyn 0-1 Loudoun United,2026-05-09
Orange County SC,1.44,1.66,-0.22,1.44,0.73,0.71,0.0,0.17,-0.17,1.44,0.9,0.54,0.0,0.46,0.06,0.26,-0.2,2,2,0,0.22,40.4,21.97,22.0,21.0,40.08,0.29,0.81,88,4,8,14,27.59,17.28,11.5,3,7,4,0,14,19.1,9.79,65.73,83.56,26.97,22.68,0,Colorado Springs 2-2 Orange County SC,2026-05-08
Colorado Springs,1.66,1.44,0.22,0.73,1.44,-0.71,0.17,0.0,0.17,0.9,1.44,-0.54,0.46,0.0,0.26,0.06,0.2,2,2,0,-0.22,59.6,78.03,21.0,22.0,50.59,0.81,0.29,241,17,14,8,17.28,27.59,6.52,7,3,28,5,15,175.9,90.21,12.93,16.44,91.97,77.32,5,Colorado Springs 2-2 Orange County SC,2026-05-08
Monterey Bay,1.75,2.37,-0.62,1.75,2.2,-0.45,0.0,0.17,-0.17,1.75,2.37,-0.62,0.76,0.8,0.83,0.71,0.12,1,3,-2,-1.38,52.4,54.86,18.3,24.4,43.6,0.59,0.94,198,7,11,16,18.64,17.02,11.08,4,4,16,1,12,106.1,50.33,53.13,36.59,61.68,25.75,2,Lexington 3-1 Monterey Bay,2026-05-08
Lexington,2.37,1.75,0.62,2.2,1.75,0.45,0.17,0.0,0.17,2.37,1.75,0.62,0.8,0.76,0.71,0.83,-0.12,3,1,2,1.38,47.6,45.14,24.4,18.3,43.34,0.94,0.59,169,14,16,11,17.02,18.64,15.29,4,4,13,6,14,104.7,49.67,92.07,63.41,177.9,74.25,3,Lexington 3-1 Monterey Bay,2026-05-08
Miami,0.9,1.7,-0.8,0.9,1.7,-0.8,0.0,0.0,0.0,0.9,1.7,-0.8,0.0,0.03,0.13,0.22,-0.09,0,0,0,0.8,46.2,37.23,29.6,22.9,43.09,0.25,0.59,143,8,7,15,28.0,25.42,9.79,1,2,12,3,14,25.0,16.35,68.07,62.37,39.83,25.6,1,Birmingham Legion 0-0 Miami,2026-05-07
Birmingham Legion,1.7,0.9,0.8,1.7,0.9,0.8,0.0,0.0,0.0,1.7,0.9,0.8,0.03,0.0,0.22,0.13,0.09,0,0,0,-0.8,53.8,62.77,22.9,29.6,49.61,0.59,0.25,248,9,15,7,25.42,28.0,11.15,2,1,17,5,18,127.9,83.65,41.07,37.63,115.73,74.4,0,Birmingham Legion 0-0 Miami,2026-05-07
El Paso Locomotive,2.73,1.95,0.78,2.73,1.41,1.32,0.01,0.55,-0.54,2.73,1.95,0.78,0.0,0.0,0.26,0.55,-0.29,2,2,0,-0.78,49.4,65.61,24.0,11.1,50.93,1.75,0.63,229,22,22,12,12.57,19.05,10.81,8,6,21,6,13,171.7,77.45,58.8,57.95,167.2,79.03,2,New Mexico United 2-2 El Paso Locomotive,2026-05-06
New Mexico United,1.95,2.73,-0.78,1.41,2.73,-1.32,0.55,0.01,0.54,1.95,2.73,-0.78,0.0,0.0,0.55,0.26,0.29,2,2,0,0.78,50.6,34.39,11.1,24.0,40.99,0.63,1.75,149,9,12,22,19.05,12.57,9.29,6,8,7,4,15,50.0,22.55,42.67,42.05,44.37,20.97,0,New Mexico United 2-2 El Paso Locomotive,2026-05-06
FC Tulsa,1.31,1.77,-0.46,0.51,1.59,-1.08,0.04,0.17,-0.13,0.55,1.77,-1.22,0.27,1.35,0.18,0.09,0.09,2,1,1,1.46,40.3,53.27,28.1,18.9,53.97,0.73,0.94,186,11,8,8,10.96,8.51,10.86,3,4,11,2,18,88.1,47.91,127.87,90.98,153.7,83.76,4,Monterey Bay 1-2 FC Tulsa,2026-05-03
Monterey Bay,1.77,1.31,0.46,1.59,0.51,1.08,0.17,0.04,0.13,1.77,0.55,1.22,1.35,0.27,0.09,0.18,-0.09,1,2,-1,-1.46,59.7,46.73,18.9,28.1,43.71,0.94,0.73,184,9,8,8,8.51,10.96,7.75,4,3,19,5,19,95.8,52.09,12.67,9.02,29.8,16.24,2,Monterey Bay 1-2 FC Tulsa,2026-05-03
Lexington,2.16,0.67,1.49,1.73,0.5,1.23,0.43,0.17,0.26,2.16,0.67,1.49,0.73,0.16,0.82,0.52,0.3,1,2,-1,-2.49,54.3,67.09,18.5,11.6,46.14,0.96,0.13,200,13,14,8,14.58,61.54,11.91,3,3,20,2,15,135.2,79.2,67.6,48.29,155.73,77.45,3,Las Vegas Lights 2-1 Lexington,2026-05-02
Las Vegas Lights,0.67,2.16,-1.49,0.5,1.73,-1.23,0.17,0.43,-0.26,0.67,2.16,-1.49,0.16,0.73,0.52,0.82,-0.3,2,1,1,2.49,45.7,32.91,11.6,18.5,40.34,0.13,0.96,138,5,8,14,61.54,14.58,12.39,3,3,7,2,11,35.5,20.8,72.4,51.71,45.33,22.55,0,Las Vegas Lights 2-1 Lexington,2026-05-02
Orange County SC,1.92,2.66,-0.74,1.0,1.29,-0.29,0.16,0.61,-0.45,1.16,1.9,-0.74,0.39,0.25,0.2,1.34,-1.14,2,3,-1,-0.26,40.8,32.93,20.0,24.5,47.37,0.53,0.98,143,9,14,18,26.42,18.37,14.33,4,3,16,5,8,39.4,19.01,70.87,76.53,41.5,35.82,1,Sacramento Republic 3-2 Orange County SC,2026-05-02
Sacramento Republic,2.66,1.92,0.74,1.29,1.0,0.29,0.61,0.16,0.45,1.9,1.16,0.74,0.25,0.39,1.34,0.2,1.14,3,2,1,0.26,59.2,67.07,24.5,20.0,53.38,0.98,0.53,296,15,18,14,18.37,26.42,9.06,3,4,42,14,11,167.9,80.99,21.73,23.47,74.37,64.18,0,Sacramento Republic 3-2 Orange County SC,2026-05-02
Colorado Springs,0.6,1.7,-1.1,0.51,1.51,-1.0,0.09,0.19,-0.1,0.6,1.7,-1.1,0.0,0.52,0.09,0.45,-0.36,3,3,0,1.1,41.9,49.3,24.4,20.3,48.43,0.26,0.93,121,5,9,18,34.62,19.35,7.74,8,5,8,1,17,60.7,33.82,67.6,86.81,91.87,54.02,1,San Antonio 3-3 Colorado Springs,2026-05-02
San Antonio,1.7,0.6,1.1,1.51,0.51,1.0,0.19,0.09,0.1,1.7,0.6,1.1,0.52,0.0,0.45,0.09,0.36,3,3,0,-1.1,58.1,50.7,20.3,24.4,41.36,0.93,0.26,115,14,18,9,19.35,34.62,5.46,5,8,21,6,17,118.8,66.18,10.27,13.19,78.2,45.98,2,San Antonio 3-3 Colorado Springs,2026-05-02
Indy Eleven,0.73,2.2,-1.47,0.71,1.69,-0.98,0.03,0.51,-0.48,0.73,2.2,-1.47,0.05,1.02,0.24,1.14,-0.9,0,1,-1,0.47,33.4,47.74,25.8,20.0,51.5,0.71,1.23,132,13,13,13,18.31,10.57,11.1,4,4,24,3,11,61.0,37.63,141.33,98.01,139.73,70.96,1,Tampa Bay Rowdies 1-0 Indy Eleven,2026-05-02
Tampa Bay Rowdies,2.2,0.73,1.47,1.69,0.71,0.98,0.51,0.03,0.48,2.2,0.73,1.47,1.02,0.05,1.14,0.24,0.9,1,0,1,-0.47,66.6,52.26,20.0,25.8,43.63,1.23,0.71,203,13,13,13,10.57,18.31,5.84,4,4,22,6,19,101.1,62.37,2.87,1.99,57.17,29.04,2,Tampa Bay Rowdies 1-0 Indy Eleven,2026-05-02
Birmingham Legion,2.3,2.08,0.22,2.26,1.92,0.34,0.04,0.16,-0.12,2.3,2.08,0.22,0.58,0.45,0.27,0.5,-0.23,3,1,2,1.78,39.0,26.69,20.7,14.6,44.07,0.7,1.18,136,5,11,19,15.71,16.1,9.95,5,6,14,4,15,19.1,8.08,88.13,84.47,53.17,35.88,0,Rhode Island 1-3 Birmingham Legion,2026-05-02
Rhode Island,2.08,2.3,-0.22,1.92,2.26,-0.34,0.16,0.04,0.12,2.08,2.3,-0.22,0.45,0.58,0.5,0.27,0.23,1,3,-2,-1.78,61.0,73.31,14.6,20.7,49.4,1.18,0.7,267,17,19,11,16.1,15.71,8.36,6,5,20,3,12,217.3,91.92,16.2,15.53,95.03,64.12,4,Rhode Island 1-3 Birmingham Legion,2026-05-02
Phoenix Rising,1.28,1.56,-0.28,1.28,1.56,-0.28,0.0,0.0,0.0,1.28,1.56,-0.28,0.03,0.43,0.0,0.18,-0.18,1,0,1,1.28,52.3,38.83,18.7,18.8,42.36,0.33,0.58,211,10,8,9,24.24,15.52,11.21,2,7,11,3,15,59.3,37.75,58.33,46.0,54.13,38.64,2,Pittsburgh Riverhounds 0-1 Phoenix Rising,2026-05-02
Pittsburgh Riverhounds,1.56,1.28,0.28,1.56,1.28,0.28,0.0,0.0,0.0,1.56,1.28,0.28,0.43,0.03,0.18,0.0,0.18,0,1,-1,-1.28,47.7,61.17,18.8,18.7,44.74,0.58,0.33,221,5,9,8,15.52,24.24,11.58,7,2,15,2,14,97.8,62.25,68.47,54.0,85.97,61.36,0,Pittsburgh Riverhounds 0-1 Phoenix Rising,2026-05-02
Brooklyn,1.35,2.75,-1.4,1.3,2.59,-1.29,0.05,0.15,-0.1,1.35,2.75,-1.4,0.26,0.43,0.28,0.55,-0.27,2,3,-1,0.4,53.4,49.66,17.6,15.2,45.42,0.73,1.38,188,19,10,16,13.7,11.59,6.41,8,6,17,5,16,61.1,39.8,32.0,35.22,67.1,38.66,0,Miami 3-2 Brooklyn,2026-05-02
Miami,2.75,1.35,1.4,2.59,1.3,1.29,0.15,0.05,0.1,2.75,1.35,1.4,0.43,0.26,0.55,0.28,0.27,3,2,1,-0.4,46.6,50.34,15.2,17.6,46.74,1.38,0.73,169,19,16,10,11.59,13.7,8.47,6,8,15,8,18,92.4,60.2,58.87,64.78,106.47,61.34,1,Miami 3-2 Brooklyn,2026-05-02
Sporting JAX,0.23,1.83,-1.6,0.11,1.64,-1.53,0.12,0.19,-0.07,0.23,1.83,-1.6,0.0,0.28,0.19,0.13,0.06,0,4,-4,-2.4,26.9,25.7,30.8,18.7,38.04,0.11,0.7,67,7,3,14,27.27,20.0,17.6,2,4,10,2,19,14.6,7.77,162.4,97.52,20.26,7.94,1,Charleston Battery 4-0 Sporting JAX,2026-05-02
Charleston Battery,1.83,0.23,1.6,1.64,0.11,1.53,0.19,0.12,0.07,1.83,0.23,1.6,0.28,0.0,0.13,0.19,-0.06,4,0,4,2.4,73.1,74.3,18.7,30.8,46.4,0.7,0.11,279,11,14,3,20.0,27.27,7.56,4,2,17,8,16,173.4,92.23,4.13,2.48,234.93,92.06,1,Charleston Battery 4-0 Sporting JAX,2026-05-02
Louisville City,2.43,2.0,0.43,2.25,1.58,0.67,0.18,0.42,-0.24,2.43,2.0,0.43,0.29,0.78,0.71,1.21,-0.5,1,2,-1,-1.43,49.3,50.0,32.9,31.6,49.86,0.62,0.78,189,10,16,16,25.81,20.51,8.06,5,4,17,2,17,94.2,45.44,30.53,51.98,94.47,52.87,2,Detroit City 2-1 Louisville City,2026-05-02
Detroit City,2.0,2.43,-0.43,1.58,2.25,-0.67,0.42,0.18,0.24,2.0,2.43,-0.43,0.78,0.29,1.21,0.71,0.5,2,1,1,1.43,50.7,50.0,31.6,32.9,49.98,0.78,0.62,167,11,16,16,20.51,25.81,11.36,4,5,23,6,11,113.1,54.56,28.2,48.02,84.23,47.13,1,Detroit City 2-1 Louisville City,2026-05-02
Oakland Roots,1.67,2.99,-1.32,1.07,1.9,-0.83,0.6,0.33,0.27,1.67,2.23,-0.56,0.35,0.45,0.87,0.51,0.36,2,2,0,1.32,57.6,57.14,19.2,27.3,46.48,0.75,0.56,224,18,15,17,20.0,30.36,9.18,2,9,19,8,9,116.1,52.7,28.33,26.86,85.77,39.09,2,Loudoun United 2-2 Oakland Roots,2026-05-02
Loudoun United,2.99,1.67,1.32,1.9,1.07,0.83,0.33,0.6,-0.27,2.23,1.67,0.56,0.45,0.35,0.51,0.87,-0.36,2,2,0,-1.32,42.4,42.86,27.3,19.2,46.32,0.56,0.75,158,16,17,15,30.36,20.0,10.78,9,2,13,7,16,104.2,47.3,77.13,73.14,133.67,60.91,0,Loudoun United 2-2 Oakland Roots,2026-05-02
FC Tulsa,3.12,1.9,1.22,2.69,1.14,1.55,0.43,0.0,0.43,3.12,1.14,1.98,1.07,0.21,2.41,0.08,2.33,4,1,3,1.78,49.0,56.3,20.0,18.3,50.59,1.35,0.67,213,14,9,14,6.67,20.9,12.7,5,2,13,3,15,89.7,59.21,58.07,48.07,95.7,65.92,1,El Paso Locomotive 1-4 FC Tulsa,2026-04-29
El Paso Locomotive,1.9,3.12,-1.22,1.14,2.69,-1.55,0.0,0.43,-0.43,1.14,3.12,-1.98,0.21,1.07,0.08,2.41,-2.33,1,4,-3,-1.78,51.0,43.7,18.3,20.0,43.89,0.67,1.35,153,12,14,9,20.9,6.67,11.43,2,5,12,1,13,61.8,40.79,62.73,51.93,49.47,34.08,0,El Paso Locomotive 1-4 FC Tulsa,2026-04-29
Las Vegas Lights,1.16,2.95,-1.79,1.16,2.12,-0.96,0.0,0.07,-0.07,1.16,2.19,-1.03,0.24,1.71,0.01,0.08,-0.07,2,4,-2,-0.21,45.5,51.06,22.5,18.9,45.87,0.46,0.56,178,8,7,12,15.22,21.43,10.09,5,6,13,0,17,61.3,46.23,102.47,80.14,53.06,34.11,0,Oakland Roots 4-2 Las Vegas Lights,2026-04-22
Oakland Roots,2.95,1.16,1.79,2.12,1.16,0.96,0.07,0.0,0.07,2.19,1.16,1.03,1.71,0.24,0.08,0.01,0.07,4,2,2,0.21,54.5,48.94,18.9,22.5,39.04,0.56,0.46,152,8,12,7,21.43,15.22,9.53,6,5,20,7,14,71.3,53.77,25.4,19.86,102.49,65.89,0,Oakland Roots 4-2 Las Vegas Lights,2026-04-22
Charleston Battery,1.36,2.51,-1.15,1.16,1.61,-0.45,0.2,0.14,0.06,1.36,1.75,-0.39,0.21,0.51,0.81,0.37,0.44,0,4,-4,-2.85,62.4,65.88,15.9,29.7,45.6,0.7,0.48,215,19,13,13,18.57,27.08,8.15,5,4,20,8,11,115.8,66.13,28.4,23.51,66.43,36.68,1,Rhode Island 4-0 Charleston Battery,2026-04-22
Rhode Island,2.51,1.36,1.15,1.61,1.16,0.45,0.14,0.2,-0.06,1.75,1.36,0.39,0.51,0.21,0.37,0.81,-0.44,4,0,4,2.85,37.6,34.12,29.7,15.9,41.92,0.48,0.7,117,10,13,13,27.08,18.57,16.65,4,5,10,3,10,59.3,33.87,92.4,76.49,114.68,63.32,2,Rhode Island 4-0 Charleston Battery,2026-04-22
Sacramento Republic,1.69,1.14,0.55,0.93,1.14,-0.21,0.0,0.0,0.0,0.93,1.14,-0.21,0.0,0.0,0.64,0.02,0.62,1,1,0,-0.55,61.1,62.29,18.8,29.2,50.51,0.58,0.39,281,10,11,8,18.97,20.51,7.22,6,6,21,5,13,145.6,83.58,36.27,25.77,96.33,60.45,8,Brooklyn 1-1 Sacramento Republic,2026-04-21
Brooklyn,1.14,1.69,-0.55,1.14,0.93,0.21,0.0,0.0,0.0,1.14,0.93,0.21,0.0,0.0,0.02,0.64,-0.62,1,1,0,0.55,38.9,37.71,29.2,18.8,44.6,0.39,0.58,131,3,8,11,20.51,18.97,12.06,6,6,14,4,18,28.6,16.42,104.47,74.23,63.03,39.55,4,Brooklyn 1-1 Sacramento Republic,2026-04-21
Indy Eleven,0.57,2.84,-2.27,0.55,1.83,-1.28,0.02,0.26,-0.24,0.57,2.08,-1.51,0.43,0.02,0.31,0.28,0.03,2,2,0,2.27,30.7,32.01,23.4,17.3,46.78,0.43,0.68,115,9,8,18,18.6,26.47,17.39,4,3,14,2,12,27.6,12.87,170.47,95.37,108.0,47.98,1,Birmingham Legion 2-2 Indy Eleven,2026-04-19
Birmingham Legion,2.84,0.57,2.27,1.83,0.55,1.28,0.26,0.02,0.24,2.08,0.57,1.51,0.02,0.43,0.28,0.31,-0.03,2,2,0,-2.27,69.3,67.99,17.3,23.4,50.95,0.68,0.43,344,16,18,8,26.47,18.6,9.08,3,4,16,9,14,186.9,87.13,8.27,4.63,117.1,52.02,0,Birmingham Legion 2-2 Indy Eleven,2026-04-19
Lexington,0.38,0.89,-0.51,0.28,0.69,-0.41,0.1,0.2,-0.1,0.38,0.89,-0.51,0.05,0.3,0.21,0.26,-0.05,0,0,0,0.51,49.7,58.85,24.0,27.1,41.62,0.5,0.5,153,8,7,12,14.0,24.0,13.33,2,3,16,6,16,84.7,59.15,50.87,46.44,82.6,56.27,1,Orange County SC 0-0 Lexington,2026-04-18
Orange County SC,0.89,0.38,0.51,0.69,0.28,0.41,0.2,0.1,0.1,0.89,0.38,0.51,0.3,0.05,0.26,0.21,0.05,0,0,0,-0.51,50.3,41.15,27.1,24.0,41.25,0.5,0.5,140,8,12,7,24.0,14.0,14.88,3,2,19,5,10,58.5,40.85,58.67,53.56,64.2,43.73,0,Orange County SC 0-0 Lexington,2026-04-18
FC Tulsa,2.49,1.28,1.21,2.41,1.28,1.13,0.08,0.0,0.08,2.49,1.28,1.21,0.97,0.43,0.23,0.1,0.13,1,1,0,-1.21,55.0,63.23,35.4,23.1,50.59,1.99,0.45,271,26,20,7,10.05,15.56,10.85,5,2,37,4,14,182.9,88.79,43.87,41.73,144.93,86.55,3,Oakland Roots 1-1 FC Tulsa,2026-04-18
Oakland Roots,1.28,2.49,-1.21,1.28,2.41,-1.13,0.0,0.08,-0.08,1.28,2.49,-1.21,0.43,0.97,0.1,0.23,-0.13,1,1,0,1.21,45.0,36.77,23.1,35.4,44.79,0.45,1.99,157,5,7,20,15.56,10.05,17.68,2,5,12,1,8,23.1,11.21,61.27,58.27,22.53,13.45,1,Oakland Roots 1-1 FC Tulsa,2026-04-18
San Antonio,1.53,2.63,-1.1,1.53,1.44,0.09,0.01,1.19,-1.18,1.53,2.63,-1.1,0.1,1.48,0.21,0.02,0.19,3,2,1,2.1,36.4,26.5,11.5,21.2,40.89,0.37,1.29,103,8,13,19,35.14,14.73,17.36,2,9,14,5,5,27.4,13.84,113.13,91.09,77.4,47.59,2,El Paso Locomotive 2-3 San Antonio,2026-04-18
El Paso Locomotive,2.63,1.53,1.1,1.44,1.53,-0.09,1.19,0.01,1.18,2.63,1.53,1.1,1.48,0.1,0.02,0.21,-0.19,2,3,-1,-2.1,63.6,73.5,21.2,11.5,48.96,1.29,0.37,281,17,19,13,14.73,35.14,8.78,9,2,30,8,14,170.6,86.16,11.07,8.91,85.23,52.41,1,El Paso Locomotive 2-3 San Antonio,2026-04-18
Detroit City,1.61,1.5,0.11,1.43,1.41,0.02,0.18,0.1,0.08,1.61,1.5,0.11,0.68,0.0,0.29,0.17,0.12,1,2,-1,-1.11,68.3,59.27,23.7,30.2,42.13,0.62,0.27,207,12,19,11,30.65,40.74,11.37,2,2,25,9,10,125.3,70.16,1.13,0.75,50.53,25.32,0,Pittsburgh Riverhounds 2-1 Detroit City,2026-04-18
Pittsburgh Riverhounds,1.5,1.61,-0.11,1.41,1.43,-0.02,0.1,0.18,-0.08,1.5,1.61,-0.11,0.0,0.68,0.17,0.29,-0.12,2,1,1,1.11,31.7,40.73,30.2,23.7,48.06,0.27,0.62,123,7,11,19,40.74,30.65,14.38,2,2,15,4,13,53.3,29.84,149.93,99.25,149.0,74.68,0,Pittsburgh Riverhounds 2-1 Detroit City,2026-04-18
Phoenix Rising,2.62,3.04,-0.42,1.86,1.89,-0.03,0.0,0.39,-0.39,1.86,2.28,-0.42,0.01,0.16,0.01,0.0,0.01,3,0,3,3.42,49.3,37.35,19.0,26.8,43.85,0.15,1.25,146,4,9,16,60.0,12.8,8.58,3,2,10,4,21,46.2,28.34,62.47,51.94,70.07,48.94,3,Miami 0-3 Phoenix Rising,2026-04-18
Miami,3.04,2.62,0.42,1.89,1.86,0.03,0.39,0.0,0.39,2.28,1.86,0.42,0.16,0.01,0.0,0.01,-0.01,0,3,-3,-3.42,50.7,62.65,26.8,19.0,47.54,1.25,0.15,181,21,16,9,12.8,60.0,7.53,2,3,24,5,19,116.8,71.66,57.8,48.06,73.1,51.06,3,Miami 0-3 Phoenix Rising,2026-04-18
Loudoun United,0.96,1.77,-0.81,0.96,1.22,-0.26,0.01,0.55,-0.54,0.96,1.77,-0.81,0.06,0.34,0.25,1.33,-1.08,0,0,0,0.81,48.2,49.71,23.2,23.2,50.95,0.74,1.1,212,14,10,11,13.51,10.0,14.12,2,5,17,3,9,85.4,45.52,54.27,68.7,93.47,53.66,0,Hartford Athletic 0-0 Loudoun United,2026-04-18
Hartford Athletic,1.77,0.96,0.81,1.22,0.96,0.26,0.55,0.01,0.54,1.77,0.96,0.81,0.34,0.06,1.33,0.25,1.08,0,0,0,-0.81,51.8,50.29,23.2,23.2,51.56,1.1,0.74,250,13,11,10,10.0,13.51,11.37,5,2,27,6,11,102.2,54.48,24.73,31.3,80.73,46.34,6,Hartford Athletic 0-0 Loudoun United,2026-04-18
Sporting JAX,0.18,2.36,-2.18,0.06,1.92,-1.86,0.12,0.45,-0.33,0.18,2.36,-2.18,0.0,0.61,0.12,0.88,-0.76,0,1,-1,1.18,35.0,27.49,21.8,24.6,44.54,0.26,1.4,97,2,2,23,7.69,16.43,12.38,6,7,14,2,13,10.2,3.8,83.07,87.87,12.77,6.32,2,Louisville City 1-0 Sporting JAX,2026-04-18
Louisville City,2.36,0.18,2.18,1.92,0.06,1.86,0.45,0.12,0.33,2.36,0.18,2.18,0.61,0.0,0.88,0.12,0.76,1,0,1,-1.18,65.0,72.51,24.6,21.8,52.35,1.4,0.26,287,22,23,2,16.43,7.69,7.31,7,6,30,8,9,258.2,96.2,11.47,12.13,189.17,93.68,3,Louisville City 1-0 Sporting JAX,2026-04-18
Monterey Bay,0.47,3.46,-2.99,0.47,2.12,-1.65,0.0,0.58,-0.58,0.47,2.7,-2.23,0.03,0.36,0.19,1.42,-1.23,1,4,-3,-0.01,44.3,34.72,32.1,20.8,38.01,0.31,0.92,82,4,4,18,12.9,19.57,8.94,2,8,11,1,20,23.2,12.99,38.2,54.21,17.58,7.46,0,Colorado Springs 4-1 Monterey Bay,2026-04-18
Colorado Springs,3.46,0.47,2.99,2.12,0.47,1.65,0.58,0.0,0.58,2.7,0.47,2.23,0.36,0.03,1.42,0.19,1.23,4,1,3,0.01,55.7,65.28,20.8,32.1,51.13,0.92,0.31,206,18,18,4,19.57,12.9,5.92,8,2,18,5,19,155.4,87.01,32.27,45.79,218.16,92.54,5,Colorado Springs 4-1 Monterey Bay,2026-04-18
Tampa Bay Rowdies,1.43,1.06,0.37,1.01,1.0,0.01,0.42,0.06,0.36,1.43,1.06,0.37,0.0,0.11,1.37,0.11,1.26,1,1,0,-0.37,43.6,41.34,29.2,20.0,40.88,0.47,0.9,136,7,11,12,23.4,13.33,15.7,2,4,15,5,11,52.1,34.43,61.27,68.23,59.77,44.97,4,Charleston Battery 1-1 Tampa Bay Rowdies,2026-04-18
Charleston Battery,1.06,1.43,-0.37,1.0,1.01,-0.01,0.06,0.42,-0.36,1.06,1.43,-0.37,0.11,0.0,0.11,1.37,-1.26,1,1,0,0.37,56.4,58.66,20.0,29.2,46.76,0.9,0.47,199,14,12,11,13.33,23.4,10.39,4,2,19,6,12,99.2,65.57,28.53,31.77,73.13,55.03,0,Charleston Battery 1-1 Tampa Bay Rowdies,2026-04-18
Pittsburgh Riverhounds,0.85,0.87,-0.02,0.72,0.87,-0.15,0.13,0.0,0.13,0.85,0.87,-0.02,0.42,0.64,0.29,0.0,0.29,0,1,-1,-0.98,48.7,63.5,19.7,24.2,49.0,1.36,0.8,244,16,10,10,7.35,12.5,14.29,10,5,33,6,14,137.0,71.43,65.2,62.41,131.5,74.56,0,Birmingham Legion 1-0 Pittsburgh Riverhounds,2026-04-12
Birmingham Legion,0.87,0.85,0.02,0.87,0.72,0.15,0.0,0.13,-0.13,0.87,0.85,0.02,0.64,0.42,0.0,0.29,-0.29,1,0,1,0.98,51.3,36.5,24.2,19.7,42.93,0.8,1.36,186,4,10,10,12.5,7.35,20.55,5,10,7,1,9,54.8,28.57,39.27,37.59,44.87,25.44,0,Birmingham Legion 1-0 Pittsburgh Riverhounds,2026-04-12
Sacramento Republic,1.62,0.7,0.92,1.51,0.55,0.96,0.1,0.15,-0.05,1.62,0.7,0.92,0.0,0.32,0.22,0.15,0.07,1,1,0,-0.92,50.7,46.42,23.3,16.7,41.22,0.43,0.22,162,10,9,9,20.93,40.91,12.61,2,4,15,5,14,60.6,50.29,66.6,48.29,63.3,47.02,3,Las Vegas Lights 1-1 Sacramento Republic,2026-04-11
Las Vegas Lights,0.7,1.62,-0.92,0.55,1.51,-0.96,0.15,0.1,0.05,0.7,1.62,-0.92,0.32,0.0,0.15,0.22,-0.07,1,1,0,0.92,49.3,53.58,16.7,23.3,42.66,0.22,0.43,173,4,9,9,40.91,20.93,11.1,4,2,11,4,12,59.9,49.71,71.33,51.71,71.33,52.98,0,Las Vegas Lights 1-1 Sacramento Republic,2026-04-11
New Mexico United,0.49,2.83,-2.34,0.47,1.31,-0.84,0.01,0.0,0.01,0.49,1.31,-0.82,0.0,0.0,0.14,0.08,0.06,0,3,-3,-0.66,54.3,45.27,18.1,11.2,37.44,0.47,0.1,136,5,7,11,14.89,110.0,9.26,4,2,15,5,18,38.5,37.05,35.8,27.47,30.84,16.31,0,Phoenix Rising 3-0 New Mexico United,2026-04-11
Phoenix Rising,2.83,0.49,2.34,1.31,0.47,0.84,0.0,0.01,-0.01,1.31,0.49,0.82,0.0,0.0,0.08,0.14,-0.06,3,0,3,0.66,45.7,54.73,11.2,18.1,44.72,0.1,0.47,154,8,11,7,110.0,14.89,11.22,2,4,6,1,18,65.4,62.95,94.53,72.53,158.24,83.69,3,Phoenix Rising 3-0 New Mexico United,2026-04-11
Miami,1.54,2.62,-1.08,0.72,2.62,-1.9,0.82,0.0,0.82,1.54,2.62,-1.08,0.1,0.89,0.93,0.22,0.71,0,0,0,1.08,35.4,42.8,32.4,12.5,47.86,0.71,1.6,133,11,11,18,15.49,11.25,23.21,1,6,14,5,10,35.8,22.53,96.33,96.33,91.0,51.52,1,San Antonio 0-0 Miami,2026-04-11
San Antonio,2.62,1.54,1.08,2.62,0.72,1.9,0.0,0.82,-0.82,2.62,1.54,1.08,0.89,0.1,0.22,0.93,-0.71,0,0,0,-1.08,64.6,57.2,12.5,32.4,47.93,1.6,0.71,238,15,18,11,11.25,15.49,6.76,6,1,29,1,13,123.1,77.47,3.67,3.67,85.63,48.48,1,San Antonio 0-0 Miami,2026-04-11
Orange County SC,1.02,1.04,-0.02,1.02,0.62,0.4,0.0,0.42,-0.42,1.02,1.04,-0.02,0.18,0.06,0.18,0.42,-0.24,1,0,1,1.02,32.1,31.88,29.7,22.9,46.47,0.37,0.6,115,6,7,13,18.92,21.67,12.43,5,0,12,3,10,27.9,14.88,133.4,98.57,82.13,61.89,0,FC Tulsa 0-1 Orange County SC,2026-04-11
FC Tulsa,1.04,1.02,0.02,0.62,1.02,-0.4,0.42,0.0,0.42,1.04,1.02,0.02,0.06,0.18,0.42,0.18,0.24,0,1,-1,-1.02,67.9,68.12,22.9,29.7,49.7,0.6,0.37,276,16,13,7,21.67,18.92,8.07,0,5,30,4,18,159.6,85.12,1.93,1.43,50.57,38.11,0,FC Tulsa 0-1 Orange County SC,2026-04-11
Oakland Roots,0.92,2.06,-1.14,0.92,2.06,-1.14,0.0,0.0,0.0,0.92,2.06,-1.14,0.02,0.24,0.07,0.32,-0.25,2,2,0,1.14,49.1,44.48,21.3,21.4,44.37,0.58,0.72,172,7,9,13,15.52,18.06,14.46,4,2,11,1,9,48.8,38.46,35.53,33.08,8.36,4.13,2,Tampa Bay Rowdies 2-2 Oakland Roots,2026-04-11
Tampa Bay Rowdies,2.06,0.92,1.14,2.06,0.92,1.14,0.0,0.0,0.0,2.06,0.92,1.14,0.24,0.02,0.32,0.07,0.25,2,2,0,-1.14,50.9,55.52,21.4,21.3,47.74,0.72,0.58,203,15,13,9,18.06,15.52,15.26,2,4,29,7,10,78.1,61.54,71.87,66.92,193.96,95.87,2,Tampa Bay Rowdies 2-2 Oakland Roots,2026-04-11
Rhode Island,1.22,1.55,-0.33,1.22,1.37,-0.15,0.0,0.18,-0.18,1.22,1.55,-0.33,0.0,0.5,0.23,0.18,0.05,3,1,2,2.33,34.2,34.87,23.8,16.2,43.94,0.52,0.97,110,12,12,14,23.08,14.43,20.0,5,2,6,2,11,42.7,26.89,103.6,82.14,135.03,75.99,1,Lexington 1-3 Rhode Island,2026-04-11
Lexington,1.55,1.22,0.33,1.37,1.22,0.15,0.18,0.0,0.18,1.55,1.22,0.33,0.5,0.0,0.18,0.23,-0.05,1,3,-2,-2.33,65.8,65.13,16.2,23.8,45.46,0.97,0.52,244,12,14,12,14.43,23.08,7.91,2,5,32,9,13,116.1,73.11,22.53,17.86,42.67,24.01,1,Lexington 1-3 Rhode Island,2026-04-11
Monterey Bay,0.79,2.81,-2.02,0.41,2.35,-1.94,0.38,0.46,-0.08,0.79,2.81,-2.02,0.0,0.67,0.38,0.56,-0.18,1,3,-2,0.02,61.7,53.31,22.7,28.4,46.7,0.58,0.94,216,7,9,12,15.52,12.77,6.75,2,3,22,4,16,78.2,51.72,7.8,8.9,31.7,19.02,0,Indy Eleven 3-1 Monterey Bay,2026-04-11
Indy Eleven,2.81,0.79,2.02,2.35,0.41,1.94,0.46,0.38,0.08,2.81,0.79,2.02,0.67,0.0,0.56,0.38,0.18,3,1,2,-0.02,38.3,46.69,28.4,22.7,48.01,0.94,0.58,132,15,12,9,12.77,15.52,11.91,3,2,16,4,20,73.0,48.28,79.8,91.1,134.93,80.98,5,Indy Eleven 3-1 Monterey Bay,2026-04-11
El Paso Locomotive,2.43,1.46,0.97,1.1,1.42,-0.32,0.57,0.04,0.53,1.67,1.46,0.21,0.19,0.35,0.66,1.15,-0.49,4,0,4,3.03,57.7,52.99,21.3,23.8,40.94,0.93,0.7,169,8,11,11,11.83,15.71,11.43,3,12,19,5,13,99.6,57.41,20.07,18.85,95.07,54.12,0,Hartford Athletic 0-4 El Paso Locomotive,2026-04-11
Hartford Athletic,1.46,2.43,-0.97,1.42,1.1,0.32,0.04,0.57,-0.53,1.46,1.67,-0.21,0.35,0.19,1.15,0.66,0.49,0,4,-4,-3.03,42.3,47.01,23.8,21.3,45.88,0.7,0.93,164,8,11,11,15.71,11.83,9.1,12,3,18,1,18,73.9,42.59,86.4,81.15,80.6,45.88,1,Hartford Athletic 0-4 El Paso Locomotive,2026-04-11
Charleston Battery,1.22,1.5,-0.28,1.0,1.32,-0.32,0.23,0.17,0.06,1.22,1.5,-0.28,0.16,0.03,0.65,0.31,0.34,0,3,-3,-2.72,71.4,67.54,23.9,30.6,47.92,1.0,0.29,298,18,13,10,13.0,34.48,6.45,3,3,35,10,13,167.4,75.27,0.8,0.63,63.49,30.66,6,Brooklyn 3-0 Charleston Battery,2026-04-11
Brooklyn,1.5,1.22,0.28,1.32,1.0,0.32,0.17,0.23,-0.06,1.5,1.22,0.28,0.03,0.16,0.31,0.65,-0.34,3,0,3,2.72,28.6,32.46,30.6,23.9,46.08,0.29,1.0,106,11,10,13,34.48,13.0,13.66,3,3,17,8,11,55.0,24.73,125.8,99.37,143.62,69.34,0,Brooklyn 3-0 Charleston Battery,2026-04-11
Sporting JAX,0.38,2.29,-1.91,0.38,1.19,-0.81,0.0,1.1,-1.1,0.38,2.29,-1.91,0.15,0.09,0.07,1.14,-1.07,0,1,-1,0.91,38.4,46.77,35.7,17.0,46.98,0.55,0.46,144,8,4,17,7.27,36.96,7.68,8,4,10,3,23,48.9,22.98,94.53,86.2,78.3,32.87,4,Detroit City 1-0 Sporting JAX,2026-04-11
Detroit City,2.29,0.38,1.91,1.19,0.38,0.81,1.1,0.0,1.1,2.29,0.38,1.91,0.09,0.15,1.14,0.07,1.07,1,0,1,-0.91,61.6,53.23,17.0,35.7,44.92,0.46,0.55,196,12,17,4,36.96,7.27,6.54,4,8,11,3,15,163.9,77.02,15.13,13.8,159.9,67.13,0,Detroit City 1-0 Sporting JAX,2026-04-11
Louisville City,1.25,1.95,-0.7,1.08,1.27,-0.19,0.17,0.69,-0.52,1.25,1.95,-0.7,0.32,0.39,0.25,0.81,-0.56,3,3,0,0.7,52.2,59.57,18.9,34.6,51.42,0.87,0.84,267,16,16,13,18.39,15.48,10.88,7,5,21,8,12,128.4,71.81,47.73,62.26,129.63,82.59,1,Loudoun United 3-3 Louisville City,2026-04-10
Loudoun United,1.95,1.25,0.7,1.27,1.08,0.19,0.69,0.17,0.52,1.95,1.25,0.7,0.39,0.32,0.81,0.25,0.56,3,3,0,-0.7,47.8,40.43,34.6,18.9,43.37,0.84,0.87,165,9,13,16,15.48,18.39,15.29,5,7,11,4,8,50.4,28.19,28.93,37.74,27.33,17.41,1,Loudoun United 3-3 Louisville City,2026-04-10
San Antonio,0.88,2.27,-1.39,0.74,2.25,-1.51,0.14,0.02,0.12,0.88,2.27,-1.39,0.43,0.2,0.24,0.15,0.09,0,2,-2,-0.61,63.6,66.9,22.9,20.5,45.53,0.64,0.69,223,13,13,13,20.31,18.84,7.36,6,5,29,6,14,127.9,68.36,13.47,10.86,53.83,28.88,1,Orange County SC 2-0 San Antonio,2026-04-08
Orange County SC,2.27,0.88,1.39,2.25,0.74,1.51,0.02,0.14,-0.12,2.27,0.88,1.39,0.2,0.43,0.15,0.24,-0.09,2,0,2,0.61,36.4,33.1,20.5,22.9,44.24,0.69,0.64,119,11,13,13,18.84,20.31,13.62,5,6,13,3,15,59.2,31.64,110.6,89.14,132.53,71.12,0,Orange County SC 2-0 San Antonio,2026-04-08
Phoenix Rising,2.27,1.15,1.12,2.19,1.02,1.17,0.08,0.13,-0.05,2.27,1.15,1.12,1.39,0.49,0.66,0.13,0.53,0,2,-2,-3.12,60.0,50.9,17.9,19.4,44.8,1.03,0.34,213,11,14,11,13.59,32.35,7.08,7,7,29,9,16,94.7,50.48,14.8,13.07,38.33,17.43,0,Sacramento Republic 2-0 Phoenix Rising,2026-04-04
Sacramento Republic,1.15,2.27,-1.12,1.02,2.19,-1.17,0.13,0.08,0.05,1.15,2.27,-1.12,0.49,1.39,0.13,0.66,-0.53,2,0,2,3.12,40.0,49.1,19.4,17.9,48.72,0.34,1.03,152,11,11,14,32.35,13.59,10.05,7,7,11,3,22,92.9,49.52,98.4,86.93,181.57,82.57,1,Sacramento Republic 2-0 Phoenix Rising,2026-04-04
New Mexico United,0.91,1.84,-0.93,0.14,1.71,-1.57,0.01,0.13,-0.12,0.15,1.84,-1.69,0.0,1.71,0.01,0.38,-0.37,1,0,1,1.93,40.6,31.63,21.1,21.2,41.06,0.2,1.23,126,6,5,14,25.0,11.38,15.33,2,4,8,4,17,42.9,18.61,67.53,53.85,55.47,28.6,0,Orange County SC 0-1 New Mexico United,2026-04-04
Orange County SC,1.84,0.91,0.93,1.71,0.14,1.57,0.13,0.01,0.12,1.84,0.15,1.69,1.71,0.0,0.38,0.01,0.37,0,1,-1,-1.93,59.4,68.37,21.2,21.1,52.17,1.23,0.2,291,20,14,5,11.38,25.0,11.39,4,2,38,6,11,187.6,81.39,57.87,46.15,138.5,71.4,0,Orange County SC 0-1 New Mexico United,2026-04-04
San Antonio,1.03,0.98,0.05,0.94,0.93,0.01,0.09,0.05,0.04,1.03,0.98,0.05,0.48,0.49,0.38,0.27,0.11,0,0,0,-0.05,64.5,49.12,15.8,22.4,42.88,0.49,0.33,204,12,9,9,18.37,27.27,6.97,1,7,14,3,12,65.9,52.14,10.2,6.7,26.13,14.62,1,Monterey Bay 0-0 San Antonio,2026-04-04
Monterey Bay,0.98,1.03,-0.05,0.93,0.94,-0.01,0.05,0.09,-0.04,0.98,1.03,-0.05,0.49,0.48,0.27,0.38,-0.11,0,0,0,0.05,35.5,50.88,22.4,15.8,50.46,0.33,0.49,159,12,9,9,27.27,18.37,13.54,7,1,24,8,19,60.5,47.86,142.07,93.3,152.6,85.38,2,Monterey Bay 0-0 San Antonio,2026-04-04
Las Vegas Lights,1.33,1.74,-0.41,0.63,1.74,-1.11,0.7,0.0,0.7,1.33,1.74,-0.41,0.16,0.65,0.78,0.0,0.78,2,3,-1,-0.59,57.7,56.94,19.7,14.9,44.58,0.57,0.88,217,11,8,9,14.04,10.23,7.43,8,4,19,8,15,89.4,59.64,26.47,24.06,53.63,31.57,0,El Paso Locomotive 3-2 Las Vegas Lights,2026-04-04
El Paso Locomotive,1.74,1.33,0.41,1.74,0.63,1.11,0.0,0.7,-0.7,1.74,1.33,0.41,0.65,0.16,0.0,0.78,-0.78,3,2,1,0.59,42.3,43.06,14.9,19.7,44.32,0.88,0.57,149,13,9,8,10.23,14.04,11.02,4,8,9,1,15,60.5,40.36,83.53,75.94,116.23,68.43,0,El Paso Locomotive 3-2 Las Vegas Lights,2026-04-04
Tampa Bay Rowdies,2.46,1.07,1.39,2.25,1.07,1.18,0.2,0.0,0.2,2.46,1.07,1.39,0.59,0.18,0.2,0.32,-0.12,1,0,1,-0.39,69.4,71.94,25.6,28.0,49.17,1.31,0.54,310,18,18,8,13.74,14.81,9.12,3,2,31,7,12,178.2,90.83,0.87,0.57,87.9,52.97,4,Sporting JAX 0-1 Tampa Bay Rowdies,2026-04-04
Sporting JAX,1.07,2.46,-1.39,1.07,2.25,-1.18,0.0,0.2,-0.2,1.07,2.46,-1.39,0.18,0.59,0.32,0.2,0.12,0,1,-1,0.39,30.6,28.06,28.0,25.6,43.38,0.54,1.31,100,6,8,18,14.81,13.74,16.0,2,3,7,0,9,18.0,9.17,151.8,99.43,78.03,47.03,1,Sporting JAX 0-1 Tampa Bay Rowdies,2026-04-04
Pittsburgh Riverhounds,1.79,2.43,-0.64,1.57,1.64,-0.07,0.22,0.03,0.19,1.79,1.67,0.12,0.22,0.26,0.25,0.03,0.22,1,1,0,0.64,64.8,62.69,11.7,30.2,48.92,0.47,1.17,272,13,14,11,29.79,9.4,7.33,5,10,23,6,13,134.6,78.03,6.27,4.97,82.87,41.32,1,Indy Eleven 1-1 Pittsburgh Riverhounds,2026-04-04
Indy Eleven,2.43,1.79,0.64,1.64,1.57,0.07,0.03,0.22,-0.19,1.67,1.79,-0.12,0.26,0.22,0.03,0.25,-0.22,1,1,0,-0.64,35.2,37.31,30.2,11.7,43.58,1.17,0.47,114,6,11,14,9.4,29.79,11.68,10,5,16,2,18,37.9,21.97,119.8,95.03,117.7,58.68,2,Indy Eleven 1-1 Pittsburgh Riverhounds,2026-04-04
Birmingham Legion,1.65,1.42,0.23,1.65,0.29,1.36,0.0,0.38,-0.38,1.65,0.66,0.99,0.04,0.0,0.0,0.39,-0.39,2,2,0,-0.23,50.9,57.52,17.4,23.0,47.76,1.11,1.06,209,15,9,10,8.11,9.43,11.97,6,8,8,4,14,127.5,63.4,48.07,45.72,118.73,69.82,0,Loudoun United 2-2 Birmingham Legion,2026-04-04
Loudoun United,1.42,1.65,-0.23,0.29,1.65,-1.36,0.38,0.0,0.38,0.66,1.65,-0.99,0.0,0.04,0.39,0.0,0.39,2,2,0,0.23,49.1,42.48,23.0,17.4,46.56,1.06,1.11,194,13,10,9,9.43,8.11,8.33,8,6,14,4,17,73.6,36.6,57.07,54.28,51.33,30.18,0,Loudoun United 2-2 Birmingham Legion,2026-04-04
Lexington,1.68,1.72,-0.04,1.4,0.5,0.9,0.28,0.46,-0.18,1.68,0.96,0.72,0.0,0.17,0.96,0.53,0.43,1,1,0,0.04,44.9,35.21,29.2,19.8,37.88,0.26,0.32,105,5,8,14,30.77,43.75,11.31,1,8,9,4,16,24.6,20.11,47.13,49.4,34.23,29.08,3,Colorado Springs 1-1 Lexington,2026-04-04
Colorado Springs,1.72,1.68,0.04,0.5,1.4,-0.9,0.46,0.28,0.18,0.96,1.68,-0.72,0.17,0.0,0.53,0.96,-0.43,1,1,0,-0.04,55.1,64.79,19.8,29.2,46.92,0.32,0.26,188,12,14,8,43.75,30.77,7.78,8,1,22,9,10,97.7,79.89,48.27,50.6,83.47,70.92,6,Colorado Springs 1-1 Lexington,2026-04-04
Detroit City,0.55,1.12,-0.57,0.55,1.08,-0.53,0.0,0.04,-0.04,0.55,1.12,-0.57,0.5,0.23,0.05,0.16,-0.11,0,0,0,0.57,47.9,46.46,13.2,22.6,41.14,0.47,0.42,136,6,4,14,8.51,33.33,12.03,3,5,10,2,13,33.9,28.42,35.53,45.48,41.43,29.29,1,Rhode Island 0-0 Detroit City,2026-04-04
Rhode Island,1.12,0.55,0.57,1.08,0.55,0.53,0.04,0.0,0.04,1.12,0.55,0.57,0.23,0.5,0.16,0.05,0.11,0,0,0,-0.57,52.1,53.54,22.6,13.2,46.87,0.42,0.47,191,7,14,4,33.33,8.51,8.21,5,3,19,3,15,85.4,71.58,42.6,54.52,100.0,70.71,2,Rhode Island 0-0 Detroit City,2026-04-04
Hartford Athletic,1.53,0.76,0.77,0.82,0.64,0.18,0.72,0.12,0.6,1.53,0.76,0.77,0.42,0.0,0.84,0.25,0.59,0,0,0,-0.77,44.9,54.94,25.0,19.2,46.17,0.77,0.46,176,20,12,9,15.58,19.57,12.7,7,0,24,9,7,73.4,53.34,81.2,77.78,118.8,69.72,4,Miami 0-0 Hartford Athletic,2026-04-04
Miami,0.76,1.53,-0.77,0.64,0.82,-0.18,0.12,0.72,-0.6,0.76,1.53,-0.77,0.0,0.42,0.25,0.84,-0.59,0,0,0,0.77,55.1,45.06,19.2,25.0,43.38,0.46,0.77,182,8,9,12,19.57,15.58,10.63,0,7,13,3,19,64.2,46.66,23.2,22.22,51.6,30.28,1,Miami 0-0 Hartford Athletic,2026-04-04
Charleston Battery,0.49,2.17,-1.68,0.24,0.27,-0.03,0.25,1.9,-1.65,0.49,2.17,-1.68,0.21,0.03,0.46,1.9,-1.44,2,0,2,3.68,41.2,28.73,21.4,18.7,43.74,0.45,0.78,135,8,3,10,6.67,12.82,13.81,0,6,7,1,18,12.6,7.23,76.6,70.32,54.93,40.78,0,Louisville City 0-2 Charleston Battery,2026-04-04
Louisville City,2.17,0.49,1.68,0.27,0.24,0.03,1.9,0.25,1.65,2.17,0.49,1.68,0.03,0.21,1.9,0.46,1.44,0,2,-2,-3.68,58.8,71.27,18.7,21.4,51.53,0.78,0.45,280,16,10,3,12.82,6.67,7.28,6,0,35,11,12,161.6,92.77,32.33,29.68,79.77,59.22,0,Louisville City 0-2 Charleston Battery,2026-04-04
Lexington,1.83,1.09,0.74,1.45,0.97,0.48,0.38,0.12,0.26,1.83,1.09,0.74,0.66,0.14,0.68,0.19,0.49,0,2,-2,-2.74,52.6,52.34,27.1,18.9,43.05,1.26,0.71,169,16,12,11,9.52,15.49,10.52,4,7,26,9,12,111.1,57.74,60.13,53.28,99.87,49.93,3,San Antonio 2-0 Lexington,2026-03-29
San Antonio,1.09,1.83,-0.74,0.97,1.45,-0.48,0.12,0.38,-0.26,1.09,1.83,-0.74,0.14,0.66,0.19,0.68,-0.49,2,0,2,2.74,47.4,47.66,18.9,27.1,42.77,0.71,1.26,140,13,11,12,15.49,9.52,9.47,7,4,14,3,14,81.3,42.26,52.73,46.72,100.17,50.07,1,San Antonio 2-0 Lexington,2026-03-29
Monterey Bay,0.99,2.73,-1.74,0.23,1.15,-0.92,0.0,0.06,-0.06,0.23,1.21,-0.98,0.07,0.48,0.0,0.21,-0.21,0,1,-1,0.74,48.5,47.18,17.9,25.8,42.82,0.26,0.6,134,8,4,16,15.38,26.67,9.49,3,4,18,5,19,37.4,24.1,44.6,41.73,24.67,14.33,3,Las Vegas Lights 1-0 Monterey Bay,2026-03-28
Las Vegas Lights,2.73,0.99,1.74,1.15,0.23,0.92,0.06,0.0,0.06,1.21,0.23,0.98,0.48,0.07,0.21,0.0,0.21,1,0,1,-0.74,51.5,52.82,25.8,17.9,46.17,0.6,0.26,177,10,16,4,26.67,15.38,8.61,4,3,14,3,14,117.8,75.9,62.27,58.27,147.43,85.67,0,Las Vegas Lights 1-0 Monterey Bay,2026-03-28
El Paso Locomotive,1.12,3.47,-2.35,0.32,1.21,-0.89,0.04,1.5,-1.46,0.36,2.71,-2.35,0.01,0.73,0.06,1.83,-1.77,2,1,1,3.35,39.1,30.27,11.1,19.4,39.07,0.46,1.67,108,10,8,16,17.39,9.58,15.0,5,1,16,6,13,47.1,18.25,66.07,77.24,67.2,48.24,0,Sacramento Republic 1-2 El Paso Locomotive,2026-03-28
Sacramento Republic,3.47,1.12,2.35,1.21,0.32,0.89,1.5,0.04,1.46,2.71,0.36,2.35,0.73,0.01,1.83,0.06,1.77,1,2,-1,-3.35,60.9,69.73,19.4,11.1,51.68,1.67,0.46,336,18,16,8,9.58,17.39,11.19,1,5,27,5,15,211.0,81.75,19.47,22.76,72.1,51.76,1,Sacramento Republic 1-2 El Paso Locomotive,2026-03-28
Orange County SC,1.11,0.8,0.31,1.11,0.76,0.35,0.0,0.04,-0.04,1.11,0.8,0.31,0.0,0.38,0.3,0.37,-0.07,1,0,1,0.69,40.0,31.25,18.7,26.7,42.36,0.39,1.46,126,10,10,13,25.64,8.9,13.48,0,4,14,2,17,32.5,19.9,90.8,82.75,52.5,57.55,1,Oakland Roots 0-1 Orange County SC,2026-03-28
Oakland Roots,0.8,1.11,-0.31,0.76,1.11,-0.35,0.04,0.0,0.04,0.8,1.11,-0.31,0.38,0.0,0.37,0.3,0.07,0,1,-1,-0.69,60.0,68.75,26.7,18.7,49.82,1.46,0.39,264,17,13,10,8.9,25.64,7.83,4,0,28,6,19,130.8,80.1,18.93,17.25,38.73,42.45,0,Oakland Roots 0-1 Orange County SC,2026-03-28
Phoenix Rising,0.89,1.62,-0.73,0.89,1.62,-0.73,0.0,0.0,0.0,0.89,1.62,-0.73,0.6,0.0,0.74,0.6,0.14,1,1,0,0.73,44.3,41.38,20.3,20.8,43.17,0.92,0.76,110,6,9,11,9.78,14.47,7.44,1,4,19,5,24,24.0,17.96,45.87,64.66,28.0,21.57,5,FC Tulsa 1-1 Phoenix Rising,2026-03-28
FC Tulsa,1.62,0.89,0.73,1.62,0.89,0.73,0.0,0.0,0.0,1.62,0.89,0.73,0.0,0.6,0.6,0.74,-0.14,1,1,0,-0.73,55.7,58.62,20.8,20.3,49.13,0.76,0.92,169,14,11,9,14.47,9.78,5.27,4,1,15,4,20,109.6,82.04,25.07,35.34,101.8,78.43,2,FC Tulsa 1-1 Phoenix Rising,2026-03-28
Loudoun United,0.42,2.72,-2.3,0.42,2.51,-2.09,0.0,0.21,-0.21,0.42,2.72,-2.3,0.11,0.9,0.13,0.46,-0.33,1,3,-2,0.3,46.0,42.7,14.8,20.0,45.24,0.31,1.28,160,7,6,22,19.35,17.19,12.3,4,5,10,3,11,15.0,9.51,51.0,53.12,13.9,9.32,1,Tampa Bay Rowdies 3-1 Loudoun United,2026-03-28
Tampa Bay Rowdies,2.72,0.42,2.3,2.51,0.42,2.09,0.21,0.0,0.21,2.72,0.42,2.3,0.9,0.11,0.46,0.13,0.33,3,1,2,-0.3,54.0,57.3,20.0,14.8,45.86,1.28,0.31,186,23,22,6,17.19,19.35,9.31,5,4,27,8,14,142.8,90.49,45.0,46.88,135.2,90.68,6,Tampa Bay Rowdies 3-1 Loudoun United,2026-03-28
Louisville City,1.14,0.46,0.68,1.03,0.13,0.9,0.11,0.34,-0.23,1.14,0.46,0.68,0.42,0.13,0.41,0.35,0.06,1,0,1,0.32,47.3,57.14,26.7,31.8,49.04,0.67,0.64,209,10,14,7,20.9,10.94,10.26,6,0,22,9,16,113.4,66.28,70.73,88.35,136.8,77.82,4,Brooklyn 0-1 Louisville City,2026-03-28
Brooklyn,0.46,1.14,-0.68,0.13,1.03,-0.9,0.34,0.11,0.23,0.46,1.14,-0.68,0.13,0.42,0.35,0.41,-0.06,0,1,-1,-0.32,52.7,42.86,31.8,26.7,43.96,0.64,0.67,178,13,7,14,10.94,20.9,12.2,0,6,16,4,8,57.7,33.72,9.33,11.65,39.0,22.18,3,Brooklyn 0-1 Louisville City,2026-03-28
Rhode Island,2.83,2.45,0.38,2.62,2.45,0.17,0.22,0.0,0.22,2.83,2.45,0.38,0.58,0.74,0.26,0.0,0.26,1,2,-1,-1.38,59.5,73.28,27.1,15.7,46.9,0.62,0.31,246,12,20,9,32.26,29.03,8.3,4,2,22,6,16,162.4,91.08,25.87,30.58,132.1,76.85,0,Miami 2-1 Rhode Island,2026-03-28
Miami,2.45,2.83,-0.38,2.45,2.62,-0.17,0.0,0.22,-0.22,2.45,2.83,-0.38,0.74,0.58,0.0,0.26,-0.26,2,1,1,1.38,40.5,26.72,15.7,27.1,37.11,0.31,0.62,82,4,9,20,29.03,32.26,12.14,2,4,6,0,19,15.9,8.92,58.73,69.42,39.8,23.15,0,Miami 2-1 Rhode Island,2026-03-28
Sporting JAX,1.37,2.34,-0.97,1.2,1.15,0.05,0.17,0.43,-0.26,1.37,1.58,-0.21,0.5,0.0,0.68,0.43,0.25,2,3,-1,-0.03,60.0,54.28,29.6,23.1,42.15,1.04,0.32,203,14,10,9,9.62,28.12,10.97,2,1,18,4,14,91.3,68.6,12.67,13.08,39.2,27.98,0,Pittsburgh Riverhounds 3-2 Sporting JAX,2026-03-28
Pittsburgh Riverhounds,2.34,1.37,0.97,1.15,1.2,-0.05,0.43,0.17,0.26,1.58,1.37,0.21,0.0,0.5,0.43,0.68,-0.25,3,2,1,0.03,40.0,45.72,23.1,29.6,46.76,0.32,1.04,160,5,9,10,28.12,9.62,17.0,1,2,11,4,12,41.8,31.4,84.2,86.92,100.89,72.02,1,Pittsburgh Riverhounds 3-2 Sporting JAX,2026-03-28
Indy Eleven,2.03,1.81,0.22,2.03,1.5,0.53,0.0,0.32,-0.32,2.03,1.81,0.22,1.34,1.11,0.84,0.38,0.46,2,2,0,-0.22,36.5,44.1,15.6,11.3,50.46,1.32,0.93,167,12,10,11,7.58,11.83,14.83,5,1,24,2,15,71.0,38.97,101.0,95.53,107.6,71.1,8,Hartford Athletic 2-2 Indy Eleven,2026-03-28
Hartford Athletic,1.81,2.03,-0.22,1.5,2.03,-0.53,0.32,0.0,0.32,1.81,2.03,-0.22,1.11,1.34,0.38,0.84,-0.46,2,2,0,0.22,63.5,55.9,11.3,15.6,48.44,0.93,1.32,263,11,11,10,11.83,7.58,9.46,1,5,24,5,8,111.2,61.03,4.73,4.47,43.73,28.9,3,Hartford Athletic 2-2 Indy Eleven,2026-03-28
Charleston Battery,0.2,1.12,-0.92,0.11,0.97,-0.86,0.1,0.15,-0.05,0.2,1.12,-0.92,0.0,0.11,0.1,0.35,-0.25,0,1,-1,-0.08,54.7,49.63,19.7,26.8,45.26,0.48,1.34,172,9,4,13,8.33,9.7,12.32,2,5,13,6,12,65.4,38.11,31.07,29.11,38.3,23.43,0,Detroit City 1-0 Charleston Battery,2026-03-28
Detroit City,1.12,0.2,0.92,0.97,0.11,0.86,0.15,0.1,0.05,1.12,0.2,0.92,0.11,0.0,0.35,0.1,0.25,1,0,1,0.08,45.3,50.37,26.8,19.7,49.01,1.34,0.48,175,9,13,4,9.7,8.33,11.12,5,2,20,8,16,106.2,61.89,75.67,70.89,125.2,76.57,0,Detroit City 1-0 Charleston Battery,2026-03-28
Colorado Springs,2.43,3.04,-0.61,0.89,3.02,-2.13,0.02,0.02,0.0,0.91,3.04,-2.13,0.27,0.25,0.13,0.82,-0.69,2,3,-1,-0.39,49.9,47.87,24.2,26.9,44.48,0.72,0.75,120,12,14,16,19.44,21.33,7.73,3,3,17,5,15,63.4,44.55,42.67,64.58,75.43,52.71,6,New Mexico United 3-2 Colorado Springs,2026-03-28
New Mexico United,3.04,2.43,0.61,3.02,0.89,2.13,0.02,0.02,0.0,3.04,0.91,2.13,0.25,0.27,0.82,0.13,0.69,3,2,1,0.39,50.1,52.13,26.9,24.2,43.17,0.75,0.72,117,14,16,14,21.33,19.44,9.63,3,3,17,7,13,78.9,55.45,23.4,35.42,67.67,47.29,1,New Mexico United 3-2 Colorado Springs,2026-03-28
Miami,2.68,4.07,-1.39,1.92,2.85,-0.93,0.0,0.46,-0.46,1.92,3.31,-1.39,0.29,0.99,0.29,0.5,-0.21,4,2,2,3.39,49.4,39.6,22.9,24.7,41.33,0.78,0.94,140,9,12,15,15.38,15.96,13.75,1,6,15,4,13,34.3,30.22,51.6,60.51,52.5,39.6,1,Sporting JAX 2-4 Miami,2026-03-25
Sporting JAX,4.07,2.68,1.39,2.85,1.92,0.93,0.46,0.0,0.46,3.31,1.92,1.39,0.99,0.29,0.5,0.29,0.21,2,4,-2,-3.39,50.6,60.4,24.7,22.9,45.35,0.94,0.78,176,11,15,12,15.96,15.38,9.02,6,1,31,8,17,79.2,69.78,33.67,39.49,80.07,60.4,0,Sporting JAX 2-4 Miami,2026-03-25
Brooklyn,0.78,2.41,-1.63,0.78,1.48,-0.7,0.0,0.93,-0.93,0.78,2.41,-1.63,0.29,0.48,0.03,1.0,-0.97,0,3,-3,-1.37,40.4,54.04,13.9,14.3,51.37,0.55,0.74,206,9,10,20,18.18,27.03,15.1,2,1,12,2,21,89.2,46.22,129.13,91.76,180.23,68.0,1,Lexington 3-0 Brooklyn,2026-03-25
Lexington,2.41,0.78,1.63,1.48,0.78,0.7,0.93,0.0,0.93,2.41,0.78,1.63,0.48,0.29,1.0,0.03,0.97,3,0,3,1.37,59.6,45.96,14.3,13.9,39.52,0.74,0.55,150,10,20,10,27.03,18.18,7.28,1,2,10,4,11,103.8,53.78,11.6,8.24,84.81,32.0,0,Lexington 3-0 Brooklyn,2026-03-25
Monterey Bay,2.4,1.62,0.78,1.64,1.62,0.02,0.0,0.0,0.0,1.64,1.62,0.02,0.25,0.59,0.07,0.12,-0.05,1,1,0,-0.78,41.7,35.38,18.8,23.9,39.58,0.58,0.87,123,6,12,9,20.69,10.34,13.0,5,5,11,0,16,51.7,26.84,64.53,65.94,62.87,31.4,1,Sacramento Republic 1-1 Monterey Bay,2026-03-21
Sacramento Republic,1.62,2.4,-0.78,1.62,1.64,-0.02,0.0,0.0,0.0,1.62,1.64,-0.02,0.59,0.25,0.12,0.07,0.05,1,1,0,0.78,58.3,64.62,23.9,18.8,45.71,0.87,0.58,232,7,9,12,10.34,20.69,10.0,5,5,20,7,10,140.9,73.16,33.33,34.06,137.37,68.6,0,Sacramento Republic 1-1 Monterey Bay,2026-03-21
Oakland Roots,3.06,1.06,2.0,2.98,0.67,2.31,0.08,0.39,-0.31,3.06,1.06,2.0,1.13,0.29,0.35,0.39,-0.04,2,2,0,-2.0,53.1,51.97,17.2,22.0,46.0,0.85,0.81,189,18,16,11,18.82,13.58,11.65,0,7,15,4,14,123.4,62.01,45.13,44.66,129.8,78.52,0,Phoenix Rising 2-2 Oakland Roots,2026-03-21
Phoenix Rising,1.06,3.06,-2.0,0.67,2.98,-2.31,0.39,0.08,0.31,1.06,3.06,-2.0,0.29,1.13,0.39,0.35,0.04,2,2,0,2.0,46.9,48.03,22.0,17.2,45.37,0.81,0.85,153,13,11,16,13.58,18.82,10.11,7,0,26,5,15,75.6,37.99,55.93,55.34,35.5,21.48,0,Phoenix Rising 2-2 Oakland Roots,2026-03-21
Colorado Springs,1.07,0.81,0.26,1.05,0.81,0.24,0.02,0.0,0.02,1.07,0.81,0.26,0.09,0.6,0.53,0.14,0.39,0,1,-1,-1.26,48.6,61.4,25.9,26.8,48.14,0.69,0.3,202,12,12,5,17.39,16.67,8.13,12,1,33,7,16,119.4,67.31,69.33,62.65,143.1,72.6,10,Orange County SC 1-0 Colorado Springs,2026-03-21
Orange County SC,0.81,1.07,-0.26,0.81,1.05,-0.24,0.0,0.02,-0.02,0.81,1.07,-0.26,0.6,0.09,0.14,0.53,-0.39,1,0,1,1.26,51.4,38.6,26.8,25.9,40.99,0.3,0.69,147,4,5,12,16.67,17.39,15.2,1,12,13,4,13,58.0,32.69,41.33,37.35,54.0,27.4,0,Orange County SC 1-0 Colorado Springs,2026-03-21
New Mexico United,0.64,1.84,-1.2,0.61,1.55,-0.94,0.03,0.3,-0.27,0.64,1.84,-1.2,0.2,0.09,0.25,0.51,-0.26,0,1,-1,0.2,47.0,39.43,16.9,16.9,45.66,0.3,0.62,147,8,10,20,33.33,32.26,8.62,3,5,10,1,16,50.5,25.73,52.07,62.58,56.93,29.77,0,San Antonio 1-0 New Mexico United,2026-03-21
San Antonio,1.84,0.64,1.2,1.55,0.61,0.94,0.3,0.03,0.27,1.84,0.64,1.2,0.09,0.2,0.51,0.25,0.26,1,0,1,-0.2,53.0,60.57,16.9,16.9,46.34,0.62,0.3,168,15,20,10,32.26,33.33,7.78,5,3,19,9,16,145.8,74.27,31.13,37.42,134.3,70.23,2,San Antonio 1-0 New Mexico United,2026-03-21
Las Vegas Lights,0.79,1.56,-0.77,0.46,1.43,-0.97,0.33,0.13,0.2,0.79,1.56,-0.77,0.03,0.66,0.36,0.7,-0.34,2,3,-1,-0.23,63.9,68.42,16.5,27.4,46.09,0.72,0.54,218,15,10,12,13.89,22.22,7.21,2,4,28,6,15,139.6,77.38,9.47,9.01,86.93,54.93,2,FC Tulsa 3-2 Las Vegas Lights,2026-03-21
FC Tulsa,1.56,0.79,0.77,1.43,0.46,0.97,0.13,0.33,-0.2,1.56,0.79,0.77,0.66,0.03,0.7,0.36,0.34,3,2,1,0.23,36.1,31.58,27.4,16.5,45.75,0.54,0.72,116,10,12,10,22.22,13.89,15.2,4,2,13,4,10,40.8,22.62,95.67,90.99,71.33,45.07,4,FC Tulsa 3-2 Las Vegas Lights,2026-03-21
Pittsburgh Riverhounds,0.32,2.72,-2.4,0.32,2.52,-2.2,0.0,0.2,-0.2,0.32,2.72,-2.4,0.24,1.31,0.0,0.97,-0.97,0,3,-3,-0.6,55.1,42.13,17.2,26.7,41.85,0.36,0.87,168,2,2,17,5.56,19.54,11.0,5,6,12,3,6,26.4,17.09,18.93,18.55,15.73,6.71,0,Tampa Bay Rowdies 3-0 Pittsburgh Riverhounds,2026-03-21
Tampa Bay Rowdies,2.72,0.32,2.4,2.52,0.32,2.2,0.2,0.0,0.2,2.72,0.32,2.4,1.31,0.24,0.97,0.0,0.97,3,0,3,0.6,44.9,57.87,26.7,17.2,46.99,0.87,0.36,179,16,17,2,19.54,5.56,15.09,6,5,20,4,15,128.1,82.91,83.13,81.45,218.7,93.29,5,Tampa Bay Rowdies 3-0 Pittsburgh Riverhounds,2026-03-21
Birmingham Legion,1.57,6.08,-4.51,1.53,3.49,-1.96,0.03,1.84,-1.81,1.57,5.32,-3.75,0.0,1.65,0.32,1.42,-1.1,2,3,-1,3.51,43.5,34.38,23.5,20.0,45.4,0.31,2.13,178,6,12,28,38.71,13.15,19.11,3,7,7,4,6,66.0,20.53,61.73,67.05,81.0,37.1,0,Charleston Battery 3-2 Birmingham Legion,2026-03-21
Charleston Battery,6.08,1.57,4.51,3.49,1.53,1.96,1.84,0.03,1.81,5.32,1.57,3.75,1.65,0.0,1.42,0.32,1.1,3,2,1,-3.51,56.5,65.62,20.0,23.5,52.89,2.13,0.31,298,33,28,12,13.15,38.71,8.87,7,3,40,8,19,255.5,79.47,30.33,32.95,137.3,62.9,0,Charleston Battery 3-2 Birmingham Legion,2026-03-21
Hartford Athletic,1.38,3.49,-2.11,1.11,3.3,-2.19,0.26,0.19,0.07,1.38,3.49,-2.11,0.11,0.91,0.49,0.73,-0.24,2,1,1,3.11,30.3,31.74,24.4,27.3,41.88,0.52,1.5,99,9,10,26,19.23,17.33,13.82,2,5,8,4,16,11.2,5.07,122.07,93.85,57.17,40.33,1,Brooklyn 1-2 Hartford Athletic,2026-03-21
Brooklyn,3.49,1.38,2.11,3.3,1.11,2.19,0.19,0.26,-0.07,3.49,1.38,2.11,0.91,0.11,0.73,0.49,0.24,1,2,-1,-3.11,69.7,68.26,27.3,24.4,50.5,1.5,0.52,321,20,26,10,17.33,19.23,6.43,5,2,34,11,11,209.6,94.93,8.0,6.15,84.6,59.67,1,Brooklyn 1-2 Hartford Athletic,2026-03-21
Detroit City,3.14,2.16,0.98,2.97,2.11,0.86,0.17,0.05,0.12,3.14,2.16,0.98,1.25,0.76,0.13,0.72,-0.59,1,2,-1,-1.98,70.1,56.19,20.7,23.3,47.26,0.94,0.94,212,13,22,18,23.4,19.15,6.13,2,3,28,11,8,126.2,71.26,3.2,3.04,75.9,40.22,1,Indy Eleven 2-1 Detroit City,2026-03-21
Indy Eleven,2.16,3.14,-0.98,2.11,2.97,-0.86,0.05,0.17,-0.12,2.16,3.14,-0.98,0.76,1.25,0.72,0.13,0.59,2,1,1,1.98,29.9,43.81,23.3,20.7,51.36,0.94,0.94,116,20,18,22,19.15,23.4,12.03,3,2,21,5,15,50.9,28.74,101.93,96.96,112.83,59.78,4,Indy Eleven 2-1 Detroit City,2026-03-21
Rhode Island,1.44,2.5,-1.06,1.4,2.2,-0.8,0.04,0.3,-0.26,1.44,2.5,-1.06,0.09,1.09,0.12,1.03,-0.91,2,4,-2,-0.94,42.4,35.74,28.6,15.3,42.18,0.77,0.9,97,9,11,15,14.29,16.67,18.88,0,8,9,2,11,36.8,22.38,54.6,60.58,24.6,19.04,1,Louisville City 4-2 Rhode Island,2026-03-21
Louisville City,2.5,1.44,1.06,2.2,1.4,0.8,0.3,0.04,0.26,2.5,1.44,1.06,1.09,0.09,1.03,0.12,0.91,4,2,2,0.94,57.6,64.26,15.3,28.6,49.78,0.9,0.77,198,19,15,11,16.67,14.29,9.25,8,0,23,10,10,127.6,77.62,35.53,39.42,104.63,80.96,1,Louisville City 4-2 Rhode Island,2026-03-21
Miami,1.77,1.82,-0.05,1.68,1.6,0.08,0.09,0.22,-0.13,1.77,1.82,-0.05,0.18,0.62,0.32,0.85,-0.53,0,0,0,0.05,43.0,43.12,20.0,19.3,46.89,0.97,1.19,177,20,18,13,18.56,10.92,13.25,3,7,14,5,16,85.2,46.58,94.2,85.79,118.2,69.41,0,Loudoun United 0-0 Miami,2026-03-21
Loudoun United,1.82,1.77,0.05,1.6,1.68,-0.08,0.22,0.09,0.13,1.82,1.77,0.05,0.62,0.18,0.85,0.32,0.53,0,0,0,-0.05,57.0,56.88,19.3,20.0,48.54,1.19,0.97,255,16,13,18,10.92,18.56,8.5,7,3,20,5,15,97.7,53.42,15.6,14.21,52.1,30.59,0,Loudoun United 0-0 Miami,2026-03-21
El Paso Locomotive,1.29,1.11,0.18,1.08,0.89,0.19,0.21,0.23,-0.02,1.29,1.11,0.18,0.31,0.17,0.35,0.41,-0.06,3,0,3,2.82,53.6,44.08,24.2,20.0,41.97,0.89,0.81,164,9,13,12,14.61,14.81,10.03,2,4,9,3,17,69.6,44.44,17.67,16.13,63.97,42.32,0,Monterey Bay 0-3 El Paso Locomotive,2026-03-14
Monterey Bay,1.11,1.29,-0.18,0.89,1.08,-0.19,0.23,0.21,0.02,1.11,1.29,-0.18,0.17,0.31,0.41,0.35,0.06,0,3,-3,-2.82,46.4,55.92,20.0,24.2,46.42,0.81,0.89,178,17,12,13,14.81,14.61,10.02,4,2,29,8,22,87.0,55.56,91.87,83.87,87.17,57.68,1,Monterey Bay 0-3 El Paso Locomotive,2026-03-14
New Mexico United,0.97,1.01,-0.04,0.96,1.01,-0.05,0.01,0.0,0.01,0.97,1.01,-0.04,0.12,0.2,0.11,0.37,-0.26,1,2,-1,-0.96,63.9,70.26,19.0,28.2,48.22,0.93,0.61,328,12,13,10,13.98,16.39,12.88,3,2,29,9,10,171.6,75.93,23.07,14.78,73.53,47.57,0,Oakland Roots 2-1 New Mexico United,2026-03-14
Oakland Roots,1.01,0.97,0.04,1.01,0.96,0.05,0.0,0.01,-0.01,1.01,0.97,0.04,0.2,0.12,0.37,0.11,0.26,2,1,1,0.96,36.1,29.74,28.2,19.0,39.86,0.61,0.93,113,9,10,13,16.39,13.98,18.45,2,3,6,0,7,54.4,24.07,133.07,85.22,81.03,52.43,0,Oakland Roots 2-1 New Mexico United,2026-03-14
Orange County SC,1.28,0.69,0.59,1.17,0.64,0.53,0.11,0.05,0.06,1.28,0.69,0.59,0.85,0.0,0.34,0.1,0.24,1,1,0,-0.59,56.0,59.32,24.2,15.2,48.18,0.37,0.2,206,5,9,12,24.32,60.0,8.27,2,5,23,3,24,88.6,68.1,60.0,41.63,72.57,53.29,1,Phoenix Rising 1-1 Orange County SC,2026-03-14
Phoenix Rising,0.69,1.28,-0.59,0.64,1.17,-0.53,0.05,0.11,-0.06,0.69,1.28,-0.59,0.0,0.85,0.1,0.34,-0.24,1,1,0,0.59,44.0,40.68,15.2,24.2,44.07,0.2,0.37,143,4,12,9,60.0,24.32,10.74,5,2,13,2,10,41.5,31.9,84.13,58.37,63.6,46.71,1,Phoenix Rising 1-1 Orange County SC,2026-03-14
San Antonio,0.54,2.16,-1.62,0.22,1.29,-1.07,0.32,0.87,-0.55,0.54,2.16,-1.62,0.0,0.6,0.46,1.38,-0.92,0,0,0,1.62,47.6,24.15,18.0,33.8,31.47,0.07,0.81,50,5,9,12,128.57,14.81,6.17,2,6,6,4,21,17.9,12.48,19.0,24.61,17.3,9.54,4,FC Tulsa 0-0 San Antonio,2026-03-14
FC Tulsa,2.16,0.54,1.62,1.29,0.22,1.07,0.87,0.32,0.55,2.16,0.54,1.62,0.6,0.0,1.38,0.46,0.92,0,0,0,-1.62,52.4,75.85,33.8,18.0,52.49,0.81,0.07,180,21,12,9,14.81,128.57,5.67,6,2,30,8,14,125.5,87.52,58.2,75.39,164.1,90.46,9,FC Tulsa 0-0 San Antonio,2026-03-14
Sacramento Republic,0.37,0.93,-0.56,0.37,0.42,-0.05,0.0,0.51,-0.51,0.37,0.93,-0.56,0.0,0.37,0.12,0.45,-0.33,0,0,0,0.56,51.0,64.92,18.9,18.4,45.37,0.3,0.89,217,6,7,9,23.33,10.11,14.44,7,6,14,2,13,101.0,64.09,76.73,57.15,122.97,67.44,3,Lexington 0-0 Sacramento Republic,2026-03-14
Lexington,0.93,0.37,0.56,0.42,0.37,0.05,0.51,0.0,0.51,0.93,0.37,0.56,0.37,0.0,0.45,0.12,0.33,0,0,0,-0.56,49.0,35.08,18.4,18.9,38.22,0.89,0.3,124,10,9,7,10.11,23.33,15.44,6,7,12,2,8,56.6,35.91,57.53,42.85,59.37,32.56,1,Lexington 0-0 Sacramento Republic,2026-03-14
Las Vegas Lights,0.65,3.78,-3.13,0.41,3.34,-2.93,0.24,0.43,-0.19,0.65,3.78,-3.13,0.11,2.24,0.39,0.43,-0.04,2,3,-1,2.13,37.3,35.84,21.1,15.8,41.46,0.3,1.0,110,4,9,22,30.0,22.0,16.96,7,4,8,4,10,39.0,18.67,98.67,77.33,58.93,32.84,0,Colorado Springs 3-2 Las Vegas Lights,2026-03-14
Colorado Springs,3.78,0.65,3.13,3.34,0.41,2.93,0.43,0.24,0.19,3.78,0.65,3.13,2.24,0.11,0.43,0.39,0.04,3,2,1,-2.13,62.7,64.16,15.8,21.1,47.39,1.0,0.3,243,16,22,9,22.0,30.0,10.35,4,7,25,7,7,169.9,81.33,28.93,22.67,120.5,67.16,4,Colorado Springs 3-2 Las Vegas Lights,2026-03-14
Sporting JAX,0.28,2.67,-2.39,0.28,2.59,-2.31,0.0,0.09,-0.09,0.28,2.67,-2.39,0.0,0.44,0.06,0.72,-0.66,1,1,0,2.39,42.6,43.53,20.3,27.6,44.33,0.7,1.34,123,9,6,23,8.57,17.16,7.06,6,7,10,0,21,31.9,19.31,65.07,74.97,44.6,30.18,1,Rhode Island 1-1 Sporting JAX,2026-03-14
Rhode Island,2.67,0.28,2.39,2.59,0.28,2.31,0.09,0.0,0.09,2.67,0.28,2.39,0.44,0.0,0.72,0.06,0.66,1,1,0,-2.39,57.4,56.47,27.6,20.3,47.09,1.34,0.7,198,18,23,6,17.16,8.57,5.24,7,6,22,4,21,133.3,80.69,21.73,25.03,103.17,69.82,5,Rhode Island 1-1 Sporting JAX,2026-03-14
Brooklyn,0.89,1.85,-0.96,0.89,1.61,-0.72,0.0,0.24,-0.24,0.89,1.85,-0.96,0.0,0.81,0.7,1.08,-0.38,0,3,-3,-2.04,57.2,58.31,29.7,19.7,46.16,0.21,0.28,224,4,7,15,33.33,53.57,7.53,7,6,14,1,14,54.8,46.72,20.67,18.05,32.72,14.95,3,Detroit City 3-0 Brooklyn,2026-03-14
Detroit City,1.85,0.89,0.96,1.61,0.89,0.72,0.24,0.0,0.24,1.85,0.89,0.96,0.81,0.0,1.08,0.7,0.38,3,0,3,2.04,42.8,41.69,19.7,29.7,43.55,0.28,0.21,141,14,15,7,53.57,33.33,10.0,6,7,14,6,17,62.5,53.28,93.87,81.95,186.13,85.05,1,Detroit City 3-0 Brooklyn,2026-03-14
Miami,0.6,4.43,-3.83,0.6,3.9,-3.3,0.0,0.52,-0.52,0.6,4.43,-3.83,0.16,1.63,0.0,0.68,-0.68,1,4,-3,0.83,46.8,28.3,16.7,25.6,41.31,0.35,2.44,154,3,7,26,20.0,10.66,16.14,2,3,11,0,9,13.1,4.81,54.33,47.88,1.88,0.39,0,Louisville City 4-1 Miami,2026-03-14
Louisville City,4.43,0.6,3.83,3.9,0.6,3.3,0.52,0.0,0.52,4.43,0.6,3.83,1.63,0.16,0.68,0.0,0.68,4,1,3,-0.83,53.2,71.7,25.6,16.7,53.97,2.44,0.35,303,25,26,7,10.66,20.0,18.3,3,2,38,12,9,259.0,95.19,59.13,52.12,475.6,99.61,1,Louisville City 4-1 Miami,2026-03-14
Pittsburgh Riverhounds,2.57,0.53,2.04,1.51,0.53,0.98,0.29,0.0,0.29,1.81,0.53,1.28,0.29,0.0,0.49,0.0,0.49,3,2,1,-1.04,62.6,76.45,9.0,25.9,53.88,1.04,0.14,337,12,14,6,13.46,42.86,10.86,6,2,18,5,7,233.2,91.02,32.4,32.4,212.4,87.48,1,Loudoun United 2-3 Pittsburgh Riverhounds,2026-03-14
Loudoun United,0.53,2.57,-2.04,0.53,1.51,-0.98,0.0,0.29,-0.29,0.53,1.81,-1.28,0.0,0.29,0.0,0.49,-0.49,2,3,-1,1.04,37.4,23.55,25.9,9.0,40.11,0.14,1.04,118,1,6,14,42.86,13.46,17.67,2,6,7,1,16,23.0,8.98,67.6,67.6,30.4,12.52,2,Loudoun United 2-3 Pittsburgh Riverhounds,2026-03-14
Hartford Athletic,0.54,1.02,-0.48,0.52,0.98,-0.46,0.02,0.04,-0.02,0.54,1.02,-0.48,0.1,0.58,0.03,0.4,-0.37,0,0,0,0.48,47.6,55.59,22.1,20.4,51.61,0.68,0.63,208,10,8,15,11.76,23.81,11.3,2,2,18,5,22,87.7,48.94,64.4,67.46,85.93,60.37,3,Birmingham Legion 0-0 Hartford Athletic,2026-03-11
Birmingham Legion,1.02,0.54,0.48,0.98,0.52,0.46,0.04,0.02,0.02,1.02,0.54,0.48,0.58,0.1,0.4,0.03,0.37,0,0,0,-0.48,52.4,44.41,20.4,22.1,44.23,0.63,0.68,158,8,15,8,23.81,11.76,12.95,2,2,12,5,8,91.5,51.06,31.07,32.54,56.4,39.63,0,Birmingham Legion 0-0 Hartford Athletic,2026-03-11
Indy Eleven,2.02,1.56,0.46,1.71,0.76,0.95,0.31,0.04,0.27,2.02,0.8,1.22,0.08,0.17,1.35,0.1,1.25,0,1,-1,-1.46,42.6,50.15,39.5,26.7,49.39,1.04,0.59,162,26,18,12,17.31,20.34,9.61,7,3,22,5,13,99.2,53.36,69.33,91.07,105.97,65.05,4,Brooklyn 1-0 Indy Eleven,2026-03-08
Brooklyn,1.56,2.02,-0.46,0.76,1.71,-0.95,0.04,0.31,-0.27,0.8,2.02,-1.22,0.17,0.08,0.1,1.35,-1.25,1,0,1,1.46,57.4,49.85,26.7,39.5,47.01,0.59,1.04,203,9,12,18,20.34,17.31,8.41,3,7,20,5,16,86.7,46.64,6.8,8.93,56.93,34.95,1,Brooklyn 1-0 Indy Eleven,2026-03-08
Las Vegas Lights,0.36,0.52,-0.16,0.36,0.52,-0.16,0.0,0.0,0.0,0.36,0.52,-0.16,0.1,0.09,0.04,0.0,0.04,1,1,0,0.16,57.3,72.19,22.0,22.0,49.29,0.63,0.16,244,8,6,5,9.52,31.25,9.66,3,6,13,4,14,166.3,89.84,38.53,30.73,119.5,77.94,0,Orange County SC 1-1 Las Vegas Lights,2026-03-07
Orange County SC,0.52,0.36,0.16,0.52,0.36,0.16,0.0,0.0,0.0,0.52,0.36,0.16,0.09,0.1,0.0,0.04,-0.04,1,1,0,-0.16,42.7,27.81,22.0,22.0,42.29,0.16,0.63,127,2,5,6,31.25,9.52,13.25,6,3,9,2,15,18.8,10.16,86.87,69.27,33.83,22.06,1,Orange County SC 1-1 Las Vegas Lights,2026-03-07
Oakland Roots,0.59,1.21,-0.62,0.52,1.17,-0.65,0.07,0.04,0.03,0.59,1.21,-0.62,0.05,0.29,0.1,0.04,0.06,1,0,1,1.62,60.0,53.8,15.7,21.8,45.03,0.82,0.55,220,15,9,10,10.98,18.18,8.66,4,2,16,3,10,92.1,63.43,25.33,18.83,45.07,34.17,1,Monterey Bay 0-1 Oakland Roots,2026-03-07
Monterey Bay,1.21,0.59,0.62,1.17,0.52,0.65,0.04,0.07,-0.03,1.21,0.59,0.62,0.29,0.05,0.04,0.1,-0.06,0,1,-1,-1.62,40.0,46.2,21.8,15.7,46.65,0.55,0.82,170,7,10,9,18.18,10.98,16.68,2,4,15,1,16,53.1,36.57,109.2,81.17,86.83,65.83,2,Monterey Bay 0-1 Oakland Roots,2026-03-07
FC Tulsa,0.71,0.77,-0.06,0.71,0.77,-0.06,0.0,0.0,0.0,0.71,0.77,-0.06,0.12,0.21,0.11,0.21,-0.1,0,2,-2,-1.94,47.7,55.38,27.6,20.2,45.46,0.64,0.71,165,12,12,9,18.75,12.68,7.64,4,4,14,0,13,93.6,57.28,70.13,65.54,109.63,66.58,2,Sacramento Republic 2-0 FC Tulsa,2026-03-07
Sacramento Republic,0.77,0.71,0.06,0.77,0.71,0.06,0.0,0.0,0.0,0.77,0.71,0.06,0.21,0.12,0.21,0.11,0.1,2,0,2,1.94,52.3,44.62,20.2,27.6,44.07,0.71,0.64,153,7,9,12,12.68,18.75,9.64,4,4,12,2,21,69.8,42.72,36.87,34.46,55.03,33.42,0,Sacramento Republic 2-0 FC Tulsa,2026-03-07
Tampa Bay Rowdies,1.46,0.46,1.0,1.46,0.45,1.01,0.0,0.02,-0.02,1.46,0.46,1.0,0.45,0.0,0.32,0.02,0.3,1,0,1,0.0,49.3,60.6,24.8,18.3,51.82,1.11,0.13,262,17,15,8,13.51,61.54,12.32,2,2,20,2,18,125.4,77.79,72.4,60.07,145.33,88.51,5,Birmingham Legion 0-1 Tampa Bay Rowdies,2026-03-07
Birmingham Legion,0.46,1.46,-1.0,0.45,1.46,-1.01,0.02,0.0,0.02,0.46,1.46,-1.0,0.0,0.45,0.02,0.32,-0.3,0,1,-1,0.0,50.7,39.4,18.3,24.8,44.24,0.13,1.11,199,1,8,15,61.54,13.51,14.4,2,2,8,4,8,35.8,22.21,48.13,39.93,18.87,11.49,0,Birmingham Legion 0-1 Tampa Bay Rowdies,2026-03-07
Colorado Springs,1.59,2.13,-0.54,1.13,1.81,-0.68,0.46,0.31,0.15,1.59,2.13,-0.54,0.41,0.68,1.05,0.36,0.69,2,2,0,0.54,47.8,39.51,22.0,19.8,39.24,0.59,1.3,133,12,10,15,16.95,11.54,11.56,1,3,11,3,12,38.0,25.47,45.6,46.09,45.93,26.81,11,El Paso Locomotive 2-2 Colorado Springs,2026-03-07
El Paso Locomotive,2.13,1.59,0.54,1.81,1.13,0.68,0.31,0.46,-0.15,2.13,1.59,0.54,0.68,0.41,0.36,1.05,-0.69,2,2,0,-0.54,52.2,60.49,19.8,22.0,46.6,1.3,0.59,185,11,15,10,11.54,16.95,10.71,3,1,20,3,16,111.2,74.53,53.33,53.91,125.37,73.19,0,El Paso Locomotive 2-2 Colorado Springs,2026-03-07
Phoenix Rising,2.16,0.81,1.35,1.28,0.79,0.49,0.12,0.02,0.1,1.4,0.81,0.59,0.0,0.28,1.0,0.19,0.81,1,2,-1,-2.35,45.3,53.51,14.5,24.7,44.39,0.66,0.47,143,11,9,9,13.64,19.15,8.8,5,5,17,5,22,94.2,62.84,79.13,75.13,122.87,70.25,4,San Antonio 2-1 Phoenix Rising,2026-03-07
San Antonio,0.81,2.16,-1.35,0.79,1.28,-0.49,0.02,0.12,-0.1,0.81,1.4,-0.59,0.28,0.0,0.19,1.0,-0.81,2,1,1,2.35,54.7,46.49,24.7,14.5,40.86,0.47,0.66,132,9,9,9,19.15,13.64,6.88,5,5,8,1,20,55.7,37.16,26.2,24.87,52.03,29.75,2,San Antonio 2-1 Phoenix Rising,2026-03-07
Hartford Athletic,3.25,1.03,2.22,2.49,0.89,1.6,0.0,0.14,-0.14,2.49,1.03,1.46,0.4,0.15,0.93,0.23,0.7,3,0,3,0.78,32.1,32.79,18.9,26.8,44.82,0.75,0.76,100,9,14,13,18.67,17.11,15.71,3,2,7,2,7,35.1,21.06,122.0,94.04,102.43,65.87,5,Sporting JAX 0-3 Hartford Athletic,2026-03-07
Sporting JAX,1.03,3.25,-2.22,0.89,2.49,-1.6,0.14,0.0,0.14,1.03,2.49,-1.46,0.15,0.4,0.23,0.93,-0.7,0,3,-3,-0.78,67.9,67.21,26.8,18.9,49.83,0.76,0.75,304,10,13,14,17.11,18.67,11.68,2,3,32,9,10,131.6,78.94,7.73,5.96,53.07,34.13,4,Sporting JAX 0-3 Hartford Athletic,2026-03-07
Pittsburgh Riverhounds,0.61,1.61,-1.0,0.61,1.19,-0.58,0.0,0.42,-0.42,0.61,1.61,-1.0,0.09,0.06,0.0,0.48,-0.48,1,2,-1,0.0,50.2,47.67,16.2,25.0,45.76,0.59,0.24,224,8,7,9,11.86,37.5,15.74,6,3,12,1,4,98.7,43.56,77.27,55.96,52.71,30.09,0,Charleston Battery 2-1 Pittsburgh Riverhounds,2026-03-07
Charleston Battery,1.61,0.61,1.0,1.19,0.61,0.58,0.42,0.0,0.42,1.61,0.61,1.0,0.06,0.09,0.48,0.0,0.48,2,1,1,0.0,49.8,52.33,25.0,16.2,44.58,0.24,0.59,236,11,9,7,37.5,11.86,21.43,3,6,18,8,14,127.9,56.44,60.8,44.04,122.47,69.91,1,Charleston Battery 2-1 Pittsburgh Riverhounds,2026-03-07
Louisville City,1.27,1.04,0.23,0.95,1.04,-0.09,0.32,0.0,0.32,1.27,1.04,0.23,0.32,0.42,0.35,0.07,0.28,2,1,1,0.77,52.4,59.73,21.9,25.0,49.25,0.61,0.57,252,14,15,11,24.59,19.3,12.64,4,4,19,7,11,129.8,74.26,65.2,52.3,117.5,75.87,0,Lexington 1-2 Louisville City,2026-03-06
Lexington,1.04,1.27,-0.23,1.04,0.95,0.09,0.0,0.32,-0.32,1.04,1.27,-0.23,0.42,0.32,0.07,0.35,-0.28,1,2,-1,-0.77,47.6,40.27,25.0,21.9,42.25,0.57,0.61,171,10,11,15,19.3,24.59,16.36,4,4,5,1,13,45.0,25.74,59.47,47.7,37.37,24.13,1,Lexington 1-2 Louisville City,2026-03-06
